id;bearer;question;tu_question;fr_question;es_question;jp_question;ko_question;sc_question;tc_question;de_question;ru_question;it_question;bp_question;override_yes;tu_override_yes;fr_override_yes;es_override_yes;jp_override_yes;ko_override_yes;sc_override_yes;tc_override_yes;de_override_yes;ru_override_yes;it_override_yes;bp_override_yes;answer_yes;tu_answer_yes;fr_answer_yes;es_answer_yes;jp_answer_yes;ko_answer_yes;sc_answer_yes;tc_answer_yes;de_answer_yes;ru_answer_yes;it_answer_yes;bp_answer_yes;override_no;tu_override_no;fr_override_no;es_override_no;jp_override_no;ko_override_no;sc_override_no;tc_override_no;de_override_no;ru_override_no;it_override_no;bp_override_no;answer_no;tu_answer_no;fr_answer_no;es_answer_no;jp_answer_no;ko_answer_no;sc_answer_no;tc_answer_no;de_answer_no;ru_answer_no;it_answer_no;bp_answer_no;vide
1;general;Your fortress is too weak. We should build a new tower.;Kaleniz fazla zayıf. Yeni kule inşa etmeliyiz.;Votre forteresse est trop fragile. Construisons une nouvelle tour.;Vuestra fortaleza es demasiado frágil. Construyamos una nueva torre.;陛下、城の守りが不十分です。+新たに砦を建設しましょう。;폐하, 성 방어가 부실합니다. 요새를 새로 건설해야 합니다.;堡垒防守太过薄弱。+我们应该再建一座瞭望塔。;堡壘防守太過薄弱。+我們應該再建一座瞭望塔。;Eure Festung ist zu schwach. Wir sollten einen neuen Turm bauen.;Ваша крепость слаба. Нам нужно построить новую башню.;La Vostra fortezza è troppo debole. Dobbiamo costruire una nuova torre.;Sua fortaleza é muito fraca. Sugiro construir uma nova torre.;;;;;;;;;;;;;;;;;;;;;;;;;;;;;;;;;;;;;;;;;;;;;;;;;
2;general;Let me build fortifications around the capital. It's costly, but well worth the bother.;Başkentin çevresine sur inşa edelim. Pahalı olacak, ama parasına değecek.;Laissez-moi construire des fortifications autour de la capitale. Nous ne pouvons pas nous en passer.;Dejadnos construir fortificaciones alrededor de la capital. Es costoso pero merece la pena.;王都を守る城壁を建設しましょう。+費用はかさみますが、+それに見合った効果はあります。;수도를 방어할 성벽을 건설해야 합니다. 비용은 들겠지만 그만한 효과가 있습니다.;请允许我在都城周围修建更多防御工事吧。+虽然会花掉很多钱，但一定会物有所值。;請允許我在都城周圍修建更多防禦工事吧。+雖然會花掉很多錢，但一定會物有所值。;Lasst mich Befestigungen um die Hauptstadt herum errichten. Das ist teuer, aber es lohnt sich.;Давайте построим укрепления вокруг столицы. Это дорого, но стоит того.;Lasciatemi fortificare la capitale. È un investimento che si ripagherà nel tempo.;Deixe-me construir uma proteção ao redor da capital. É caro, mas necessário.;;;;;;;;;;;;;;;;;;;;;;;;;;;;;;;;;;;;;;;;;;;;;;;;;
3;monk;We would like to build a school in the capital for the enlightenment of the people.;Halkın eğitilmesi için başkentte yeni bir okul inşa etmek istiyoruz.;Nous voulons construire une école dans la capitale pour éduquer le peuple.;Queremos construir una escuela en la capital para educar al pueblo.;王都に学校を建設しましょう。+民を啓蒙するのです。;수도에 학교를 건설하여 백성을 교육해야 합니다.;我们想在都城建一所学校来教化人民。;我們想在都城建一所學校來教化人民。;Wir möchten für die Bildung des Volkes sorgen und eine Schule in der Hauptstadt errichten.;Мы хотим построить школу в столице для просвещения народа.;Vorremmo costruire una scuola nella capitale per educare il popolo.;Gostaríamos de construir uma escola na capital para instruir o povo.;;;;;;;;;;;;;;;;;;;;;;;;;;;;;;;;;;;;;;;;;;;;;;;;;
4;merchant;The Merchant's Guild would like to adorn the marketplace of the capital with a statue of Your Majesty.;Tüccarlar Loncası başkent pazarına sizin bir heykelinizi inşa ettirmek istiyor, Hazretleri.;La Guilde des marchands voudrait orner la place du marché de la capitale avec une statue de Votre Majesté.;El Gremio de Mercaderes quiere decorar la plaza de la capital con una estatuta de Su Majestad.;商人ギルドでは、王都の市場に陛下の像を+建てたいと考えております。いかがでしょう？;상인길드에서는 시장에 폐하의 동상을 건설하려 합니다만, 어떠신지요?;商人行会想要在首都的集市上+建一座陛下的雕像来作为装饰。;商人行會想要在首都的集市上+建一座陛下的雕像來作為裝飾。;Die Händlergilde möchte den Marktplatz der Hauptstadt mit einer Statue Eurer Majestät schmücken.;Гильдия купцов желает украсить рынок статуей Вашего Величества.;La Gilda dei Mercanti vorrebbe adornare la piazza del mercato della capitale con una statua di Vostra Maestà.;A Guilda dos Comerciantes gostaria de decorar o mercado da capital com uma estátua de Vossa Majestade.;;;;;;;;;;;;;;;;;;;;;;;;;;;;;;;;;;;;;;;;;;;;;;;;;
5;merchant;We want to build a new marketplace. It will open our economy to foreign trade.;Yeni bir pazar yer inşa etmek istiyoruz. Ekonomimizi dış ticarete açacaktır.;Nous voulons aménager une nouvelle place du marché. Cela ouvrira notre économie au commerce extérieur.;Queremos abrir un mercado nuevo. Así nuestra economía se abrirá al comercio exterior.;陛下、新たな市場を設けましょう。+諸外国との交易が可能になりますよ。;폐하, 시장을 짓는 건 어떠신지요? 외국과 교역을 할 수 있을 겁니다.;我们想要新建一座集市。+这样我们就可以开放对外贸易了。;我們想要新建一座集市。+這樣我們就可以開放對外貿易了。;Wir wollen einen neuen Marktplatz bauen. Er wird unserer Wirtschaft den Fernhandel eröffnen.;Мы хотим построить новый рынок, это откроет нашу экономику для международной торговли.;Vogliamo realizzare una nuova piazza del mercato. Aprirà la nostra economia al commercio estero.;Queremos construir um novo mercado, isso abrirá portas para o comércio exterior.;;;;;;;;;;;;;;;;;;;;;;;;;;;;;;;;;;;;;;;;;;;;;;;;;
6;merchant;Our economy is flourishing thanks to our effort to regulate trade! We should create a central bank.;Ticareti denetim altına alma girişimlerimiz sayesinde ekonomimiz büyüyor! Merkezi banka oluşturmalıyız.;L'économie est florissante grâce à nos efforts pour réguler le commerce ! Construisons une banque centrale !;La economía florece gracias a nuestros esfuerzos por regular el comercio... ¡Construyamos un banco central!;われわれ商人ギルドが商取引を統制してきた+おかげで、わが国の経済は潤っています。+中央銀行を設立しましょう。;우리 상인길드가 상거래를 통제해 온 덕택에 왕국 경제가 윤택해졌습니다. 자, 중앙은행을 설립하는건 어떻습니까?;得益于我们在贸易管理方面做出的努力，+国民经济正在蓬勃发展！+我们应该创立一所中央银行。;得益於我們在貿易管理方面做出的努力，+國民經濟正在蓬勃發展！+我們應該創立一所中央銀行。;Da wir den Handel zu regulieren versuchen, floriert die Wirtschaft! Wir sollten eine Zentralbank schaffen.;Благодаря нашим усилиям по регулированию торговли экономика процветает! Нужно создать центральный банк.;I nostri sforzi per regolare il commercio hanno fatto fiorire l'economia! Dovremmo creare una banca centrale.;A economia está em ascensão graças aos esforços para administrar o comércio! Sugiro criarmos um banco central.;;;;;;;;;;;;;;;;;;;;;;;;;;;;;;;;;;;;;;;;;;;;;;;;;
7;monk;We would like you to bless the new churches.;Yeni kiliseleri kutsamanızı istiyoruz.;Acceptez-vous de bénir les nouvelles églises?;¿Os gustaría dar la bendición a las nuevas iglesias?;陛下、新たに設立された教会を+祝福していただけませんか。;폐하, 새로 설립된 교회를 축복해 주시겠습니까.;我们希望陛下能莅临新建的教堂为之祈福。;我們希望陛下能蒞臨新建的教堂為之祈福。;Wir möchten Euch bitten, die neuen Kirchen zu segnen.;Мы хотим, чтобы вы благословили новые церкви.;Vorremmo chiedervi di benedire le nostre nuove chiese.;Gostaríamos que abençoasse as novas igrejas.;;;;;;;;;;;;;;;;;;;;;;;;;;;;;;;;;;;;;;;;;;;;;;;;;
8;priest;We need to build a new church.;Yeni kilise inşa etmeliyiz.;Nous devons construire une nouvelle église.;Hay que construir una nueva iglesia.;陛下、新たな教会を建設するべきです。;폐하, 새로운 교회를 설립해야 합니다.;我们应该新建一座教堂。;我們應該新建一座教堂。;Wir müssen eine neue Kirche bauen.;Нужно построить новую церковь.;Dobbiamo costruire una nuova chiesa.;Precisamos construir uma igreja nova.;;;;;;;;;;;;;;;;;;;;;;;;;Don't we have enough?;Yeterince yok mu?;N'en avons-nous pas suffisamment ?;¿Acaso no tenemos suficientes?;これ以上、必要なかろう;이미 충분하지 않나.;我们建得还不够多吗？;我們建得還不夠多嗎？;Haben wir nicht schon genug?;Разве у нас не достаточно?;Non ne abbiamo già abbastanza?;Já não temos o suficiente?;;;;;;;;;;;;;
9;farmer;Sire, we should spend some money to build a communal barn to prevent famine.;Efendim, kıtlık yaşanmaması için biraz para harcayıp halk ambarı inşa etmeliyiz.;Sire, nous devrions consacrer un peu d'argent à la construction d'une grange commune, afin d'éviter la famine.;Señor, debemos gastar algo de dinero en construir una granja comunal para evitar la hambruna.;陛下、村人がみんなで使える+納屋を建ててください。+そこに食糧を蓄えれば、+飢饉に備えることができます。;폐하, 사람들 모두를 위한 창고를 지어 주십시오. 그곳에 음식을 저장하면 기근에 대비할 수 있습니다.;陛下，我们应该拨款+建造一座公用谷仓来预防饥荒。;陛下，我們應該撥款+建造一座公用穀倉來預防饑荒。;Majestät, wir sollten Geld für eine Gemeindescheune ausgeben und so Hungersnöten vorbeugen.;Сир, нужно выделить деньги на общественный амбар, чтобы не было голода.;Sire, dovremmo investire del denaro nella costruzione di un granaio pubblico per prevenire la carestia.;Majestade, deveríamos investir na construção de um celeiro público para prevenção da fome.;;;;;;;;;;;;;;;;;;;;;;;;;;;;;;;;;;;;;;;;;;;;;;;;;
10;priest;Your people in the North are superstitious and impious. Build more churches?;Kuzeydeki halkınız batıl inançlı ve kafir. Daha fazla kilise inşa edelim mi?;La population du Nord est superstitieuse et ne respecte pas notre Foi. Construisons des églises !;Los pueblos del Norte son supersticiosos y no respetan vuestra fe. ¡Construyamos más iglesias!;北部の民は迷信に惑わされ、+神を敬おうとしません。+もっと教会の数を増やすべきでは？;북부의 백성은 미신에 현혹되어 신을 믿으려 하지 않습니다. 교회 수를 더 늘려야 할 것 같습니다.;北方的人民迷信而不虔诚，+是否修建更多教堂？;北方的人民迷信而不虔誠，+是否修建更多教堂？;Die Bevölkerung im Norden ist abergläubisch und gottlos. Baut Ihr mehr Kirchen?;Ваш народ на Севере — суеверные безбожники. Построить больше церквей?;Il popolo del Nord è superstizioso e sacrilego. Costruiamo più chiese?;O povo do Norte é supersticioso e ímpio. Construir mais igrejas?;;;;;;;;;;;;;;;;;;;;;;;;;;;;;;;;;;;;;;;;;;;;;;;;;
11;priest;We need to start building a Cathedral in honor of the Almighty.;Tanrının şerefine bir Katedral inşa etmeye başlamalıyız.;Entamons la construction d'une Cathédrale pour rendre grâce au Très Haut.;Necesitamos construir una catedral para honorar al Más Alto.;全能の神をたたえ、+大聖堂の建設に着手しましょう。;전능하신 신을 기리며 대성당을 건설합시다.;我们需要着手修建一座大教堂+来宣扬上帝的荣光。;我們需要著手修建一座大教堂+來宣揚上帝的榮光。;Wir müssen beginnen, eine Kathedrale zur Ehre des Allmächtigen zu bauen.;Нужно начать строительство Собора во славу Всемогущего.;Dobbiamo iniziare a costruire una Cattedrale in onore dell'Onnipotente.;Precisamos começar a construir uma catedral para louvar o Todo-Poderoso.;;;;;;;;;;;;;;;;;;;;;;;;;;;;;;;;;;;;;;;;;;;;;;;;;
12;priest;The Cathedral is built! We have to organize a grand ceremony!;Katedral inşa edildi! Büyük bir tören organize etmeliyiz!;La Cathédrale est achevée ! Il faut organiser une grande cérémonie!;¡La catedral está terminada! Hay que organizar una gran ceremonia.;大聖堂が完成しました！+落成式を執り行いましょう！盛大に！;대성당이 완성되었습니다! 성대하게 축하합시다! 성대하게!;大教堂已落成！+我们必须举办一场盛大的揭幕式！;大教堂已落成！+我們必須舉辦一場盛大的揭幕式！;Die Kathedrale ist fertig! Wir müssen eine große Feier organisieren!;Собор построен! Нужно организовать грандиозное празднество!;La Cattedrale è finita! Dobbiamo organizzare una grande cerimonia.;A catedral está concluída! Precisamos organizar uma grande cerimônia!;;;;;;;;;;;;;;;;;;;;;;;;;;;;;;;;;;;;;;;;;;;;;;;;;
13;priest;Long live the King! I will pray for the prosperity of Your Majesty.;Kralımız çok yaşa! Majestelerinin hayrına dua edeceğim.;Longue vie au Roi ! Je vais prier pour la prospérité de Votre Majesté.;¡Viva el Rey! Voy a rezar por la prosperidad de Su Majestad.;陛下の治世の繁栄を祈念し、+祈りをささげましょう。;만수무강하소서, 폐하! 폐하의 만수무강을 기도하겠습니다.;陛下万岁！+我将为您的统治长青而祈祷。;陛下萬歲！+我將為您的統治長青而祈禱。;Lang lebe der König! Ich werde für das Wohlergehen Eurer Majestät beten.;Долгих лет Королю! Я буду молиться о Вашем процветании, Ваше Величество.;Lunga vita al Re! Pregherò per la prosperità di Vostra Maestà.;Vida longa ao Rei! Rogo pela prosperidade de Vossa Majestade.;;;;;;;;;;;;;;;;;;;;;;;;;;;;;;;;;;;;;;;;;;;;;;;;;
14;priest;There's a crisis in your Church. We need to reform our religion!;Kilisede kriz yaşanıyor. Dinimizde ıslahatlar yapmalıyız!;Il y a une crise au sein de l'Église. Nous devons réformer la religion !;Hay una crisis en el seno de la Iglesia. ¡Renovemos la religión!;この国の教会は危機に瀕しております。+今こそ宗教改革を！;이 나라의 교회는 위기입니다. 지금이야말로 종교개혁을 할 때입니다!;教会中发生了危机，+我们需要进行宗教改革！;教會中發生了危機，+我們需要進行宗教改革！;Die Kirche befindet sich in einer Krise. Ihr müsst unsere Religion reformieren!;В вашей Церкви кризис. Религии требуется реформа!;C'è una crisi in atto nella Chiesa. Dobbiamo riformare la nostra religione!;A Igreja está passando por tempos difíceis. Nossa religião precisa de uma reforma!;Sure, let's do it...;Evet, yapalım...;Pas de problème;Claro, sin problema...;うむ、よかろう…;음, 괜찮겠지...;好吧，那我们就这样吧……;好吧，那我們就這樣吧……;Natürlich! Los geht's ...;Конечно, давайте проведем…;Nessun problema, facciamolo…;Claro, vamos fazer isso...;;;;;;;;;;;;;Whoa, not so fast...;Hayır, olmaz...;Hooo. Pas si vite;Eeeh, no tan deprisa...;まあ、落ち着け…;자, 진정해.;哇，可别急……;哇，可別急……;Moment, nicht so schnell ...;Стойте, не так быстро…;Ehi, non così alla svelta…;Opa, espere aí...;;;;;;;;;;;;;
15;priest;Your Church is weak and the people blasphemous.;Kiliseniz güçsüz, halkınız ise kafir.;Votre Église est faible et le peuple se plaît à blasphémer.;Vuestra Iglesia es débil y vuestro pueblo blasfema constantemente.;わが国は教会の権威が弱すぎます。+民は神をないがしろにしている！;우리나라는 교회의 권위가 너무 약합니다. 백성들이 신을 소홀히 여기고 있습니다!;您的教会弱小无力，+群众亵渎神明。;您的教會弱小無力，+群眾褻瀆神明。;Eure Kirche ist schwach und das Volk lästert Gott!;Ваша Церковь слаба, а народ богохульствует.;La Chiesa è debole e il popolo è blasfemo.;Sua Igreja é fraca, e o povo exala blasfêmia.;;;;;;;;;;;;;;;;;;;;;;;;;;;;;;;;;;;;;;;;;;;;;;;;;
16;priest;Give us enough power to enforce the divine justice in your country. The Pope is ready to pay the price.;Bize ülkede ilahi adalet uygulama gücü verin. Papa, bedelini ödemeye hazır.;Donnez-nous assez de pouvoir pour faire respecter la loi du Très Haut. Le Pape est prêt à payer le prix.;Dadnos poder para hacer respetar la ley del Más Alto. El papa está dispuesto a pagar el precio.;教会が国民に神の裁きを下す権限を+いただきたい。教皇は、しかるべき対価を+支払うと申しております。;교회가 백성들에게 신의 심판을 내릴 권한을 주십시오. 교황은 합당한 대가를 지급하겠다고 합니다.;给我们足够多的权力，+让我们能在全国施行神圣的审判。+教皇已经准备好付钱了。;給我們足夠多的權力，+讓我們能在全國施行神聖的審判。+教皇已經準備好付錢了。;Gebt uns genug Macht, um in Eurem Land Gottes Recht durchzusetzen. Der Papst ist bereit, dafür zu bezahlen.;Дайте нам власть восстановить божественное правосудие в стране. Папа готов заплатить цену.;Dateci potere sufficiente a far rispettare la giustizia divina. Il Papa è pronto a pagare il prezzo.;Dê-nos poder suficiente para exaltar a justiça divina em seu país. O Papa está pronto para pagar o preço.;;;;;;;;;;;;;;;;;;;;;;;;;;;;;;;;;;;;;;;;;;;;;;;;;
17;priest;We would like to raise a new tax for the Church, shared with the Crown of course.;Kilise için yeni bir vergi toplamak istiyoruz. Kral ile de paylaşılacak, elbette.;Nous voudrions lever un nouvel impôt pour l'Église, partagé avec la Couronne bien sûr.;Queremos crear un nuevo impuesto para la Iglesia, compartido con la Corona, por supuesto.;国民に新たな教会税を課したいのですが。+当然、税収の一部は国庫にも入ります。;백성에게 교회세를 새로 부과하고 싶습니다. 물론 세수 일부는 왕실과 나누지요.;我们想要增加一项新的税目+来充实教会的财务，+当然也会与国王您共享。;我們想要增加一項新的稅目+來充實教會的財務，+當然也會與國王您共用。;Wir möchten eine neue Steuer für die Kirche erheben, die natürlich mit der Krone geteilt wird.;Мы хотим установить новый налог для Церкви, и разделим его с Короной, само собой.;Vorremmo istituire una nuova tassa per la Chiesa, da condividere con la Corona, ovviamente.;Gostaríamos de estabelecer um novo tributo para a Igreja... Compartilhado com a Coroa, é claro.;;;;;;;;;;;;;;;;;;;;;;;;;;;;;;;;;;;;;;;;;;;;;;;;;
18;priest;We should create a pilgrimage to the tomb of Saint Armand.;Aziz Armand'ın türbesine hac oluşturmalıyız.;Nous devrions inaugurer un pélerinage sur la tombe de Saint Armand.;Deberíamos iniciar un peregrinaje a la tumba de San Armando.;陛下、聖アルマンドの墓への巡礼を+行事化いたしましょう。;폐하, 성 아르망드의 무덤 참배를 공식 행사로 만들고자 합니다.;我们应当将圣人阿曼德的墓地+建成一处朝圣之地。;我們應當將聖人阿曼德的墓地+建成一處朝聖之地。;Wir sollten Wallfahrten zum Grab des heiligen Armand einführen.;Мы хотим организовать паломничество к могиле Святого Армана.;Dovremmo inaugurare un pellegrinaggio alla tomba di Sant'Armando.;Deveríamos criar uma peregrinação até o túmulo de Santo Armand.;;;;;;;;;;;;;;;;;;;;;;;;;;;;;;;;;;;;;;;;;;;;;;;;;
19;priest;Sire, would you like to assist in the inhumation of Saint Romuald in the Cathedral?;Efendim, Katedralde Aziz Romauld'un definine yardım etmek ister misiniz?;Sire, voulez-vous participer à l'inhumation de Saint Romuald dans la Cathédrale ?;Señor, ¿queréis asistir a la inhumación de San Romualdo en la catedral?;大聖堂で、聖レイモンドの埋葬式が+執り行われます。+陛下にもご協力いただきたい。;대성당에서 성 로뮈알드의 장례식이 거행됩니다. 폐하께서도 도움을 보태주셨으면 합니다.;陛下，圣人罗穆德将在大教堂下葬，+您能否出席？;陛下，聖人羅穆德將在大教堂下葬，+您能否出席？;Majestät, möchtet Ihr bei der Bestattung des heiligen Romuald in der Kathedrale assistieren?;Сир, вы хотите помочь погребению Святого Ромуальда в Соборе?;Sire, volete assistere alla sepoltura di San Romualdo nella Cattedrale?;Alteza, gostaria de auxiliar no sepultamento de Santo Romualdo na catedral?;;;;;;;;;;;;;;;;;;;;;;;;;You don't need me...;Bana ihtiyacınız yok...;Faites sans moi;No contéis conmigo...;その必要はなかろう…;그럴 필요는 없겠지...;你不需要我……;你不需要我……;Macht das ohne mich ...;Я вам не нужен…;Non avete bisogno di me…;Não precisam de mim...;;;;;;;;;;;;;
20;priest;A large part of the country is worshipping false gods. We must burn witches!;Ülkenin büyük bir kısmı sahte tanrılara tapıyor. Cadıları yakmalıyız!;Une grande partie du pays adore de faux dieux. Nous allons brûler des sorcières !;Gran parte del pueblo venera falsos dioses. ¡Vamos a quemar a las brujas!;民の多くが、偽りの神々を崇めています。+魔女は火あぶりの刑に処すべきだ！;백성 대부분이 거짓 신들을 숭배하고 있습니다. 마녀는 화형에 처해야 합니다!;国家中有许多人崇拜着伪神，+我们必须烧死所有女巫！;國家中有許多人崇拜著偽神，+我們必須燒死所有女巫！;Ein Großteil des Landes verehrt falsche Götter. Wir müssen Hexen verbrennen!;В стране множество поклоняющихся ложным богам. Нужно сжечь ведьм!;Gran parte del Paese adora falsi dei. Dobbiamo bruciare le streghe!;Uma grande parte do país está louvando falsos deuses. As bruxas precisam ir para a fogueira!;I don't want to know;Bilmek istemiyorum;Je ne veux pas le savoir;No quiero saber nada.;勝手にしろ…;좋을 대로 하게...;我并不想知道……;我並不想知道……;Das will ich gar nicht wissen;Не хочу ничего знать;Non voglio saperne niente;Não quero saber;;;;;;;;;;;;;No you must not;Hayır, olmaz;Sûrement pas;De eso nada;ならぬ;안 되네.;不，你不能这样做;不，你不能這樣做;Nein, bestimmt nicht;Нет, не нужно;No, non dovete;Não, não precisam;;;;;;;;;;;;;
21;monk;We... may have a problem. A monk has started to bite his brothers... And it's spreading fast.;Bir... sorun yaşıyor olabiliriz. Keşişlerden birisi diğerlerini ısırmaya başladı... Hastalık hızla yayılıyor.;Nous... avons peut-être un problème. Un moine s'est mis à mordre ses frères... Et ça se propage vite.;Tenemos un pequeño... problema. Un monje ha empezado a morder a sus hermanos. Se está propagando con velocidad.;ここだけの話ですが…ある修道士が別の修道士に+かみつき、その修道士がまた別の修道士に+かみつき…もはや手に負えません。;문... 문제가 있습니다. 어떤 수도사가 다른 수도사를 물어뜯고… 그 수도사는 또 다른 수도사를 물어뜯어서… 급속히 퍼지고 있습니다.;我们……可能遇上了点麻烦。+一名僧侣开始撕咬其他僧侣……+而且这种现象正在快速蔓延。;我們……可能遇上了點麻煩。+一名僧侶開始撕咬其他僧侶……+而且這種現象正在快速蔓延。;Wir ... könnten ein Problem haben. Ein Mönch hat seine Brüder gebissen. Und das greift rasch um sich.;У нас… проблема. Монах покусал братьев. И это быстро распространяется.;Potremmo avere… un problema. Un Frate ha iniziato a mordere i suoi fratelli… Si sta diffondendo velocemente.;Acho que... temos um probleminha. Um monge começou a morder os irmãos... e isso está se espalhando rápido.;General!;General!;Général !;¡General!;将軍！;장군!;将军！;將軍！;General!;Генерал!;Generale!;General!;;;;;;;;;;;;;Werewolves?;Kurtadamlar mı?;Des loups-garous ?;¿Hombres-lobo?;それは人狼だな？;늑대인간?;狼人？;狼人？;Werwölfe?;Оборотни?;Lupi mannari?;Lobisomens?;;;;;;;;;;;;;
22;general;This is probably a case of lycanthropy. I don't deal with that.;Sorun muhtemelen kurtadamlıktır. O konu bana düşmez.;C'est probablement un cas de lycanthropie. Je ne touche pas à ça.;Probablemente es un caso de licantropía. Yo no me ocupo de esas cosas.;これはおそらく、「狼憑き」かと。+私ではいかんともしがたく…;아마도 늑대인간이 아닐지요. 저는 대처할 수가 없습니다.;听上去像是犯了狼人狂躁症。+我可处理不来这种事情。;聽上去像是犯了狼人狂躁症。+我可處理不來這種事情。;Wahrscheinlich ein Fall von Lykanthropie. Damit befasse ich mich nicht.;Это вспышка ликантропии. Я не хочу иметь с этим дела.;Si tratta probabilmente di licantropia. Non mi riguarda.;Deve ser um caso de licantropia. Eu não mexo com essas coisas.;Werewolves?;Kurtadamlar mı?;Des loups-garous ?;¿Hombres-lobo?;つまり、人狼だな？;늑대인간?;狼人？;狼人？;Werwölfe?;Оборотни?;Lupi mannari?;Lobisomens?;;;;;;;;;;;;;I command you;Emrediyorum;C'est un ordre;Es una orden;これは命令だ;명령이다.;我命令你这样做;我命令你這樣做;Ich befehle es Euch;Повелеваю вам;È un ordine;Eu ordeno;<i><general> puts the monks in prison. They confessed under the torture that they were indeed werewolves.</i>;<i><general> keşişleri hapse atıyor. İşkence gören keşişler gerçekten de kurtadam olduklarını itiraf ediyor.</i>;<i><general> mit les moines en prison. Sous la torture, ils finirent par avouer être effectivement des loups-garous.</i>;<i><general> envía los monjes a la cárcel. Bajo tortura, éstos confiesan que efectivamente son hombres-lobo.</i>;<i>修道士たちは、+<general>によって+投獄された。彼らは拷問を受け、+自分たちは確かに人狼だと自白した。</i>;<i>수도사들은 <general>에 의해 투옥되었다. 고문을 받고서야 자신들도 늑대인간임을 자백했다. </i>;<i>那些僧侣被<general>投入+深牢大狱。+在严刑拷打之下，+他们最终供认自己的确是狼人。</i>;<i>那些僧侶被<general>投入+深牢大獄。+在嚴刑拷打之下，+他們最終供認自己的確是狼人。</i>;<i><general> wirft die Mönche ins Gefängnis. Unter Folter gestehen sie, tatsächlich Werwölfe zu sein.</i>;<i><general> заточает монахов в тюрьму. Под пытками они исповедаются в том, что они на самом деле оборотни.</i>;<i><general> mette i frati in prigione. Sotto tortura, confessano di essere lupi mannari.</i>;<i><general> colocou os monges na prisão. Eles confessaram sob tortura que eram, na verdade, lobisomens.</i>;
23;werewolf;Werewolves... I don't think so, no... You should call that "cruel lack of physical activity".;Kurtadamlık mı... Hayır, sanmam... Buna daha çok "fiziksel yakınlık eksikliğinin sonu" diyebiliriz.;Des loups-garous... je ne crois pas, non... Il s'agit plutôt d'un "manque cruel d'activité physique".;Hombres-lobo... No creo, no... Llamadlo mejor "falta total de actividad física".;人狼…？まさか。+極度の「運動不足」が原因です。;늑대인간...? 설마요. "극도의 운동부족"이 원인입니다.;狼人……我可不觉得这是狼人……+你应该用“暴力非自然行为”这种说法。;狼人……我可不覺得這是狼人……+你應該用“暴力非自然行為”這種說法。;Werwölfe ... Nein, ich glaube nicht ... Bezeichnet es lieber als "schlimmen Mangel an körperlicher Bewegung".;Оборотни… Не думаю, нет… Я бы сказал, что это «крайний недостаток физической активности».;Licantropi… Non credo, no… Chiamiamola piuttosto "crudele mancanza d'attività fisica";Lobisomens... Não sei, não. Você deveria chamar isso de "extrema falta de atividade física".;I...;Aa...;Je...;Eh...;あー…;아...;我……;我……;Ich ...;Я…;Io…;Eu...;;;;;;;;;;;;;Well...;Yani...;Enfin...;En fin...;うーむ…;흠...;好吧……;好吧……;Nun ...;Ну…;Beh…;Bom...;;;;;;;;;;;;;
24;anyone;A convent of nuns has started meowing like cats. It's spreading to the village.;Bir manastırdaki rahibeler, kedi gibi miyavlamaya başladı. Bu durum, yakındaki köye de bulaşıyor.;Les sœurs d'un couvent se sont mises à miauler comme des chats. Ça se propage jusqu'au village.;Las hermanas de un convento se han puesto a maullar como gatos. Se está propagando hacia el pueblo.;修道女たちが、猫のような声を上げて+騒ぎはじめました。異常な行動は、+村人にまで伝染しているようです。;수녀들이 고양이처럼 울기 시작했습니다. 이상 행동이 마을까지 전염된 모양입니다.;一所修道院的嬤嬤开始卖弄风骚，+这种风气已经开始向村庄蔓延。;一所修道院的嬤嬤開始賣弄風騷，+這種風氣已經開始向村莊蔓延。;Die Nonnen eines Klosters haben begonnen, wie Katzen zu miauen. Das breitet sich ins Dorf aus.;Все монахини в женском монастыре начали мяукать по-кошачьи. Это распространяется по деревне.;Le suore di un convento si sono messe a miagolare come gatti. Si sta diffondendo nel villaggio.;Freiras de um convento começaram a miar como gatos. Está se espalhando pela aldeia.;General!;General!;Général !;¡General!;将軍！;장군!;将军！;將軍！;General!;Генерал!;Generale!;General!;<i>You send the army to stop the nun-meowing. The Church is embarrassed, but approves.</i>;<i>Miyavlayan rahibeleri durdurmak için orduyu gönderiyorsunuz. Kilise utanç duysa da bunu destekliyor.</i>;<i>L'armée doit mettre fin à ces miaulements de nonnes. L'Église est très ennuyée, mais elle est d'accord.</i>;;<i>王は軍を派遣し、+猫のようにわめく修道女たちを鎮めた。+教会は大いに恥をかいたが、+謝意を表した。</i>;<i>왕은 군대를 파견해  고양이 소리를 내는 수녀들을 진압했다.  교회는 매우 부끄러워했지만 감사를 표했다. </i>;<i>（你派出军队+来阻止嬤嬤继续伤风摆俗。+教会因此蒙羞，+但批准了您的做法。）</i>;<i>（你派出軍隊+來阻止嬤嬤繼續傷風擺俗。+教會因此蒙羞，+但批准了您的做法。）</i>;<i>Ihr schickt das Heer, um die Nonnen am Miauen zu hindern. Die Kirche ist beschämt, doch sie billigt Euer Vorgehen.</i>;<i>Вы посылаете армию, чтобы остановить мяуканье монахинь. Церковь в замешательстве, но соглашается.</i>;<i>L'esercito mette fine al miagolio delle suore. La Chiesa è in imbarazzo, ma approva.</i>;<i>O exército foi enviado para acabar com o miado de freiras. A Igreja envergonhou-se, mas aprovou a ação.</i>;Why would I care?;Bu, benim sorunum mu?;Est-ce mon problème ?;¿Acaso es mi problema?;捨て置け…;내버려 두게...;我为什么要在意呢？;我為什麼要在意呢？;Was geht mich das an?;А мне какое дело?;È un mio problema?;Por que me importaria?;<i>The nuns kept meowing for ages. In the end the Church declared them heretics and burnt down the convent.</i>;<i>Rahibeler yıllarca miyavlamaya devam etti. Sonunda Kilise onları kafir ilan edip manastırı yaktı.</i>;<i>Les sœurs continuèrent à miauler pendant un certain temps. L'Église finit par les déclarer hérétiques et les envoya au bûcher.</i>;<i>Las hermanas continúan maullando durante un tiempo. La Iglesia acaba declarándolas herejes y enviándolas al carnicero.</i>;<i>修道女たちは、+何年にもわたり鳴きつづけた。+教会は彼女たちを異端者と断定し、+修道院に火を放った。</i>;<i>수녀들은 몇 년 동안 울부짖고 있었다. 교회는 수녀들을 이단이라고 단정하고 수도원에 불을 붙였다. </i>;<i>嬷嬷们持续发了好几年春。+教会最终宣布她们是异教徒，+并放火烧掉了这所修女院。</i>;<i>嬤嬤們持續發了好幾年春。+教會最終宣佈她們是異教徒，+並放火燒掉了這所修女院。</i>;<i>Die Nonnen miauen noch lange. Schließlich erklärt die Kirche sie zu Ketzerinnen und brennt das Kloster nieder.</i>;<i>Монахини не прекратили мяукать. В конце концов Церковь объявила их еретиками и предала монастырь огню.</i>;<i>Le suore continuano a miagolare per anni. Alla fine, la Chiesa le dichiara eretiche e incendia il convento.</i>;<i>As freiras não pararam de miar. Por fim, a Igreja as declarou hereges e incendiou o convento.</i>;
25;witch;Please stop the cowardly and stupid massacre of innocent young women.;Lütfen genç ve masum kadınların aptalca ve korkakça katledilmesini durdurun.;Mettez fin au massacre inutile et insensé d'innocentes jeunes femmes. Je vous en conjure.;Cesad inmediatamente esta masacre estúpida e insensata de jovencitas. ¡Os lo ruego!;無実の若い女たちが次々と虐殺されています。+このような蛮行を野放しにしてはなりません。;죄 없는 젊은 여성들이 차례차례 학살되고 있습니다. 이런 끔찍한 만행을 방치하여서는 아니됩니다.;请停止对无辜年轻女性的屠杀，+这种行为懦弱而愚蠢。;請停止對無辜年輕女性的屠殺，+這種行為懦弱而愚蠢。;Bitte gebietet dem feigen und dummen Massaker an unschuldigen jungen Frauen Einhalt!;Пожалуйста, остановите жестокое и бессмысленное убийство невинных юных девушек.;Ve ne prego, mettete fine allo stupido massacro di giovani donne innocenti.;Por favor, impeça o massacre covarde e estúpido de jovens mulheres inocentes.;;;;;;;;;;;;;;;;;;;;;;;;;I don't know about that;Bu konudan haberim yok;Je ne suis pas au courant;Yo no sé nada;余はあずかり知らぬこと…;짐은 모르네.;我对那件事并不清楚;我對那件事並不清楚;Ich weiß nichts davon;Я об этом не знаю;Non ne so nulla;Não sei, não;;;;;;;;;;;;;
26;anyone;A large mob is attacking the main cathouse in the city. They say they're possessed by the devil!;Büyük bir kalabalık, şehrin ana genelevine saldırıyor. Kadınların içine şeytan kaçmış diyorlar!;Une foule en colère s'en prend à la principale maison close de la ville. Ils prétendent que les filles sont possédées !;Una multitud incontrolable está atacando el prostíbulo de la ciudad. ¡Dicen que las chicas están poseídas!;都の娼館が、大勢の暴徒に襲われています！+彼らは娼婦たちが+悪魔に取り憑かれていると+主張しております！;대규모의 폭도들이 도시의 매음굴을 습격하고 있습니다! 창녀들이 악마에 빙의되었다고 주장하고 있습니다!;一大群暴民正在袭击这座城市里最大的妓院，+他们说那些女人都被魔鬼上了身！;一大群暴民正在襲擊這座城市裏最大的妓院，+他們說那些女人都被魔鬼上了身！;Eine wütende Menge greift das größte Freudenhaus der Stadt an. Die Mädchen sollen vom Teufel besessen sein!;Большая толпа напала на главный бордель города. Говорят, что они одержимы дьяволом!;Una folla incollerita sta attaccando la principale casa di piaceri della città. Dicono sia posseduta dal demonio!;Uma multidão imensa está atacando o gatil principal da cidade. Disseram que os gatos estão possuídos!;Disperse the mob!;Kalabalığı dağıtın!;Dispersez la foule !;¡Dispersad la multitud!;暴徒を一掃しろ！;폭도를 일소하라!;驱散这些暴民！;驅散這些暴民！;Zerstreut die Menge!;Разогнать толпу!;Disperdete la folla!;Disperse a multidão!;;;;;;;;;;;;;I need more information!;Daha fazla bilgi lazım!;J'ai besoin de plus d'information !;¡Necesito más información!;詳しい情報が入るまでは+なんともできぬ;정보가 필요하네.;我需要更多消息！;我需要更多消息！;Ich muss erst mehr wissen!;Нужно больше сведений!;Mi servono più informazioni!;Preciso de mais informações!;;;;;;;;;;;;;
27;priest;You are under arrest. You have broken the commandments of the blessed Church.;Tutuklusunuz. Kutsal Kilisenin emirlerine karşı geldiniz.;Vous êtes en état d'arrestation. Votre présence impie sur ce trône maudit est une insulte à la sainte Église.;Estáis arrestado.Vuestra presencia impía es un insulto para la Santa Iglesia.;陛下は、神聖なる教会の戒律を破られました。+身柄を拘束します。;폐하는 신성한 교회의 계율을 위반했습니다. 신변을 구속합니다.;您被羁押了。+您违背了神圣教会的诫律。;您被羈押了。+您違背了神聖教會的誡律。;Ihr seid verhaftet. Ihr habt die Gebote der heiligen Kirche gebrochen.;Вы под арестом. Вы ослушались велений священной Церкви.;Siete in arresto. Avete infranto i comandamenti della santa Chiesa.;Você está preso. Você quebrou os mandamentos da abençoada Igreja.;I repent;Tövbe ediyorum;Je me repens;Me arrepiento.;悔い改めよう;회개하지.;我悔改。;我悔改。;Ich bereue;Я преклоняюсь;Mi pento;Eu me arrependo;;;;;;;;;;;;;Go to hell!;Cehenneme kadar yolun var!;Allez au diable !;¡Al infierno con vos!;黙れ！;닥치게!;滚去地狱吧！;滾去地獄吧！;Fahrt zur Hölle!;Катитесь к черту!;Andate all'inferno!;Vá para o inferno!;;;;;;;;;;;;;
28;priest;I request your help to maintain the Church estates in good condition.;Kilise mülklerinin bakımı için yardımınızı talep ediyorum.;Je sollicite votre aide pour maintenir les biens de l'Église en bon état.;Solicito vuestra ayuda para mantener los bienes de la Iglesia.;陛下、教会が所有する不動産の+管理と維持にご協力ください。;폐하, 교회 소유 부동산의 관리와 유지에 협력해 주십시오.;国君，教会房产的维护和修缮，+需要一点你的帮助。;國君，教會房產的維護和修繕，+需要一點你的幫助。;Ich erbitte Eure Hilfe dabei, den Besitz der Kirche in gutem Zustand zu erhalten.;Прошу помощи в содержании имущества Церкви в надлежащем состоянии.;Chiedo il Vostro aiuto per aiutare a mantenere le proprietà della Chiesa in buone condizioni.;Solicito sua ajuda para manter os territórios da Igreja em boas condições.;;;;;;;;;;;;;;;;;;;;;;;;;;;;;;;;;;;;;;;;;;;;;;;;;
29;priest;I would like to conduct a mass to the memory of your father.;Babanızın anısına ayin gerçekleştirmek istiyorum.;Je voudrais donner une messe à la mémoire de votre père.;Me gustaría dar una misa en memoria de vuestro padre.;亡きお父上をしのぶミサを執り行いましょう。;타계하신 상왕폐하를 기리는 미사를 거행합시다.;我想为你父亲举办一场弥撒追思会。;我想為你父親舉辦一場彌撒追思會。;Ich möchte eine Messe zum Andenken an Euren Vater lesen.;Я хотел бы служить мессу о поминовении вашего отца.;Vorrei celebrare una messa in memoria di Vostro padre.;Gostaria de realizar uma missa em memória de seu pai.;;;;;;;;;;;;;;;;;;;;;;;;;;;;;;;;;;;;;;;;;;;;;;;;;
30;monk;A man claims the recent epidemic of dysentery was in God's plan to bring Love to the world.;Adamın teki, son günlerde gerçekleşen dizenteri salgınının Tanrı'nın dünyaya sevgi getirme planı olduğunu iddia ediyor.;Un homme prétend que la récente épidémie de dysentrie est un acte de Dieu pour répandre l'Amour dans le monde.;Un hombre dice que la reciente epidemia de disentería es un acto divino para traer el amor al mundo.;陛下、とある男の主張によりますと、+先頃発生した赤痢の大流行は、+人類に慈愛の精神を教えんとする+神の計画だと…;폐하, 어떤 이의 주장에 의하면 최근 발생한 역병은 인류에게 자애로움을 가르치려는 신의 계획이라고 합니다...;一名男子声称+最近痢疾的传染流行是上帝的计划，+为了把爱撒向人间。;一名男子聲稱+最近痢疾的傳染流行是上帝的計畫，+為了把愛撒向人間。;Ein Mann behauptet, der jüngste Ausbruch der Ruhr sei Teil von Gottes Plan, der Welt Liebe zu bringen.;Человек заявляет, что бушующая эпидемия дизентерии — Промысл Божий и несет Любовь в мир.;Un uomo afferma che la recente epidemia dissenterica è il piano di Dio per portare l'amore nel mondo.;Um homem alega que a epidemia de disenteria estava nos planos de Deus para trazer amor ao mundo.;;;;;;;;;;;;;<i>A man enters the throne room, pushing <monk> away.</i>;<i>Taht odasına giren bir adam, <monk>i itiyor.</i>;<i>Un homme entre dans la salle du trône en poussant <monk> sur le côté.</i>;<i>Un hombre entra en la sala del trono apartando al <monk> a un lado.</i>;<i><monk>を押しのけ、+ひとりの男が謁見の間に入ってきた。</i>;<i><monk>를(을) 제치고 한 남자가 알현실로 들어왔다. </i>;<i>一名男子走入王座室，+一把推开了<monk>。</i>;<i>一名男子走入王座室，+一把推開了<monk>。</i>;<i>Ein Mann betritt den Thronsaal. <monk> wird weggestoßen.</i>;<i>Человек входит в тронный зал. <monk> был вынужден уступить дорогу.</i>;<i>Un uomo entra nella sala del trono, spingendo via <monk></i>;<i>Um homem entra na sala do trono, afastando <monk>.</i>;No, I'm...;Hayır, bence...;Non je suis...;No, yo soy...;いや…;아니...;不，我是……;不，我是……;Nein, ich bin ...;Нет, я…;No, io sono…;Não, eu...;<i>A man enters the throne room, pushing <monk> away.</i>;<i>Taht odasına giren bir adam, <monk>i itiyor.</i>;<i>Un homme entre dans la salle du trône en poussant <monk> sur le côté.</i>;<i>Un hombre entra en la sala del trono empujando <monk> a un lado.</i>;<i><monk>を押しのけ、+ひとりの男が謁見の間に入ってきた。</i>;<i><monk>를 제치고 한 남자가 알현실로 들어왔다. </i>;<i>一名男子走入王座室，+一把推开了<monk>。</i>;<i>一名男子走入王座室，+一把推開了<monk>。</i>;<i>Ein Mann betritt den Thronsaal. <monk> wird weggestoßen.</i>;<i>Человек входит в тронный зал. <monk> был вынужден уступить дорогу.</i>;<i>Un uomo entra nella sala del trono, spingendo via <monk>.</i>;<i>Um homem entra na sala do trono, afastando <monk>.</i>;
31;prophet;Brother! Pray with me. Angels sent me signs of His will and it's not looking good. The Beast!;Kardeşim! Gel dua edelim. Melekler bana Yaradan'ın arzusunun işaretlerini gönderdi ve durum iyi değil. Ah, Şeytan!;Frère ! Prie avec moi. Les anges m'ont envoyé des signes de Sa Volonté et ce n'est pas folichon. La bête !;¡Padre! Rezad por mí. Los ángeles me han enviado señales de Su Voluntad y no tiene buena pinta... ¡La Bestia! ;兄弟よ！われと共に祈れ！+神の御使いは、われに神の御意志を示された！+世にもおそろしき啓示で！;형제여! 나와 기도해 주게. 신의 천사가 내게 신의 뜻을 계시했네! 무시무시한 계시야. 야수라고!;兄弟们！同我一起祈祷。+天使为我传达了上帝的启示，+看起来情况不太妙。+兽就要来临了！;兄弟們！同我一起祈禱。+天使為我傳達了上帝的啟示，+看起來情況不太妙。+獸就要來臨了！;Bruder! Betet mit mir. Engel haben mir Zeichen Seines Willens gesandt, und es sieht nicht gut aus. Das Tier!;Брат! Молись со мной. Ангелы дали мне знаки воли Его, и знаки те зловещи. Зверь!;Fratello! Pregate con me. Gli angeli mi hanno mostrato i segni del Suo volere e non ha un bell'aspetto. La Bestia!;Irmão! Reze comigo. Anjos me enviaram sinais do Todo-Poderoso, e a situação está feia. A besta!;What signs?;Ne işareti?;Quels signes ?;¿Qué señales?;どんな啓示だ？;어떤 계시인가?;什么征兆？;什麼徵兆？;Welche Zeichen?;Какие знаки?;Quali segni?;Que sinais?;;;;;;;;;;;;;This is a private throne room;Bu taht odasına giriş yasaktır;C'est une salle du trône privée;Ésta sala es privada;許可のない者とは会わぬ;허락하지 않은 자와는 만나지 않겠다.;这是可间私人王座室;這是可間私人王座室;Das ist ein privater Thronsaal;Это частный тронный зал;Questa è una sala del trono privata;Esta sala do trono é privada;;;;;;;;;;;;;
32;Kardeşim! Gelin dua edelim. Melekler bana Yaradan'ın arzusunun işaretlerini gönderdi ve durum iyi değil. Ah, Şeytan!;Wherever I go, everything crumbles and dies horribly. I bring the Devil to fortify Our Father's Faith!;Gittiğim her yerde her şey yıkılıyor, herkes acı içinde ölüyor. Kutsal Babamızın Dinine destek için Şeytanı taşıyorum!;Où que j'aille, tout s'écroule et meurt à grand fracas. J'amène le Démon pour renforcer la Foi en notre Père !;Vaya donde vaya, todo tiembla y se marchita horriblemente. ¡Traigo al Demonio para fortalecer la fe en Nuestro Señor!;すべてが崩れ去り、+誰もが悲惨な死を遂げるのが見えた。+われはあえて悪魔を呼び込み、父なる神に、+人類の信仰の厚さを示さねばならない！;모든 것이 무너져 모두가 비참한 죽음을 이루는 것을 보았어. 나는 악마를 소환하여 하나님 아버지께 믿음을 보여드릴 걸세!;我所到之处，一切生灵都倒地惨死。+我带来恶魔，+以此来坚定我们对天父的信仰！;我所到之處，一切生靈都倒地慘死。+我帶來惡魔，+以此來堅定我們對天父的信仰！;Wohin ich auch gehe, alles zerfällt und stirbt. Ich stärke den Glauben an unseren Vater durch den Teufel!;Куда ни пойду я — всюду все рушится и умирает в муках. Со мной идет Дьявол, чтобы укрепить Веру в Отца Нашего.;Ovunque vada, tutto si sgretola e muore orribilmente. Io porto il Demonio per fortificare la fede in Nostro Signore!;Tudo desmorona e morre horrendamente por onde passo. Trago o Diabo para fortalecer a fé em Nosso Pai!;All right...;Peki...;Hum...;Eh...;よかろう…;좋군...;好吧……;好吧……;Also gut ...;Хорошо…;Ah-ha…;Certo...;;;;;;;;;;;;;Guard!;Muhafızlar!;Gardes !;¡Guardas!;衛兵！;위병!;来人啊，守卫！;來人啊，守衛！;Wache!;Стража!;Guardie!;Guarda!;;;;;;;;;;;;;
33;prophet;No it isn't. This is the land I walk, thus it is God's land.;Pek iyi değil... Bastığım toprak, Tanrı'nın toprağıdır.;Bien sûr que non. C'est le sol que je foule donc c'est la terre du Seigneur.;Claro que no. Ésta es la tierra que camino, por tanto la tierra del Señor.;ここはわれが歩む地。ゆえに、神の地である。;아니야. 이곳은 내가 걷는 땅이다. 그러니 신의 땅이나 마찬가지지!;不，并非如此。+这是我行过的土地，遂成了神之国度。;不，並非如此。+這是我行過的土地，遂成了神之國度。;Nein, ist es nicht. Da ich auf diesem Boden gehe, ist es Gottes Land.;Ничего подобного. По этой земле хожу я, хоть и принадлежит она Господу.;Certo che no. Questa è la terra dove cammino, quindi è la terra di Dio.;Não, não é. Este é o chão em que piso, sendo assim, pertence ao Deus Pai.;We will see...;Göreceğiz...;Nous allons voir...;Ya veremos...;そうかもしれぬな…;그럴지도 모르겠군...;我们会见证的……;我們會見證的……;Wir werden sehen ...;Посмотрим…;Vedremo…;Isso é o que veremos...;;;;;;;;;;;;;Guard!;Muhafızlar!;Gardes !;¡Guardas!;衛兵！;위병!;来人啊，守卫！;來人啊，守衛！;Wache!;Стража!;Guardie!;Guarda!;;;;;;;;;;;;;
34;priest;This is outrageous! This is contagious! This heretic needs to burn!;Kabul edilebilir gibi değil! Durmuyor, yayılıyor! Bu kafir yakılmalı!;C'est un scandale! Cet hérétique doit brûler sur-le-champ !;¡Qué vergüenza! ¡Ese hereje debe arder al instante!;ばかな！こんな異端者は火あぶりにしてしまえ！;어리석군요! 이런 이단들은 화형시켜 버려야 합니다!;太离谱了！这会传染的！+这个异教徒必须得烧死！;太離譜了！這會傳染的！+這個異教徒必須得燒死！;Was für eine Unverschämtheit! Dieser Ketzer muss brennen!;Это неслыханно! Предать огню этого еретика!;Tutto ciò è oltraggioso! È contagioso! Questo eretico deve bruciare!;Isso é um ultraje! Esse herege precisa queimar!;;;;;;;;;;;;;<i>Reluctantly, the executioner takes the Prophet away.</i>;<i>Cellat çekinerek Peygamberi götürüyor.</i>;<i>Le bourreau emmène le Prophète, en se plaignant de ses conditions de travail.</i>;<i>El verdugo se lleva al profeta, mientras va quejándose de sus condiciones de trabajo.</i>;<i>処刑人は、しぶしぶ預言者を連行した。</i>;<i>사형집행인은 마지 못해 예언자를 연행했다. </i>;<i>（行刑人非常不情愿地+夺去了先知的生命。）</i>;<i>（行刑人非常不情願地+奪去了先知的生命。）</i>;<i>Zögerlich führt der Henker den Propheten hinweg.</i>;<i>Скрепя сердце, палач уводит Пророка.</i>;<i>Riluttante, il boia porta via il Profeta.</i>;<i>Com relutância, o carrasco tira o profeta de lá.</i>;;;;;;;;;;;;;;;;;;;;;;;;;
35;nobleman;My Lord, the <priest> judged <prophet> a heretic and sent him to the executioner!;Lordum, <priest> <prophet>i kafir ilan edip cellada gönderdi!;Monseigneur, l'<priest> a déclaré <prophet> hérétique et l'a envoyé au bourreau.;Mi señor, <priest> ha juzgado <prophet> como hereje y lo ha enviado al verdugo.;陛下、<priest>が+<prophet>を+異端と断定し、処刑人のもとへ連行しました！;폐하, <priest>가(이) <prophet>를(을) 이단이라 칭하고 사형집행인에게 연행했습니다!;陛下，<priest>宣判+<prophet>是异教徒，+已经把他送去处刑人那儿了！;陛下，<priest>宣判+<prophet>是異教徒，+已經把他送去處刑人那兒了！;Herr! Der <priest> meinte, <prophet> sei ein Ketzer, und hat ihn zum Henker geschickt!;Милорд, <priest> объявил, что <prophet> — еретик, и отправил его к палачу!;Mio Signore, l'<priest> ha giudicato <prophet> un eretico e l'ha spedito dal boia!;Meu senhor, <priest> julgou <prophet> como herege e mandou-o para o carrasco!;Oh well...;Tüh...;Mais je...;Pero...;フン、そうか…;흥, 그런가...;噢，好吧……;噢，好吧……;Nun gut ...;Вот и отлично…;Oh beh…;Rá, bom...;;;;;;;;;;;;;Can't any of you just do what I say?;Söylediklerime kulak asan yok mu?;Pourquoi ne m'obéit-on pas ?;¿Tan difícil es obedecerme?;どいつもこいつも、+なぜ勝手ばかりする？;이놈이고 저놈이고 왜 제멋대로 굴지?;你就不能完全照我说的办吗？;你就不能完全照我說的辦嗎？;Ich hatte anderes befohlen!;Просто делайте, что я говорю;Perché nessuno di voi fa quello che dico?;Por que não fazem o que mando?;;;;;;;;;;;;;
36;prophet;I was resurrected to spread the words of Joy and Love for God in this crumbling country! ;Bu kafir ülkeye Tanrı Sevgisi ve Coşkusu yaymak için diriltildim!;J'ai été ressucité pour répandre la parole de l'Amour Divin dans ce pays croulant sous le poids du Démon !;¡He sido resucitado para sembrar las palabras del Amor Divino en este país decrépito sometido por el Diablo!;われはよみがえった！神の御意志で、+この滅びゆく国に+愛と喜びの言葉を広めるために！;나는 부활하였다! 신의 뜻을 받들어 멸망해 가는 이 나라에 사랑과 기쁨의 말씀을 전파하기 위해!;我又复活了，+为了在这个破败的国家里+传播上帝欢乐与爱的旨意！;我又復活了，+為了在這個破敗的國家裏+傳播上帝歡樂與愛的旨意！;Ich bin auferstanden, um das Wort der Freude und der Gottesliebe in diesem gebeutelten Land zu verbreiten!;Я был воскрешен, чтобы нести слова Радости и Любви к Богу на этой гибнущей земле!;Sono resuscitato per diffondere parole di gioia e amore divino in questo paese in frantumi!;Fui ressuscitado para levar as palavras de alegria e amor do Deus Pai para este país em ruína!;<i>Nervous laugh</i>;<i>Gergin gülüş</i>;<i>Rire nerveux</i>;<i>Risa nerviosa</i>;ハ…ハハ…ハハハハ…;하... 하하... 하하하하...;<i>（尴尬地笑了）</i>;<i>（尷尬地笑了）</i>;<i>Nervös lachen</i>;<i>Нервный смех</i>;<i>Risata nervosa</i>;<i>Risada nervosa</i>;;;;;;;;;;;;;<i>Deep sigh</i>;<i>Derinden iç çekme</i>;<i>Profond soupir</i>;<i>Suspiro profundo</i>;ハァ…;하아…;<i>（长叹）</i>;<i>（長歎）</i>;<i>Tief seufzen</i>;<i>Глубокий вздох</i>;<i>Profondo sospiro</i>;<i>Suspiro profundo</i>;;;;;;;;;;;;;
37;executioner;Not my fault. He tripped on a guard with a torch, resulting in the burning of the gibbet.;Benim suçum değil. Elinde meşale olan bir muhafıza çarptı, darağacı yandı.;Pas ma faute. Il s'est pris les pieds dans des cordes et a renversé une torche, ce qui a mis le feu au gibet.;No es culpa mía. Se ha tropezado con una antorcha y ha prendido fuego a la horca.;こやつがたいまつを持った衛兵に+ぶつかったせいで、+処刑台が焼けてしまったんですよ。;제 잘못이 아닙니다. 이 녀석이 횃불을 든 호위병과 부딪혀 처형대가 타 버렸을 뿐입니다.;这不是我的错，+是他被一个拿着火把的守卫绊倒了，+于是火把就把绞刑架给烧掉了。;這不是我的錯，+是他被一個拿著火把的守衛絆倒了，+於是火把就把絞刑架給燒掉了。;Nicht meine Schuld. Er ist gestolpert, gegen eine Fackel gestoßen und der Galgen ist abgebrannt.;Это не моя вина. Стражник с факелом споткнулся, отчего виселица загорелась.;Non è colpa mia. È inciampato in una guardia che reggeva una torcia e ha dato fuoco al patibolo.;A culpa não é minha. Ele tropeçou em um guarda com uma tocha, e a forca acabou sendo incendiada.;<i>Concerned smirk</i>;<i>Endişeli gülümseme</i>;<i>Rictus inquiet</i>;<i>Mueca de inquietud</i>;アハ…アハハハ…ハ…;아하... 아하하하... 하...;<i>（忧心忡忡地假笑着）</i>;<i>（憂心忡忡地假笑著）</i>;<i>Besorgt lächeln</i>;<i>Самодовольная ухмылка</i>;<i>Sorrisetto preoccupato</i>;<i>Sorriso preocupado</i>;;;;;;;;;;;;;<i>Low curse</i>;<i>Sessizce lanetleme</i>;<i>Blasphème inaudible</i>;<i>Blasfemia inaudible</i>;…ったく;...웃기는군;<i>（低声咒骂）</i>;<i>（低聲咒罵）</i>;<i>Leise fluchen</i>;<i>Грязное ругательство</i>;<i>Imprecazione sottovoce</i>;<i>Xingamento abafado</i>;;;;;;;;;;;;;
38;prophet;I will show the way of righteousness to your merchants. Behold!;Tüccarlarınıza Hakkın yolunu göstereceğim. Hele bekleyiniz!;Je vais montrer la voie de la sagesse à tes marchands. Sois mon témoin !;Voy a mostrar a vuestros mercaderes el camino de la sabiduría. ¡Sed mi testigo!;この国の商人たちに、+正義とはなにか教えてやろう！;이 나라의 상인들에게 정의란 무엇인지 알려 주지! 보아라!;我会给你的商人展现+什么才是真正的正道，+看着吧！;我會給你的商人展現+什麼才是真正的正道，+看著吧！;Ich werde Euren Händlern den Weg der Rechtschaffenheit zeigen. Seht!;Я покажу пути праведные твоим купцам. Узри!;Mostrerò la rettitudine ai Vostri mercanti. Vedrete!;Eu mostrarei o caminho da verdade para os seus comerciantes. Contemplem!;;;;;;;;;;;;;;;;;;;;;;;;;Please no. I can pay.;Yapma lütfen. Parası neyse veririm.;Attendez, je peux payer;No por favor, puedo pagar;金を払うからやめてくれ;돈을 줄 테니 그만두게.;请不要这样。我可以付钱。;請不要這樣。我可以付錢。;Bitte nicht. Ich kann zahlen.;Прошу, не надо. Я заплачу.;No, aspettate. Posso pagare.;Não, por favor. Posso pagar.;<i><prophet> leaves, brooding, but with your money.</i>;<i><prophet> derin düşünceler içinde, paranız cebinde ayrılıyor.</i>;<i><prophet> s'en va, mécontent, mais avec votre argent.</i>;<i><prophet> se va disgustado, pero se lleva vuestro dinero.</i>;<i><prophet>は+肩を落として去っていったが、+金はきっちり受け取った。</i>;<i><prophet>는(은) 낙담하고 떠나갔지만 금은 받았다. </i>;<i>（<prophet>离开了，+郁郁寡欢，+但怀揣着你给的钱。）</i>;<i>（<prophet>離開了，+鬱鬱寡歡，+但懷揣著你給的錢。）</i>;<i><prophet> geht grübelnd, aber mit Eurem Geld.</i>;<i><prophet> уходит в задумчивости, но с вашими деньгами.</i>;<i><prophet> se ne va, scontento, ma con il Vostro denaro.</i>;<i><prophet> vai embora, inquieto, mas com o seu dinheiro.</i>;
39;merchant;Sire... There's been a problem with...;Efendim... Bir sorun var...;Sire... Il y a eu un problème avec...;Señor... Tenemos un problema con...;陛下、少々問題が…;폐하, 조금 문제가 있습니다...;陛下……有桩麻烦事，+关于……;陛下……有樁麻煩事，+關於……;Majestät ... Es gibt da ein Problem mit ...;Сир… У нас проблема с…;Sire, c'è stato un problema con…;Senhor... Há um problema com...;I will pay;Parası neyse vereceğim;Je vais payer;Pagaré;余が金で解決しよう;짐이 돈으로 해결하지.;我会给钱的;我會給錢的;Ich werde zahlen;Я заплачу;Pagherò;Eu pagarei;<i><prophet> managed to enrage the cattle while preaching at the market. There are a lot of casualties.</i>;<i>Pazarda vaaz veren <prophet> sığırları kızdırmayı başardı. Pek çok kişi yaşamını yitirdi.</i>;<i><prophet> a réussi à effrayer des bovins en prêchant au marché. Il y a beaucoup de victimes.</i>;<i><prophet> ha conseguido asustar al rebaño mientras predicaba en el mercado. Hay muchas víctimas.</i>;<i><prophet>は+市場で説教中にうっかり家畜を驚かし、+多くの死傷者が出た。</i>;<i><prophet>는 시장에서 설교 중에  실수로 가축을 놀라게 하여 많은 사상자가 발생했다. </i>;<i>（<prophet>在市场+演讲的时候惹怒了牛群，+造成了惨重的伤亡。）</i>;<i>（<prophet>在市場+演講的時候惹怒了牛群，+造成了慘重的傷亡。）</i>;<i><prophet> predigt auf dem Markt und macht das Vieh wütend. Der Tumult fordert viele Opfer.</i>;<i><prophet> раздразнил скот, пока проповедовал на рынке. Много жертв.</i>;<i>Mentre pregava al mercato, <prophet> è riuscito a far infuriare il bestiame. Ci sono molte vittime.</i>;<i><prophet> conseguiu enfurecer o gado enquanto pregava no mercado, resultando em muitas vítimas.</i>;<i>Ignore</i>;<i>Görmezden gel</i>;<i>Ignorer</i>;<i>Ignorar</i>;<i>（無視する）</i>;<i>무시한다.</i>;<i>（忽视）</i>;<i>（忽視）</i>;<i>Ignorieren</i>;<i>Нет реакции</i>;<i>Ignorare</i>;<i>Ignorar</i>;<i><prophet> managed to enrage the cattle while preaching at the market. There are a lot of casualties.</i>;<i>Pazarda vaaz veren <prophet> sığırları kızdırmayı başardı. Pek çok kişi yaşamını yitirdi.</i>;<i><prophet> a réussi à effrayer des bovins en prêchant au marché. Il y a beaucoup de victimes.</i>;<i><prophet> ha conseguido asustar al rebaño mientras predicaba en el mercado. Hay muchas víctimas.</i>;<i><prophet>は+市場で説教中にうっかり家畜を驚かし、+多くの死傷者が出た。</i>;<i><prophet>는(은) 시장에서 설교 중에 실수로 가축을 놀라게 하여 많은 사상자가 발생했다. </i>;<i>（<prophet>在市场+演讲的时候惹怒了牛群，+造成了惨重的伤亡。）</i>;<i>（<prophet>在市場+演講的時候惹怒了牛群，+造成了慘重的傷亡。）</i>;<i><prophet> predigt auf dem Markt und macht das Vieh wütend. Der Tumult fordert viele Opfer.</i>;<i><prophet> раздразнил скот, пока проповедовал на рынке. Много жертв.</i>;<i>Mentre pregava al mercato, <prophet> è riuscito a far infuriare il bestiame. Ci sono molte vittime.</i>;<i><prophet> conseguiu enfurecer o gado enquanto pregava no mercado, resultando em muitas vítimas.</i>;
40;prophet;I want to visit our godless neighbours. Except if you need me here?;Kafir komşularımızı ziyaret etmeyi arzuluyorum. Tabii, eğer burada bana ihtiyacınız yoksa?;Je vais rendre visite à nos voisins. Ces païens ont besoin de mon aide. À moins que tu aies besoin de moi ici ?;Voy a visitar a nuestros vecinos paganos, necesitan mi ayuda. ¿A no ser que me necesitéis aquí?;いまだ神を信じぬ隣国を訪ねてこようと思う。+しばし不在にしてもよろしいか？;아직도 신을 믿지 않는 자들과 만나겠네. 내게 볼 일 있는가?;我想要去访问+我们毫无信仰的领国，+但您是否还需要我留在这呢？;我想要去訪問+我們毫無信仰的領國，+但您是否還需要我留在這呢？;Ich möchte unsere gottlosen Nachbarn besuchen. Es sei denn, Ihr braucht mich hier?;Я собираюсь навестить наших безбожных соседей. Я ведь здесь не нужен?;Voglio fare visita ai nostri vicini pagani. A meno che io Vi serva qui?;Quero visitar nossa vizinhança pagã, a não ser que precise de mim aqui...;;;;;;;;;;;;;;;;;;;;;;;;;;;;;;;;;;;;;<i><prophet> managed to destabilize the neighbours' country, strengthening your own position.</i>;<i><prophet> komşu ülkenin istikrarına son vermeyi başardı, böylece ülkeniz güç kazandı.</i>;<i><prophet> déstabilisa toute la région, renforçant votre position par la même occasion.</i>;<i><prophet> desestabiliza toda la región, fortaleciendo vuestra posición.</i>;<i><prophet>の+活動によって隣国は混乱に陥り、+結果、自国の地位は安定した。</i>;<i><prophet>의 활동으로 이웃나라는 혼란에 빠졌고 자국의 지위는 안정되었다. </i>;<i>（<prophet>设法破坏邻国的稳定，+来巩固你的位置。） </i>;<i>（<prophet>設法破壞鄰國的穩定，+來鞏固你的位置。） </i>;<i><prophet> destabilisiert das Nachbarland und stärkt dadurch Eure eigene Position.</i>;<i><prophet> смог дестабилизировать обстановку в соседней стране, усилив ваше влияние.</i>;<i><prophet> è riuscito a destabilizzare il Paese vicino, rafforzando la Vostra posizione.</i>;<i><prophet> conseguiu desestabilizar o país dos vizinhos, fortalecendo sua posição.</i>;
41;diplomat;<prophet> is crazy my Lord, but quite harmless. Your people love him. He's called the "Clumsy Prophet".;Lordum, <prophet> delidir ama bir zararı yoktur. Halkınız ona bayılıyor, "Sakar Peygamber" diyorlar.;Votre Altesse, <prophet> est fou mais plutôt inoffensif. Votre peuple l'adore. Ils l'appellent le "Prophète Maladroit".;Vuestra Alteza, <prophet> está loco pero es inofensivo. Vuestro pueblo le adora. Le llaman "el Profeta Torpón".;<prophet>は+まともではありませんが、+危険な人物ではありません。民からは+「どじの預言者」と呼ばれ親しまれています。;폐하, <prophet>는(은) 정신이 나가긴 했지만, 위험한 인물은 아닙니다. 백성들로부터는 "얼간이 예언자"라 불리며 사랑받고 있습니다.;<prophet>是个疯子，+陛下，但他不惹什么麻烦。+您的人民很喜爱他，还把他叫做“笨笨先知”。;<prophet>是個瘋子，+陛下，但他不惹什麼麻煩。+您的人民很喜愛他，還把他叫做“笨笨先知”。;Herr! <prophet> ist verrückt, aber harmlos. Euer Volk liebt ihn. Er wird "der tollpatschige Prophet" genannt.;Милорд, <prophet> безумен, но безобиден. Ваш народ любит его. Его называют «Неуклюжий пророк».;Vostra Altezza, <prophet> è pazzo, ma piuttosto innocuo. Il popolo lo adora. Viene chiamato "Il profeta goffo".;<prophet> é maluco, meu senhor, mas inofensivo. Seu povo o ama. Chamam-no de "Profeta Desastrado".;Let him be;Ne hali varsa görsün;Laissons-le faire;Dejadle;好きにやらせておけ;좋을 대로 하게.;随他去吧;隨他去吧;Lasst ihn gewähren;Оставьте его в покое;Lasciatelo fare;Deixe-o em paz;;;;;;;;;;;;;Keep an eye on him;Gözünüzü ayırmayın;Gardons-le à l'œil;No le quitéis el ojo de encima;そやつから目を離すな;그 녀석에게서 눈을 떼지 마라.;留心注意他;留心注意他;Behaltet ihn im Auge;Следите за ним;Tenetelo d'occhio;Fique de olho nele;;;;;;;;;;;;;
42;anyone;<prophet> was trying to burn alleged envoys of the Antichrist yet he managed to kill himself!;<prophet>, Deccal'ın elçileri ilan ettiği kişileri yakmaya çalışıyordu ama kendisi yanıp öldü!;<prophet> est mort ! Il s'en prenait à de supposés envoyés de l'Antéchrist mais ça a mal tourné.;¡<prophet> ha muerto! Estaba intentando derrotar a unos supuestos enviados del Anticristo pero solo ha acabado consigo mismo.;<prophet>は+反キリストの使者とされる者たちを+火あぶりにしようとして、+うっかり自分が死んでしまいました！;<prophet>는(은) 적 그리스도의 사자라 여겨지는 자들을 화형시키려 하다가 불에 타 죽고 말았습니다!;<prophet>本想烧死+他口中反基督的使者，+结果他自己倒是死了！;<prophet>本想燒死+他口中反基督的使者，+結果他自己倒是死了！;<prophet> wollte vermeintliche Abgesandte des Antichristen verbrennen und ist dabei selbst umgekommen!;<prophet> попытался сжечь предполагаемых посланцев Антихриста, а затем совершил самоубийство!;<prophet> stava cercando di dare fuoco a dei presunti emissari dell'Anticristo, ma nel farlo ha ucciso se stesso!;<prophet> estava tentando queimar supostos enviados do anticristo, mas acabou se matando!;Let's organize a pretty funeral;Cenazesi güzel olsun;Organisons des funérailles;Organicemos un funeral;手厚い葬儀を執り行おう;장례를 성대하게 거행하지.;让我们筹备一次盛大的葬礼吧;讓我們籌備一次盛大的葬禮吧;Organisiert sein Begräbnis;Организуйте достойные похороны;Organizziamo un bel funerale;Ele merece um belo funeral;;;;;;;;;;;;;Good riddance;Hele şükür;Bon débarras;Un problema menos;厄介払いができたな;귀찮은 놈들을 내쫓았군.;总算摆脱他了;總算擺脫他了;Endlich sind wir ihn los;Скатертью дорога;Che liberazione;Já vai tarde;;;;;;;;;;;;;
43;anyone;The rumor is spreading there's a new prophet on Earth.;Dünya'da yeni bir peygamber olduğuna dair dedikodular yayılıyor.;Une rumeur se répand. Le prophète serait de retour.;La gente rumorea... El profeta volverá.;ウワサによると、新たな預言者が現れたとか…;소문에 따르면, 새로운 예언자가 나타났다고 합니다만...;一位新先知存在于世的流言+正四处疯传。;一位新先知存在於世的流言+正四處瘋傳。;Gerüchten zufolge wandelt ein neuer Prophet auf Erden.;Ходят слухи, что на землю пришел новый пророк.;Gira voce che sulla Terra ci sia un nuovo profeta.;Estão se espalhando boatos sobre um novo profeta na Terra.;I suppose...;Belki de...;Je suppose que...;Sopongo que...;そうか…;그런가...;我猜……;我猜……;Gut möglich ...;Думаю…;Suppongo che…;Talvez...;;;;;;;;;;;;;No way...;Olacak şey değil...;Pas possible...;No puede ser...;ありえん…;말도 안 돼...;怎么可能……;怎麼可能……;Ausgeschlossen ...;Ну нет…;Impossibile…;Impossível...;;;;;;;;;;;;;
44;prophet>fanzy;Remember me? I'm resurrected again!;Beni hatırlıyor musunuz? Yine dirildim!;Tu te souviens de moi ? Je suis ressuscité à nouveau !;¿Te acuerdas de mí? He resucitado de nuevo.;われを覚えているか？再びよみがえったぞ！;나를 기억하는가? 또 부활하였네!;还记得我吗？+我又复活啦！;還記得我嗎？+我又復活啦！;Erinnert Ihr Euch an mich? Ich bin erneut auferstanden!;Помнишь меня? Я снова воскрес!;Vi ricordate di me? Sono resuscitato nuovamente!;Lembra de mim? Ressuscitei de novo!;Congratulations;Tebrikler;Félicitations;Felicidades;それはよかった;축하하네;恭喜;恭喜;Glückwunsch;Поздравляю;Congratulazioni;Parabéns;;;;;;;;;;;;;I don't believe you;İnanmıyorum;Je n'en crois pas un mot;No me creo ni una palabra;そなたの話は信じぬ;그대의 이야기는 안 믿네.;我不相信你;我不相信你;Ich glaube Euch kein Wort;Я тебе не верю;Non ci credo;Não acredito em você;;;;;;;;;;;;;
45;prophet>fanzy;Your priests and monks are not the envoys of the Lord.;Rahip ve keşişleriniz, Tanrı'nın elçileri değil.;Tes prêtres et tes moines ne sont pas les envoyés du Seigneur.;Tus curas y monjes no son enviados del Señor.;司祭と修道士は、神の使いではない。;사제와 수도사는 신의 사자가 아니야.;你的神父和僧侣+并非上帝的使者。;你的神父和僧侶+並非上帝的使者。;Eure Priester und Mönche sind keine Abgesandten des Herrn.;Твои священники и монахи — не посланники Божьи.;I Vostri sacerdoti e frati non sono gli emissari del Signore.;Seus padres e monges não são enviados do Senhor.;Yes they are;Öyle tabii;Si si;Sí, sí;そなたは間違っている;그대가 잘못 생각하고 있네.;是啊，他们就是。;是啊，他們就是。;Doch, sind sie;Ты ошибаешься;Sì, lo sono;Eles são, sim;;;;;;;;;;;;;No they're not;Yalan söylüyorsun;Non;No... No lo son;そなたの言うとおりだ;그대의 말대로네.;他们并不是;他們並不是;Nein, wirklich nicht;Да нет, конечно;No, non lo sono;Não, não são;;;;;;;;;;;;;
46;priest;It seems my advice is not to your liking. You know Who rules above men and Kings!;Görünüşe bakılırsa tavsiyelerimi beğenmiyorsunuz. Krallardan bile büyük kim var, iyi bilirsiniz!;Vous n'écoutez pas mes conseils. Vous savez pourtant qui règne sur les hommes et les rois !;No escucháis mis consejos. ¡Sin embargo, sabéis perfectamente quién reina sobre los hombres y los reyes!;陛下は私の忠告がお気に召さないようですな。+民も王も、等しく神のしもべであることを+お忘れなきよう…;폐하께서는 저의 충고가 마음에 들지 않으시는 모양이군요. 백성이든 왕이든 신의 종임을 잊지 마시기를!;看来你不喜欢我的建议。+你应该知道是谁凌驾于人民和国王之上！;看來你不喜歡我的建議。+你應該知道是誰淩駕於人民和國王之上！;Wie es scheint, gefällt mein Rat Euch nicht. Ihr wisst, wer über Menschen und Könige herrscht!;Похоже, мои советы тебе не по душе. Ты знаешь, Кто над людьми и королями!;Pare che il mio consiglio non sia di Vostro gradimento. Voi sapete chi regna sopra uomini e Re!;Parece que meu conselho não lhe agrada. Tu sabes Quem rege acima de homens e reis!;I repent;Tövbe ediyorum;Je me repens;Me arrepiento;悔い改めよう;회개하지.;我悔改。;我悔改。;Ich bereue;Я преклоняюсь;Io mi pento;Eu me arrependo;;;;;;;;;;;;;It's certainly not you;Senin olmadığın kesin;Ce n'est sûrement pas vous;Desde luego no sois vos;そなたも神ではなかろう;그대도 신이 아닐까.;反正不是你;反正不是你;Ihr bestimmt nicht;Ну уж точно не ты;Di certo non voi;Não é você;;;;;;;;;;;;;
47;priest;Whether you want to or not, I need you in the crypt of Saint Armand. It's a matter of life and death.;İsteseniz de istemeseniz de, Aziz Armand'ın mahzeninde size ihtiyacım var. Ölüm kalım meselesi.;Que vous le vouliez ou non, j'ai besoin de vous dans la crypte de Saint Armand. Question de vie ou de mort !;Os guste o no, os necesito en la Cripta de San Armando. ¡Es cuestión de vida o muerte!;陛下がなんとおっしゃろうと、+今日こそ聖アルマンドの墓所に+参拝していただきます。+これは生死を分ける問題です。;폐하의 의사와는 상관없이 오늘 성 아르망드의 묘소에 와 주셔야겠습니다. 생사를 가르는 문제입니다.;不管你想不想，+我需要你进入圣阿芒的墓穴。+这是生死攸关的大事。;不管你想不想，+我需要你進入聖阿芒的墓穴。+這是生死攸關的大事。;Ob Ihr wollt oder nicht, ich brauche Euch in der Gruft des heiligen Armand. Es geht um Leben und Tod.;Хочешь ты этого или нет, но ты мне нужен в крипте Святого Армана. Вопрос жизни и смерти.;Che lo vogliate o no, mi servite nella cripta di Sant'Armando. È questione di vita o di morte.;Quer queira ou não, preciso de você na cripta de Santo Armand. É uma questão de vida ou morte.;;;;;;;;;;;;;;;;;;;;;;;;;;;;;;;;;;;;;;;;;;;;;;;;;
48;priest;May the Saints forgive your sins <i>(you feel someone behind your back)</i>.;Dilerim Azizler günahlarınızı bağışlar <i>(arkanızda birisinin olduğunu hissediyorsunuz)</i>.;Que les Anges vous pardonnent vos péchés <i>(vous sentez une présence dans votre dos)</i>.;Que los cielos os perdonen vuestros pecados <i>(sentís una presencia detrás vuestro)</i>.;聖人たちよ、陛下の罪をゆるしたまえ。+<i>（背後に何者かの気配を感じる）</i>;성도 여러분께서 폐하의 죄를 용서하시길...  <i>(뒤에 누군가의 기척을 느낀다)</i>;愿圣人宽恕你的罪孽。+<i>（你感觉身后有人）</i>;願聖人寬恕你的罪孽。+<i>（你感覺身後有人）</i>;Mögen die Heiligen Euch Eure Sünden vergeben! <i>(Ihr spürt, dass jemand hinter Euch ist)</i>;Да простят Святые тебе твои грехи <i>(вы чувствуете присутствие за спиной)</i>.;Possano i Santi perdonare i Vostri peccati <i>(sentite una presenza alle Vostre spalle)</i>.;Que os santos perdoem seus pecados <i>(você sente alguém se aproximar por trás)</i>;Explain yourself!;Bu ne demek oluyor!;Expliquez-vous !;¡Explicaos!;なんのまねだ！;설명하게나!;你自己解释下！;你自己解釋下！;Erklärt Euch!;Я требую объяснений!;Spiegatevi!;Explique-se!;<i>You're grasped from behind by an armed monk.</i>;<i>Silahlı bir keşiş arkadan sizi tutuyor.</i>;<i>Vous êtes saisi par un moine armé.</i>;<i>Un monje armado os trapa.</i>;<i>武装した修道士に羽交い締めにされた。</i>;<i>무장한 수도사에게 뒤에서 손이 묶였다. </i>;<i>（你被一名持械的僧侣+从背后抓住。）</i>;<i>（你被一名持械的僧侶+從背後抓住。）</i>;<i>Ein bewaffneter Mönch packt Euch von hinten.</i>;<i>Со спины вас хватает вооруженный монах.</i>;<i>Venite preso alle spalle da un monaco armato.</i>;<i>Um monge armado agarra você pelas costas.</i>;Guards!;Muhafızlar!;Gardes !;¡Guardas!;衛兵！;위병!;来人啊，守卫！;來人啊，守衛！;Wache!;Стража!;Guardie!;Guardas!;<i>You manage to escape the trap, in extremis. The <priest> is sent to the executioner.</i>;<i>Ölmek üzereyken tuzaktan kaçmayı başarıyorsunuz. <priest> cellada gönderiliyor.</i>;<i>Vous parvenez à vous échapper du piège, in extremis. L'<priest> est envoyé au bourreau.</i>;<i>Conseguís escapar de la trampa, in extremis. El <priest> es enviado a la horca.</i>;<i>王は間一髪で危険を回避した。+<priest>は+処刑人のもとへ送られた。</i>;<i>왕은 간발의 차로 위험을 피했다. <priest>는(은) 사형집행인의 손에 맡겨졌다. </i>;<i>（你在濒死之际逃出了陷阱。+<priest>已经被押往行刑人那里了。）</i>;<i>（你在瀕死之際逃出了陷阱。+<priest>已經被押往行刑人那裏了。）</i>;<i>Knapp entrinnt Ihr der Falle. Der <priest> wird zum Henker gesandt.</i>;<i>В последний момент вам удается избежать ловушки. <priest> отправился к палачу.</i>;<i>Sfuggite alla trappola per un soffio. L'<priest> viene mandato dal boia.</i>;<i>Você conseguiu fugir da emboscada, in extremis. <priest> é enviado para o carrasco.</i>;
49;monk;My Lord, you are a Saint! The Pope wants to establish his estates here!;Lordum, siz bir Azizsiniz! Papa buraya yerleşmek istiyor!;Monseigneur, vous êtes un Saint ! Le Pape souhaite établir ses quartiers dans la capitale !;Señor, ¡sois Santo! El Papa desea instalar su sede en la capital de vuestro reino.;陛下を聖人に列することとなりました！+つきましては、教皇は城の敷地内に+屋敷を建てたいと申しております。;폐하께서는 성인의 반열에 오르셨습니다! 교황께서 성 부지 내에 자신의 저택을 짓고 싶다고 하십니다.;陛下，您真是位圣人！+教皇大人想在这里也买一些地，您意下如何？;陛下，您真是位聖人！+教皇大人想在這裏也買一些地，您意下如何？;Majestät, Ihr seid ein Heiliger! Der Papst möchte hier Grundbesitz erwerben!;Милорд, вы святой! Папа хочет построить здесь свое представительство!;Mio Signore, siete un Santo! Il Papa vuole stabilire qui la sua residenza!;Meu senhor, tu és um santo! O Papa quer estabelecer território aqui!;;;;;;;;;;;;;;;;;;;;;;;;;;;;;;;;;;;;;;;;;;;;;;;;;
50;doctor;My Lord, could I talk to you in private? I know the priest will have to wait but this is a very important matter...;Lordum, sizinle baş başa konuşabilir miyim? Rahibin beklemesi gerekecek, lakin mesele çok mühim...;Sire, pourrais-je vous parler en privé ? Je sais que le prêtre devra attendre, mais c'est très important...;Señor, ¿puedo hablaros en privado? Siento que el cura tenga que esperar, pero esto es muy importante...;陛下、大事なお話がございます…+司祭様には少々お待ちいただくことになりますが、+陛下だけのお耳に入れたいのです…;폐하, 잠시 긴밀히 드릴 중요한 말씀이 있습니다. 사제께서는 조금 기다려야 하겠지만요...;陛下，我能单独和您谈谈么？+我知道这得让神父多等会儿，+但这是件很重要的事……;陛下，我能單獨和您談談麼？+我知道這得讓神父多等會兒，+但這是件很重要的事……;Majestät, könnte ich Euch unter vier Augen sprechen? Der Priester müsste warten, aber es ist sehr wichtig ...;Милорд, можно поговорить с вами? Я знаю, что священнику приходится ждать, но дело не терпит отлагательств…;Mio Signore, possiamo conferire privatamente? Sono consapevole che il sacerdote dovrà attendere, ma è una questione importante…;Senhor, podemos conversar em particular? O padre terá que esperar, mas é um assunto muito importante...;;;;;;;;;;;;;<i>The doctor enters a side room. He talks nervously about <nobleman>, who was ill the previous week.</i>;<i>Hekim bir yan odaya giriyor. Geçen hafta hastalanan <nobleman> hakkında gergin bir şekilde konuşmaya başlıyor.</i>;<i>Le docteur entre dans une pièce adjacente. Il parle nerveusement de <nobleman>, qui était malade la semaine précédente.</i>;<i>El doctor entra en la sala adyacente. Habla nerviosamente acerca de <nobleman>, que estaba enfermo la semana pasada.</i>;<i>医師は奥の部屋に入ると、+おそるおそる口を開いた…+先週、病で床に伏していた+<nobleman>のことだ…</i>;<i>의사가 안쪽 방에 들어가 조심조심 입을 열었다... 지난주 병이 났던 <nobleman>에 관한 이야기다.</i>;<i>（医生进入了侧房。+他不安地谈到+上周身染疾病的<nobleman>。）</i>;<i>（醫生進入了側房。+他不安地談到+上周身染疾病的<nobleman>。）</i>;<i>Der Doktor betritt einen Nebenraum und redet nervös auf Euch ein. <nobleman> war letzte Woche krank.</i>;<i>Доктор входит в смежную комнату. Он обеспокоенно говорит о том, что <nobleman> заболел на прошлой неделе.</i>;<i>Il dottore entra in una stanza adiacente. Parla nervosamente di <nobleman>, che era malato la settimana prima.</i>;<i>O médico entra em uma sala lateral e fala sobre <nobleman>, que estava doente na semana anterior.</i>;;;;;;;;;;;;;;;;;;;;;;;;;
51;doctor;During his fitful sleep, <nobleman> gave me details about a conspiracy against you. Should we bring him in?;Rahatsız uykuları arasında, <nobleman> bana size karşı bir komplonun ayrıntılarını verdi. Onu buraya getirsinler mi?;Dans son sommeil, <nobleman> a révélé les détails d'une conspiration contre vous. Faites-le venir !;Mientras dormía, <nobleman> me reveló los detalles de una conspiración contra vos. ¡Hacedle venir inmediatamente!;熱に浮かされた<nobleman>は、+寝言で陛下の暗殺計画を+口にしておりました。直接問いただしますか？;얕은 잠을 자던 <nobleman> 이 잠꼬대 중 폐하의 암살 계획을 입에 올렸습니다. 직접 데려올까요?;<nobleman>在半睡半醒之间+向我披露一桩针对您的大阴谋的细节。+我们应不应该把他带进来？;<nobleman>在半睡半醒之間+向我披露一樁針對您的大陰謀的細節。+我們應不應該把他帶進來？;Im Schlaf redend, verriet <nobleman> Einzelheiten einer Verschwörung gegen Euch. Lasst ihn herbringen!;Будучи в бреду, <nobleman> рассказал мне о готовящемся заговоре против вас. Привести его?;Mentre dormiva un sonno agitato, <nobleman> ha mormorato i dettagli di una cospirazione contro di Voi. Convocatelo qui!;Durante seu sono inquieto, <nobleman> deu-me detalhes sobre uma conspiração contra você. Devo trazê-lo?;;;;;;;;;;;;;;;;;;;;;;;;;;;;;;;;;;;;;;;;;;;;;;;;;
52;nobleman;This is not true!! Your doctor has a wicked soul. You should ask him about the hidden room...;Doğru değil bu!! Hekiminiz şer yüreklidir. Ona gizli odayı sorunuz...;Mensonges ! Votre docteur est un esprit damné. Vous devriez lui parler de la pièce secrète...;¡No es cierto! Vuestro doctor posee un alma retorcida. Deberíais preguntarle por su sala secreta...;でたらめです！あの医者の魂はけがれている！+むしろ、あやつが隠し部屋でなにをしているのかを+問い詰めるべきです！;말도 안 되는 소리입니다! 그 의사는 더러운 영혼의 소유자입니다. 오히려 그 의사가 숨겨진 방에서 무엇을 하고 있었는지 심문하셔야 합니다!;这不是真的！您的御医内心险恶，+你该问问他关于密室的事情……;這不是真的！您的御醫內心險惡，+你該問問他關於密室的事情……;Das ist nicht wahr! Euer Doktor ist niederträchtig. Ihr solltet ihn nach dem verborgenen Raum fragen ...;Это ложь! У тебя нет сердца, врачеватель! Спроси его о тайной комнате…;Non è vero! Il Vostro dottore è di indole perfida. Dovreste chiedergli della stanza nascosta…;Isso não é verdade! O médico é maligno. Pergunte a ele sobre o quarto secreto...;Tell me the truth!;Bana gerçeği anlat!;Dites-moi la vérité !;¡Decidme la verdad!;本当のことを言え！;진실을 말하게!;告诉我真相！;告訴我真相！;Sagt mir die Wahrheit!;Расскажи мне правду!;Ditemi la verità!;Conte-me a verdade!;<i>As you finish the sentence, <nobleman> falls to his knees, screaming</i> the Senator!;<i>Siz daha cümlenizi bitirmeden <nobleman> diz çöküyor ve haykırıyor:</i> Senatör!;<i>Alors que vous terminez cette phrase, <nobleman> tombe à genou, criant</i> le Sénateur !;<i>En cuanto termináis de decir esta frase, <nobleman> cae de rodillas, gritando</i> ¡el Senador!;<i>王が言い終えるや、+<nobleman>は+がっくりと膝をつき、+</i>「元老院議員…！」<i>と叫んだ。</i>;<i>왕이 말을 멈추자 <nobleman>은 무릎을 꿇고</i> "원로원 의원...!" <i>이라 외쳤다. </i>;<i>（你话音刚落，+<nobleman>便双膝跪地，高声尖叫道：）</i>+是那个参议员！;<i>（你話音剛落，+<nobleman>便雙膝跪地，高聲尖叫道：）</i>+是那個參議員！;<i>Als Ihr den Satz beendet, fällt <nobleman> auf die Knie und schreit:</i> Der Senator!;<i>Как только вы заканчиваете фразу, <nobleman> падает на колени, крича:</i> «Сенатор!»;<i>Mentre terminate la frase, <nobleman> cade in ginocchio, urlando</i> il Senatore!;<i>Quando você conclui a frase, <nobleman> ajoelha-se, bradando</i> o Senador!;Doctor?;Hekim bey?;Docteur ?;¿Doctor?;医師を呼べ;의사를 불러라.;医生？;醫生？;Doktor?;Доктор?;Dottore?;Doutor?;;;;;;;;;;;;;
53;doctor;No pulse! This is poison! Someone doesn't want him to talk.;Nabzı atmıyor! Zehirlenmiş! Konuşmasını istemiyorlar demek ki.;Il ne respire plus ! Du poison ! Quelqu'un ne veut pas qu'il parle.;¡No respira! ¡El veneno! Alguien no quiere que hable.;…死んでる！毒殺だ！+何者かが口封じをはかったに違いありません。;...죽었어! 독살이다! 누군가가 입막음을 도모한 것이 틀림없습니다.;没有脉搏了！这是毒杀！+有人想封他的口。;沒有脈搏了！這是毒殺！+有人想封他的口。;Kein Puls! Das ist Gift! Jemand will nicht, dass er redet.;Пульса нет! Это отравление! Кому-то нужно, чтобы он молчал.;Non c'è battito! Veleno! Qualcuno non vuole che parli.;Sem pulso. Isso é veneno! Alguém não quer que ele fale.;;;;;;;;;;;;;;;;;;;;;;;;;About that room...;Şu oda meselesine dönelim...;À propos de cette pièce...;A propósito de esta sala...;例の隠し部屋だが…;그 숨겨진 방 말인데...;关于那个房间……;關於那個房間……;Was diesen Raum betrifft ...;По поводу комнаты…;A proposito di quella stanza…;Sobre aquele quarto...;;;;;;;;;;;;;
54;merchant;Someone murdered a rich merchant. It is said that the Senator did it. Should we investigate?;Zengin bir tüccar öldürüldü. Senatör öldürmüş diyorlar. Bunu araştıralım mı?;Un riche marchand a été retrouvé mort. La rue parle du Sénateur. Devons-nous poursuivre l'enquête ?;Un rico mercader ha sido encontrado muerto. Se rumorea que ha sido el Senador. ¿Deberíamos investigarle?;とある豪商が何者かに殺されました。+犯人は元老院議員だとのウワサもございます。+調査いたしますか？;어떤 거상인이 누군가에게 살해되었습니다. 범인은 원로원 의원이라는 소문도 있습니다. 조사해야 할까요?;有人谋杀了一位富商。+听说是议员干的。+我们应该调查这件事吗？;有人謀殺了一位富商。+聽說是議員幹的。+我們應該調查這件事嗎？;Jemand hat einen reichen Kaufmann ermordet. Es heißt, der Senator stecke dahinter. Sollen wir dem nachgehen?;Кто-то убил богатого купца. Говорят, что это сделал Сенатор. Нам провести расследование?;Qualcuno ha assassinato un ricco mercante. Si dice che sia stato il Senatore. Dobbiamo indagare?;Alguém assassinou um comerciante rico. Dizem que foi o Senador. Devemos investigar?;;;;;;;;;;;;;;;;;;;;;;;;;;;;;;;;;;;;;;;;;;;;;;;;;
55;spy;The toads in the pond are whispering about the Senator.;Göletteki kurbağalar, Senatör hakkında fısıldıyor.;Les crapauds de la mare chuchotent le nom du Sénateur.;Los sapos del estanque susurran los actos y los gestos del Senador.;池の蛙がささやいております。+元老院議員のことを。;연못의 개구리가 그러더군요. 원로원 의원이 범인이라고.;池塘中的蛤蟆在低语着议员的事。;池塘中的蛤蟆在低語著議員的事。;Die Kröten im Teich quaken über den Senator.;Птички щебечут о Сенаторе.;I rospi nello stagno sussurrano il nome del Senatore.;Os sapos na lagoa estão sussurrando sobre o Senador.;The toads?;Kurbağalar mı?;Les crapauds ?;¿Los sapos?;蛙？;개구리?;蟾蜍？;蟾蜍？;Die Kröten?;Птички?;I rospi?;Os sapos?;;;;;;;;;;;;;Get lost;Defol;Va au diable;Vete al infierno;失せろ;물러나게.;快滚开;快滾開;Schert Euch fort;Проваливай;Sparisci;Saia daqui;;;;;;;;;;;;;
56;spy;The Senator is hiding in plain sight.;Senatör göz göre göre saklanıyor.;Le Sénateur se cache en pleine lumière.;El Senador está escondido a plena luz.;元老院議員は、+陛下の目の前に潜んでおります。;원로원 의원은 폐하의 눈앞에 숨어 있습니다.;议员就躲在大家眼皮底下。;議員就躲在大家眼皮底下。;Der Senator verbirgt es direkt vor Euren Augen.;Сенатор это скрывает на самом видном месте.;Il Senatore si nasconde in piena vista.;O Senador está se escondendo em plena vista.;Is that it?;Söyleyeceklerin bitti mi?;C'est tout ?;¿Eso es todo?;そうか;그런가?;是那个它吗？;是那個它嗎？;Ist das alles?;Неужели?;È tutto?;É isso?;;;;;;;;;;;;;;;;;;;;;;;;;;;;;;;;;;;;;
57;spy;I'm not there... I'm a shadow...;Ben aslında yokum... Ben bir gölgeyim...;Je suis désincarné... je suis l'ombre...;No estoy aquí... Soy una sombra...;私はそこにはいない… 私は影…;나는 거기에 없다... 나는 그림자...;我不在那……我只是道影子……;我不在那……我只是道影子……;Ich bin nicht da ... Ich bin ein Schatten ...;Меня здесь нет… Я тень…;Io non sono qui… Sono un'ombra…;Não estou lá... Sou uma sombra...;Pardon me?;Ne diyorsun ya?;Pardon ?;¿Perdón?;なんだと…？;뭐라고...?;没听清楚？;沒聽清楚？;Wie bitte?;Что-что?;Come?;Como é?;;;;;;;;;;;;;Is this a joke or...;Şaka mı bu...?;C'est une blague ou...;Esto es una broma o...;じょうだんのつもりか…？;농담인가...?;这是在开玩笑吗……;這是在開玩笑嗎……;Soll das ein Scherz sein?;Это шутка или…;È uno scherzo o cosa?;Isso é uma piada ou...;;;;;;;;;;;;;
58;spy;A slithering snake sneaks in your sleeve.;Koynunuzda sinsi bir yılan saklanıyor.;Un serpent sournois s'insinue dans votre chemise.;Una serpiente resbaladiza trepa por vuestra manga.;狡猾な蛇は、陛下の袖の中に潜んでおります。;교활한 뱀이 폐하의 소매 속에 숨어 있습니다.;一条扭动着的蛇偷偷钻进了你的衣袖。;一條扭動著的蛇偷偷鑽進了你的衣袖。;Eine glitschige Schlange schleicht sich in Euren Ärmel.;В ваш рукав проскользнула змея.;Un viscido serpente striscia su per la vostra manica.;Uma cobra escorregadia se enfiou em sua manga.;Yes?;Öyle mi?;Oui ?;¿Sí?;ほう？;뭐라고?;是吗？;是嗎？;Ja?;Да?;Sì?;Sim?;;;;;;;;;;;;;Get lost;Defol;Va au diable;Vete al infierno;失せろ;물러나게.;快滚开;快滾開;Schert Euch fort;Проваливай;Sparisci;Saia daqui;;;;;;;;;;;;;
59;spy;The school is full of rats spreading rampant rumors. I have an informant, should I investigate?;Okulda pis dedikodular yayan yığınla sıçan var. Orada bir muhbirim var, araştırayım mı?;L'école est infestée de rats répandant d'improbables rumeurs. J'ai une source, dois-je l'interroger ?;La escuela está infestada de ratas que expanden rumores improbables. Tengo un chivato, ¿le interrogo?;学校には反逆者がはびこり、+根も葉もないウワサの温床となっております。+私の手先に調べさせますか？;학교는 반역자가 넘치고 아무 근거도 없는 소문이 들끓습니다. 제 정보원이 있는데, 조사해 볼까요?;这所学校里满是散布流言的卑鄙小人。+我有一名线人，我是否应该调查此事？;這所學校裏滿是散佈流言的卑鄙小人。+我有一名線人，我是否應該調查此事？;Ratten lassen Gerüchte über die Schule grassieren. Ich habe einen Informanten. Soll ich ihn befragen?;В школе полно крыс, распространяющих наглые слухи. У меня есть информатор, мне разобраться?;La scuola è piena di ratti che diffondono voci incontrollate. Ho un informatore, devo indagare?;A escola está cheia de ratos espalhando boatos desmedidos. Tenho um informante, devo investigar?;;;;;;;;;;;;;;;;;;;;;;;;;;;;;;;;;;;;;;;;;;;;;;;;;
60;spy;Oh... this is embarrassing. It involves the headmistress, <nun>...;Ah... Çok utanç verici. Dedikodu, okulun müdiresi <nun> hakkında...;Aie... c'est un peu embarrassant. Cela concerne la directrice, <nun>...;Ah... ¡qué vergüenza! Esto es asunto de la directora, <nun>...;なんと嘆かわしい…+反逆者の1人は、+校長の<nun>でした…;정말 안타깝군요...  반역자 중에 <nun> 교장도 있었습니다...;哦……这可有点丢人了。+事情牵扯到了女校长，<nun>……;哦……這可有點丟人了。+事情牽扯到了女校長，<nun>……;Oh ... das ist beschämend. Verwickelt sind die Rektorin, <nun> ...;О… довольно неловко. В этом замешана настоятельница, <nun>…;Oh… che imbarazzo. C'è di mezzo la direttrice,  <nun>…;Ah... Isso é constrangedor. Envolve a diretora, <nun>...;;;;;;;;;;;;;;;;;;;;;;;;;I don't want to know...;Bilmek istemiyorum...;Je ne veux pas le savoir;No quiero saber nada;それ以上聞きたくない…;더 이상 듣고 싶지 않아...;我不想知道……;我不想知道……;Das will ich nicht wissen ...;Не хочу знать…;Non voglio sapere…;Não quero saber...;;;;;;;;;;;;;
61;spy;And <executioner>, the executioner.;Bir de cellat <executioner>.;Et <executioner>, votre bourreau.;Y <executioner>, vuestro verdugo.;そして、処刑人の<executioner>も、+その一味でした。;그리고 사형집행인 <executioner> 역시 한패였습니다.;……还有处刑人<executioner>。;……還有處刑人<executioner>。;Und <executioner>, Euer Henker.;И <executioner>, палач.;E <executioner>, il boia.;E <executioner>, o carrasco.;I could use that...;Bu bilgi işime yarayabilir...;Je pourrais utiliser ça !;¡Podría valerme!;その情報は使えそうだ…;그거 쓸만한 정보로군...;我可以用那个……;我可以用那個……;Das könnte ich ausnutzen ...;Я мог бы это использовать…;Questo potrebbe servirmi…;Isso eu posso usar...;;;;;;;;;;;;;I really don't want to know...;Gerçekten de bilmek istemiyorum...;Je ne veux pas le savoir;No quiero saber nada;それ以上聞きたくない…;더 이상 듣고 싶지 않아...;我真的不想知道……;我真的不想知道……;Das will ich nicht wissen!;Я правда не хочу знать…;Non voglio davvero sapere…;Eu não quero saber...;;;;;;;;;;;;;
62;spy;<general> is a salmon swimming upstream.;<general>, akıntıya karşı yüzen bir somon.;<general> est un saumon remontant le courant d'un torrent.;<general> es como un salmón remontando la corriente.;<general>は、+川の流れに逆らう鮭…;<general>, 강의 흐름을 거스르는 연어 같군요...;<general>就好像一条逆流而上的鲑鱼。;<general>就好像一條逆流而上的鮭魚。;<general> ist ein Lachs, der stromaufwärts schwimmt.;<general> — лосось, плывущий против течения.;<general> è un salmone che risale la corrente.;<general> é um peixe nadando contra a corrente.;If you say so...;Öyle diyorsan öyledir...;Si tu le dis...;Si así lo creéis...;そうか…;그런가...;如果你这么说的话……;如果你這麼說的話……;Wenn Ihr es sagt ...;Ну если ты говоришь…;Se lo dici tu…;Se está dizendo...;;;;;;;;;;;;;Never mind...;Boş ver...;Oublions cela...;Olvidémoslo...;忘れろ…;잊어라...;别在意……;別在意……;Vergesst es ...;Забудь…;Fa niente…;Deixe para lá...;;;;;;;;;;;;;
63;spy;The cat is out, the cat is on the hunt.;Kedi dışarıda, kedi avda...;Le chat est sur une piste, le chat est prêt à tuer.;El gato anda por los tejados, el gato está listo para matar.;猫は放たれました。猫は狩りをしております。;고양이를 풀어놓았지요. 신나게 사냥하고 있습니다.;猫已出动，开始狩猎。;貓已出動，開始狩獵。;Die Katze ist unterwegs, die Katze ist auf der Jagd.;Кота нет, кот на охоте.;Il micio è fuori, il micio è a caccia.;O gato está lá fora, caçando.;The cat?;Ne kedisi?;Le chat ?;¿El gato?;猫？;고양이?;猫？;貓？;Die Katze?;Кот?;Il micio?;O gato?;;;;;;;;;;;;;Oh for God's...;Yok artık...;Ça commence à bien...;Pues empezamos bien...;いいかげんにしろ…;적당히 하게...;老天啊……;老天啊……;Oh, um Himmels ...;Господи…;Cominciamo bene…;Ah, pelo amor de...;;;;;;;;;;;;;
64;spy;The cat's meow is not cheap.;Kedinin miyavı ucuz değildir.;Le miaulement du chat n'est pas donné.;El maullido del gato no es moco de pavo.;猫の鳴き声の対価は、高くつきます。;고양이의 울음소리는 비싸게 받겠습니다.;猫的喵呜声可不便宜。;貓的喵嗚聲可不便宜。;Das Miauen der Katze ist nicht billig.;Кот задаром не мяукает.;Il miagolio del gatto non è a buon prezzo.;O miado do gato não é barato.;;;;;;;;;;;;;;;;;;;;;;;;;;;;;;;;;;;;;;;;;;;;;;;;;
65;spy;The cat is in your bed and he wants to kill you.;Kedi yatağınızda ve sizi öldürmek istiyor.;Le chat est dans votre lit et il veut vous égorger.;El gato está en vuestra cama y quiere degollaros.;猫は陛下の寝床に潜み、+陛下の息の根を止めようとしております。;고양이가 폐하의 침실에 잠복해 숨을 끊어 놓으려 하고 있군요.;猫在你的床上，+他想要杀死你。;貓在你的床上，+他想要殺死你。;Die Katze ist in Eurem Bett und will Euch töten.;Кот в вашей постели и хочет убить вас.;Il gatto è nel tuo letto e vuole ucciderti.;O gato está em sua cama e deseja matar você.;I...;Ben...;Je...;Pero...;うむ…;음...;我……;我……;Ich ...;Я…;Io…;Eu...;;;;;;;;;;;;;You're insane...;Delisin sen...;Tu es fou à lier...;Estás para encerrarte...;そなたはどうかしておるな…;그대는 미쳤군...;你疯了……;你瘋了……;Ihr seid verrückt ...;Да ты с ума сошел…;Tu sei matto da legare…;Você é doido...;;;;;;;;;;;;;
66;general;We discovered an unknown body in the dungeon. Its hands are missing. Shall we reinforce the garrison?;Zindanda kimliği bilinmeyen bir ceset keşfettik. Elleri kayıp. Garnizona takviyede bulunalım mı?;Nous avons découvert dans le donjon un mort sans nom... ni mains. Faut-il renforcer la garde ?;Hemos descubierto un muerto anónimo en la mazmorra.... sin manos. ¿Reforzamos la guardia?;地下牢で両手のない死体が見つかりました。+身元はわかりません。+軍を増強しますか？;지하감옥에서 양손 없는 시체가 발견되었습니다. 신원은 알 수 없습니다. 군대를 강화하시겠습니까?;我们在地下城里发现了+一具双手消失的无名尸体，+是否应该增加守卫？;我們在地下城裏發現了+一具雙手消失的無名屍體，+是否應該增加守衛？;Wir haben eine unbekannte Leiche im Verlies entdeckt. Ihre Hände fehlen. Sollen wir die Garnison verstärken?;Мы нашли в подземелье неопознанное тело. Рук нет. Усилить гарнизон?;Nelle prigioni abbiamo trovato un corpo senza nome… né mani. Dobbiamo rinforzare la guarnigione?;Descobrimos um corpo desconhecido na masmorra. Está sem as mãos. Será que devemos reforçar a guarda?;;;;;;;;;;;;;;;;;;;;;;;;;They're useless...;Bir işe yaramaz...;Ils ne servent à rien...;No sirven para nada...;兵士どもは無能だ…;병사들은 무능하다...;他们一点用都没有……;他們一點用都沒有……;Das bringt doch nichts ...;Они бесполезны…;Non serve a niente…;Eles são inúteis...;;;;;;;;;;;;;
67;monk;I know the killer of the dungeon! It's the wicked executioner!;Zindandaki katil kim, iyi biliyorum! Kötü kalpli cellat!;Je connais le tueur du donjon ! C'est votre maudit bourreau !;¡Conozco al asesino de la mazmorra! ¡Es vuestro maldito verdugo!;地下牢で人を殺しているのは、+あの邪悪な処刑人です！;지하감옥에서 사람을 죽인 자는 그 사악한 사형집행인입니다!;我知道地下城凶案的凶手是谁了！+就是您！邪恶的行刑人！;我知道地下城凶案的兇手是誰了！+就是您！邪惡的行刑人！;Ich kenne den Mörder aus dem Verlies! Es ist der tückische Henker!;Я знаю убийцу из подземелья! Это злой палач.;So chi è il killer della prigione! È il malvagio boia!;Sei quem é o assassino da masmorra! É o carrasco perverso!;I believe you;Sana inanıyorum;Je vous crois;Os creo;そなたを信じよう;그대를 믿지.;我相信你;我相信你;Ich glaube Euch;Я тебе верю;Vi credo;Acredito em você;;;;;;;;;;;;;I don't believe you;Sana inanmıyorum;Je ne vous crois pas;No os creo;そなたの言うことは信じぬ;그대의 말은 믿지 않아.;我不相信你;我不相信你;Ich glaube Euch nicht;Я тебе не верю;Non vi credo;Não acredito em você;;;;;;;;;;;;;
68;executioner;Me? Violence is my job, not my hobby. I prefer to grow vegetables and study nature's beauty.;Ben mi? Şiddet benim işim, hobim değil. Sebze yetiştirip doğanın güzelliğine hayran kalmayı tercih ediyorum.;Moi ? Je suis violent par devoir, pas par goût. Je préfère cultiver mon potager et étudier la beauté de la nature.;¿Yo? Soy violento por deber, pero no por gusto. Prefiero cultivar mi huerto y contemplar la belleza de la naturaleza.;私は確かに残酷な仕事を受け持っていますが、+決して楽しんでいるわけではありません。+本当は畑で野菜をつくり、+自然の美しさを愛でることが趣味なのです。;제 직업은 분명 잔인하지만 절대 즐기지는 않습니다. 사실은 밭에서 야채를 키우고 자연의 아름다움을 감상하는 것이 취미라구요.;我？+我只不过把暴力作为职业，+但可并非我的兴趣。+我平时更喜欢种植蔬菜，研究自然之美。;我？+我只不過把暴力作為職業，+但可並非我的興趣。+我平時更喜歡種植蔬菜，研究自然之美。;Ich? Gewalt ist mein Beruf, nicht mein Vergnügen. Ich ziehe lieber Gemüse und erfreue mich an der Natur.;Я? Насилие — моя работа, а не развлечение. Я овощи выращиваю и изучаю красоты природы.;Io? La violenza è il mio mestiere, non il mio hobby. Preferisco coltivare verdure e studiare le bellezze della natura.;Eu? Violência é trabalho, não lazer. Prefiro cultivar vegetais e estudar a beleza da natureza.;I believe you;Sana inanıyorum;Je te crois;Te creo;そなたを信じよう;그대를 믿지.;我相信你;我相信你;Ich glaube Euch;Я тебе верю;Ti credo;Acredito em você;;;;;;;;;;;;;I don't believe you;Sana inanmıyorum;Je ne te crois pas;No te creo;そなたの言うことは信じぬ;그대의 말은 믿지 않아.;我不相信你;我不相信你;Ich glaube Euch nicht;Я тебе не верю;Non vi credo;Não acredito em você;;;;;;;;;;;;;
69;diplomat;Who is the murderer then?;Katil kim peki?;Qui est le meurtrier alors ?;Entonces, ¿quién es el asesino?;では、殺人犯は誰なのです？;그럼 살인범은 누구지요?;那么谁才是凶手呢？;那麼誰才是兇手呢？;Und wer ist dann der Mörder?;Кто же убийца тогда?;Chi è allora l'assassino?;Então quem é o assassino?;I know;İyi biliyorum;Je le sais;Yo sé quién;余にはわかっている;짐은 알고 있네.;我知道;我知道;Ich weiß es;Я знаю;Io lo so;Eu sei;;;;;;;;;;;;;I don't know;Bilmiyorum;Je l'ignore;No lo sé;わからない;모른다.;我不知道;我不知道;Ich weiß es nicht;Я не знаю;Non lo so;Eu não sei;;;;;;;;;;;;;
70;jester;The priest?;Rahip mi?;Le prêtre ?;¿El cura?;司祭？;사제?;牧师？;牧師？;Der Priester?;Священник?;Il sacerdote?;O padre?;;;;;;;;;;;;;;;;;;;;;;;;;;;;;;;;;;;;;;;;;;;;;;;;;
71;diplomat;The doctor?;Hekim mi?;Le docteur ?;¿El doctor?;医師？;의사?;御医？;御醫？;Der Doktor?;Доктор?;Il dottore?;O médico?;;;;;;;;;;;;;;;;;;;;;;;;;;;;;;;;;;;;;;;;;;;;;;;;;
72;priest;The general?;General mi?;Le général ?;¿El general?;将軍？;장군?;将军？;將軍？;Der General?;Генерал?;Il Generale?;O general?;;;;;;;;;;;;;<i><general> confessed he ordered the murders to impose his power in the Kingdom.</i>;<i><general> Krallıkta gücünü dayatmak için cinayetleri emrettiğini itiraf ediyor.</i>;<i><general> confessa avoir ordonné les meurtres pour asseoir son pouvoir dans le royaume.</i>;<i><general> confiesa haber ordenado esas muertes para imponer su poder en el reino.</i>;<i><general>は、+殺人の命令を下したことを認めた。+王に軍の強化を認めさせるのが+目的だったという。</i>;<i><general>은 살인명령을 내린 것을 인정했다. 왕에게 군대 강화를 인정받는 것이 목적이었다고 한다. </i>;<i>（<general>招供说为了密谋夺权，+他暗中指使了那几起谋杀。）</i>;<i>（<general>招供說為了密謀奪權，+他暗中指使了那幾起謀殺。）</i>;<i><general> gesteht, die Morde befohlen zu haben, um seine Macht im Königreich durchzusetzen.</i>;<i><general> признался, что отдавал приказы на убийство, чтобы усилить власть в Королевстве.</i>;<i><general> ha confessato di aver ordinato le uccisioni per imporre il suo potere nel Regno.</i>;<i><general> confessou ter ordenado os assassinatos para impor o poder sobre o Reino.</i>;;;;;;;;;;;;;;;;;;;;;;;;;
73;farmer;The merchant?;Tüccar mı?;Le marchand ?;¿El mercader?;商人？;상인?;商人？;商人？;Der Händler?;Купец?;Il mercante?;O comerciante?;;;;;;;;;;;;;;;;;;;;;;;;;;;;;;;;;;;;;;;;;;;;;;;;;
74;diplomat;You don't really know, do you?;Aslında bilmiyorsun, değil mi?;Vous ne savez pas vraiment, n'est-ce pas ?;No tenéis ni idea, ¿me equivoco?;本当はご存じないのでは…？;사실은 모르시는 것 아닙니까...?;您其实并不知道吧，对不？;您其實並不知道吧，對不？;Ihr wisst es nicht wirklich, oder?;Ты же правда не знаешь, не так ли?;Non lo sapete proprio, non è vero?;Você não sabe ao certo, sabe?;Later;Daha sonra;Plus tard;Más tarde;あとにせよ;나중에 하지.;稍后;稍後;Das kommt noch;Позже;Più tardi;Mais tarde;;;;;;;;;;;;;;;;;;;;;;;;;;;;;;;;;;;;;
75;general;We discovered another body in the dungeon. People are getting nervous and ask for more security.;Zindanda bir ceset daha keşfettik. Halkımız korkmaya başladı, daha fazla güvenlik talep ediyorlar.;Nous avons découvert un autre corps sans mains dans le donjon. Le peuple est inquiet et réclame plus de sécurité.;Hemos encontrado otro cuerpo en la mazmorra. El pueblo está alterado y exige más seguridad.;地下牢で、また死体が発見されました。+民は不安を募らせ、+軍備の強化を求めています。;지하감옥에서 또 시체가 발견되었습니다. 백성은 불안해하며 군비강화를 요구하고 있습니다.;我们在地下城里发现了另一具尸体，+人们开始紧张了，纷纷要求增强戒备。;我們在地下城裏發現了另一具屍體，+人們開始緊張了，紛紛要求增強戒備。;Wir haben eine weitere Leiche im Verlies entdeckt. Die Leute werden nervös und fordern mehr Sicherheit.;Мы обнаружили еще одно тело в подземелье. Люди волнуются и просят усилить защиту.;Abbiamo scoperto un altro corpo nelle prigioni. La gente inizia a essere nervosa, chiede più sicurezza.;Descobrimos outro corpo na masmorra. As pessoas estão ficando nervosas, exigindo mais segurança.;;;;;;;;;;;;;;;;;;;;;;;;;;;;;;;;;;;;;;;;;;;;;;;;;
76;monk;The Queen is dead my Lord, we also found her in the dungeon.;Kraliçe öldü, Lordum, kendisinin naaşını da zindanda bulduk.;La Reine est morte, Monseigneur. Nous l'avons également trouvée dans le donjon.;La Reina ha muerto Su Majestad, también la hemos encontrado en la mazmorra.;陛下、王妃様が亡くなられました…+ご遺体は地下牢で発見されたそうです…;폐하, 여왕님께서 변을 당하셨습니다...  옥체는 지하감옥에서 발견되었다고 합니다...;皇后死了，+陛下，我们在地下城里发现了她的尸体。;皇后死了，+陛下，我們在地下城裏發現了她的屍體。;Die Königin ist tot, Majestät. Wir haben auch sie im Verlies gefunden.;Королева мертва, мой господин. Мы нашли ее тело в подземелье.;La Regina è morta, mio Signore. Abbiamo trovato anche lei nelle prigioni.;A Rainha está morta, meu senhor, também a encontramos na masmorra.;We need more security;Daha fazla güvenlik lazım;Renforçons la sécurité;Necesitamos más seguridad;警備を強化しろ;경비를 강화하라.;我们需要更多的守卫;我們需要更多的守衛;Wir brauchen mehr Sicherheit;Нам нужно усилить защиту;Abbiamo bisogno di maggiore sicurezza;Precisamos de mais segurança;;;;;;;;;;;;;Noooo!;Olamaz!;Noooon !;¡Noooo!;そんな…！;말도 안 돼…！;不！;不！;Neeeein!;Не-е-е-е-ет!;Noooo!;Nããããão!;;;;;;;;;;;;;
77;diplomat;Please follow me my Lord, <i>(upset)</i> something terrible has happened.;Lütfen beni takip edin Lordum, <i>(gergince)</i> korkunç bir şey gerçekleşti.;Je vous prie de me suivre Sire, <i>(nerveux)</i> quelque chose de terrible vient d'arriver.;Os ruego que me sigáis Señor, <i>(nervioso)</i> algo terrible acaba de ocurrir.;陛下、大変なことになりました。+私についていらしてください。さあ！早く！;폐하, 큰일입니다. <i>(다급하게)</i> 빨리 저를 따라오십시오.  자! 어서요!;请随我来，陛下，+<i>（心烦意乱）</i>+发生了可怕的事情。;請隨我來，陛下，+<i>（心煩意亂）</i>+發生了可怕的事情。;Bitte folgt mir, Majestät, <i>(erregt)</i> etwas Schreckliches ist geschehen.;Прошу, следуйте за мной, милорд, <i>(расстроенно)</i> произошло нечто ужасное.;Vi prego, mio Signore, seguitemi, <i>(agitato)</i> qualcosa di terribile è accaduto.;Venha comigo, senhor, <i>(chateado)</i> algo terrível aconteceu.;;;;;;;;;;;;;<i>You follow <diplomat> outside the castle. But suddenly your body becomes limp and the world spins, spins so fast.</i>;<i><diplomat> kalenin dışına çıkıyor, siz de peşinden. Aniden bedeniniz gevşiyor ve dünya hızla, inanılmaz hızla dönmeye başlıyor.</i>;<i>Vous suivez <diplomat> hors du château. Mais soudain, votre corps s'affaiblit et le monde se met à tourner, tourner à toute vitesse.</i>;<i>Seguís a <diplomat> fuera del castillo. De repente vuestro cuerpo flojea y el mundo se pone a girar a toda velocidad.</i>;<i><diplomat>に+導かれるまま城の外に出た途端、+体の力が抜け、+視界が激しく回転しはじめた。</i>;<i><diplomat>에게 이끌려 성으로 나오자마자 몸에 힘이 빠지고 시야가 격렬하게 회전하기 시작했다. </i>;<i>（你跟随<diplomat>走出了城堡。+你顿感身体疲软，+眼前的世界开始飞速旋转。）</i>;<i>（你跟隨<diplomat>走出了城堡。+你頓感身體疲軟，+眼前的世界開始飛速旋轉。）</i>;<i><diplomat> führt Euch vor die Burg. Plötzlich erschlafft Euer Körper und die Welt dreht sich, sie dreht sich so schnell.</i>;<i><diplomat> выводит вас из замка. Внезапно вас охватывает слабость, а мир начинает стремительно кружиться перед глазами.</i>;<i>Seguite <diplomat> all'esterno del castello. Improvvisamente il Vostro corpo si affloscia, il mondo inizia a girare, girare sempre più veloce.</i>;<i>Você segue <diplomat> para fora do castelo, mas seu corpo repentinamente fica dormente, e o mundo começa a girar.</i>;;;;;;;;;;;;;;;;;;;;;;;;;
78;diplomat>dark;Are you awake little king? <i>(a blindfold blocks your vision and your hands are tied)</i>;Uyandın mı, kralcık? <i>(Gözleriniz ve elleriniz bağlı)</i>;Tu es réveillé, petit roi ? <i>(un bandeau vous empêche de voir et vos mains sont attachées)</i>;¿Estás despierto reizucho? <i>(una venda impide vuestra visión y vuestras manos están atadas)</i>;これはこれは、哀れな王様、お目覚めですか？+<i>（目隠しされてなにも見えず、+両手も縛られている）</i>;이거 누구신가.  불쌍한 폐하. 눈을 떠 보시겠습니까?  <i>(눈이 가려져 아무것도 보이지 않고 양손도 묶여 있다.)</i>;你醒了吗？小国王。+<i>（你的眼睛被布蒙上，双手也被绑了起来）</i>;你醒了嗎？小國王。+<i>（你的眼睛被布蒙上，雙手也被綁了起來）</i>;Wieder wach, kleiner König? <i>(Eure Augen sind verbunden, Eure Hände gefesselt)</i>;Вы проснулись, юный король? <i>(ваши руки связаны, а на глазах повязка)</i>;Sei sveglio, piccolo Re? <i>(una benda Vi blocca la visuale e le Vostre mani sono legate)</i>;Está acordado, reizinho? <i>(uma venda bloqueia sua visão, e suas mãos estão atadas)</i>;;;;;;;;;;;;;;;;;;;;;;;;;;;;;;;;;;;;;;;;;;;;;;;;;
79;diplomat>dark;Good, now listen carefully. I am called the Senator and I...;Güzel. Şimdi iyi dinle. Bana Senatör derler ve ben...;Parfait, maintenant écoute-moi bien. Je suis le Sénateur et je...;Bien, ahora escúchame bien. Soy el Senador y...;よろしい。それでは、よくお聞きください…+私は、「元老院議員」と呼ばれる者…;좋습니다. 그러면 잘 들어 주시길...  저는 "원로원 의원"입니다...;那就好，那么你现在听仔细了。+我就是议员，我要……;那就好，那麼你現在聽仔細了。+我就是議員，我要……;Schön, jetzt hört gut zu. Ich werde der Senator genannt und ich ...;Хорошо, теперь слушайте внимательно. Меня называют Сенатор, и я…;Bene, ora ascoltami bene. Sono il Senatore io...;Que bom, ouça com atenção. Sou conhecido como o Senador e...;;;;;;;;;;;;;<i>You hear a loud noise, someone pulls you up and shouts</i> RUN NOW;<i>Bir gürültü duyuyorsunuz, birisi sizi kaldırıp bağırıyor:<i/> HEMEN KOŞUN;<i>Vous entendez un bruit sourd puis quelqu'un vous redresse en criant</i> COUREZ MAINTENANT!;<i>Escucháis un ruido sordo y al momento alguien tira de vos hacia adelante, gritando </i> ¡CORRED!;<i>大きな物音がして、+誰かに助け起こされた。+</i>「今のうちに逃げて！」;<i>큰 소리가 나고 누군가가 도움을 주었다. </i>"늦기 전에 도망쳐요!";<i>（你听见一声震耳的异响，+有人将你拉了出来，+并大喊道：）</i>+快跑！;<i>（你聽見一聲震耳的異響，+有人將你拉了出來，+並大喊道：）</i>+快跑！;<i>Ihr hört ein lautes Geräusch, jemand zieht Euch hoch und ruft:</i> LAUFT;<i>Вы слышите громкий звук, кто-то поднимает вас и кричит</i> БЕЖАТЬ СРОЧНО!;<i>Sentite un forte rumore, qualcuno vi solleva e urla</i> CORRETE!;<i>Você ouve um grande barulho, alguém o puxa e grita </i>CORRA, AGORA!;<i>Don't say anything</i>;<i>Bir şey söyleme</i>;<i>Ne rien dire</i>;<i>No decir nada</i>;<i>（黙っている）</i>;<i>침묵한다.</i>;<i>（什么都不说）</i>;<i>（什麼都不說）</i>;<i>Nichts sagen</i>;<i>Ничего не говорить</i>;<i>Non dire niente</i>;<i>Não dizer nada</i>;<i>You hear a loud noise, someone pulls you up and shouts</i> RUN NOW;<i>Bir gürültü duyuyorsunuz, birisi sizi kaldırıp bağırıyor:<i/> HEMEN KOŞUN;<i>Vous entendez un bruit sourd puis quelqu'un vous redresse en criant</i> COUREZ MAINTENANT!;<i>Escucháis un ruido sordo y al momento alguien tira de vos hacia adelante, gritando </i> ¡CORRED!;<i>大きな物音がして、+誰かに助け起こされた。+</i>「今のうちに逃げて！」;<i>큰 소리가 나고 누군가가 도움을 주었다.</i> "늦기 전에 도망쳐요!";<i>（你听见一声震耳的异响，+有人将你拉了出来，+并大喊道：）</i>+快跑！;<i>（你聽見一聲震耳的異響，+有人將你拉了出來，+並大喊道：）</i>+快跑！;<i>Ihr hört ein lautes Geräusch, jemand zieht Euch hoch und ruft:</i> LAUFT;<i>Вы слышите громкий звук, кто-то поднимает вас и кричит</i> БЕЖАТЬ СРОЧНО!;<i>Sentite un forte rumore, qualcuno vi solleva e urla</i> CORRETE!;<i>Você ouve um grande barulho, alguém o puxa e grita </i>CORRA, AGORA!;
80;diplomat>dark;<i>You run madly in the dark.</i>;<i>Karanlıkta çılgınca koşuyorsunuz.</i>;<i>Vous courez à corps perdu dans le noir.</i>;<i>Corréis desesperadamente en la oscuridad</i>;<i>視界を奪われたまま、王は必死に走った。</i>;<i>시야가 가려진 채 왕은 필사적으로 달렸다. </i>;<i>你在黑暗中疯狂地奔跑着。</i>;<i>你在黑暗中瘋狂地奔跑著。</i>;<i>Ihr rennt durchs Dunkel, so schnell Ihr könnt.</i>;<i>Вы бежите в темноте сломя голову.</i>;<i>Correte all'impazzata nell'oscurità</i>;<i>Você corre loucamente pelo escuro.</i>;<i>Run left</i>;<i>Sola koşun</i>;<i>Courir vers la gauche</i>;<i>Correr hacia la izquierda</i>;<i>（左へ走る）</i>;<i>왼쪽으로 달린다.</i>;<i>（朝左跑）</i>;<i>（朝左跑）</i>;<i>Nach links laufen</i>;<i>Бежать налево</i>;<i>Correre a sinistra</i>;<i>Correr para a esquerda</i>;;;;;;;;;;;;;<i>Run right</i>;<i>Sağa koşun</i>;<i>Courir vers la droite</i>;<i>Correr hacia la derecha</i>;<i>（右へ走る）</i>;<i>오른쪽으로 달린다.</i>;<i>（向右跑）</i>;<i>（向右跑）</i>;<i>Nach rechts laufen</i>;<i>Бежать направо</i>;<i>Correre a destra</i>;<i>Correr para a direita</i>;;;;;;;;;;;;;
81;lady>dark;This way! This way!;Bu yana! Bu yana!;Par ici ! par ici !;¡Por aquí! ¡Por aquí!;こちらです！;이쪽입니다!;这边走！这边走！;這邊走！這邊走！;Hier entlang! Hier entlang!;Сюда! Сюда!;Da questa parte! Da questa parte!;Por aqui! Por aqui!;<i>Follow the voice</i>;<i>Sesi takip edin</i>;<i>Suivre la voix</i>;<i>Seguir la voz</i>;<i>（声のほうへ走る）</i>;<i>목소리 쪽으로 달린다.</i>;<i>（循声而去）</i>;<i>（循聲而去）</i>;<i>Der Stimme folgen</i>;<i>Бежать на голос</i>;<i>Seguire la voce</i>;<i>Seguir a voz</i>;;;;;;;;;;;;;<i>Run right</i>;<i>Sağa koşun</i>;<i>Courir vers la droite</i>;<i>Correr hacia la derecha</i>;<i>（右へ走る）</i>;<i>오른쪽으로 달린다.</i>;<i>（向右跑）</i>;<i>（向右跑）</i>;<i>Nach rechts laufen</i>;<i>Бежать направо</i>;<i>Correre a destra</i>;<i>Correr para a direita</i>;;;;;;;;;;;;;
82;diplomat>dark;<i>You're running over grass. Hopefully there are no trees around.</i>;<i>Çimlerin üzerinde koşuyorsunuz. Etrafta ağaç olmadığını umuyorsunuz.</i>;<i>Vous courez sur de l'herbe. Avec un peu de chance il n'y a pas d'arbre devant vous.</i>;<i>Corréis sobre la hierba. Con un poco de suerte no habrá árboles en vuestro camino.</i>;<i>地面には草が生えているようだ。+木にぶつからなければいいが…</i>;<i>땅에는 풀이 자라고 있는 것 같다. 나무에 부딪치지 않았으면 좋겠는데...</i>;<i>你在草地上狂奔，+幸运的是周围并没有树。</i>;<i>你在草地上狂奔，+幸運的是周圍並沒有樹。</i>;<i>Ihr lauft über Gras. Hoffentlich gibt es hier keine Bäume.</i>;<i>Вы бежите по траве. К счастью поблизости деревьев нет.</i>;<i>State correndo nell'erba. Speriamo non ci siano anche degli alberi intorno.</i>;<i>Você corre pela grama. Por sorte, não há árvores por perto.</i>;<i>Run left</i>;<i>Sola koşun</i>;<i>Courir vers la gauche</i>;<i>Correr hacia la izquierda</i>;<i>（左へ走る）</i>;<i>왼쪽으로 달린다.</i>;<i>（朝左跑）</i>;<i>（朝左跑）</i>;<i>Nach links laufen</i>;<i>Бежать налево</i>;<i>Correre a sinistra</i>;<i>Correr para a esquerda</i>;;;;;;;;;;;;;<i>Run right</i>;<i>Sağa koşun</i>;<i>Courir vers la droite</i>;<i>Correr hacia la derecha</i>;<i>（右へ走る）</i>;<i>오른쪽으로 달린다.</i>;<i>（向右跑）</i>;<i>（向右跑）</i>;<i>Nach rechts laufen</i>;<i>Бежать направо</i>;<i>Correre a destra</i>;<i>Correr para a direita</i>;;;;;;;;;;;;;
83;lady>dark;Not that way! Go on the right!;O taraftan değil! Sağa doğru!;Pas par là ! Sur la droite !;¡Por ahí! ¡Hacia la derecha!;そちらではありません！右です！;그쪽이 아닙니다! 오른쪽입니다!;不是那边！往右跑！;不是那邊！往右跑！;Nicht in diese Richtung! Lauft nach rechts!;Не сюда! Направо!;Non di là! A destra!;Por aí, não! Vá para a direita!;<i>Run left</i>;<i>Sola koşun</i>;<i>Courir vers la gauche</i>;<i>Correr hacia la izquierda</i>;<i>（左へ走る）</i>;<i>왼쪽으로 달린다.</i>;<i>（朝左跑）</i>;<i>（朝左跑）</i>;<i>Nach links laufen</i>;<i>Бежать налево</i>;<i>Correre a sinistra</i>;<i>Correr para a esquerda</i>;;;;;;;;;;;;;<i>Run right</i>;<i>Sağa koşun</i>;<i>Courir vers la droite</i>;<i>Correr hacia la derecha</i>;<i>（右へ走る）</i>;<i>오른쪽으로 달린다.</i>;<i>（向右跑）</i>;<i>（向右跑）</i>;<i>Nach rechts laufen</i>;<i>Бежать направо</i>;<i>Correre a destra</i>;<i>Correr para a direita</i>;;;;;;;;;;;;;
84;diplomat>dark;<i>You hear water flowing in the distance.</i>;<i>Uzaktan su sesi duyuyorsunuz.</i>;<i>Vous entendez de l'eau couler au loin.</i>;<i>Oís el sonido del agua en la distancia.</i>;<i>遠くで水の流れる音がする。</i>;<i>멀리서 물 흐르는 소리가 난다. </i>;<i>你听见远方传来涓涓水声。</i>;<i>你聽見遠方傳來涓涓水聲。</i>;<i>In der Ferne hört Ihr Wasser fließen.</i>;<i>Вы слышите текущую вдалеке воду.</i>;<i>In lontananza, sentite dell'acqua che scorre.</i>;<i>Você ouve água corrente à distância.</i>;<i>Carry on</i>;<i>Devam edin</i>;<i>Continuer</i>;<i>Continuar</i>;<i>（そのまま進む）</i>;<i>그대로 진행한다.</i>;<i>（继续）</i>;<i>（繼續）</i>;<i>Weiterlaufen</i>;<i>Продолжать</i>;<i>Continuare</i>;<i>Continuar</i>;;;;;;;;;;;;;<i>Run right</i>;<i>Sağa koşun</i>;<i>Courir vers la droite</i>;<i>Correr hacia la derecha</i>;<i>（右へ走る）</i>;<i>오른쪽으로 달린다.</i>;<i>（向右跑）</i>;<i>（向右跑）</i>;<i>Nach rechts laufen</i>;<i>Бежать направо</i>;<i>Correre a destra</i>;<i>Correr para a direita</i>;;;;;;;;;;;;;
85;diplomat>dark;<i>It seems there's a river close by.</i>;<i>Yakınlarda bir nehir var gibi duruyor.</i>;<i>On dirait qu'il y a une rivière dans les parages.</i>;<i>Se diría que hay un riachuelo por estos parajes.</i>;<i>近くに川があるようだ。</i>;<i>근처에 강이 있는 것 같다. </i>;<i>附近应该有一条河。</i>;<i>附近應該有一條河。</i>;<i>Anscheinend ist ein Fluss ganz in der Nähe.</i>;<i>Похоже, рядом река.</i>;<i>Sembra che ci sia un fiume nei paraggi.</i>;<i>Parece que há um rio por perto.</i>;<i>Run left</i>;<i>Sola koşun</i>;<i>Courir vers la gauche</i>;<i>Correr hacia la izquierda</i>;<i>（左へ走る）</i>;<i>왼쪽으로 달린다.</i>;<i>（朝左跑）</i>;<i>（朝左跑）</i>;<i>Nach links laufen</i>;<i>Бежать налево</i>;<i>Correre a sinistra</i>;<i>Correr para a esquerda</i>;;;;;;;;;;;;;<i>Carry on</i>;<i>Devam edin</i>;<i>Continuer</i>;<i>Continuar</i>;<i>（そのまま進む）</i>;<i>그대로 진행한다.</i>;<i>（继续）</i>;<i>（繼續）</i>;<i>Weiterlaufen</i>;<i>Продолжать</i>;<i>Continuare</i>;<i>Continuar</i>;;;;;;;;;;;;;
86;diplomat>dark;<i>You hear people shouting to your left.</i>;<i>Solunuzdan haykıran insanların sesini duyuyorsunuz.</i>;<i>Vous entendez des cris sur votre gauche.</i>;<i>Percibís voces desconocidas gritando a vuestra izquierda.</i>;<i>左のほうから、誰かが大声で呼びかけてくる。</i>;<i>왼쪽에서 누군가가 큰 소리로 부른다. </i>;<i>你听见左方有许多人的喊叫声。</i>;<i>你聽見左方有許多人的喊叫聲。</i>;<i>Links von Euch hört Ihr Leute rufen.</i>;<i>Слева от вас вы слышите людские крики.</i>;<i>Sentite qualcuno che urla alla Vostra sinistra.</i>;<i>Você ouve pessoas gritando à esquerda.</i>;<i>Run left</i>;<i>Sola koşun</i>;<i>Courir vers la gauche</i>;<i>Correr hacia la izquierda</i>;<i>（左へ走る）</i>;<i>왼쪽으로 달린다.</i>;<i>（朝左跑）</i>;<i>（朝左跑）</i>;<i>Nach links laufen</i>;<i>Бежать налево</i>;<i>Correre a sinistra</i>;<i>Correr para a esquerda</i>;;;;;;;;;;;;;<i>Run right</i>;<i>Sağa koşun</i>;<i>Courir vers la droite</i>;<i>Correr hacia la derecha</i>;<i>（右へ走る）</i>;<i>오른쪽으로 달린다.</i>;<i>（向右跑）</i>;<i>（向右跑）</i>;<i>Nach rechts laufen</i>;<i>Бежать направо</i>;<i>Correre a destra</i>;<i>Correr para a direita</i>;;;;;;;;;;;;;
87;end>dead_king_drown;<i>You fall into cold water violently. Panicked, you try to escape the tide, in vain.</i>;<i>Aniden soğuk sulara düşüyorsunuz. Panik olup akıntıdan kaçmaya çalışıyorsunuz fakat işe yaramıyor.</i>;<i>Vous tombez dans de l'eau glacée. Paniqué, vous essayez de lutter contre le courant, en vain.</i>;<i>Caéis en el agua helada. Aterrorizado, intentáis en vano evitar la corriente.</i>;<i>王は突然、冷たい水の中に落ちた。+流れに逆らおうと必死にもがいたが、+無駄だった。</i>;<i>왕은 갑자기 찬물에 떨어졌다. 흐름을 거슬러 보려 필사적으로 몸부림쳤지만 소용 없었다. </i>;<i>你一脚踩空，狠狠摔进了冰凉的水里。+你惊恐地想要游出汹涌的水流，+但终究只是徒劳无功。</i>;<i>你一腳踩空，狠狠摔進了冰涼的水裏。+你驚恐地想要遊出洶湧的水流，+但終究只是徒勞無功。</i>;<i>Ihr stürzt ins kalte Wasser. Panisch versucht Ihr der Strömung zu entkommen, doch vergebens.</i>;<i>Вы падаете в ледяную воду. Вы паникуете и отчаянно пытаетесь не попасть в течение.</i>;<i>Cadete violentemente nell'acqua fredda. In panico, cercate di sfuggire alla corrente, ma invano.</i>;<i>Você cai violentamente na água gelada. Em pânico, tenta fugir da corrente, em vão.</i>;;;;;;;;;;;;;;;;;;;;;;;;;;;;;;;;;;;;;;;;;;;;;;;;;
88;lady>dark;Here! You can stop now!;Burada durabilirsiniz artık!;Ici ! Vous pouvez vous arrêter maintenant !;¡Aquí! ¡Podéis deteros!;さあ、ここまで来れば、もう大丈夫ですよ！;자, 여기까지 왔으니 이제 괜찮습니다!;就是这！你可以停下来了！;就是這！你可以停下來了！;Hier! Ihr könnt jetzt aufhören zu laufen!;Сюда! Больше можно не бежать.;Qui! Potete fermarvi ora!;Aqui! Agora você pode parar!;<i>Stop</i>;<i>Durun</i>;<i>S'arrêter</i>;<i>Pararse</i>;<i>（立ち止まる）</i>;<i>멈춰선다.</i>;<i>（停下）</i>;<i>（停下）</i>;<i>Anhalten</i>;<i>Остановиться</i>;<i>Fermarsi</i>;<i>Parar</i>;;;;;;;;;;;;;<i>Carry on</i>;<i>Devam edin</i>;<i>Continuer</i>;<i>Continuar</i>;<i>（そのまま進む）</i>;<i>그대로 진행한다.</i>;<i>（继续）</i>;<i>（繼續）</i>;<i>Weiterlaufen</i>;<i>Продолжать</i>;<i>Continuare</i>;<i>Continuar</i>;;;;;;;;;;;;;
89;lady;It is me, <lady>. Shussh, they're coming.;Benim, <lady>. Sessiz olun, geliyorlar.;C'est moi, <lady>. Chut... ils arrivent.;Soy yo, <lady>. Cuidado... se acercan.;陛下、私です、<lady>です。+声を出してはいけません。+彼らに気づかれてしまいます。;폐하, 저예요. <lady>입니다.  큰 소리를 내시면 안 됩니다.  놈들이 눈치를 챌 겁니다.;是我，<lady>，+嘘，别出声，他们过来了。;是我，<lady>，+噓，別出聲，他們過來了。;Ich bin es, <lady>. Psst, sie kommen.;Это я, <lady>. Тс-с, они идут.;Sono io, <lady>. Sshh, stanno arrivando.;Sou eu, <lady>. Shhhh, eles estão vindo.;<i>Look behind</i>;<i>Arkanıza bakın</i>;<i>Regarder en arrière</i>;<i>Mirar para atrás</i>;<i>（うしろを振り返る）</i>;<i>뒤돌아본다.</i>;<i>（朝后看）</i>;<i>（朝後看）</i>;<i>Nach hinten sehen</i>;<i>Обернуться</i>;<i>Guardarsi alle spalle</i>;<i>Olhar para trás</i>;<i>You're lying behind a large tree stump. Men with torches pass by without noticing you.</i>;<i>Kocaman bir ağaç gövdesinin arkasında yatıyorsunuz. Ellerinde meşaleler olan adamlar sizi fark etmeden geçiyor.</i>;<i>Vous êtes couché sous le tronc d'un arbre mort. Des hommes avec des torches passent sans vous remarquer.</i>;<i>Estáis tumbado detrás del tronco de un árbol. Unos hombres con antorchas pasan sin veros.</i>;<i>王は大きな切り株の陰に横たわっていた。+たいまつを持った男たちが近づいてきたが、+気づかずそのまま走り去った。</i>;왕은 큰 그루터기의 그늘에 누워 있었다.</i> 횃불을 든 남자들이 다가 왔지만 눈치채지 못하고 그대로 지나갔다. </i>;<i>（你躲在一个大树桩后面。+手举火炬的人们从你身旁走过+却并未发现你。）</i>;<i>（你躲在一個大樹樁後面。+手舉火炬的人們從你身旁走過+卻並未發現你。）</i>;<i>Ihr liegt hinter einem großen Baumstumpf. Männer mit Fackeln kommen vorbei, ohne Euch zu bemerken.</i>;<i>Вы прячетесь за большим пнем. Люди с факелами не замечают вас и проходят мимо.</i>;<i>Giacete dietro un grosso tronco d'albero. Degli uomini armati di torce passano senza notarvi.</i>;<i>Enquanto você está parado atrás de um grande tronco, homens com tochas passam sem notá-lo.</i>;<i>Don't move</i>;<i>Hareket etmeyin</i>;<i>Ne pas bouger</i>;<i>No moverse</i>;<i>（じっとしている）</i>;<i>가만히 있는다.</i>;<i>（不动）</i>;<i>（不動）</i>;<i>Nicht bewegen</i>;<i>Не двигаться</i>;<i>Non muoversi</i>;<i>Não se mexer</i>;<i><lady> is dishevelled and panting. You hear people running by, but no one stops.</i>;<i><lady> kesik kesik nefes alıyor ve üstü başı dağınık. Etrafta koşan insanlar duyuyorsunuz ama duran yok.</i>;<i><lady> est décoiffée et à bout de souffle. Vous entendez un groupe de personnes courir mais personne ne vous remarque.</i>;<i><lady> está despeinada y sin aliento. Oís a un grupo de personas que corren pero nadie os ve.</i>;<i><lady>は息を切らし、+髪も乱れている。複数の人間が+近くを駆け抜ける音がしたが、+足を止める者はいなかった。</i>;<i><lady>의 숨은 가쁘고 머리카락도 엉망이다. 여럿이 근처를 앞질러가는 소리가 들렸지만 멈추는 자는 없었다. </i>;<i>（<lady>披头散发，气喘吁吁。+你听到有人跑了过去，但没人停下脚步。）</i>;<i>（<lady>披頭散髮，氣喘吁吁。+你聽到有人跑了過去，但沒人停下腳步。）</i>;<i><lady> ist zerzaust und keucht. Ihr hört Leute vorbeilaufen, aber niemand bleibt stehen.</i>;<i><lady> растрепана и запыхалась. Вы слышите, как пробегают люди, но никто не останавливается.</i>;<i><lady> è scompigliata e affannata. Sentite delle persone che corrono nelle vicinanze, ma non si fermano.</i>;<i><lady> está desgrenhada e ofegante. Você ouve pessoas correndo, mas ninguém para.</i>;
90;lady;We're safe my Lord. We should go back to the castle.;Güvendeyiz, Lordum. Kaleye geri dönelim.;Nous sommes sains et saufs Monseigneur. Revenons au château.;Estamos sanos y salvos Mi Señor. Volvamos al castillo.;危険は去りました。ともにお城へ戻りましょう。;위험은 사라졌어요. 함께 성으로 돌아갑시다.;我们安全了，陛下，+我们应该赶紧回城堡去。;我們安全了，陛下，+我們應該趕緊回城堡去。;Wir sind sicher, Majestät. Wir sollten zur Burg zurückkehren.;Мы в безопасности, милорд. Нужно вернуться в замок.;Siamo al sicuro, mio Signore. Torniamo al castello.;Você está a salvo, Alteza. É melhor voltarmos para o castelo.;Thank you;Teşekkür ederim;Merci;Gracias;感謝する;감사하네.;谢谢你;謝謝你;Vielen Dank;Спасибо;Grazie;Obrigado;;;;;;;;;;;;;What happened?;Ne oldu?;Que s'est-il passé ?;¿Qué ha pasado?;なにが起きた？;무슨 일이 있었나?;发生了什么？;發生了什麼？;Was ist geschehen?;Что произошло?;Che è successo?;O que aconteceu?;;;;;;;;;;;;;
91;lady;I followed you on your way out of the castle, saw what <diplomat> did to you.;Kaleden çıkarken sizi takip ettim, <diplomat> haininin size yaptıklarını gördüm.;Je vous ai suivi lorsque vous êtes sorti du chateau, j'ai vu ce que <diplomat> vous a fait.;Os he seguido cuando salíais del castillo, he visto lo que <diplomat> os ha hecho.;陛下がお城を出ていかれるのが見えたので、+あとをつけたのです。そうしたら、+<diplomat>が+陛下にひどいことを…;폐하께서 성을 나가시는 것을 보고 몰래 따라왔습니다.  그랬더니 <diplomat>가(이) 폐하께 끔찍한 짓을...;我是在您出城堡时偷偷跟上来的，+<diplomat>对您犯下的事情我都看见了。;我是在您出城堡時偷偷跟上來的，+<diplomat>對您犯下的事情我都看見了。;Ich bin Euch aus der Burg gefolgt und sah, was <diplomat> Euch angetan hat.;Я последовала за вами из замка, видела, что <diplomat> сделал с вами.;Vi ho seguito mentre uscivate dal castello, ho visto quello che <diplomat> ha fatto.;Eu o segui na saída do castelo, vi o que o <diplomat> fez com você.;You were so courageous;Pek cesursunuz;Vous êtes très courageuse;Sois muy valiente;そなたは勇敢だな;그대는 용감하군.;你这样真是勇气过人;你這樣真是勇氣過人;Ihr wart sehr mutig;Это было очень смело;Siete molto coraggiosa;Você foi tão corajosa;;;;;;;;;;;;;Thank you;Teşekkür ederim;Merci;Gracias;感謝する;감사하네.;谢谢你;謝謝你;Vielen Dank;Спасибо;Grazie;Obrigado;;;;;;;;;;;;;
92;lady;Don't thank me. I would have done anything for you.;Bana teşekkür etmeyin. Sizin için ne gerekirse yaparım.;Ne me remerciez pas. J'aurais fait n'importe quoi pour vous.;No me lo agradezcáis. Haría cualquier cosa por vos.;いえ、お礼なんて…+陛下のためなら、私、なんでもいたしますわ。;아뇨, 감사라니요.  폐하를 위해서라면 저는 무슨 일이든 할 겁니다.;不用感谢我，为了您，+我什么事都愿做。;不用感謝我，為了您，+我什麼事都願做。;Dankt mir nicht. Ich hätte alles für Euch getan.;Не благодарите меня. Я ради вас пойду на что угодно.;Non ringraziatemi. Avrei fatto qualsiasi cosa per Voi.;Não me agradeça. Eu faria qualquer coisa por você.;<i>Take her in you arms</i>;<i>Kollarınızla sarın</i>;<i>La prendre dans vos bras</i>;<i>Tomarla en vuestros brazos</i>;<i>（彼女を抱きしめる）</i>;<i>그녀를 끌어안는다.</i>;<i>（将她拥入怀中）</i>;<i>（將她擁入懷中）</i>;<i>Sie in den Arm nehmen</i>;<i>Обнять ее.</i>;<i>Prenderla tra le braccia</i>;<i>Tomá-la nos braços</i>;;;;;;;;;;;;;Again, thank you;Yeniden teşekkür ederim;Encore merci;Gracias de nuevo;本当に感謝する;정말 고맙네.;再次谢谢你;再次謝謝你;Vielen Dank nochmal;И все же, спасибо;Grazie di nuovo;Mais uma vez, obrigado;;;;;;;;;;;;;
93;lady;My Lord, three years have passed since our little adventure. And still we don't have much time.;Lordum, yaşadığımız maceranın üzerinden üç yıl geçti. Pek fazla vaktimiz yok.;Monseigneur, trois années ont passé depuis notre petite aventure. Et le temps nous manque encore.;Mi Señor, han pasado tres años desde nuestra pequeña aventura. Y no tenemos mucho tiempo.;陛下、あの「冒険」の日から+3年がたちました。+私たちにはもう、あまり時間がありません。;폐하, 그 "모험"의 날로부터 3년이 지났습니다.  저희에게는 이제 시간이 별로 없습니다.;陛下，自我们那一次的小小的冒险后，+已过去了三年，+而我们的时间依然很有限。;陛下，自我們那一次的小小的冒險後，+已過去了三年，+而我們的時間依然很有限。;Majestät, drei Jahre sind seit unserem kleinen Abenteuer vergangen. Und uns fehlt immer noch die Zeit.;Милорд, три года минуло с того нашего маленького приключения. И у нас все так же нет времени.;Mio Signore, sono passati tre anni dalla nostra piccola avventura. E non abbiamo ancora tempo.;Meu senhor, três anos se passaram desde a nossa pequena aventura e ainda assim não temos muito tempo.;;;;;;;;;;;;;;;;;;;;;;;;;;;;;;;;;;;;;;;;;;;;;;;;;
94;lady;You can't say 'no' to me, one of the effects of the love curse you're under.;Bana "hayır" diyemezsiniz. Size yapılan aşk lanetinin etkilerinden birisi bu.;Je sais que vous ne pouvez pas me dire 'non', c'est un des effets du sort qui vous affecte.;Sé que no podéis decir 'no', es uno de los efectos del encantamiento que os afecta.;陛下は私の言うことに反対できません。+これは、陛下にかけられた愛の呪いのため…;폐하께서는 제 말을 거역하실 수 없습니다.  폐하께 걸린 사랑의 저주 때문이죠.;您不能摇头拒绝我，+这是您如今所受爱情诅咒的一个后果。;您不能搖頭拒絕我，+這是您如今所受愛情詛咒的一個後果。;Ihr könnt nicht "Nein" zu mir sagen. Eine Wirkung des Banns, dem Ihr unterliegt.;Вы не можете мне отказать — это один из эффектов любовного проклятья.;Non potete dirmi di no, è uno degli effetti della maledizione d'amore che Vi lega.;Não pode me dizer não, é um dos efeitos do feitiço de amor sobre você.;;;;;;;;;;;;;;;;;;;;;;;;;;;;;;;;;;;;;;;;;;;;;;;;;
95;lady;You know it has nothing to do with love? I'm sorry but I needed you to listen, and understand.;Aslında aşkla alakası yok, biliyor muydunuz? Üzgünüm ama dinlemeniz, anlamanız gerekiyor.;Vous savez que cela n'a rien à voir avec l'amour ? J'en suis désolée, mais il fallait que vous écoutiez.;¿Sabéis que ésto no tiene nada que ver con el amor? Lo siento... pero teníais que escucharlo.;でも、本当は愛とはなんの関係もないのです。+どうかお許しください。陛下にはどうしても、+私の話を聞いていただく必要がありました。;하지만 사실 사랑과는 아무런 관계도 없는 건 아시죠.  부디 용서해 주십시오.  폐하가 꼭 제 말을 듣고 이해해 주셔야 했어요.;您是清楚这一切和爱情并无关系的吧？+抱歉，但请您一定好好地仔细地听明白了。;您是清楚這一切和愛情並無關系的吧？+抱歉，但請您一定好好地仔細地聽明白了。;Ihr wisst, dass es nichts mit Liebe zu tun hat? Tut mir leid, aber Ihr musstet mir unbedingt zuhören.;Вы знаете, что с любовью ничего не поделать? Простите, но вы должны выслушать и понять.;Sapete che non ha niente a che vedere con l'amore? Mi dispiace, ma avevo bisogno della Vostra attenzione e comprensione.;Você sabe que isso não tem nada a ver com amor? Sinto muito, mas preciso que ouça e compreenda.;;;;;;;;;;;;;;;;;;;;;;;;;;;;;;;;;;;;;;;;;;;;;;;;;
96;lady;This curse, and everything that's happening to you is a masquerade organized by the devil.;Bu lanet ve başınızdan geçen her şey, şeytanın bir oyunu.;Ce sort et tout ce qui vous arrive en ce royaume est une masquarade organisée de toutes pièces par le démon.;Esta maldición y todo lo que ocurre en este reino es una farsa montada por el Diablo.;この呪いだけでなく、+陛下の身に起きていることはすべて、+悪魔が謀った茶番なのです。;이 저주뿐만 아니라 폐하의 신변에 일어나는 모든 사건은 악마가 꾸민 짓입니다.;这种诅咒，以及您身上发生的一切，+都只是魔鬼操弄下的一场虚伪闹剧。;這種詛咒，以及您身上發生的一切，+都只是魔鬼操弄下的一場虛偽鬧劇。;Dieser Bann und alles, was Euch zustößt, ist eine vom Teufel inszenierte Maskerade.;Это проклятье и все, что с вами происходит — происки дьявола.;Questa maledizione, così come tutto quanto Vi sta accadendo, è una messinscena organizzata dal diavolo.;Esse feitiço e tudo que está acontecendo com você é um disfarce organizado pelo diabo.;;;;;;;;;;;;;;;;;;;;;;;;;;;;;;;;;;;;;;;;;;;;;;;;;
97;lady;I am the one you call the Senator.;Senatör denen kişi benim.;Je suis celui que vous appellez le Sénateur.;Yo soy aquel al que llamáis Senador.;そうです、陛下。+「元老院議員」は、私です。;그렇습니다, 폐하. "원로원 의원"은 접니다.;其实我就是您口中的那位“议员”。;其實我就是您口中的那位“議員”。;"Der Senator" ist niemand anderes als ich.;Я и есть тот, кого называют Сенатором.;Io sono colei che chiamate Senatore.;Eu sou o que chamam de Senador.;;;;;;;;;;;;;;;;;;;;;;;;;;;;;;;;;;;;;;;;;;;;;;;;;
98;lady;I spent years scheming just to be able to talk to you now, while the devil is busy correcting the mess I made.;Şeytan sebep olduğum kargaşayı düzeltmekle meşgulken sizinle konuşabilmek için yıllarca komplo kurdum.;Cela fait des siècles que je manigance afin de pouvoir vous parler aujourd'hui, tandis que le démon s'occupe du diplomate.;He maquinado durante años para hablar con vos, aprovechando que el Diablo está ahora ocupado..;こうして陛下とお話しする機会を得るために、+長年陰謀をくわだて、+悪魔にその後始末をさせて、+隙をうかがって参りました。;이렇게 폐하와 이야기할 기회를 얻기 위해 오랜 기간 동안 계획을 꾸미고 여러 사건을 일으켜 악마를 바쁘게 만들었죠.;我暗中谋划了多年，+只是为了能够在今天，+趁着魔鬼忙着处理我在别处搞出的骚乱，+和您说上几句话。;我暗中謀劃了多年，+只是為了能夠在今天，+趁著魔鬼忙著處理我在別處搞出的騷亂，+和您說上幾句話。;Nach jahrelangen Ränken kann ich jetzt mit Euch sprechen, während der Teufel sich mit meinem Chaos befasst.;Я потратила несколько лет, составляя план, чтобы сейчас поговорить с вами. А дьявол строил козни.;Ho passato anni a tramare nell'ombra solo per riuscire a parlarvi, mentre il diavolo è occupato a rimediare al caos che ho provocato.;Passei anos maquinando apenas para poder falar com você enquanto o diabo está ocupado corrigindo o que fiz.;;;;;;;;;;;;;;;;;;;;;;;;;;;;;;;;;;;;;;;;;;;;;;;;;
99;lady;Listen carefully. There is only one way for you to trick the devil.;Dikkatle dinleyin. Şeytan sadece tek bir şekilde kandırabilirsiniz.;Chut ! Écoutez attentivement. Il n'y a qu'une manière d'échapper à cette malédiction.;¡Silencio! Escuchad atentamente. Solo hay una manera de escapar de esta maldición.;あまり時間がないので、よくお聞きください。+悪魔を欺く方法は、ただ1つ…;시간이 그리 없습니다.  잘 들으세요. 악마를 속이는 방법은 단 하나...;请仔细听好，+只有一种方法能让您骗过魔鬼。;請仔細聽好，+只有一種方法能讓您騙過魔鬼。;Wir haben nicht viel Zeit. Hört gut zu. Es gibt nur einen Weg, den Teufel zu betrügen.;У нас мало времени. Слушайте внимательно. У вас только один способ обмануть дьявола.;Ascoltate attentamente. C'è un solo modo per ingannare il diavolo.;Não temos muito tempo. Ouça atentamente, só há uma maneira de enganar o diabo.;;;;;;;;;;;;;;;;;;;;;;;;;;;;;;;;;;;;;;;;;;;;;;;;;
100;lady;Make him fulfil an impossible task. Something that cannot happen however hard he tries.;İmkansız bir şeyi yerine getirmesini sağlayın. Ne kadar denerse denesin yapamayacağı bir şey olmalı.;Demandez au démon de réaliser une tâche impossible, qu'il ne pourra pas achever, quoi qu'il essaye.;Exigid al Diablo una tarea imposible, algo que nunca conseguirá de ninguna manera.;不可能な願い事をするのです。+逆立ちしても叶えられないことを。;악마에게 불가능한 소원을 들어달라고 하세요.  아무리 노력해도 이룰 수 없는 소원 말입니다.;让他去做一样不可能完成的任务，+一件无论他怎样费尽心力都不可能发生的事。;讓他去做一樣不可能完成的任務，+一件無論他怎樣費盡心力都不可能發生的事。;Verlangt, dass er eine unmögliche Aufgabe erfüllt. Etwas, das nie geschehen wird, so sehr er sich auch bemüht.;Заставьте его выполнить невозможное. Что-то, чего он не сможет, как бы он ни старался.;Chiedetegli di portare a termine un incarico impossibile. Qualcosa che, non importa quanto si sforzi, non potrà mai realizzare.;Faça-o realizar uma tarefa impossível. Algo impossível de acontecer, não importa o que ele faça.;;;;;;;;;;;;;;;;;;;;;;;;;;;;;;;;;;;;;;;;;;;;;;;;;
101;lady;I have to go <i>(shushing you)</i>. We will pretend this talk never happened. ;Gitmem gerek. <i>(Sizi susturur)</i> Bu konuşma hiç yaşanmamış gibi davranacağız.;Je dois m'éclipser <i>(elle vous empêche de parler)</i>. Faisons comme si cette discussion n'avait pas eu lieu.;Debo desaparecer <i>(os impide hablar)</i>. Hagamos como si esta conversación nunca hubiera sucedido.;私はもう行かなくては…+シーッ… 今の話は、+ふたりだけの秘密ですよ。;전 이제 돌아가야만 합니다...  쉿... 방금 이야기는 저희 둘만의 비밀이에요.;我得走了。+<i>（嘘）</i>+咱们就装作从来没有过这次对话。;我得走了。+<i>（噓）</i>+咱們就裝作從來沒有過這次對話。;Ich muss gehen. <i>(Sie bedeutet Euch, still zu sein)</i> Tun wir, als habe dieses Gespräch nie stattgefunden.;Мне пора идти <i>(просит вас молчать)</i>. Сделаем вид, что этого разговора не было.;Devo andare <i>(vi fa tacere)</i>. Faremo finta che questo non sia mai accaduto.;Preciso ir <i>(silenciando você)</i>. Essa conversa nunca aconteceu.;;;;;;;;;;;;;;;;;;;;;;;;;;;;;;;;;;;;;;;;;;;;;;;;;
102;priest;Your peasants are breeding like rabbits, the Kingdom is infested by poverty. Please consider the problem.;Köylüleriniz tavşanlar gibi ürüyor, Krallığın dört bir yanını fakirlik sarmış. Lütfen bu sorunu bir düşünün.;Vos paysans se reproduisent comme des lapins, la misère est partout. Mais nous avons la solution.;Vuestros campesinos se reproducen como conejos, la miseria nos invade... Pero existe una solución.;小作人たちがウサギのように子供を産むので、+貧困問題が深刻化しております。+陛下、なんらかの策をお考えください。;소작농들이 토끼처럼 아이를 낳아대어 빈곤 문제가 심각해지고 있습니다.  폐하, 방책을 세워 주십시오.;您的人民正在像兔子一样疯狂繁殖，+王国正苦于贫困。+请好好想想这个问题。;您的人民正在像兔子一樣瘋狂繁殖，+王國正苦於貧困。+請好好想想這個問題。;Eure Bauern vermehren sich wie die Karnickel und Armut sucht das Königreich heim. Bitte befasst Euch damit.;Ваши крестьяне плодятся, как кролики, в Королевстве голод. Подумайте над этой проблемой.;I Vostri contadini si riproducono come conigli e la miseria regna sovrana. Prendete in considerazione il problema.;Os camponeses estão se reproduzindo como coelhos. O Reino está infestado pela pobreza. Pense no assunto.;;;;;;;;;;;;;;;;;;;;;;;;;;;;;;;;;;;;;;;;;;;;;;;;;
103;monk;We should send all the males on a Holy crusade to the Far-East. Let them die for the Holy Grail!;Tüm erkekleri Uzak Doğuya kutsal bir sefere göndermeliyiz. Kutsal Kase adına ölsünler!;Envoyons en Croisade tous les hommes en âge de manier des armes. Qu'ils meurent pour le Saint Graal !;Enviemos a la cruzada a todos los hombres en edad de usar armas. ¡Dejadles morir por el Santo Grial! ;男子は全員、極東の聖戦に駆り出しましょう。+聖杯を探す戦いでの戦死は、+この上ない名誉です！;남자는 모두 극동의 성전에 차출합시다.  성배를 찾는 전쟁에서 전사하는 것은 지극한 영광이지요!;我们应该把所有男人送去参加远东的圣战。+让他们为了圣杯而战死吧！;我們應該把所有男人送去參加遠東的聖戰。+讓他們為了聖杯而戰死吧！;Wir sollten alle Männer zu einem Kreuzzug nach Osten aufrufen. Lasst sie für den heiligen Gral sterben!;Нужно послать мужчин в Крестовый поход на Дальний Восток. Пусть умирают за Святой Грааль!;Dovremmo spedire tutti gli uomini in una santa crociata in Estremo oriente. Che muoiano in cerca del Sacro Graal!;Sugiro enviar todos os homens em uma cruzada sagrada ao Extremo Oriente. Deixe que morram pelo Santo Graal!;;;;;;;;;;;;;;;;;;;;;;;;;;;;;;;;;;;;;;;;;;;;;;;;;
104;merchant;My Lord, our commercial relations with the East are deteriorating quickly. They're far richer than we are!;Lordum, Doğuyla olan ticari ilişkilerimiz hızlıca kötüye gidiyor. Bizden çok daha zenginler!;Sire, nos relations commerciales avec l'Orient se détériorent rapidement. Ils sont plus riches que nous !;Mi Señor, nuestras relaciones comerciales con el Este se están deteriorando rápidamente. ¡Son más ricos que nosotros!;陛下、東国との関係が+急速に悪化しております。+やつらはわれわれよりも+はるかに多くの富を築いている！;폐하, 동쪽 나라와의 관계가 급속히 악화되고 있습니다.  놈들은 우리보다 더 많은 부를 가지고 있습니다!;陛下，我们同东方王国的贸易往来，+正在快速萎缩。+他们比我们富有太多了！;陛下，我們同東方王國的貿易往來，+正在快速萎縮。+他們比我們富有太多了！;Majestät, unsere Handelsbeziehungen zum Osten verschlechtern sich rapide. Dort ist man viel reicher als hier!;Милорд, наши торговые отношения с Востоком стремительно ухудшаются. Они намного богаче нас!;Mio Signore, le nostre relazioni commerciali con l'Est si stanno velocemente deteriorando. Sono molto più ricchi di noi!;Senhor, nossas relações comerciais com o Oriente estão em declínio. Eles estão muito mais ricos que nós!;What are the options?;Ne yapabiliriz?;Que pouvons-nous faire ?;¿Qué opciones tenemos?;なにか策はあるか？;뭔가 대책이 있는가?;有什么选择呢？;有什麼選擇呢？;Welche Optionen haben wir?;И какие у нас варианты?;Che opzioni abbiamo?;Quais são as opções?;;;;;;;;;;;;;I don't want to hear about that;İlgilenmiyorum;Je ne veux pas le savoir;No quiero saber nada;それ以上聞きたくない…;더 이상 듣고 싶지 않아...;我不想了解;我不想瞭解;Ich will nichts davon hören;Ничего не слышать об этом;Non voglio sapere;Não quero saber disso;;;;;;;;;;;;;
105;merchant;What about a good crusade?;Şöyle güzel bir sefere ne dersiniz?;Et si on se lançait dans une bonne Croisade ?;¿Y si nos lanzásemos en una buena cruzada?;聖戦をしかけてはいかがでしょう？;성전을 일으키시겠습니까?;来一场圣战如何？;來一場聖戰如何？;Wie wäre es mit einem Kreuzzug?;Как насчет доброго Крестового похода?;Che ne pensate di una bella crociata?;Que tal uma boa e velha cruzada?;Sounds good;Neden olmasın;Bonne idée;Buena idea;よかろう;좋네.;听上去不错;聽上去不錯;Klingt gut;Звучит неплохо;Buona idea;Parece bom;;;;;;;;;;;;;;;;;;;;;;;;;;;;;;;;;;;;;
106;general;We are going to need more gold to destroy all the impious my King!;Tüm kafirleri yok etmek için daha fazla altın gerekecek, Kralım!;Il nous faut plus d'argent pour détruire les infidèles, Monseigneur. ;Necesitamos más dinero para destruir a los infieles, Mi Señor.;神を敬わぬ者どもを始末するには、+さらなる軍資金が必要です！;신을 경배하지 않는 자들을 처치하려면  군자금이 추가로 필요합니다!;我们需要更多钱来灭杀所有异教徒，陛下！;我們需要更多錢來滅殺所有異教徒，陛下！;Wir brauchen mehr Gold, um alle Ungläubigen zu vernichten, mein König!;Нам потребуется больше золота, чтобы стереть с лица земли безбожников, мой Король!;Ci servirà molto più oro per distruggere gli infedeli, mio Re!;Vamos precisar de mais ouro para destruir todos os ímpios, meu Rei!;;;;;;;;;;;;;;;;;;;;;;;;;;;;;;;;;;;;;;;;;;;;;;;;;
107;general;Should we burn Lamascus and kill all the population?;Çam'ı yakıp halkın tamamını öldürelim mi?;Devons-nous brûler Lamascus et tuer toute la population ?;¿Deberíamos quemar Lamasco y matar a toda la población?;陛下、ラマスクスの街を焼き討ちし、+住民を皆殺しにしては？;폐하, 라마스쿠스를 불태우고 주민을 몰살할까요?;我们要不要烧毁拉马士革，+杀光这里的所有人？;我們要不要燒毀拉馬士革，+殺光這裏的所有人？;Sollen wir Lamaskus niederbrennen und die gesamte Bevölkerung töten?;Сжечь Ламаск и убить всех его жителей?;Dobbiamo bruciare Lamasco e sterminare la popolazione?;Devemos queimar Lamascus e matar toda a população?;;;;;;;;;;;;;;;;;;;;;;;;;;;;;;;;;;;;;;;;;;;;;;;;;
108;monk;Do you give approval to erect a basilica in Lamascus?;Çam'da bazilika inşa etmemize onay veriyor musunuz?;Ai-je votre autorisation pour ériger une basilique à Lamascus ?;¿Cuento con vuestra autorización para erigir una basílica en Lamasco?;陛下、ラマスクスにバシリカを+建設する許可をいただけますか？;폐하, 라마스쿠스에 성당 건축 허가를 내려 주시겠습니까?;陛下可否批准我们+在拉马士革建一座教堂？;陛下可否批准我們+在拉馬士革建一座教堂？;Genehmigt Ihr den Bau einer Basilika in Lamaskus?;Вы даете разрешение на возведение базилики в Ламаске?;Date il Vostro consenso alla costruzione di una Basilica a Lamasco?;Você aprova a construção de uma basílica em Lamascus?;;;;;;;;;;;;;;;;;;;;;;;;;;;;;;;;;;;;;;;;;;;;;;;;;
109;priest;God told me that we should find the Holy Grail at any cost!;Tanrı bana Kutsal Kase'yi ne olursa olsun bulmamız gerektiğini söyledi!;Dieu m'a parlé ! Nous devons trouver le Saint Graal à tout prix !;¡Dios me ha hablado! ¡Debemos encontrar el Santo Grial a toda costa!;神の啓示がありました。+われわれはどんな犠牲を払ってでも、+聖杯を探す戦いを続けるべきです！;신의 계시가 있었습니다.  우리는 어떤 희생을 치르더라도  성배를 찾는 전쟁을 계속해야 합니다!;上帝传话于我，+我们应当不惜一切代价去寻找圣杯！;上帝傳話於我，+我們應當不惜一切代價去尋找聖杯！;Gott wies mich an, wir sollten den heiligen Gral um jeden Preis finden!;Бог говорит мне, что нам нужно любой ценой отыскать Святой Грааль!;Dio mi ha comunicato che dobbiamo trovare il Saro Graal a tutti i costi!;Deus me disse que precisamos encontrar o Santo Graal, custe o que custar!;;;;;;;;;;;;;;;;;;;;;;;;;;;;;;;;;;;;;;;;;;;;;;;;;
110;homunculus;Here in Lamascus lies the most well kept secret in the world.;Dünyanın en iyi büyük sırrı burada, Çam'da saklıdır.;Ici à Lamascus réside le secret le mieux gardé au monde.;Aquí en Lamasco reside el secreto mejor conservado del mundo.;このラマスクスの街には、+世界最大の秘密が眠っている。;라마스쿠스에는 세계 최대의 비밀이 잠들어 있다네.;拉马士革埋藏着世界上保护得最好的秘密。;拉馬士革埋藏著世界上保護得最好的秘密。;Hier in Lamaskus befindet sich das bestgehütete Geheimnis der Welt.;Здесь, в Ламаске, сокрыта величайшая тайна мира.;Qui a Lamasco giace il segreto meglio custodito nel mondo.;Aqui em Lamascus jaz o segredo mais bem guardado do mundo.;I knew we had a good reason to come;İyi ki gelmişiz;Je le savais!;¡Lo sabía!;やはり、この地を訪れて+正解だったな;역시 여기를 방문하길 잘했군.;我早知此行必有所获;我早知此行必有所獲;Ich wusste es!;Это отличный повод прийти;Sapevo che venire qui aveva un senso!;Sabia que havia um bom motivo;;;;;;;;;;;;;I'm not interested;İlgilenmiyorum;Ça ne m'intéresse pas;No me interesa;興味はない;관심 없다.;我并不感兴趣;我並不感興趣;Interessiert mich nicht;Мне не интересно;Non sono interessato;Não estou interessado;;;;;;;;;;;;;
111;homunculus;I must say, all the crusade business was a bit over-kill, but since we're in the right place...;Açıkçası, şu sefer işi falan biraz abartı oldu ama madem doğru yerdeyiz...;Il faut avouer que cette histoire de croisade n'était pas très subtile, mais comme nous sommes sur place...;He de decir que toda esta historia de la cruzada no ha sido muy sutil, pero ya que estamos...;正直、聖戦はやりすぎだと思ったが、+おかげでこうして+ラマスクスにやってくることができた…;솔직히 성전은 좀 지나치다고 생각하긴 했지만 덕분에 이렇게 라마스쿠스에 왔어...;我得说，圣战什么的是有点过火了，+不过既然我们来到了这个正确的地方……;我得說，聖戰什麼的是有點過火了，+不過既然我們來到了這個正確的地方……;Ich muss sagen, die ganze Sache mit dem Kreuzzug war nicht eben subtil, aber da wir am richtigen Ort sind ...;Нужно признать, что затея с крестовыми походами оказалась слишком кровавой, но все же мы здесь…;Devo dire che tutta questa storia della crociata è stata un'esagerazione, ma dato che ci siamo…;Admito que todo esse negócio de cruzada foi exagerado, mas, já que estamos no lugar certo...;;;;;;;;;;;;;;;;;;;;;;;;;Well;Yani...;Enfin;En fin;うむ…;음...;这个嘛;這個嘛;Nun;Хорошо;Ebbene;Bom;;;;;;;;;;;;;
112;homunculus;Because you gave me the Frozen Blood, I give you...;Bana Donmuş Kanı verdiğin için, karşılığını alacaksın...;Parce que vous m'avez donné le Sang Gelé, je vous donne...;Como me habéis dado la Sangre Helada, os voy a dar...;お前は「凍れる血」をくれた。+その礼に、いいものをやろう…;그대는 내게 "얼어붙은 피"를 주었으니 그 사례로...;因为你给了我霜冻之血，+我要给你……;因為你給了我霜凍之血，+我要給你……;Weil Ihr mir das Gefrorene Blut gegeben habt, erhaltet Ihr ...;В обмен на Морозную кровь я даю тебе…;Dal momento che mi avete dato il Sangue congelato, io Vi dono…;Já que você me deu o Sangue Congelado, eu lhe darei...;The Grail?;Kutsal Kase mi?;Le Graal ?;¿El Grial?;聖杯？;성배?;圣杯？;聖杯？;Den Gral?;Грааль?;Il Graal?;O Graal?;;;;;;;;;;;;;The Meaning of Life?;Hayatın Anlamı mı?;Le Sens de la Vie ?;¿El sentido de la vida?;人生の意味？;인생의 의미?;生命的意义？;生命的意義？;Den Sinn des Lebens?;Смысл жизни?;Il senso della vita?;O sentido da vida?;;;;;;;;;;;;;
113;homunculus;No, not exactly.;Hayır, pek sayılmaz.;Non, pas vraiment.;No exactamente.;違う。;아니.;不，并不完全是这样。;不，並不完全是這樣。;Nein, nicht ganz.;Нет, не совсем.;No, non esattamente.;Não, não exatamente.;I knew it didn't exist;Öyle bir şey yok, haklı çıktım;Je savais qu'il n'existait pas;Ya sabía yo que no existía.;やはり、そんなものは+存在せぬのだな;역시, 그런 것은 존재하지 않는군.;我知道它并不存在;我知道它並不存在;Ich wusste, er existiert nicht;Я знал, что его нет;Sapevo che non esisteva;Eu sabia que isso não existia;;;;;;;;;;;;;What then?;Ne peki?;Quoi alors ?;¿Y ahora qué?;では、なにをくれる？;그럼 뭘 주겠나?;然后呢？;然後呢？;Was denn sonst?;Тогда что?;E allora cosa?;O quê, então?;;;;;;;;;;;;;
114;homunculus;I give you life.;Sana hayat sunuyorum.;Je vous donne la vie.;Os doy vuestra vida.;お前には、「生命」をやろう。;그대에게는 생명을 주지.;我给予你生命。;我給予你生命。;Ihr erhaltet Leben.;Я дарую тебе жизнь;Vi dono la vita.;Eu lhe darei vida.;What?;Ne?;Quoi ?;¿Qué?;なに…？;뭐...?;什么？;什麼？;Was?;Что?;Cosa?;O quê?;<i>The homunculus brings you to a strange machine full of wires and knobs, hidden under the palace of Lamascus.</i>;<i>Homunkulüs sizi Çam sarayının altında saklanmış, kablolar ve düğmelerle kaplı tuhaf bir makineye getiriyor.</i>;<i>L'homunculus vous mène à une étrange machine pleine de câbles et de rotors, cachée sous le palais de Lamascus.</i>;<i>El homúnculo os trae una extraña máquina llena de cables y tuercas, escondida bajo el palacio de Lamasco.</i>;<i>ホムンクルスは王を+ラマスクスの宮殿の地下へと導いた。+そこには、たくさんの針金とスイッチがついた+不思議な装置があった。</i>;<i>호문클루스는 왕을 라마스쿠스 궁전의 지하로 데려갔다. 거기에는 많은 철사와 스위치가 붙은 이상한 장치가 있었다. </i>;<i>（瓶中小人揭晓了那台满是+线缆和旋钮的奇怪机器的所在位置，+它藏在拉马士革的宫殿之下。）</i>;<i>（瓶中小人揭曉了那臺滿是+線纜和旋鈕的奇怪機器的所在位置，+它藏在拉馬士革的宮殿之下。）</i>;<i>Der Homunkulus führt Euch zu einer seltsamen Maschine voller Drähte und Knöpfe, die unter dem Palast von Lamaskus verborgen ist.</i>;<i>Гомункул приводит вас к странной машине с множеством тумблеров и проводов, спрятанной под дворцом Ламаска.</i>;<i>L'omuncolo Vi porta a una strana macchina piena di cavi e manopole, nascosta sotto il palazzo di Lamasco.</i>;<i>O homúnculo o leva até uma máquina estranha, cheia de fios e botões, escondida sob o palácio de Lamascus.</i>;What?;Ne?;Quoi ?;¿Qué?;なに…？;뭐...?;什么？;什麼？;Was?;Что?;Cosa?;O quê?;<i>The homunculus reveals the position of a strange machine full of wires and knobs, hidden under the palace of Lamascus.</i>;<i>Homunkulüs size Çam sarayının altında saklanmış, kablolar ve düğmelerle kaplı tuhaf bir makinenin konumunu anlatıyor.</i>;<i>L'homunculus vous mène à une étrange machine pleine de câbles et de rotors, cachée sous le palais de Lamascus.</i>;<i>El homúnculo os revela la posición de una extraña máquina llena de cables y manijas, escondida bajo el palacio de Lamasco.</i>;<i>ホムンクルスは王に、+ラマスクスの宮殿の地下に眠る+装置のことを教えた。たくさんの針金と+スイッチがついた、不思議な装置だという。</i>;<i>호문클루스는 왕에게 라마스쿠스 궁전 지하에 숨겨진 장치를 알려주었다. 많은 철사와 스위치가 달린 이상한 장치라고 한다. </i>;<i>（瓶中小人揭晓了那台满是+线缆和旋钮的奇怪机器的所在位置，+它藏在拉马士革的宫殿之下。）</i>;<i>（瓶中小人揭曉了那臺滿是+線纜和旋鈕的奇怪機器的所在位置，+它藏在拉馬士革的宮殿之下。）</i>;<i>Der Homunkulus führt Euch zu einer seltsamen Maschine voller Drähte und Knöpfe, die unter dem Palast von Lamaskus verborgen ist.</i>;<i>Гомункул указывает местоположение странной машины с множеством тумблеров и проводов, спрятанной под дворцом Ламаска.</i>;<i>L'omuncolo Vi rivela la posizione di una strana macchina piena di cavi e manopole, nascosta sotto il palazzo di Lamasco.</i>;<i>O homúnculo revela a localização de uma máquina estranha, cheia de fios e botões, escondida sob o palácio de Lamascus.</i>;
115;homunculus;This apparatus created me. It can help you recover any living thing. Do you know what you want to recreate?;Beni bu cihaz yarattı. Herhangi bir canlı varlığı diriltmeni sağlayabilir. Neyi yeniden oluşturmak istediğini biliyor musun?;Cette machine m'a créé. Elle peut engendrer la vie sous toutes ses formes. Avez-vous quelque chose à créer ?;Esta máquina me ha creado. Puede engendrar la vida bajo todas sus formas. ¿Sabéis qué querríais crear?;俺はこの装置により生み出された。+お前もこれを用いれば、+どんな生き物でもよみがえらせることができる。+再生させたいものはあるか？;나는 이 장치에서 태어났다.  그대도 이걸 이용하면 어떤 생물도 부활시킬 수 있지.  부활시키고 싶은 게 있나?;这台装置创造了我。+它能帮你复活任意生命。+你知道自己要重新创造什么吗？;這臺裝置創造了我。+它能幫你復活任意生命。+你知道自己要重新創造什麼嗎？;Dieser Apparat hat mich erschaffen. Er kann alles wiederherstellen, was lebt. Schwebt Euch schon etwas vor?;Этот аппарат создал меня. Он может помочь воскресить любую жизнь. Ты знаешь, что хочешь вернуть к жизни?;Questo apparato mi ha creato. Può aiutarvi a rigenerare qualsiasi forma di vita. Sapete già cosa volete creare?;Este aparelho me criou. Ele pode ajudar a recuperar qualquer ser vivo. Já sabe o que deseja criar?;;;;;;;;;;;;;;;;;;;;;;;;;;;;;;;;;;;;;;;;;;;;;;;;;
116;homunculus;I'm listening.;Dinliyorum.;J'écoute.;Os escucho.;言ってみろ。;말해 보게.;我听着呢。;我聽著呢。;Ich höre.;Я слушаю.;Vi ascolto.;Estou ouvindo.;A strawberry plant!;Bir çiçek bitkisi!;Un fraisier !;¡Una mata de fresas!;イチゴの株！;딸기!;一株草莓！;一株草莓！;Eine Erdbeerpflanze!;Кустик клубники!;Una pianta di fragole!;Um morangueiro!;;;;;;;;;;;;;<i>Stay silent</i>;<i>Sessiz kal</i>;<i>Ne rien dire</i>;<i>No decir nada</i>;<i>（なにも言わない）</i>;<i>아무 말도 하지 않는다.</i>;<i>（保持安静）</i>;<i>（保持安靜）</i>;<i>Nichts sagen</i>;<i>Сохранять молчание.</i>;<i>Non dire niente</i>;<i>Permanecer em silêncio</i>;;;;;;;;;;;;;
117;homunculus;No you don't. Look very hard for something you need and meet me again in Lamascus.;Hayır, bilmiyorsun. Gerçekten ihtiyacın olan bir şey bul ve benimle yeniden Çam'da buluş.;Non, je ne crois pas. Revenez me voir à Lamascus quand vous aurez vraiment besoin de la machine.;No, no lo creo. Volved a visitarme en Lamasco cuando realmente necesitéis usar la máquina.;…なにが必要か、よく考えてから、+また俺に会いに来るがいい。+ここ、ラマスクスで待っている。;...무엇이 필요한지 잘 생각해 보고 또 나를 만나러 와도 좋네.  여기 라마스쿠스에서 기다리고 있겠어.;不，这不是你想要的。+尽全力去找到你需要的东西，+然后再到拉马士革来见我。;不，這不是你想要的。+盡全力去找到你需要的東西，+然後再到拉馬士革來見我。;Nein, das glaube ich nicht. Sucht etwas, das Ihr wirklich braucht, und kommt dann wieder nach Lamaskus.;Нет, не знаешь. Хорошенько подумай, что же тебе нужно, а потом найди меня в Ламаске.;No, non credo. Tornate a trovarmi a Lamasco quando avrete seriamente pensato a cosa vi serve.;Não, isso não. Procure algo que realmente precisa e encontre-me em Lamascus.;;;;;;;;;;;;;;;;;;;;;;;;;;;;;;;;;;;;;;;;;;;;;;;;;
118;diplomat;An envoy of the Sultan would like to meet you in Lamascus.;Sultanın bir elçisi Çam'da sizinle görüşmek istiyor.;Un envoyé du Sultan souhaite vous rencontrer à Lamascus.;Un enviado del Sultán desea encontrase con vos en Lamasco.;サルタンの使者が、ラマスクスで+陛下との謁見を希望しております。;술탄의 사자가 라마스쿠스에서 폐하와의 알현을 원하고 있습니다.;一名苏丹使节想要在拉马士革见你。;一名蘇丹使節想要在拉馬士革見你。;Ein Gesandter des Sultans möchte Euch in Lamaskus treffen.;Посланники Султана просят встретиться в Ламаске.;Un emissario del Sultano vorrebbe incontrarvi a Lamasco.;Um enviado do sultão deseja encontrá-lo em Lamascus.;;;;;;;;;;;;;;;;;;;;;;;;;;;;;;;;;;;;;;;;;;;;;;;;;
119;foreign_princess;This crusade has to stop. Take the treasure if you will, but remove your armies. You're going nowhere.;Bu sefer artık durmalı. Arzunuz buysa hazineyi alın ama ordularınızı geri çekin. Bir yere ulaştığınız yok.;Cette croisade doit cesser. Prenez le trésor, mais retirez votre armée. Vous n'allez nulle part.;Esta cruzada debe terminarse. Llevaos el tesoro, pero retirad vuestro ejército. Así no vais a ninguna parte.;陛下、どうかこの“聖戦”をおやめください。+秘宝なら差し上げますから、+すぐに軍を引きあげてください。+これ以上は無駄です！;부디 이 성전을 멈추어 주십시오.  원하신다면 보물을 가져가시고 철군하여 주십시오.  무익한 전쟁일 뿐입니다!;圣战必须停止。+如果你想要财宝，拿去便是，但请撤军吧。+这是你唯一该做的。;聖戰必須停止。+如果你想要財寶，拿去便是，但請撤軍吧。+這是你唯一該做的。;Dieser Kreuzzug muss aufhören. Nehmt unsere Schätze, aber zieht Eure Heere ab. Ihr erreicht hier nichts.;Этот крестовый поход необходимо прекратить. Забирайте сокровища, но уведите армию. Это путь в никуда.;Questa crociata deve finire. Prendete il tesoro, se dovete, ma ritirate l'esercito. Non otterrete nulla.;Essa cruzada precisa acabar. Leve os tesouros, se quiser, mas retire o exército. Isso não dará em nada.;;;;;;;;;;;;;<i><foreign_princess> handed over the keys to Lamascus' treasure and whispered, looking straight at you:</i> Choke on it.;<i><foreign_princess> Çam'ın hazinesinin anahtarlarını verip doğrudan size bakarak fısıldıyor:</i> Boğazınızda kalsın.;<i><foreign_princess> vous donne les clés du trésor de Lamascus en vous regardant fixement et en chuchotant:</i> Étouffez-vous avec.;<i><foreign_princess> os otorga las llaves del tesoro de Lamasco, os mira fijamente, susurrando:</i> ¡Ojalá se os atragante!;<i><foreign_princess>は+ラマスクスの宝物庫の鍵を手渡すと、+王の目をまっすぐ見据えてささやいた。+</i>「そのうちきっと、罰が下るわ…」;<i><foreign_princess>는(은) 라마스쿠스 보물창고 열쇠를 건네고는 왕의 눈을 똑바로 바라보며 속삭였다. </i>"가까운 시일 내에 꼭 되갚아주지...";<i>（<foreign_princess>递给你+开启拉马士革宝藏的钥匙，+注视着你并低语道：）</i>+去看看吧。;<i>（<foreign_princess>遞給你+開啟拉馬士革寶藏的鑰匙，+注視著你並低語道：）</i>+去看看吧。;<i><foreign_princess> gibt Euch den Schlüssel zur Schatzkammer von Lamaskus, sieht Euch an und flüstert:</i> Erstickt daran.;<i><foreign_princess> отдает ключи от сокровищ Ламаска и шепчет, глядя в глаза:</i> «Подавись».;<i><foreign_princess> Vi dona le chiavi del tesoro di Lamasco e sussurra, guardandovi negli occhi:</i> Strozzatici.;<i><foreign_princess> entregou as chaves do tesouro de Lamascus e murmurou, olhando para você:</i> Engasgue com isso e morra.;;;;;;;;;;;;;;;;;;;;;;;;;
120;diplomat;This crusade lasted too long. We're losing, we have to retreat now!;Bu sefer fazla uzadı. Kaybediyoruz, artık geri çekilmeliyiz!;La croisade dure depuis trop longtemps. Votre armée est aux abois, retirons-nous !;La cruzada dura demasiado tiempo. Vuestra armada está perdiendo, ¡retirémonos!;この聖戦は長引きすぎました。+われわれに勝ち目はありません。+今すぐ撤退を！;성전이 너무 길어졌습니다.  우리에게 승산은 없습니다.  지금 철군합니다!;这场圣战持续太久了。+我们形势不利，必须马上撤军！;這場聖戰持續太久了。+我們形勢不利，必須馬上撤軍！;Dieser Kreuzzug dauert schon zu lange an. Wir verlieren und müssen uns jetzt zurückziehen!;Этот крестовый поход длится слишком долго. Мы проигрываем, нам нужно отступать!;Questa crociata è durata troppo a lungo. Stiamo perdendo, dobbiamo ritirarci subito!;Essa cruzada já durou tempo demais. Estamos perdendo, temos que recuar agora!;;;;;;;;;;;;;;;;;;;;;;;;;;;;;;;;;;;;;;;;;;;;;;;;;
121;general;All the impious of the Universe want to see you dead! Should we continue our crusade?;Dünyanın tüm kafirleri ölmenizi istiyor! Sefere devam edelim mi?;Tous les infidèles de l'Univers veulent votre peau ! Devons-nous poursuivre la croisade ?;¡Todos los infieles del universo quieren vuestro pellejo! ¿Debemos continuar con la cruzada?;神を信じぬ者たちは皆、+陛下の死を望んでいます！+このまま聖戦を続けますか？;신을 믿지 않는 모든 자들이 폐하의 죽음을 바라고 있습니다! 이대로 성전을 계속하시겠습니까?;世间所有异教徒与不信者都希望见到你死！+我们还要继续圣战吗？;世間所有異教徒與不信者都希望見到你死！+我們還要繼續聖戰嗎？;Alle Ungläubigen der Welt wollen Euren Tod! Sollen wir unseren Kreuzzug fortsetzen?;Все безбожники мира желают вам смерти! Нам продолжать наш крестовый поход?;Tutti gli infedeli dell'Universo vogliono vedervi morire! Dobbiamo continuare la crociata?;Todos os ímpios do universo desejam a sua morte! Será que devemos continuar a cruzada?;;;;;;;;;;;;;;;;;;;;;;;;;Ugh... no?;Ee... Hayır?;Heu... non?;Mmm... ¿no?;…もうやめよう;...그만두지.;嗯……别？;嗯……別？;Äh ... nein?;Эм… нет?;Uhm… no?;Ahm... Não?;;;;;;;;;;;;;
122;foreign_princess;I would like to share with you some of the astronomical wonders my people discovered.;Halkımın keşfettiği astronomi mucizelerinden bazılarını sizinle paylaşmak isterim.;Je souhaite partager avec vous quelques unes des découvertes astronomiques de mon peuple.;Me gustaría compartir con vos algunos de los descubrimientos astrológicos de mi pueblo. ;宇宙の真理をお教えしましょう。+私の祖国の民が発見したのです。;내 조국의 백성이 발견한 우주의 진리를 공유해 드리지요.;我想和你分享一些我国人民所发现的天文奇迹。;我想和你分享一些我國人民所發現的天文奇跡。;Ich möchte einige der astronomischen Wunder mit Euch teilen, die mein Volk entdeckt hat.;Я бы хотела поделиться с вами астрономическими чудесами, которые открыл мой народ.;Vorrei condividere con Voi alcune delle meraviglie astronomiche scoperte dalla mia gente.;Gostaria de lhe mostrar algumas das maravilhas astronômicas que meu povo descobriu.;;;;;;;;;;;;;;;;;;;;;;;;;;;;;;;;;;;;;;;;;;;;;;;;;
123;doctor;This is very interesting, perfectly in line with the discoveries of Master Argos of Merep...;Çok ilginç, tam da Merepli Argos Efendinin keşiflerine uyuyor...;Ces recherches sont fascinantes et prouvent sans équivoque les hypothèses de Maître Argos de Merep...;Estas investigaciones son fascinantes y una prueba inequívoca de las hipótesis del Maestro Argos de Merep...;これは実に興味深い…+メレプのアルゴス師の発見と、+完全に一致する…;이것은 실로 흥미롭군...  메레프의 아르고스 박사의 발견과 완전하게 일치해...;有趣，跟梅瑞普的阿尔戈斯大师的发现完全相符……;有趣，跟梅瑞普的阿爾戈斯大師的發現完全相符……;Das ist sehr interessant. Es stimmt perfekt überein mit den Thesen von Meister Argos von Merep...;Это очень любопытно, идеально совпадает с открытиями мастера Аргоса Мерепского…;Molto interessante, perfettamente in linea con quanto scoperto da Maestro Argos di Merep…;Isso é muito interessante, condiz perfeitamente com as descobertas do Mestre Argos de Merep...;I...;Ben...;Je...;A mí...;あー…;아...;我……;我……;Ich ...;Я…;Io…;Eu...;;;;;;;;;;;;;We should...;Bence...;Nous devrions...;Deberíamos...;いや…しかし…;아니... 하지만...;我们应该……;我們應該……;Wir sollten ...;Нам нужно…;Dovremmo…;Acho melhor nós...;;;;;;;;;;;;;
124;priest;Blasphemy! The only truth is that the sun turns around us, God's creation! Blasphemy!;Kafir! Tek gerçek, güneşin bizim, Tanrı'nın yarattıklarının etrafında dönüyor olması! Kafir!;Blasphème ! La Vraie Foi est limpide. Le soleil tourne autour de la terre et des hommes, créations de Dieu !;¡Blasfemia! La Fe verdadera es pura. ¡El Sol gira alrededor de la Tierra y de los hombres, creaciones de Dios!;これは神への冒涜だ！+この世界は神が創り給うたもの。+その周囲を太陽が回っていることは、+曲げようのない事実！;이건 신성모독이다!  이 세계는 하나님이 창조하신 것이다.  그 주위를 태양이 돌고 있다는 것은 절대적인 진리야!;你这是在亵渎神明！+我们是上帝的造物，+太阳围着我们转是唯一的真理！+真是亵渎神明！;你這是在褻瀆神明！+我們是上帝的造物，+太陽圍著我們轉是唯一的真理！+真是褻瀆神明！;Blasphemie! Die einzige Wahrheit ist, dass die Sonne sich um uns dreht, Gottes Schöpfung! Blasphemie!;Богохульство! Единственно верное то, что солнце вращается вокруг нас, тварей божьих! Богохульство!;Blasfemia! L'unica verità è che il sole ruota intorno a noi, creati di Dio! Blasfemia!;Blasfêmia! A única verdade é que o sol gira ao nosso redor, uma criação de Deus! Blasfêmia!;;;;;;;;;;;;;;;;;;;;;;;;;;;;;;;;;;;;;;;;;;;;;;;;;
125;foreign_princess;I'm willing to stay in your court in order to help the understanding between our people.;Halklarımızın daha iyi anlaşmasını sağlamak için sarayınızda kalmak isterim.;Je veux bien rejoindre votre cour pour faciliter la compréhension et les échanges entre nos peuples.;Estoy dispuesta a quedarme en vuestra corte para favorecer el entendimiento entre nuestros pueblos.;私、このお城にとどまりたいと思っております。+私の祖国と陛下の国の橋渡しがしたいのです。;저는 이 성에 머무르고자 합니다.  내 조국과 폐하의 나라 간에 가교 역할을 하고 싶습니다.;我愿意留在陛下的宫廷里，+以便我们的人民可以彼此理解。;我願意留在陛下的宮廷裏，+以便我們的人民可以彼此理解。;Ich bin bereit, an Eurem Hof zu bleiben, im Dienste der Verständigung zwischen unseren Völkern.;Я желаю остаться у вас при дворе, чтобы наладить понимание между нашими народами.;Sono disponibile a unirmi alla Vostra corte per facilitare la comprensione tra i nostri popoli.;Estou disposto a permanecer na corte para ajudá-lo na interação com o povo.;;;;;;;;;;;;;;;;;;;;;;;;;;;;;;;;;;;;;;;;;;;;;;;;;
126;end>dead_king_fire;<i>You're sentenced to be burnt alive. Your name is erased from books and buildings.</i>;<i>Diri diri yakılmaya mahkum ediliyorsunuz. Adınız kitaplardan ve anıtlardan siliniyor.</i>;<i>Vous êtes condamné à être brûlé vif. Votre nom est effacé des livres et des monuments.</i>;<i>Sois condenado a la hoguera. Vuestro nombre es eliminado de libros y monumentos.</i>;<i>国王は生きたまま火あぶりの刑に処され、+その名はあらゆる書物や碑文から+抹消された。</i>;<i>국왕은 산 채로 화형에 처해졌고  그 이름은 모든 책과 비문에서 말소되었다. </i>;<i>（你被判处火刑，将被活活烧死。+你的名字被完全从书籍和建筑物上抹去了。）</i>;<i>（你被判處火刑，將被活活燒死。+你的名字被完全從書籍和建築物上抹去了。）</i>;<i>Ihr werdet zum Flammentod verurteilt. Euer Name wird aus Büchern und von Gebäuden entfernt.</i>;<i>Вы приговорены к сожжению заживо. Ваше имя вычеркнуто из книг и табличек.</i>;<i>Siete condannato al rogo. Il Vostro nome viene cancellato da libri ed edifici.</i>;<i>Você é condenado à fogueira. Seu nome é apagado dos livros e das construções.</i>;;;;;;;;;;;;;;;;;;;;;;;;;;;;;;;;;;;;;;;;;;;;;;;;;
127;end>dead_king_dungeon;<i>You will languish in prison until people forget you ever existed.</i>;<i>İnsanlar varlığınızı unutana dek hapishanede çürüyeceksiniz.</i>;<i>Vous pourrissez en prison si longtemps que le peuple oublie jusqu'à votre existence.</i>;<i>Os pudrís en prisión durante tantísimo tiempo que el pueblo se olvida de vuestra existencia.</i>;<i>王は牢に幽閉され、+やがて民の記憶からも忘れ去られた。</i>;<i>왕은 감옥에 유폐되었으며 결국 백성으로부터도 잊혀졌다. </i>;<i>（你会在监狱里荒度余生，+直到被人民完全遗忘。）</i>;<i>（你會在監獄裏荒度餘生，+直到被人民完全遺忘。）</i>;<i>Ihr schmachtet im Gefängnis, bis Euer Volk vergessen hat, dass es Euch je gab.</i>;<i>Вы будете томиться в тюрьме, пока люди не забудут о том, что вы вообще были.</i>;<i>Languirete in prigione finché il popolo non avrà dimenticato la vostra esistenza.</i>;<i>Você definhará na prisão até sua existência cair no esquecimento.</i>;;;;;;;;;;;;;;;;;;;;;;;;;;;;;;;;;;;;;;;;;;;;;;;;;
128;end>dead_king_classic;<i>You die in your bed a couple of days later. Some people mourn you.</i>;<i>Birkaç gün sonra yatağınızda ölüyorsunuz. Halkınızın bir kısmı yas tutuyor.</i>;<i>Vous mourez dans votre lit quelques jours après. Quelques personnes vous regrettent.</i>;<i>Expiráis en vuestro lecho de muerte unos días más tarde. Unos cuantos velan vuestro cuerpo.</i>;<i>その数日後、王は自らの寝床で+息を引き取った。+一部の者は、その死を悲しんだという。</i>;<i>며칠 후, 왕은 침실에서 숨을 거뒀다.  그 죽음을 슬퍼하는 자도 있었다. </i>;<i>（几天后你死在了自己的床上。+一些民众对你表达了哀悼。）</i>;<i>（幾天後你死在了自己的床上。+一些民眾對你表達了哀悼。）</i>;<i>Wenige Tage später sterbt Ihr in Eurem Bett. Einige Leute trauern um Euch.</i>;<i>Вы умираете в своей постели через несколько дней. Многие вас оплакивают.</i>;<i>Morite nel Vostro letto un paio di giorni dopo. Qualcuno è in lutto.</i>;<i>Você morre em sua cama alguns dias depois. Alguns lamentam sua passagem.</i>;;;;;;;;;;;;;;;;;;;;;;;;;;;;;;;;;;;;;;;;;;;;;;;;;
129;end>dead_king_grand;<i>In the end, you die, mourned by all your subjects. Your name is praised, your tomb becomes a shrine. </i>;<i>Nihayetinde öldüğünüzde halkınız yasınızı tutuyor. Size methiyeler düzülüyor, mezarınız türbe oluyor.</i>;<i>Vos sujets portent le deuil cent jours, votre nom est glorifié, votre tombe devient un sanctuaire.</i>;<i>Todos vuestros súbditos velan vuestro cuerpo, vuestro nombre es glorificado, vuestra tumba se convierte en santuario.</i>;<i>やがて王は逝去し、+国民全員がその死を悲しんだ。+彼は死後も名君としてたたえられ、+墓所には礼拝堂が建設された。</i>;<i>이윽고 왕이 붕어하여, 국민 모두가 슬픔에 휩싸였다.  왕은 죽은 후에도 명군으로 추앙받아 묘소에는 예배당이 건설되었다. </i>;<i>（最终，您死了，+但举国上下都深切地缅怀着您。+您的名字为人民所颂扬，+您的墓场成为了圣地。）</i>;<i>（最終，您死了，+但舉國上下都深切地緬懷著您。+您的名字為人民所頌揚，+您的墓場成為了聖地。）</i>;<i>Ihr sterbt, betrauert von all Euren Untertanen. Man preist Euren Namen, Euer Grab wird ein Schrein. </i>;<i>Вы умираете, и все скорбят о вас. Ваше имя славят, а могила становится святилищем.</i>;<i>Alla fine, morite. Tutti i sudditi Vi piangono. Il Vostro nome viene acclamato, la Vostra tomba diventa un santuario.</i>;<i>No fim, você morre e causa grande lamento. Seu nome é louvado, e seu túmulo transformado em santuário.</i>;;;;;;;;;;;;;;;;;;;;;;;;;;;;;;;;;;;;;;;;;;;;;;;;;
130;end>dead_king_gangrene;<i>You die alone, rotting away in your bed.</i> ;<i>Tek başınıza, yatakta çürüyerek ölüyorsunuz.</i>;<i>Après une longue agonie vous mourez seul dans votre lit.</i>;<i>Después de una larga agonía morís solo en vuestro lecho.</i>;<i>王はひとり孤独に死を迎え、+その遺体は寝床の中で朽ち果てた。</i>;<i>왕은 혼자 고독하게 죽음을 맞이했고,  그 시신은 침상에서 부패하였다. </i>;<i>（你孤独地死去了，+慢慢腐烂在了自己的床上。）</i>;<i>（你孤獨地死去了，+慢慢腐爛在了自己的床上。）</i>;<i>Ihr siecht in Eurem Bett dahin und sterbt allein.</i>;<i>Вы умираете в одиночестве, сгнивая заживо в своей постели.</i>;<i>Morite in solitudine, decomponendovi nel Vostro letto.</i>;<i>Você morre sozinho, apodrecendo em sua cama.</i>;;;;;;;;;;;;;;;;;;;;;;;;;;;;;;;;;;;;;;;;;;;;;;;;;
131;anyone;The people are rebelling against the last vestiges of the Church. You have to escape!;Halk Kilise'den kalan her şeye isyan ediyor. Kaçmanız lazım!;Le peuple refuse l'autorité de l'Église et entame une révolution. Vous devez vous échapper !;El pueblo rechaza la autoridad de la Iglesia y se levanta en armas. ¡Debéis escapar!;教会の権威が弱まり、+もはや民の暴動を抑えることができません。+陛下も今すぐお逃げください！;교회의 권위가 약화되어  더 이상 백성의 폭동을 막을 수 없습니다.  폐하도 지금 도망치십시오!;人民掀起了+对教会残存势力的反叛。+快逃吧，陛下！;人民掀起了+對教會殘存勢力的反叛。+快逃吧，陛下！;Das Volk rebelliert gegen die letzten Reste der Kirche. Ihr müsst fliehen!;Люди восстают против того, что осталось от церкви. Вам нужно бежать!;Il popolo si sta ribellando contro gli ultimi residui della Chiesa. Dovete fuggire!;O povo está se rebelando contra os últimos vestígios da Igreja. Você precisa fugir!;What...;Ne...;Je...;¿Qué...?;なにィッ…！;뭐라고...!;什么...;什麼...;Was ...;Что…;Cosa…;O que...;;;;;;;;;;;;;What...;Ne...;Je...;Pues...;なにィッ…！;뭐라고...!;什么...;什麼...;Was ...;Что…;Cosa…;O que...;;;;;;;;;;;;;
132;priest;The cathedral will protect us against the mob my Lord. Join us in our prayers.;Katedralde kalabalıktan güvendeyiz, Lordum. Gelin dua edelim.;La cathédrale nous protégera contre les insurgés Monseigneur. Joignez-vous à nos prières.;La catedral nos protegerá de los insurgentes Mi Señor. Uníos a nosotros en nuestras oraciones.;大聖堂に避難すれば、+暴徒に襲われずに済みます！+さあ、ともに祈りましょう。;대성당으로 피난하면 폭도에게 습격받지 않을 것입니다!  자, 함께 기도합시다.;陛下，+大教堂能护佑我们免受暴民袭击。+请和我们一起祷告吧。;陛下，+大教堂能護佑我們免受暴民襲擊。+請和我們一起禱告吧。;In der Kathedrale sind wir vor der Menge sicher, Majestät. Schließt Euch unseren Gebeten an.;Собор защитит нас от толпы, милорд. Молитесь вместе с нами.;La Cattedrale ci proteggerà dalla folla, mio Signore. Unitevi a noi in preghiera.;A catedral nos protegerá contra a multidão, senhor. Junte-se a nós em oração.;;;;;;;;;;;;;;;;;;;;;;;;;;;;;;;;;;;;;;;;;;;;;;;;;
133;end>dead_king_paganist;<i>A pagan mob murdered you during your escape attempt.</i>;<i>Bir pagan kalabalığı kaçış girişiminiz esnasında sizi katlediyor.</i>;<i>Une foule assoiffée de liberté vous massacre lors de votre tentative d'évasion.</i>;<i>Una multitud sedienta de libertad os masacra durante vuestra tentativa de evasión.</i>;<i>王は逃亡を試みたが、+途中で異教の暴徒に襲われ、命を落とした。</i>;<i>왕은 도망가려 했지만  도중에 이교도인 폭도에게 습격당해 사망했다. </i>;<i>（在逃亡途中，+你被一名异教暴民杀害了。）</i>;<i>（在逃亡途中，+你被一名異教暴民殺害了。）</i>;<i>Eine heidnische Meute ermordet Euch bei Eurem Fluchtversuch.</i>;<i>Во время попытки бегства вас растерзала толпа язычников.</i>;<i>Una folla pagana Vi ha tolto la vita mentre cercavate di fuggire.</i>;<i>Uma multidão pagã assassinou você durante a tentativa de fuga.</i>;;;;;;;;;;;;;;;;;;;;;;;;;;;;;;;;;;;;;;;;;;;;;;;;;
134;priest;The Pope's armies are taking control of our Holy country. This is Heaven on Earth!;Papa'nın orduları Kutsal ülkemizin başına geçiyor. Cenneti Dünya'da yaşayacağız!;Les armées du Pape prennent le contrôle de ce pays Sacré. C'est le Paradis sur Terre !;Los ejércitos del Papa toman control del País Sagrado. ¡Es el paraíso en la tierra!;ただ今より、この聖なる国は+教皇軍の統治下に置かれます。+これぞまさに、地上の楽園！;교황군이 우리 거룩한 국가를 통치하고 있다.  바로 지상의 낙원이야!;教皇的军队正在接管我们神圣的国家。+啊啊，人间天国已出现了！;教皇的軍隊正在接管我們神聖的國家。+啊啊，人間天國已出現了！;Die Heere des Papstes übernehmen die Kontrolle über unser heiliges Land. Es ist der Himmel auf Erden!;Армия папы берет под контроль нашу Святую землю. Это же рай на земле!;Gli eserciti del Papa stanno prendendo il controllo della nostra santa terra. È il Paradiso in Terra!;Os exércitos do Papa estão assumindo o controle do nosso país sagrado. É o Céu na Terra!;What...;Ne...;Je...;¿Qué...?;なにィッ…！;뭐라고...!;什么...;什麼...;Was ...;Что…;Cosa…;O que...;;;;;;;;;;;;;What...;Ne...;Je...;Pues...;なにィッ…！;뭐라고...!;什么...;什麼...;Was ...;Что…;Cosa…;O que...;;;;;;;;;;;;;
135;dungeon>door_wall_dark;<i>They want to kill you! You run panicking into the depth of the castle, discovering places you never knew before.</i>;<i>Sizi öldürmek istiyorlar! Panikle kalenin derinliklerine kaçıyor, haberdar bile olmadığınız yerler keşfediyorsunuz.</i>;<i>Ils veulent vous tuer ! Vous courez dans les profondeurs du château, découvrant des étages inconnus.</i>;<i>¡Quieren mataros! Corréis hacia las profundidades del castillo, descubriendo niveles desconocidos.</i>;<i>「…殺される！」王はなりふり構わず、+城の地下へ逃げ込んだ。+そこには、王ですら存在を+把握していなかった地下牢があった。</i>;<i>왕은 자신을 죽이려는 자들을 피해  물불 가리지 않고 성의 지하로 도망쳤다.  거기에는 왕 자신도 몰랐던 지하감옥이 있었다. </i>;<i>（他们想要杀了你！+你惊恐地逃向城堡深处，+发现了很多你未曾知晓的地方。）</i>;<i>（他們想要殺了你！+你驚恐地逃向城堡深處，+發現了很多你未曾知曉的地方。）</i>;<i>Sie wollen Euch töten! Panisch lauft Ihr in die Tiefen der Burg hinab und entdeckt unbekannte Räume.</i>;<i>Они хотят убить вас! В панике вы убегаете вглубь замка, открывая неизвестные доселе уголки.</i>;<i>Vogliono uccidervi! In preda al panico, fuggite nelle profondità del castello, scoprendo posti che Vi erano sconosciuti.</i>;<i>Querem matá-lo! Você corre em pânico para as profundezas do castelo, descobrindo lugares desconhecidos.</i>;<i>Explore further</i>;<i>Devam et</i>;<i>Continuer</i>;<i>Continuar</i>;<i>（奥へ進む）</i>;<i>안쪽으로 나아간다.</i>;<i>（探索更深处）</i>;<i>（探索更深處）</i>;<i>Weiter erkunden</i>;<i>Продвигаться дальше</i>;<i>Continuare a esplorare</i>;<i>Explorar a fundo</i>;;;;;;;;;;;;;<i>Turn around</i>;<i>Geri dön</i>;<i>Rebrousser chemin</i>;;<i>（引き返す）</i>;<i>되돌아간다.</i>;<i>（转身）</i>;<i>（轉身）</i>;<i>Umkehren</i>;<i>Развернуться</i>;<i>Tornare indietro</i>;<i>Dar meia volta</i>;;;;;;;;;;;;;
136;end>dead_king_tearappart;<i>The Church decided you would make a great martyr. They tore you limb from limb.</i>;<i>Kilise sizden harika şehit olacağına karar verdi. Sizi paramparça ettiler.</i>;<i>L'Église décida que vous feriez un excellent martyr. Ils vous écartelèrent morceau par morceau.</i>;<i>La Iglesia ha decidido que sois el mártir perfecto. Os cortan en pedacitos. </i>;<i>教会は、王を殉教者に祭り上げた。+王の体は手足をもがれ、複数に分断された。</i>;<i>교회는 왕을 순교자로 추대했다.  왕의 몸은 손발이 갈기갈기 찢겼다. </i>;<i>（教会认为你是一个极佳的殉道者。+他们把你肢解掉了。）</i>;<i>（教會認為你是一個極佳的殉道者。+他們把你肢解掉了。）</i>;<i>Die Kirche beschließt, Euch zum Märtyrer zu machen. Man reißt Euch in Stücke.</i>;<i>Церковь сочла, что из вас получится прекрасный мученик. Они разорвали вас пополам.</i>;<i>La Chiesa ha stabilito che il martirio Vi si addice. Vi uccidono strappandovi arto dopo arto.</i>;<i>A Igreja decidiu que você seria um grande mártir. Eles lhe arrancam todos os membros.</i>;;;;;;;;;;;;;;;;;;;;;;;;;;;;;;;;;;;;;;;;;;;;;;;;;
137;anyone;Invading armies are at our door! The army is too weak to do anything.;İşgalci ordular kapımıza dayandı! Ordumuz hiçbir şey yapamayacak kadar zayıf.;Les soldats étrangers sont aux portes de la capitale ! Notre armée est dans un état trop lamentable pour réagir.;¡Los soldados extranjeros están a las puertas de la capital! Nuestro ejército se encuentra en un estado demasiado lamentable.;侵略軍が城門まで迫っています！+わが軍には、もはやこれを+退ける力がありません！;침략군이 성문까지 다가오고 있습니다! 우리 군은 더 이상 물리칠 힘이 없습니다!;入侵的敌军已兵临城下！+我们的军队太过贫弱，毫无反抗之力。;入侵的敵軍已兵臨城下！+我們的軍隊太過貧弱，毫無反抗之力。;Invasionsheere stehen vor den Toren der Stadt! Unsere Armee ist zu schwach, um etwas zu unternehmen.;Захватчики на пороге! Армия слишком слаба, чтобы сопротивляться.;Invasori alle porte! Il nostro esercito è troppo debole per reagire.;Os exércitos invasores estão à sua porta! Seu exército é fraco demais para reagir.;What...;Ne...;Je...;Pues...;なにィッ…！;뭐라고...!;什么...;什麼...;Was ...;Что…;Cosa…;O que...;;;;;;;;;;;;;What...;Ne...;Je...;Pues...;なにィッ…！;뭐라고...!;什么...;什麼...;Was ...;Что…;Cosa…;O que...;;;;;;;;;;;;;
138;general;The fortifications are repelling the enemy! They're gone, but we need to rally the population to repair the gates.;Tahkimatlar düşmanı püskürtüyor! Düşmanı kovduk, ama kapıların tamiri için halkı toplamamız gerekiyor.;Les fortifications ont repoussé l'ennemi ! Enrôlons la population pour réparer les dégâts.;¡Las fortificaciones han detenido el avance enemigo! Enrolemos más población para reparar los estragos.;城壁のおかげで、敵の侵入を防ぐことが+できました。敵軍は撤退しましたが、+門の修理をする要員を+徴兵する必要があります。;성벽 덕분에 적의 침입을 막을 수 있었습니다.  적군은 철수했지만 성문을 수리하려면 인원을 차출해야 합니다.;我们的防御工事成功抵御了敌军的进攻！+他们撤离了，+但是我们需要聚集人力来修缮城门。;我們的防禦工事成功抵禦了敵軍的進攻！+他們撤離了，+但是我們需要聚集人力來修繕城門。;Die Befestigungen wehren den Feind ab! Er ist weg, aber jetzt muss die Bevölkerung die Tore reparieren.;Укрепления отбили натиск врага. Они ушли, но нужно привлечь жителей к ремонту ворот.;Le fortificazioni respingono il nemico! Se ne sono andati, ma dobbiamo arruolare il popolo per riparare le porte.;As fortificações repeliram o inimigo! Eles se foram, mas o povo precisa se alistar para consertar os portões.;;;;;;;;;;;;;;;;;;;;;;;;;;;;;;;;;;;;;;;;;;;;;;;;;
139;end>dead_king_overdose;<i>You're poisoned by <rival>, your treacherous brother-in-law, who was working for the invaders all this time.</i>;<i>Hain kayınbiraderiniz <rival> sizi zehirledi. En başından beri işgalciler adına çalışıyordu.</i>;<i>Vous êtes empoisonné par <rival>, votre traître de beau-frère, qui travaillait secrètement pour les envahisseurs.</i>;<i>Sois envenenado por <rival>, vuestro cuñado traidor, que trabajaba en secreto para los invasores.</i>;<i>王は<rival>に毒殺された。+<rival>は王の義弟だが、+長きにわたり侵略軍と手を組んでいた+裏切り者である。</i>;<i>왕은 <rival>에 의해 독살되었다.  왕의 처남으로, 오랫동안 침략군과 손을 잡아 온 배신자다. </i>;<i>（你被<rival>毒死了，+下毒的人是你那奸诈的姐夫，+他一直以来都在为侵略者工作。）</i>;<i>（你被<rival>毒死了，+下毒的人是你那奸詐的姐夫，+他一直以來都在為侵略者工作。）</i>;<i><rival>, Euer tückischer Schwager, steckt mit den Invasoren unter einer Decke und vergiftet Euch.</i>;<i><rival>, ваш вероломный сводный брат отравил вас. Все это время он работал на врага.</i>;<i>Venite avvelenato da <rival>, il Vostro cognato traditore, che ha collaborato con gli invasori per tutto questo tempo.</i>;<i>Você é envenenado por <rival>, seu meio-irmão, que sempre esteve do lado dos invasores.</i>;;;;;;;;;;;;;;;;;;;;;;;;;;;;;;;;;;;;;;;;;;;;;;;;;
140;end>dead_king_army;<i>You lead the last remnants of your army and die on the steps of the throne.</i>;<i>Ordunuzdan kalanlara önderlik edip tahtın basamakları önünde ölüyorsunuz.</i>;<i>Vous prenez la tête des quelques soldats encore fidèles à la couronne, et mourez sur les marches du trône.</i>;<i>Acompañado por los últimos soldados fieles a la Corona, morís en las escaleras del trono.</i>;<i>王はわずかに残った軍を率いて+最後の抵抗を試みたが、+玉座前の階段で敵兵に殺害された。</i>;<i>왕은 남아 있던 군대를 이끌고 마지막으로 저항하려 했지만 왕좌 앞 계단에서 적병에게 살해당했다. </i>;<i>（你率领最后的将士顽强奋战，+最终战死在了王座前的阶梯上。）</i>;<i>（你率領最後的將士頑強奮戰，+最終戰死在了王座前的階梯上。）</i>;<i>Ihr führt die letzten Reste Eures Heeres an und sterbt auf den Stufen des Throns.</i>;<i>Вы ведете в бой остатки армии и погибаете у пьедестала трона.</i>;<i>Guidate quel che resta del vostro esercito e morite ai piedi del trono.</i>;<i>Você lidera o que restou do exército e morre nos degraus do trono.</i>;;;;;;;;;;;;;;;;;;;;;;;;;;;;;;;;;;;;;;;;;;;;;;;;;
141;general;This is a coup! Surrender your power to me at once!;Bu bir darbedir! Hemen teslim ol!;C'est un coup d'état ! Donnez-moi le pouvoir à l'instant !;¡Golpe de estado! ¡Entregad el poder inmediatamente!;クーデターだ！全権を私に譲り渡してもらう！;쿠데타가 일어났습니다!  전권을 제게 넘기십시오!;这是政变！+立刻把你的权力移交给我！;這是政變！+立刻把你的權力移交給我！;Das ist ein Staatsstreich! Übergebt mir sofort die Macht!;Это переворот! Отрекись от престола в мою пользу!;Questo è un colpo di stato! Consegnatemi immediatamente il potere!;Isso é um golpe! Renda-se perante a mim imediatamente!;What...;Ne...;Je...;Pues...;なにィッ…！;뭐라고...!;什么...;什麼...;Was ...;Что…;Cosa…;O que...;;;;;;;;;;;;;What...;Ne...;Je...;Pues...;なにィッ…！;뭐라고...!;什么...;什麼...;Was ...;Что…;Cosa…;O que...;;;;;;;;;;;;;
142;end>dead_king_hang;<i><general> is quickly overthrown by <prince> who, even more quickly, hangs you. Your own son.</i>;<i><general> hızlıca <prince> tarafından devriliyor, o da sizi daha da hızlıca asıyor. Kendi oğlunuz.</i>;<i><general> est vite renversé par <prince> qui vous condamne immédiatement à la pendaison. Votre propre fils.</i>;<i><general> es rápidamente sustituido por <prince> quien, aún más rápido, os condena a la horca. Vuestro propio hijo.</i>;<i>謀反人の<general>は+<prince>に捕らえられた。+続いて王子は、自らの父である+王に死刑を宣告した。</i>;<i>역모를 꾸민 <general>은 <prince>에 의해 즉시 체포되었다. 왕자는 그보다 잽싸게 친아버지인 왕에게 사형을 선고했다. </i>;<i>（<general>的政权+很快就被<prince>给推翻了，+不过他有件事做得更加果决，+那就是吊死你。+没错，你亲儿子下的手。）</i>;<i>（<general>的政權+很快就被<prince>給推翻了，+不過他有件事做得更加果決，+那就是吊死你。+沒錯，你親兒子下的手。）</i>;<i><general> wird rasch von <prince> gestürzt, der Euch zum Tod am Galgen verurteilt. Euer eigener Sohn!</i>;<i><general> быстро свергнут. А тот, кто это сделал, <prince>, клянется, что повесит вас. И это ваш сын.</i>;<i><general> viene presto spodestato da <prince>, il quale, ancora più velocemente, procede ad impiccarvi. Il sangue del Vostro sangue.</i>;<i><general> é dominado por <prince> que, sem pestanejar, condena-o à forca. Seu próprio filho.</i>;;;;;;;;;;;;;;;;;;;;;;;;;;;;;;;;;;;;;;;;;;;;;;;;;
143;end>dead_king_decapitation;<i>You're the final victim of the mysterious murderer of the dungeon.</i>;<i>Zindandaki gizemli katilin son kurbanı siz oluyorsunuz.</i>;<i>Vous êtes l'ultime victime du mystérieux meutrier du donjon.</i>;<i>Sois la víctima final del misterioso asesino de la mazmorra.</i>;<i>王は、地下牢での謎の連続殺人の+最後の犠牲者となった。</i>;<i>왕은 수수께끼의 지하감옥 연쇄살인의 마지막 희생자가 되었다. </i>;<i>（你成为了地下城神秘杀手+的最后一名受害者。）</i>;<i>（你成為了地下城神秘殺手+的最後一名受害者。）</i>;<i>Ihr werdet zum letzten Opfer des geheimnisvollen Verliesmörders.</i>;<i>Вы становитесь последней жертвой таинственного убийцы из подземелья.</i>;<i>Siete l'ultima vittima del misterioso assassino della prigione.</i>;<i>Você é a última vítima do misterioso assassino da masmorra.</i>;;;;;;;;;;;;;;;;;;;;;;;;;;;;;;;;;;;;;;;;;;;;;;;;;
144;end>dead_king_dungeon;<i>The army locks you up in the tallest tower of the castle where you will decay to rags and bones.</i>;<i>Ordu sizi kalenin en yüksek kulesine hapsediyor, orada bir deri bir kemik çürüyorsunuz.</i>;<i>L'armée vous enferme dans la tour la plus inaccessible du château où vous périssez lentement mais sûrement.</i>;<i>El ejército os encierra en la torre más inaccesible del castillo donde morís lenta pero inevitablemente.</i>;<i>謀反を起こした兵士たちは、+王を城内で最も高い塔に幽閉し、+骨になるまで捨て置いた。</i>;<i>모반을 일으킨 병사들은 왕을 성 안에서 가장 높은 탑에 유폐시키고 백골이 될 때까지 방치했다. </i>;<i>（军方把你关进城堡最高的瞭望塔，+任你在里头慢慢腐烂，+直到只剩下褴褛的衣衫和骨头。）</i>;<i>（軍方把你關進城堡最高的瞭望塔，+任你在裏頭慢慢腐爛，+直到只剩下襤褸的衣衫和骨頭。）</i>;<i>Die Armee sperrt Euch in den höchsten Turm der Burg, bis Ihr nur noch aus Lumpen und Knochen besteht.</i>;<i>Армия закрывает вас в самой высокой башне замка, где вы истлеете до костей и лохмотьев.</i>;<i>L'esercito Vi rinchiude nella torre più alta del castello, dove perirete lentamente.</i>;<i>O exército trancafia você na torre mais alta do castelo, onde definhará até virar pele e osso.</i>;;;;;;;;;;;;;;;;;;;;;;;;;;;;;;;;;;;;;;;;;;;;;;;;;
145;anyone;Your people are famished and unrest is spreading.;Halkınız kurtlar gibi aç, huzursuzluk yayılıyor.;Le peuple est pauvre et affamé. Les troubles se multiplient.;El pueblo está hambriento y empobrecido. Los problemas se multiplican.;飢えに苦しむ民が暴動を起こしました。+もう手に負えません！;굶주린 백성들이 폭동을 일으켰습니다. 이제 걷잡을 수 없습니다!;你的人民饱受饥荒之苦，+动荡之势正四处扩散。;你的人民飽受饑荒之苦，+動盪之勢正四處擴散。;Euer Volk ist ausgehungert und Unruhen breiten sich aus.;Ваш народ голодает, распространяется недовольство.;Il Vostro popolo è affamato e il malcontento si diffonde.;Seu povo está faminto, e a agitação é crescente.;What...;Ne...;Je...;Pues...;なにィッ…！;뭐라고...!;什么...;什麼...;Was ...;Что…;Cosa…;O que...;;;;;;;;;;;;;What...;Ne...;Je...;Pues...;なにィッ…！;뭐라고...!;什么...;什麼...;Was ...;Что…;Cosa…;O que...;;;;;;;;;;;;;
146;end>dead_king_gangrene;<i>The plague has finally entered the castle where it is quite effective at wiping out a large part of the court, you included.</i>;<i>Veba nihayet kaleye giriş yaptı ve sarayın büyük bir kısmını başarıyla ortadan kaldırdı. Siz dahil.</i>;<i>La peste finit par pénétrer dans le château, décimant avec efficacité une grande partie de la cour, vous y compris.</i>;<i>La peste entra finalmente en el castillo, y acaba de un plumazo con gran parte de la Corte, vos mismo incluido.</i>;<i>疫病はついに、+城内でも猛威を振るいはじめた。+多くの家臣と、王自身も、病に屈した。</i>;<i>역병은 마침내 성 안에도 급속히 퍼지기 시작했고  많은 이들이 희생되었다. 왕 자신을 포함해서. </i>;<i>（瘟疫最终传播进了城堡，+宫廷中的大部分人都感染瘟疫死去了，+你也未能幸免。）</i>;<i>（瘟疫最終傳播進了城堡，+宮廷中的大部分人都感染瘟疫死去了，+你也未能倖免。）</i>;<i>Schließlich erreicht die Pest die Burg, wo sie einen großen Teil des Hofes rasch dahinrafft, auch Euch.</i>;<i>В конце концов чума добралась до замка и выкосила большую часть двора, вас в том числе.</i>;<i>Infine, la pestilenza arriva all'interno del castello, dove si dimostra molto efficace nel far fuori metà della corte, incluso Voi.</i>;<i>A praga finalmente penetrou o castelo e dizima impiedosamente grande parte da corte, inclusive você.</i>;;;;;;;;;;;;;;;;;;;;;;;;;;;;;;;;;;;;;;;;;;;;;;;;;
147;farmer;The barn will provide food! Please bring reinforcements or we will be overwhelmed by the most desperate!;Ambar yemek ihtiyacını karşılayacak, ama lütfen takviye kuvvet gönderin yoksa gözü dönmüşler bizi ezecek!;La grange commune peut contenir la famine, mais on a besoin de l'armée ! On est submergés par les plus nécessiteux !;La granja comunal puede detener el hambre pero... necesitamos al Ejército. ¡El pueblo está desesperado!;納屋には食糧を蓄えてあります！+すぐに警備の兵を寄こしてください！+飢えた者たちが詰めかけると危険です！;창고에 식량을 비축해 두었습니다!  바로 경비병력을 보내십시오!  굶주린 자들이 몰려들면 위험합니다!;谷仓能够提供粮食！+请向我们提供援助，+不然我们会被绝望的饥民淹没的！;穀倉能夠提供糧食！+請向我們提供援助，+不然我們會被絕望的饑民淹沒的！;In der Scheune ist genug Nahrung! Bitte schickt Verstärkung, sonst überwältigen uns die Verzweifelten!;Амбар обеспечит жителей пищей! Прошу, пришлите подкрепление, или нас сметут самые отчаянные!;Il granaio fornirà cibo! Inviate dei rinforzi però, altrimenti verremo travolti dai più disperati!;O celeiro fornecerá comida! Traga-me reforços, ou os mais desesperados nos atropelarão!;;;;;;;;;;;;;;;;;;;;;;;;;;;;;;;;;;;;;;;;;;;;;;;;;
148;end>dead_king_torture;<i>You're horribly tortured by the mob to reveal where you hide the treasure.</i>;<i>Hazineyi nereye sakladığınızı söylemeniz için kalabalık size korkunç işkenceler yapıyor.</i>;<i>Vous êtes torturé par les leaders de l'insurrection pour vous faire avouer l'emplacement du trésor.</i>;<i>Sois cruelmente torturado por los líderes de la insurrección. Quieren saber dónde está escondido el tesoro.</i>;<i>詰めかけた暴徒は王を容赦なく拷問し、+秘密の宝のありかについて問いただした。</i>;<i>몰려든 폭도들은 왕을 무자비하게 고문하여  보물을 숨긴 곳에 대해 물었다. </i>;<i>（暴民为了得知你藏宝之地，+惨无人道地折磨了你。）</i>;<i>（暴民為了得知你藏寶之地，+慘無人道地折磨了你。）</i>;<i>Die Menge foltert Euch grausam, um zu erfahren, wo Ihr die Schätze versteckt habt.</i>;<i>Толпа подвергает вас ужасным пыткам, чтобы вызнать, где вы прячете сокровища.</i>;<i>Venite orrendamente torturato dalla folla fino a che non rivelate dove nascondete il tesoro.</i>;<i>Você é terrivelmente torturado pela multidão para revelar o local do tesouro.</i>;;;;;;;;;;;;;;;;;;;;;;;;;;;;;;;;;;;;;;;;;;;;;;;;;
149;end>dead_king_bird;<i>The castle is ransacked, your court disperses and you're left with pigeons to rule over.</i>;<i>Kale yağmalanıyor ve saray halkı dağılıyor. Nihayetinde güvercinlere krallık yapıyorsunuz.</i>;<i>Le château est mis à sac, votre cour se disperse et il ne vous reste que des pigeons à gouverner.</i>;<i>El castillo es saqueado, vuestra corte se dispersa y solo os quedan como últimos súbditos las palomas.</i>;<i>城は暴徒に荒らされ、+家臣たちも散り散りになった。+王のもとに残ったのは、数羽の鳩だけだった。</i>;<i>성은 폭도에게 점령당해 신하들도 뿔뿔이 흩어졌다. 왕에게 남은 건 비둘기 몇 마리 뿐이었다. </i>;<i>（城堡被洗劫一空，+你的群臣四散逃逸，+你能统治的只剩下鸽子了。）</i>;<i>（城堡被洗劫一空，+你的群臣四散逃逸，+你能統治的只剩下鴿子了。）</i>;<i>Die Burg wird geplündert, Euer Hofstaat zerstreut sich und Ihr herrscht nur noch über Tauben.</i>;<i>Замок разграблен, придворные разбежались, вам остается править голубями.</i>;<i>Il castello viene saccheggiato, la corte si disperde e Voi venite lasciato a governare sui piccioni.</i>;<i>O castelo é saqueado, a corte é dispersada, e só lhe restam pombos como súditos.</i>;;;;;;;;;;;;;;;;;;;;;;;;;;;;;;;;;;;;;;;;;;;;;;;;;
150;anyone;It's anarchy in the streets my Lord! A large mob is breaking into the castle!;Sokaklarda anarşi var, Lordum! Genişçe bir kalabalık kaleye zorla girmek üzere!;C'est l'anarchie dans les rues Monseigneur ! Les insurgés forcent les portes du château !;¡Ahí fuera es la anarquía Señor! ¡Los insurgentes fuerzan las puertas del castillo! ;町で大規模な暴動が起き、+暴徒たちが城門を破ろうとしています！;도시에서 대규모 폭동이 일어나 폭도들이 성문을 부수려 하고 있습니다!;陛下呀，城镇已经进入无政府状态！+大伙暴民正在袭击我们的城堡！;陛下呀，城鎮已經進入無政府狀態！+大夥暴民正在襲擊我們的城堡！;Auf den Straßen herrscht Anarchie, Majestät! Aufständische dringen in die Burg vor!;На улицах анархия, милорд! Огромная толпа почти прорвалась в замок!;Nelle strade vige l'anarchia, mio Signore! Una vasta folla sta forzando le porte del castello!;A cidade foi tomada pela anarquia! Uma grande multidão está invadindo o castelo!;What...;Ne...;Je...;Pues...;なにィッ…！;뭐라고...!;什么...;什麼...;Was ...;Что…;Cosa…;O que...;;;;;;;;;;;;;What...;Ne...;Je...;Pues...;なにィッ…！;뭐라고...!;什么...;什麼...;Was ...;Что…;Cosa…;O que...;;;;;;;;;;;;;
151;nun;Let me handle this. Most of the leaders have been through my school.;Bunu ben halledebilirim. Liderlerin çoğu benim okulumdan çıkma.;Laissez-moi m'en occuper. La plupart de leurs chefs sont passés par mon école.;Dejadme que me ocupe yo. La mayoría de sus líderes han sido alumnos míos.;私にお任せください。暴動の主導者の多くは、+学校で私の教え子だった者たちです。;제게 맡겨 주십시오.  폭동의 주동자 대부분은 저의 제자들입니다.;让我来解决这件事吧。+大部分领袖都是从我的学校毕业的。;讓我來解決這件事吧。+大部分領袖都是從我的學校畢業的。;Lasst mich das machen. Die meisten ihrer Anführer waren auf meiner Schule.;Я разберусь с этим. Большинство лидеров учились в школе.;Lasciate che me ne occupi io. La maggioranza dei capi della rivolta sono stati miei scolari.;Deixe-me cuidar disso. A maioria dos líderes passaram por minha escola.;;;;;;;;;;;;;<i><nun> chastises the leaders of the mob vehemently, emphasizing their lack of manners. Strangely, it works.</i>;<i><nun> kalabalığın liderlerini şiddetle azarlıyor, edepsiz hareketlerine vurguda bulunuyor. Tuhaf ama işe yarıyor.</i>;<i><nun> fit ensuite la leçon aux leaders des insurgés, en leur reprochant leurs manières exécrables. Ça fonctionna.</i>;<i><nun> da una lección a los líderes de los insurgentes, reprochándoles sus malas maneras. Parece que funciona.</i>;<i><nun>は厳しい口調で+暴動の主導者たちをしかりつけた。+礼儀がなっていないとしかられた彼らは、+意外にもおとなしくなった。</i>;<i><nun>는 엄격한 어조로 폭동 주동자들을 꾸짖었다. 예의가 없다고 꾸짖자 의외로 금방 얌전해졌다. </i>;<i>（<nun>愤怒地指责了+暴民的领袖，+批评他们粗鲁无礼。+奇怪的是，他们似乎听从了指责。）</i>;<i>（<nun>憤怒地指責了+暴民的領袖，+批評他們粗魯無禮。+奇怪的是，他們似乎聽從了指責。）</i>;<i><nun> schimpft energisch mit den Anführern der Menge und geißelt ihr schlechtes Benehmen. Seltsamerweise funktioniert das.</i>;<i><nun> взывает к лидерам толпы, сетуя на недостаток их манер. Работает, как ни странно.</i>;<i><nun> dà una strigliata ai capi degli insorti, sottolineando la loro mancanza di buone maniere. Stranamente, funziona.</i>;<i><nun> castiga os líderes da multidão com punho firme, enfatizando a falta de moral. Estranhamente, funciona.</i>;;;;;;;;;;;;;;;;;;;;;;;;;
152;end>dead_king_classic;<i>Your reign ends there but no one harms you. You die many years later praised and well remembered.</i>;<i>Saltanatınız son buluyor ama size zarar verilmiyor. Nice yıllar sonra öldüğünüzde size methiyeler düzülüyor, iyi hatırlanıyorsunuz.</i>;<i>Votre règne se termine ici mais personne n'ose s'en prendre à vous. Vous mourrez bien des années plus tard.</i>;<i>Vuestro reino se termina aquí pero nadie se atreve a tocaros. Morís varios años después.</i>;<i>王の治世は幕を下ろしたが、+退位後の彼に手出しする者はいなかった。+前王はそれから何年も平穏な余生を過ごし、+死後も末永く名君としてたたえられた。</i>;<i>왕은 퇴위하였으나 이후에도 왕에게 해를 가하는 자는 없었다. 평온한 여생을 보내고 몇 년 뒤 붕어 후에도 오랫동안 명군으로 칭송받았다. </i>;<i>（您的统治终结了，+但是没有人伤害您。+多年以后，当您离世之时，+人民仍然铭记并称颂着您的功德。）</i>;<i>（您的統治終結了，+但是沒有人傷害您。+多年以後，當您離世之時，+人民仍然銘記並稱頌著您的功德。）</i>;<i>Eure Herrschaft endet hier, aber niemand rührt Euch an. Angesehen sterbt Ihr viele Jahre später.</i>;<i>Ваше правление окончено, но вас никто не трогает. Вы умираете позже, вас поминают добрым словом.</i>;<i>Il Vostro regno termina qui, ma nessuno vi fa del male. Morite anni dopo, lodato e ricordato con favore.</i>;<i>Seu reino acaba por aí, mas ninguém o toca. Você morre muitos anos depois, louvado e bem recordado.</i>;;;;;;;;;;;;;;;;;;;;;;;;;;;;;;;;;;;;;;;;;;;;;;;;;
153;end>dead_king_window;<i>The mob is increasingly violent and has set fire to your apartments. You die jumping from the window.</i>;<i>Kalabalık gittikçe vahşileşiyor ve odalarınızı ateşe veriyor. Pencereden atlayıp ölüyorsunuz.</i>;<i>La foule, de plus en plus violente, met le feu à vos appartements. Vous sautez par la fenêtre et vous vous écrasez.</i>;<i>La multitud, cada vez más violenta, prende fuego a vuestros aposentos. Saltáis por la ventana y os escalabráis.</i>;<i>暴動は日に日に悪化し、+ついには王の寝室に火が放たれた。+王は窓から飛び降りて命を落とした。</i>;<i>폭동은 나날이 악화되어 마침내 왕의 침실이 불에 휩싸였다. 왕은 창문에서 뛰어내려 목숨을 잃었다. </i>;<i>（暴民变得越来越凶残，+他们烧掉了你的居室。+你从窗子里跳出去摔死了。）</i>;<i>（暴民變得越來越兇殘，+他們燒掉了你的居室。+你從窗子裏跳出去摔死了。）</i>;<i>Die immer gewalttätigere Menge steckt Eure Gemächer in Brand. Ihr sterbt beim Sprung aus dem Fenster.</i>;<i>Толпа свирепствует и поджигает ваши покои. В поисках спасения вы разбиваетесь, выпрыгнув из окна.</i>;<i>La folla si fa sempre più violenta e dà fuoco ai vostri appartamenti. Morite saltando dalla finestra.</i>;<i>A multidão fica cada vez mais violenta e ateia fogo nos seus aposentos. Você morre ao pular da janela.</i>;;;;;;;;;;;;;;;;;;;;;;;;;;;;;;;;;;;;;;;;;;;;;;;;;
154;jester;I can get us out of the castle safely, but of course we will have to play Red Dwarf for it!;Bizi kaleden güvenle çıkarabilirim ama bunun için elbette Kızıl Cüce oynamamız gerekecek!;Je peux vous sortir de là mais bien sûr, il va falloir qu'on joue votre survie au Nain Rouge !;¡Puedo sacaros de aquí pero vamos a tener que jugarnos vuestra supervivencia al Enano Rojo!;お城の外に出られる秘密の抜け道、+オイラ知ってるよ。+オイラといっしょに逃げたかったら、+サイコロで賭けをしよう！;성 밖으로 나올 수 있는 숨겨진 길을 내가 알고 있어.  나랑 같이 도망가고 싶으면 주사위로 내기를 하자!;我可以把大家安全地转移出城堡，+但是理所当然的，+我们要玩红矮人才行！;我可以把大家安全地轉移出城堡，+但是理所當然的，+我們要玩紅矮人才行！;Ich kann uns sicher aus der Burg bringen, aber natürlich müsst Ihr dafür erst eine Runde Roter Zwerg gewinnen!;Я могу безопасно вывести нас из замка, но вам придется выиграть в Красного карлика!;Posso farvi uscire dal castello in tutta sicurezza, ma ovviamente in cambio dobbiamo giocare a Nano rosso!;Posso nos tirar do castelo em segurança, mas é óbvio que, para isso, teremos que jogar Anã Vermelha!;You're nuts;Delisin sen;Tu es fou;Estás loco;やれやれ…;어리석군...;你已经失去理智;你已經失去理智;Ihr seid verrückt;Ты чокнулся;Sei matto;Você é louco;;;;;;;;;;;;;;;;;;;;;;;;;;;;;;;;;;;;;
155;jester>throw;A royal head is at stake! Are you happy with that throw?;Asil bir kelle tehlikede! Bu atıştan memnun musun?;Une tête couronnée est en jeu ! Je révèle les dés maintenant où je relance ?;¡La corona real está en juego! ¿Destapo los dados o tiramos otra vez?;陛下の首がかかってるよ！+この一投で決めていいの？;폐하의 목이 달려 있어! 이거 한 번으로 결정해도 되나?;忠义之士被绑上了火刑柱。+你会因此开心吗？;忠義之士被綁上了火刑柱。+你會因此開心嗎？;Ein gekröntes Haupt steht auf dem Spiel! Seid Ihr zufrieden mit diesem Wurf?;Королевская голова на кону! Ты рад такому броску?;C'è in gioco una testa reale! Siete soddisfatto del lancio?;Uma cabeça real está em jogo! Consegue lidar com tamanha pressão?;;;;;;;;;;;;;<i><jester> slowly lifts the goblet, revealing two dice...</i>;<i><jester> kadehi yavaşça kaldırıyor, altında iki zar var...</i>;<i><jester> lève lentement le goblet, révélant deux dés...</i>;<i><jester> levanta levemente el cubilete, revelando los dados...</i>;<i><jester>は、+ゆっくりとゴブレットを持ち上げた。+サイコロの目は…</i>;<i><jester>는 천천히 잔을 들었다. 주사위는...</i>;<i>（<jester>慢慢翻开了酒杯，+骰子点数为两点……）</i>;<i>（<jester>慢慢翻開了酒杯，+骰子點數為兩點……）</i>;<i><jester> hebt langsam den Becher und zwei Würfel kommen zum Vorschein ...</i>;<i><jester> медленно поднимает кубок, под которым две игровых кости…</i>;<i><jester> solleva lentamente la coppa, rivelando due dadi...</i>;<i><jester> levanta o cálice lentamente, revelando dois dados...</i>;Re-roll;Tekrar at;Relance;Tira otra vez...;もう一度振る;다시 굴린다.;重掷骰子;重擲骰子;Würfelt neu;Перебросить;Rilancia;Role novamente;;;;;;;;;;;;;
156;jester>won;Even! You won my Lord, you will live!;Çift! Kazandın Lordum, yaşayacaksın!;Pair ! Vous avez gagné Monseigneur, vous allez vivre !;¡Pares! ¡Habéis ganado Mi Señor, vais a vivir!;偶数！陛下の勝ちだ！+これで死なずに済むよ～。あ～よかった！;짝수! 폐하가 승리하셨군!  안 죽어도 되겠어~. 아~ 다행이야!;偶数！您赢了，+陛下，您会活下去！;偶數！您贏了，+陛下，您會活下去！;Gerade! Ihr habt gewonnen, Majestät, und sollt leben!;Чет! Милорд, вы выиграли, вы будете жить!;Pari! Avete vinto, mio Signore, vivrete!;Par! Você ganhou, senhor, e viverá!;Thank you!;Sağ ol!;Merci !;¡Gracias!;助かった！;고맙네!;感谢你！;感謝你！;Danke!;Спасибо!;Grazie!;Obrigado!;;;;;;;;;;;;;Not nuts, totally insane;Değil değil, komple manyaksın;Pas fou, dingue;Loco no, demente;そなた、+相当イカれておるな…;어리석은 게 아니라 미쳤군...;何止是神经病，简直是丧心病狂;何止是神經病，簡直是喪心病狂;Nicht verrückt ... wahnsinnig;Не чокнулся, а совсем обезумел;Non matto, fuori di testa;Louco não, totalmente insano;;;;;;;;;;;;;
157;jester>lost;Odd! I won and so we die. Let's carry on our game in hell.;Tek! Ben kazandım, öleceğiz. Oyunumuza cehennemde devam ederiz.;Impair ! Je gagne et donc nous mourrons. Continuons cette partie en enfer.;¡Nones! Yo gano y por tanto morimos. Continuemos esta partida en el infierno.;奇数だ！オイラの勝ち！+オイラも陛下も、おしまいだ～♪+もしも不満があるのなら～+地獄でオイラとリベンジマッチ～♪;홀수야! 내가 이겼어!  나도 폐하도 끝이라네~♪  불만이 있으시다면야~ 지옥에서 나랑 복수전이라도 하시지~♪;奇数！我赢了，所以我们就得死咯。+让我们下到地狱后再继续玩吧。;奇數！我贏了，所以我們就得死咯。+讓我們下到地獄後再繼續玩吧。;Ungerade! Ich habe gewonnen, also sterben wir. Lasst uns in der Hölle weiterspielen.;Нечет! Я выиграл, поэтому мы умрем. Продолжим партию в аду.;Dispari! Ho vinto io, quindi moriremo. Continueremo la partita all'inferno.;Ímpar! Eu ganhei, portanto morreremos. Continuemos esse jogo no inferno.;Not nuts, insane;Deli değil, manyaksın;Pas fou, dingue;Loco no, demente;そなた、相当+イカれておるな…;어리석은 게 아니라 미쳤군...;何止是失去理智，简直丧心病狂;何止是失去理智，簡直喪心病狂;Nicht verrückt ... wahnsinnig;Не чокнулся, обезумел;Non matto, fuori di testa;Louco não, insano;;;;;;;;;;;;;No!;Hayır!;Non !;¡No!;そんな話は認めぬ！;인정할 수 없다!;不！;不！;Nein!;Нет!;No!;Não!;;;;;;;;;;;;;
158;anyone;Your country is so rich! We're throwing a party to celebrate with the most expensive food money can buy!;Ülkeniz çok zengin! Bunu kutlamak için alabileceğimiz en pahalı yiyeceklerin olduğu bir parti veriyoruz!;Votre pays est si riche ! On a commencé une fête d'enfer avec la nourriture la plus chère possible !;¡Vuestro país es muy rico! ¡Estamos preparando una fiesta por todo lo alto con la comida más cara del mercado!;この国には富があり余っています！+高級食材を大量に仕入れて、+食い倒れの宴を催しましょう！;이 나라는 정말로 부유하군요! 고급 재료를 많이 구입하여 무위도식 잔치를 여는건 어떤지요?;您的国家非常富有！+我们要用能买到的最贵的食物+举办一场盛大的聚会！;您的國家非常富有！+我們要用能買到的最貴的食物+舉辦一場盛大的聚會！;Euer Land ist so reich! Wir veranstalten ein Fest mit den teuersten Köstlichkeiten, die es gibt!;Ваша страна так богата! Мы устроим пир с самыми дорогими яствами, что можно купить за деньги!;Il vostro Paese è talmente ricco! Daremo una festa con il cibo più costoso che il denaro può comprare!;Seu país é tão rico! Faremos uma festa com o melhor banquete que o dinheiro pode oferecer para celebrar!;What...;Ne...;Je...;Pues...;なっ…！;뭐...!;什么...;什麼...;Was ...;Что…;Cosa…;O que...;;;;;;;;;;;;;What...;Ne...;Je...;Pues...;なっ…！;뭐...!;什么...;什麼...;Was ...;Что…;Cosa…;O que...;;;;;;;;;;;;;
159;end>dead_king_love_machine;<i>You die in your bed from an embarrassing heart attack.</i>;<i>Utanç verici bir kalp kriziyle yatağınızda ölüyorsunuz.</i>;<i>Vous mourez dans votre lit suite à une embarrassante crise cardiaque.</i>;<i>Morís en vuestro lecho a causa de un vergonzoso ataque cardíaco.</i>;<i>王は寝床で心臓発作を起こし、+恥ずべき最期を迎えた。</i>;<i>왕이 침상에서 심장마비라는 수치스러운 최후를 맞이했다. </i>;<i>（你因为心脏病发作+而尴尬地死在了自己的床上。）</i>;<i>（你因為心臟病發作+而尷尬地死在了自己的床上。）</i>;<i>Ihr sterbt im Bett an einem beschämenden Herzinfarkt.</i>;<i>Вы бесславно умираете в своей постели от инфаркта.</i>;<i>Morite nel vostro letto a causa di un imbarazzante infarto.</i>;<i>Você morre em sua cama devido a um ataque cardíaco inoportuno.</i>;;;;;;;;;;;;;;;;;;;;;;;;;;;;;;;;;;;;;;;;;;;;;;;;;
160;end>dead_king_vomit;<i>You eat so much that you end up choking. Everyone is drunk so your death is only noticed the following morning.</i>;<i>O kadar çok yiyorsunuz ki yemekler boğazınızda kalıyor. Etrafınızdaki herkes zil zurna sarhoş, ölümünüz ertesi sabah fark ediliyor.</i>;<i>À force de manger, vous finissez par vous étouffer. Tout le monde est si ivre que votre mort n'est constatée qu'au matin suivant.</i>;<i>De tanto comer, acabáis por asfixiaros. Todos están tan borrachos que nadie se percata de vuestra muerte hasta la mañana siguiente.</i>;<i>王は食べ過ぎて窒息死した。+家臣は皆泥酔しており、+翌朝まで気づく者はいなかった。</i>;<i>왕은 과식하여 질식사했다. 신하들은 모두 만취하여 다음날 아침까지 눈치채는 사람은 없었다. </i>;<i>（你吃得太多， 最终噎死了。+聚会上每个人都喝得酩酊大醉，+他们直到第二天早上才发现你已经死了。）</i>;<i>（你吃得太多， 最終噎死了。+聚會上每個人都喝得酩酊大醉，+他們直到第二天早上才發現你已經死了。）</i>;<i>Ihr esst so viel, dass Ihr daran erstickt. Die Betrunkenen bemerken Euren Tod erst am nächsten Morgen.</i>;<i>Вы едите так много, что в конце концов давитесь. Все так пьяны, что вашу смерть заметили только наутро.</i>;<i>Mangiate così tanto da strozzarvi nel vomito. Sono tutti ubriachi, quindi la Vostra morte viene constatata solo la mattina seguente.</i>;<i>Você come tanto que acaba engasgando. Todos estão bêbados, por isso só percebem na manhã seguinte.</i>;;;;;;;;;;;;;;;;;;;;;;;;;;;;;;;;;;;;;;;;;;;;;;;;;
161;anyone;Your country is ruined my Lord. Merchants and nobility own everything.;Ülkeniz mahvoldu, Lordum. Her şeyin sahibi tüccarlar ve soylular.;Votre pays est ruiné, Votre Altesse. Les marchands et les nobles possèdent tout.;Vuestro país está arruinado Su Alteza. Los mercaderes y los nobles lo poseen todo.;国はすっかり荒れ果て、+商人と諸侯に乗っ取られてしまいました…;나라가 완전히 망했습니다. 상인과 제후가 지배하고 있습니다.;您的国家完蛋了，殿下。+商人和贵族们主宰了一切。;您的國家完蛋了，殿下。+商人和貴族們主宰了一切。;Euer Land ist abgewirtschaftet, Majestät. Alles gehört den Kaufleuten und Adligen.;Милорд, ваша страна разрушена. Все принадлежит купцам и знати.;Il vostro Paese è allo sfascio, mio Signore. I mercanti e la nobiltà possiedono tutto quanto.;Seu país está arruinado, senhor. Os comerciantes e a nobreza são donos de tudo.;What...;Ne...;Je...;Pues...;なにィッ…！;뭐라고...!;什么...;什麼...;Was ...;Что…;Cosa…;O que...;;;;;;;;;;;;;What...;Ne...;Je...;Pues...;なにィッ…！;뭐라고...!;什么...;什麼...;Was ...;Что…;Cosa…;O que...;;;;;;;;;;;;;
162;merchant;The central bank can provide the Crown with an exceptional loan. Of course, the central bank is now the treasury.;Merkez bankası Krallığa cömert bir borç verebilir. Tabii, krallık hazinesi artık merkez bankası olacak.;La banque centrale peut offrir un prêt exceptionnel à la Couronne. Bien sûr, la banque centrale est maintenant le trésor.;La banca central puede ofrecer un préstamo excepcional a la Corona. Por supuesto la banca central es ahora el tesoro.;中央銀行は、+国に特別融資を行うことができます。+ただし、今後は中央銀行が+国庫を管理することになりますよ。;중앙은행은 왕실에 특별 대출을 해 드릴 수 있습니다. 물론 지금 중앙은행은 국고나 다름 없지요.;中央银行可以给陛下您提供一笔特殊贷款。+当然，中央银行现在也就是国库了。;中央銀行可以給陛下您提供一筆特殊貸款。+當然，中央銀行現在也就是國庫了。;Die Zentralbank kann der Krone mit einem Darlehen aushelfen. Natürlich wird sie dadurch zum Schatzamt.;Центральный банк может выделить Короне дополнительный заем. Разумеется, центральный банк теперь сокровищница.;La banca centrale può accordare un prestito eccezionale alla Corona. Naturalmente, ora la banca centrale detiene il tesoro.;O banco central pode conceder um grande empréstimo à Coroa. É óbvio que o banco central agora será o tesouro.;;;;;;;;;;;;;;;;;;;;;;;;;;;;;;;;;;;;;;;;;;;;;;;;;
163;end>dead_king_dogs;<i>You're tortured and your body is thrown to the dogs. Your name becomes an insult.</i>;<i>İşkence görüyorsunuz, cesedinizi köpekler yiyor. Adınız hakaret kabul ediliyor.</i>;<i>Vous êtes torturé et votre corps livré aux chiens. Votre nom devient une insulte.</i>;<i>Sois torturado y vuestro cuerpo... comida para los perros. Vuestro nombre se convierte en un insulto.</i>;<i>王は拷問の末に息絶え、+遺体は犬のエサにされた。+王の名は侮辱の言葉となり、+後世にまで残った。</i>;<i>왕은 고문 끝에 숨을 거뒀고 시체는 개에게 던져졌다. 모욕된 왕의 이름은 후세에까지 남겨졌다. </i>;<i>（你被折磨致死后被扔去喂了狗。+你的名字变成了一句骂人的话。）</i>;<i>（你被折磨致死後被扔去喂了狗。+你的名字變成了一句罵人的話。）</i>;<i>Man foltert Euch und verfüttert Eure Leiche an die Hunde. Euer Name wird zu einer Beleidigung.</i>;<i>Вас пытают до смерти, а тело бросают собакам. Ваше имя становится ругательным.</i>;<i>Venite torturato e il vostro corpo viene gettato ai cani. Il Vostro nome diventa un insulto.</i>;<i>Você é torturado, e seu corpo é jogado aos cachorros. Seu nome torna-se um insulto.</i>;;;;;;;;;;;;;;;;;;;;;;;;;;;;;;;;;;;;;;;;;;;;;;;;;
164;end>dead_king_drown;<i>The new oligarchy forces you to exile. On the boat, a disgruntled soldier pushes you overboard. You drown quickly.</i>;<i>Yeni oligarşi sizi sürgün ediyor. Teknedeyken canı sıkkın bir asker sizi denize atıyor. Hızla boğuluyorsunuz.</i>;<i>La nouvelle oligarchie vous envoie en exil. Sur le bateau, un soldat en colère vous pousse à l'eau. Vous vous noyez rapidement.</i>;<i>La nueva oligarquía os envía al exilio. Sobre el barco, un soldado encolerizado os empuja al agua. Os ahogáis rápidamente.</i>;<i>新たに敷かれた寡頭政治により、+王は国外へ追放された。+流刑地へ向かう船の中、+王はひとりの兵士に海につきおとされた。</i>;<i>새로운 과두정치제로 인해 왕은 국외로 추방되었다. 유배지로 향하는 배 안에서  어떤 병사가 왕을 바다에 빠뜨렸고 왕은 금방 익사하였다. </i>;<i>（新的寡头政府强制流放了你。+在船上时，一个满腹怨气的士兵把你推下了船，+你很快就溺死了。）</i>;<i>（新的寡頭政府強制流放了你。+在船上時，一個滿腹怨氣的士兵把你推下了船，+你很快就溺死了。）</i>;<i>Die neuen Oligarchen zwingen Euch ins Exil. Ein wütender Soldat stößt Euch über Bord und Ihr ertrinkt.</i>;<i>Новая олигархия отправляет вас в изгнание. На лодке недовольный солдат толкает вас за борт. Вы тонете.</i>;<i>La nuova oligarchia vi manda in esilio forzato. Sulla nave, un soldato scontento Vi spinge in mare. Annegate rapidamente.</i>;<i>A nova oligarquia o exila. No navio, um soldado insatisfeito o joga na água. Você se afoga.</i>;;;;;;;;;;;;;;;;;;;;;;;;;;;;;;;;;;;;;;;;;;;;;;;;;
165;end>dead_king_fire;<i>The new oligarchy wanted to keep you as their straw man. But the Church condemned you to be burnt alive.</i>;<i>Yeni oligarşi sizi korkuluk olarak mahkum tutmak istiyordu, ama Kilise sizi diri diri yakılmaya mahkum etti.</i>;<i>La nouvelle oligarchie voulait vous garder comme leur homme de paille, mais l'Église, plus rapide, vous condamna à être brûlé vif.</i>;<i>La nueva oligarquía quería conservaros como testaferro, pero la iglesia, mas rápida, os condena a la hoguera.</i>;<i>新たに敷かれた寡頭政治の主導者たちは、+王を傀儡として残そうとした。+しかし教会は、+王を火あぶりの刑に処すと決定した。</i>;<i>새로운 과두정치 대표들은 왕을 꼭두각시로 남기려 했다. 그러나 교회는 왕을 산 채로 화형에 처하기로 결정했다. </i>;<i>（新的寡头政府把你当作他们的傀儡，+但教会判决你要接受火刑。）</i>;<i>（新的寡頭政府把你當作他們的傀儡，+但教會判決你要接受火刑。）</i>;<i>Die neuen Oligarchen wollen Euch als Marionette behalten, doch die Kirche lässt Euch verbrennen.</i>;<i>Новая олигархия хочет сделать вас козлом отпущения. Но Церковь приговаривает вас к сожжению.</i>;<i>La nuova oligarchia voleva tenervi come fantoccio. Ma la Chiesa Vi condanna al rogo.</i>;<i>A nova oligarquia queria fazer de você um espantalho, mas a Igreja o condenou à fogueira.</i>;;;;;;;;;;;;;;;;;;;;;;;;;;;;;;;;;;;;;;;;;;;;;;;;;
166;end>dead_king_exil;<i>The new oligarchy forces you to exile.</i>;<i>Yeni oligarşi sizi sürgün ediyor.</i>;<i>La nouvelle oligarchie vous envoie en exil.</i>;<i>La nueva oligarquía os envía al exilio.</i>;<i>新たに敷かれた寡頭政治により、+王は国外へ追放された。</i>;<i>새로운 과두정치제로 인해 왕은 국외로 추방되었다. </i>;<i>（新的寡头政府强制流放了你。）</i>;<i>（新的寡頭政府強制流放了你。）</i>;<i>Die neuen Oligarchen zwingen Euch ins Exil.</i>;<i>Новая олигархия заставляет вас отправиться в изгнание.</i>;<i>La nuova oligarchia vi manda in esilio forzato.</i>;<i>A nova oligarquia força o seu exílio.</i>;;;;;;;;;;;;;;;;;;;;;;;;;;;;;;;;;;;;;;;;;;;;;;;;;
167;doctor;My Lord, you're dying of gangrene... There's nothing I can do.;Lordum, kangrenden ölüyorsunuz... Yapabileceğim bir şey yok.;Monseigneur, vous mourez de la gangrène... Il n'y a rien que je puisse faire.;Mi Señor, morís de cangrena... No hay nada que yo pueda hacer.;陛下は壊疽にかかっていらっしゃいます…+残念ですが、+私には手の施しようがありません。;폐하는 봉와직염이 발생했습니다...  유감이지만 제가 할 수 있는 일은 없습니다.;陛下，您很快就会死于坏疽……+我已经尽力了。;陛下，您很快就會死於壞疽……+我已經盡力了。;Majestät, Ihr sterbt an Wundbrand ... Es gibt nichts, was ich tun kann.;Милорд, вы умираете от гангрены… Я ничего не могу сделать.;Mio Signore, la cancrena vi sta uccidendo… Non c'è nulla che io possa fare.;O senhor está morrendo de gangrena... Não há nada que eu possa fazer.;What...;Ne...;Je...;Pues...;そんな…;말도 안 돼...;什么...;什麼...;Was ...;Что…;Cosa…;O que...;;;;;;;;;;;;;What...;Ne...;Je...;Pues...;そんな…;말도 안 돼...;什么...;什麼...;Was ...;Что…;Cosa…;O que...;;;;;;;;;;;;;
168;doctor;My Lord... I will have to cut off your arm.;Lordum... Kolunuzu kesmem gerekecek.;Monseigneur, je vais devoir vous couper le bras.;Mi Señor, voy a tener que amputaros un brazo.;壊疽を起こしているほうの腕は、+切断するよりほかありません。;봉와직염이 발생한 팔은 절단하는 수밖에 없습니다.;陛下……我必须为您截肢。;陛下……我必須為您截肢。;Majestät ... Ich muss Euch den Arm abtrennen.;Милорд… Я вынужден отнять вам руку.;Mio Signore… Dovrò tagliarvi un braccio.;Senhor... Terei que cortar seu braço.;Do it;Yap gitsin;Faites-le;;やってくれ;그렇게 하게.;动手吧;動手吧;Tut es;Сделайте это;Fallo;Vá em frente;;;;;;;;;;;;;;;;;;;;;;;;;;;;;;;;;;;;;
169;witch;My King I sense decay inside you. You're going to die if I don't intervene.;Kralım, içinizde bir çürüme hissediyorum. Eğer müdahale etmezsem öleceksiniz.;Sire, je sens la pourriture se propager dans votre corps. Vous mourrez si je n'interviens pas.;Señor, puedo oler la podredumbre expandirse por todo vuestro cuerpo. Si no intervengo, vais a morir.;陛下の体内に、腐敗の気を感じます。+私が処置しなければ、命にかかわるでしょう。;폐하, 몸 속에 부패의 기운이 느껴집니다.  제가 처리하지 않으면 생명이 위험합니다.;陛下，我能感受到您身体内部正在慢慢腐烂。+如果我做点什么，您很快就会死。;陛下，我能感受到您身體內部正在慢慢腐爛。+如果我做點什麼，您很快就會死。;Mein König, ich spüre Fäulnis in Euch. Ihr werdet sterben, wenn ich nichts unternehme.;Мой Король, я чувствую внутри вас порчу. Если я не вмешаюсь, вы умрете.;Mio Sovrano, percepisco in Voi qualcosa in decomposizione. Morirete se non intervengo.;Meu Rei, o senhor está apodrecendo por dentro e acabará morrendo se eu não ajudar.;;;;;;;;;;;;;;;;;;;;;;;;;;;;;;;;;;;;;;;;;;;;;;;;;
170;anyone;My Lord... you're dying of old age. Your remaining time is limited...;Lordum... Yaşlılıktan ölüyorsunuz. Kalan vaktiniz kısıtlı...;Sire... Vous êtes mourant. Vous n'allez probablement plus vivre très longtemps...;Señor... Estáis moribundo. Probablemente vais a morir pronto...;陛下はかなりのご高齢で、+お体が弱っていらっしゃいます。+おそらく、あと数年のお命でしょう。;폐하는 상당한 고령으로 옥체가 허약하십니다.  아마 몇 년 후면 운명을 맞으실 겁니다.;陛下……您已风烛残年，+剩下的时日不多了……;陛下……您已風燭殘年，+剩下的時日不多了……;Majestät ... Das Alter setzt Euch zu. Wahrscheinlich werdet Ihr in den kommenden Jahren sterben ...;Милорд… вы умираете от старости. Вам осталось жить несколько лет…;Mio Signore… state morendo di vecchiaia. Il vostro tempo si sta esaurendo…;O senhor está morrendo de velhice. Provavelmente morrerá nos anos que se seguem...;I...;Ben...;La vie...;A mí...;あー…;아...;我……;我……;Ich ...;Я…;Io…;Eu...;;;;;;;;;;;;;I...;Ben...;Mais...;Ya pero...;あー…;아...;我……;我……;Ich ...;Я…;Io…;Eu...;;;;;;;;;;;;;
171;anyone;An earthquake destroyed a large part of the capital! The City Guard awaits your orders.;Deprem başkentin büyük bir kısmını yerle bir etti! Şehir Muhafızları emirlerinizi bekliyor.;Un tremblement de terre a détruit une grande partie de la capitale ! La garde attend vos ordres.;¡Un terremoto destruye gran parte de la capital! Los guardas esperan sus órdenes.;大地震で王都に甚大な被害が出ています！+衛兵隊にご指示を！;대지진으로 수도에 막대한 피해가 났습니다! 위병대에 지시를 내려 주십시오!;一场地震几乎把整个都城都夷为平地了！+城市守卫们正在等待着您的命令。;一場地震幾乎把整個都城都夷為平地了！+城市守衛們正在等待著您的命令。;Ein Erdbeben hat große Teile der Hauptstadt zerstört! Die Stadtwache erwartet Eure Befehle.;Землетрясение разрушило большую часть столицы! Городская стража ждет ваших приказаний.;Un terremoto ha distrutto gran parte della capitale! La guardia cittadina attende i Vostri ordini.;Um terremoto destruiu grande parte da capital! A guarda da cidade está a postos esperando seu comando.;Save the victims;Felaketzedeleri kurtarın;Sauver les victimes;Salvar a las víctimas;被災者を救助しろ;피해자를 구출하게.;救援伤者;救援傷者;Rettet die Opfer;Спасать пострадавших;Salvate le vittime;Salve as vítimas;;;;;;;;;;;;;Prevent pillaging;Yağmayı durdurun;Empêcher le pillage;Evitar el saqueo;略奪行為を取り締まれ;약탈행위를 단속하게.;阻止劫掠;阻止劫掠;Verhindert Plünderungen;Предотвратить мародерство;Impedite le razzie;Evitar saques;;;;;;;;;;;;;
172;farmer;Help! Help! The communal barn is on fire! Send the garrison!;İmdat! İmdat! Halk ambarı yanıyor! Muhafızları gönderin!;À l'aide ! À l'aide ! La grange commune est en feu ! On a besoin de la garnison !;¡Ayuda! ¡Ayuda! ¡La granja comunal está ardiendo! ¡Necesitamos guarnición!;大変だぁ！+共用の納屋が火事だぁ！+すぐに兵を寄こしてくだせえ！;큰일입니다! 공용창고에 화재가 발생했습니다!  바로 군사를 보내어 주십시오!;救命啊！救命啊！+公共谷仓着火啦！+快派驻军来灭火！;救命啊！救命啊！+公共穀倉著火啦！+快派駐軍來滅火！;Hilfe! Hilfe! Die Gemeindescheune brennt! Entsendet die Garnison!;Помогите! Помогите! Общественный амбар горит! Пришлите войска!;Auto! Aiuto! Il granaio pubblico è in fiamme! Inviate una guarnigione!;Socorro! Socorro! O celeiro público está pegando fogo! Envie as tropas!;;;;;;;;;;;;;;;;;;;;;;;;;;;;;;;;;;;;;;;;;;;;;;;;;
173;anyone;This is the coldest winter of the last 30 years. After the weak harvest, your people are starving.;Son 30 yılın en soğuk kışını yaşıyoruz. Hasat zayıftı, halkınız açlıktan ölüyor.;C'est le plus rude hiver de ces 30 dernières années. Avec la maigre récolte de l'année dernière, votre peuple est affamé. ;Es el invierno más duro de los últimos 30 años. Con la escasa cosecha del año pasado, el pueblo está hambriendo.;国は30年振りの寒波に見舞われています。+凶作のため蓄えもなく、民は飢えています。;국가는 30년만의 한파를 겪고 있습니다.  흉작에 대비한 비축도 없어 백성들이 굶주리고 있습니다.;我们遇到了三十年来最冷的冬天，+在田地歉收后，您的人民陷入了饥荒。;我們遇到了三十年來最冷的冬天，+在田地歉收後，您的人民陷入了饑荒。;Dies ist der kälteste Winter der letzten 30 Jahre. Nach einer schlechten Ernte hungert Euer Volk.;Это самая лютая зима за последние 30 лет. После скудного урожая люди голодают.;Questo è l'inverno più freddo degli ultimi 30 anni. Aggiungete il magro raccolto e capirete che il popolo sta morendo di fame.;Este é o inverno mais frio dos últimos 30 anos. Após a fraca colheita, as pessoas estão passando fome.;Give our supplies;Erzaklarımızı verin;Donnez nos réserves;Repartir nuestras reservas;国の蓄えを分け与えよ;비축분을 나누어주게.;分发粮食;分發糧食;Verteilt unsere Vorräte;Поделиться провиантом;Date loro le nostre scorte;Dê nossos suprimentos;;;;;;;;;;;;;I can't help!;Yardımcı olamam!;Je ne peux pas les aider;No puedo hacer nada;余にどうしろというのだ！;짐에게 어쩌라는 건가!;我无能为力！;我無能為力！;Da kann ich nicht helfen!;Я не могу помочь!;Non posso aiutarli;Não posso ajudar!;;;;;;;;;;;;;
174;anyone;A great fire is destroying your castle my Lord.;Korkunç bir yangın kalenizi yok ediyor, Lordum.;Un incendie est en train de ravager votre château Monseigneur !;¡Un incendio está a punto de destruir vuestro castillo Mi Señor!;大火の火の手が、城にも迫っています！;화마가 성에도 다가오고 있습니다!;陛下，一场大火正在摧毁您的城堡。;陛下，一場大火正在摧毀您的城堡。;Ein Großbrand zerstört Eure Burg, Majestät.;Милорд, в вашем замке бушует пожар.;Un grosso incendio sta distruggendo il Vostro castello, mio Signore.;Um grande incêndio está destruindo seu castelo, senhor.;Save the garrison!;Garnizonu kurtarın!;Sauvez la garnison !;¡Salvad la guarnición!;要塞を守れ！;요새를 지켜라!;救援驻守部队！;救援駐守部隊！;Rettet die Garnison!;Спасайте гарнизон!;Salvate la guarnigione!;Salve as tropas!;;;;;;;;;;;;;Save the treasury!;Hazineyi kurtarın!;Sauvez le trésor !;¡Salvad el tesoro!;国庫を守れ！;국고를 지켜라!;去救钱库！;去救錢庫！;Rettet die Schatzkammer!;Спасайте сокровищницу!;Salvate il tesoro!;Salve o tesouro!;;;;;;;;;;;;;
175;anyone;A ship has been quarantined. It may be the plague. Shall we quarantine the whole port?;Bir gemi karantina altına alındı. Vebalı olabilir. Tüm limanı karantina altına alalım mı?;Un bateau a été mis en quarantaine. C'est peut-être la peste. Faut-il étendre la mesure à tout le port ?;Un barco ha sido puesto en cuarentena. Puede que sea la peste. ¿Deberíamos extender la medida a todo el puerto?;疫病の疑いにより、+1隻の船が検疫を受けています。+大事を取って、港を封鎖しますか？;역병이 의심되는 배 한 척을 검역중입니다. 만일의 사태를 위해 항구를 봉쇄하시겠습니까?;有一艘船被隔离了，+船上的传染病可能是瘟疫。+我们要隔离整个港口吗？;有一艘船被隔離了，+船上的傳染病可能是瘟疫。+我們要隔離整個港口嗎？;Ein Schiff steht unter Quarantäne. Es könnte die Pest an Bord haben. Soll der ganze Hafen unter Quarantäne?;Корабль на карантине. Возможно, это чума. Закрыть на карантин весь порт?;Abbiamo messo una nave in quarantena. Potrebbe esserci la peste. Dobbiamo estendere la quarantena a tutto il porto?;Um navio foi isolado em quarentena. Pode ser a peste. Será que devemos isolar todo o porto?;;;;;;;;;;;;;;;;;;;;;;;;;;;;;;;;;;;;;;;;;;;;;;;;;
176;anyone;No other ship has presented with the disease. We're safe!;Diğer gemilerde hastalık görülmedi. Güvendeyiz!;Aucun autre bateau n'a présenté la maladie. Nous sommes sains et saufs !;Ningún otro barco parece infectado por la enfermedad. ¡Estamos a salvo!;他の船からは、+疫病の痕跡は見つかりませんでした。+これでもう安心です！;다른 배에서 역병의 흔적은 찾을 수 없었습니다.  이제 안심이네요!;其他船只上都没有发现这种疾病。+我们安全了！;其他船隻上都沒有發現這種疾病。+我們安全了！;Auf keinem anderen Schiff ist die Krankheit aufgetreten. Wir sind sicher!;Болезни нет больше ни на одном корабле. Мы в безопасности!;Nessun'altra nave pare essere infetta. Siamo salvi!;Mais nenhum navio apresentou a doença. Estamos a salvo!;Let's do business again;Ticareti yeniden başlatın;Rouvrez le port;Abramos el puerto de nuevo;交易を再開せよ;교역을 재개하게.;让我们恢复贸易;讓我們恢復貿易;Lasst uns wieder handeln;Вернемся к делам;Riaprite il porto;Vamos retomar os negócios;;;;;;;;;;;;;Keep an eye on that;Dikkat edin;Soyez prudents;Sed prudentes;引き続き警戒せよ;계속 경계하게.;多留心注意;多留心注意;Behaltet das im Auge;Будьте начеку;Siate prudenti;Fique de olho nisso;;;;;;;;;;;;;
177;anyone;It's the Black Death! We don't know what to do with all the corpses!;Kara Ölüm bu! Tüm cesetleri ne yapalım bilemiyoruz!;C'est la Peste Noire ! Nous ne savons pas quoi faire de tous ces corps !;¡Es la Peste Negra! ¡No sabemos qué hacer con tantos cadáveres!;黒死病です！+民が次々と死んで、+死体の処理が追いつきません…！;흑사병이 발생했습니다!  백성들이 매일 죽어나가 시체를 처리할 수도 없습니다...!;是黑死病！+尸体堆积如山，+我们实在是束手无策了！;是黑死病！+屍體堆積如山，+我們實在是束手無策了！;Es ist der Schwarze Tod! Wir wissen nicht, was wir mit all den Leichen machen sollen!;Это Черная смерть! Мы не знаем, что делать со всеми трупами!;È la Morte Nera! Non sappiamo più cosa fare dei cadaveri!;É a peste negra! Não sabemos o que fazer com todos os corpos!;Burn the dead! Help the living!;Ölüleri yakın! Canlılara yardım edin!;Brûlez-les ! Aidez les vivants !;¡Quemad a los muertos! ¡Ayudad a los vivos!;死体は焼け！+生きている者を救うのだ！;시체를 태워라! 살아있는 자를 구하도록!;烧掉尸体！帮助那些幸存者！;燒掉屍體！幫助那些倖存者！;Verbrennt sie! Helft dem Rest!;Жгите мертвых! Спасайте живых!;Bruciate i morti! Aiutate i vivi!;Mortos no fogo! Ajude o resto!;;;;;;;;;;;;;Close the castle's gates;Kalenin kapılarını kapatın;Fermez les portes du château;Cerrad las puertas del castillo;城門を閉鎖せよ;성문을 폐쇄하게.;关闭城堡大门;關閉城堡大門;Schließt die Burgtore;Закрыть ворота замка;Chiudete le porte del castello;Feche os portões do castelo;;;;;;;;;;;;;
178;anyone;The peasants are revolting! Large groups of people are ransacking the capital. Your army is overwhelmed.;Köylüler isyan ediyor! Büyük kalabalıklar başkenti yağmalıyor. Ordunuz her yere yetişemiyor.;Les paysans se révoltent, c'est une jacquerie ! Ils s'en prennent à la capitale, l'armée est dépassée.;¡Los campesinos se rebelan! ¡Pillaje! Se dirigen hacia la capital, el ejercito está sobrepasado.;農民の反乱です！+大勢の暴徒が王都で略奪行為におよび、+兵士たちにも抑えきれません。;농민 반란이 일어났습니다!  많은 군중이 수도에서 약탈 행위에 가담하고  군인도 제어할 수 없습니다.;民众正在造反！+大批暴徒正在洗劫都城。+您的军队已经被人海淹没了。;民眾正在造反！+大批暴徒正在洗劫都城。+您的軍隊已經被人海淹沒了。;Die Bauern rebellieren! Große Gruppen plündern die Hauptstadt. Euer Heer ist machtlos.;Крестьяне бунтуют! Толпы людей разоряют столицу. Ваша армия не справляется.;I contadini sono in rivolta! Nutriti gruppi di persone stanno saccheggiando la capitale. Il Vostro esercito è sopraffatto.;Os aldeões estão se rebelando! Grandes grupos estão saqueando a capital. Seu exército foi subjugado.;Reinforce the army;Orduya takviye yapın;Renforcer l'armée;Reforzad el ejército;軍を増員せよ;군대를 증원하게.;增援军队;增援軍隊;Verstärkt das Heer;Усилить армию;Rafforzare l'esercito;Reforce o exército;;;;;;;;;;;;;Close the castle's gates;Kalenin kapılarını kapatın;Fermez les portes du château;Cerrad las puertas del castillo;城門を閉鎖せよ;성문을 폐쇄하게.;关闭城堡大门;關閉城堡大門;Schließt die Burgtore;Закрыть ворота замка;Chiudete le porte del castello;Feche os portões do castelo;;;;;;;;;;;;;
179;doctor;The school is an elaborate scheme to brain-wash a whole generation with religious idiocies. Stop it.;Okul, yeni neslin kafasını dini saçmalıklarla doldurmak için bir entrika. Lütfen bunu durdurun.;L'école est une manœuvre de l'Église pour laver le cerveau de toute une génération. Arrêtez ça.;La escuela es una maniobra de la Iglesia para lavar la cabeza a toda una generación. Detenedlo.;学校は、教会が国民にでたらめを+吹き込むための、巧妙な隠れみのです。+即刻、廃止すべきかと！;학교는 교회가 국민에게 엉터리 지식을 불어넣기 위한 도구입니다. 즉각 폐지하십시오!;学校是一场精心计划的阴谋，+是为了用愚蠢的宗教思想给整整一代人洗脑。+快停办它。;學校是一場精心計畫的陰謀，+是為了用愚蠢的宗教思想給整整一代人洗腦。+快停辦它。;In der Schule wird einer ganzen Generation religiöser Unfug eingetrichtert. Gebietet dem Einhalt!;Школы — это налаженная схема по промывке мозгов целому поколению религиозными бреднями. Это нужно остановить.;La scuola è un elaborato meccanismo per fare il lavaggio del cervello a un'intera generazione con idiozie religiose. Fermatela.;A escola é apenas um esquema elaborado para fazer lavagem cerebral com idiotices religiosas. Acabe com ela.;;;;;;;;;;;;;;;;;;;;;;;;;;;;;;;;;;;;;;;;;;;;;;;;;
180;anyone;A group of fanatics have ransacked the hospital, pretending only God can heal them through your holy touch, My Lord.;Bir grup yobaz hastaneyi talan etti, Lordum. Sadece Tanrı'nın sizin dokunuşunuzla onları iyileştirebileceğini iddia ediyorlar.;Un groupe de fanatiques a mis à sac l'hôpital, prétendant que seul Dieu peut les guérir par l'imposition de vos mains sur leurs corps.;Un grupo de fanáticos ha saqueado el hospital, pretendiendo que solo Dios puede curarles con sus manos divinas.;診療所が狂信者の集団に襲われました。+神の御力を宿した陛下の手だけが、+病人を救えるのだと主張しています。;진료소가 광신자 집단에게 습격당했습니다.  신의 능력을 가진 폐하의 손만이  병자를 구할 것이라 주장하고 있습니다.;陛下，一伙狂热分子正在洗劫医院，+装出一副只有上帝借陛下圣手才能治愈他们的样子。;陛下，一夥狂熱分子正在洗劫醫院，+裝出一副只有上帝借陛下聖手才能治癒他們的樣子。;Fanatiker haben das Hospital geplündert! Sie meinen, nur Gott könne sie durch Eure Berührung heilen, Majestät.;Группа фанатиков разорила госпиталь, заявляя, что только Бог может исцелить через наложение ваших рук, милорд.;Mio Signore, i fanatici hanno saccheggiato l'ospedale, affermando che solo Dio, attraverso il tocco delle Vostre mani, può guarirli.;Um grupo de fanáticos saqueou o hospital alegando que apenas o toque sagrado de Deus pode curar, senhor.;Yes I can;Evet, doğru;;;;나는 할 수 있네.;是的，我可以;是的，我可以;;;;;;;;;;;;;;;;;No I can't;Hayır, yanlış;;;;나는 할 수 없네.;我不能;我不能;;;;;;;;;;;;;;;;;
181;anyone;A group of villagers pretend they're assaulted by celestial beings. It's probably a trick to pay less tax.;Birtakım köylüler ilahi varlıkların kendilerine saldırdığını iddia ediyor. Muhtemelen daha az vergi ödemek için bir numara.;Des villageois prétendent être attaqués par des êtres venus d'ailleurs. C'est sans doute une manœuvre pour payer moins d'impôts.;Los campesinos dicen haber sido atacados por seres de otro lugar. Seguro que solo quieren pagar menos impuestos.;村人たちが、「天より現れし者」に襲われたと+主張しています。おそらく、+税を逃れるための口実でしょう…;사람들이 "하늘에서 내려온 자"에게  습격당했다고 주장하고 있습니다.  아마 세금을 회피하기 위한 구실일 겁니다...;一伙村民自称他们被天外来物攻击了。+这可能只是他们为了少缴税而耍的把戏。;一夥村民自稱他們被天外來物攻擊了。+這可能只是他們為了少繳稅而耍的把戲。;Einige Dörfer behaupten, himmlische Wesen griffen sie an. Sicher ein Trick, um weniger Steuern zu zahlen.;Несколько деревень притворились, что на них напали небесные существа. Уловка, чтобы платить меньше налогов.;Un gruppo di paesani sostiene di essere attaccato da esseri celesti. Probabilmente è solo un trucco per pagare meno tasse.;Um grupo de aldeias fingiu ser assaltado por seres celestiais. Deve ser um truque para pagar menos impostos.;;;;;;;;;;;;;;;;;;;;;;;;;I believe them;Onlara inanıyorum;Je les crois;Les creo;彼らの主張を信じる;그들의 주장을 믿는다.;我相信他们;我相信他們;Ich glaube ihnen;Я им верю;Mi fido di loro;Acredito neles;;;;;;;;;;;;;
182;witch;The hospital will limit the advance of the plague. We need more staff and the help of the army to be effective!;Hastane, vebanın ilerlemesine engel olacaktır. Etkili olmak için daha fazla personel ve ordudan yardım gerekiyor!;L'hôpital va limiter la propagation de la peste. Mais nous avons besoin d'aide !;El hospital va a detener el avance de la peste. ¡Pero necesitamos ayuda!;診療所がきちんと機能していれば、+疫病の蔓延を防ぐことができます。+従業員を補充し、+軍の協力も取りつけてください。;진료소를 제대로 운영하면 역병의 확산을 막을 수 있습니다. 직원도 보충하고 군대의 협력도 요청해 주십시오.;医院能够阻止瘟疫进一步传播，+我们需要更多医护人员和军队的帮助+才能有效运作它！;醫院能夠阻止瘟疫進一步傳播，+我們需要更多醫護人員和軍隊的幫助+才能有效運作它！;Das Hospital wird der Pest Einhalt gebieten. Aber wir brauchen mehr Leute und die Hilfe der Armee!;Госпиталь ограничит распространение чумы. Нам нужен персонал и помощь армии, чтобы добиться результата!;L'ospedale limiterà l'avanzata dell'epidemia. Ci serve più personale e l'aiuto dell'esercito per essere efficaci!;O hospital conterá o avanço da peste. Precisamos de mais pessoal e da ajuda do exército para termos sucesso!;;;;;;;;;;;;;;;;;;;;;;;;;;;;;;;;;;;;;;;;;;;;;;;;;
183;anyone;The plague outbreak is coming to an end!;Veba salgını sonlanıyor!;L'épidémie de peste touche à sa fin !;¡La epidemia de la peste está desapareciendo!;疫病の流行は、収まりつつあります！;역병이 수습되고 있습니다!;这场瘟疫终于结束了！;這場瘟疫終於結束了！;Der Ausbruch der Pest ist allmählich vorüber!;Вспышка чумы сходит на нет!;La pestilenza sta scomparendo!;A epidemia da peste está controlada!;Let's celebrate;Kutlama yapalım;Faisons la fête;Celebrémoslo;宴だ！;연회를 열게!;让我们庆祝吧;讓我們慶祝吧;Lasst uns feiern;Отпразднуем!;Festeggiamo;Vamos comemorar;;;;;;;;;;;;;Let's be careful;Dikkat edelim;Soyons prudents;Seamos prudentes;引き続き警戒せよ;계속 경계하게.;我们还是小心为好;我們還是小心為好;Seien wir vorsichtig;Нужно быть осторожнее;Siate prudenti;Sejamos cautelosos;;;;;;;;;;;;;
184;anyone;There's been an explosion in the capital! We don't exactly know what happened. Shall we close the gates of the city?;Başkentte bir patlama oldu! Ne olduğunu henüz tam olarak bilmiyoruz. Şehrin kapılarını kapatalım mı?;Il y a eu une explosion dans la capitale. Difficile de savoir ce qui s'est passé. Faut-il fermer les portes de la ville ?;Ha habido una explosión en la capital. Es difícil saber lo que ha ocurrido. ¿Cerramos las puertas de la ciudad?;王都で爆発が起きました！+詳しいことはわかりませんが、+大事をとって街の門を閉鎖しますか？;수도에서 폭발이 일어났습니다! 자세한 일은 모르겠습니다만 만일에 대비해 도시 문을 폐쇄하시겠습니까?;都城里发生了一次爆炸！+我们目前还未能确切得知到底发生了什么。+我们要关闭城门吗？;都城裏發生了一次爆炸！+我們目前還未能確切得知到底發生了什麼。+我們要關閉城門嗎？;In der Hauptstadt gab es eine Explosion! Wir wissen nicht, was los ist. Sollen wir die Stadttore schließen?;В столице прогремел взрыв! Мы точно не знаем, что произошло. Нам закрыть ворота города?;Si è verificata un'esplosione nella capitale! Non sappiamo cosa sia accaduto di preciso. Dobbiamo chiudere le porte della città?;Houve uma explosão na capital! Não sabemos ao certo o que aconteceu. Devemos fechar os portões da cidade?;;;;;;;;;;;;;;;;;;;;;;;;;;;;;;;;;;;;;;;;;;;;;;;;;
185;general;There's been another explosion! We need to be able to use the churches to help the victims!;Bir patlama daha oldu! Kurbanlara yardım etmek için kiliseleri kullanmamız gerekiyor!;Une autre explosion ! Je réquisitionne les églises pour aider les victimes.;¡Otra explosión! Tenemos que usar las iglesias para ayudar a las víctimas.;また爆発です！+負傷者の収容場所として、+教会を使用する許可を！;또 폭발이 일어났습니다!  교회에 부상자를 수용하도록 허가해 주십시오!;又发生了一次爆炸！+我们需要教堂为受害者提供庇护！;又發生了一次爆炸！+我們需要教堂為受害者提供庇護！;Es gab noch eine Explosion! Wir müssen die Kirchen nutzen, um den Opfern zu helfen!;Еще один взрыв! Нужно использовать церкви, чтобы помочь пострадавшим!;C'è stata un'altra esplosione! Dobbiamo usare le chiese per aiutare le vittime!;Aconteceu mais uma explosão! Precisamos usar as igrejas para ajudar as vítimas!;;;;;;;;;;;;;;;;;;;;;;;;;;;;;;;;;;;;;;;;;;;;;;;;;
186;merchant;There's been another explosion! This time in the merchants' district! Shall we reinforce security?;Bir patlama daha oldu! Bu kez tüccar mahallesinde! Güvenliği arttıralım mı?;Il y a eu une autre explosion ! Cette fois dans le quartier des marchands. Les citadins veulent plus de sécurité.;¡Ha habido otra explosión! Esta vez en el barrio de los mercaderes. Los ciudadanos quieren más seguridad.;また爆発が起きました！今度は商業地区で…+警備を強化したほうがよろしいのでは？;또 폭발이 일어났습니다! 이번에는 상업지구에서...  경비를 강화하는 것이 좋지 않겠습니까?;又发生了一次爆炸！+这次是在商业区！+我们要加强安保措施吗？;又發生了一次爆炸！+這次是在商業區！+我們要加強安保措施嗎？;Es gab eine weitere Explosion! Diesmal im Händlerviertel! Sollen wir die Sicherheit verstärken?;Еще один взрыв! На этот раз в торговом квартале! Нам усилить охрану?;Un'altra esplosione! Questa volta nel quartiere dei mercanti! Dobbiamo potenziare la sicurezza?;Aconteceu outra explosão! Dessa vez foi no distrito dos comerciantes! Devemos reforçar a segurança?;;;;;;;;;;;;;;;;;;;;;;;;;;;;;;;;;;;;;;;;;;;;;;;;;
187;anyone;People are scared and now consider you responsible for the terrorist attacks. They want your head!;Halk korkuyor ve artık terörist saldırılarından sizi sorumlu tutuyor. Kellenizi istiyorlar!;Le peuple a peur et cherche des responsables. Il veut votre tête !;El pueblo tiene miedo y busca responsables. ¡Quieren vuestra cabeza!;陛下、民はおびえています！彼らは一連の+爆破事件の責任が陛下にあると考え、+陛下のお命を狙っています！;폐하, 백성들이 위협해 오고 있습니다! 일련의 폭파사건의 책임이 폐하 탓이라 생각하고 폐하의 목숨을 노리고 있습니다!;民众陷入了恐慌之中，+他们认为你要为这些恐怖袭击负责。+他们想要你的项上人头！;民眾陷入了恐慌之中，+他們認為你要為這些恐怖襲擊負責。+他們想要你的項上人頭！;Die Leute haben Angst und machen jetzt Euch für die Anschläge verantwortlich. Sie wollen Euren Kopf!;Люди напуганы и считают, что вы несете ответственность за теракты. Они требуют выдать вас!;La gente è spaventata e Vi considera responsabile degli attacchi terroristici. Vogliono la Vostra testa!;As pessoas estão assustadas e estão culpando você pelos ataques terroristas. Querem sua cabeça!;Call the army!;Orduyu çağırın!;Renforcez la garde !;¡Reforzad la guardia!;兵を招集せよ！;군사를 소집하라!;军队护驾！;軍隊護駕！;Ruft die Armee!;Поднять армию!;Chiamate l'esercito!;Chame o exército!;;;;;;;;;;;;;Let's keep calm;Sakin kalalım;Gardons notre calme;Conservemos la calma;冷静に対処しよう;냉정하게 대처하게.;我们应该保持冷静;我們應該保持冷靜;Bewahren wir Ruhe;Давайте сохранять спокойствие;Restiamo calmi;Vamos manter a calma;<i>The mob barely listened and started regrouping outside the castle.</i>;<i>Kalabalık dinlemedi bile, kalenin dışında yeniden toplanmaya başladı.</i>;<i>La foule ignore les appels au calme et se regroupe à l'extérieur du château.</i>;<i>La multitud está ensordecida y se reagrupa a las puertas del castillo.</i>;<i>暴徒たちは王の言葉に耳を貸さず、+城門の外に集結した。</i>;<i>폭도들은 왕의 말에 귀를 기울이지 않고 성문 밖에 모였다. </i>;<i>（暴民什么也听不进去，+重新在城堡外汇聚起来。）</i>;<i>（暴民什麼也聽不進去，+重新在城堡外匯聚起來。）</i>;<i>Die Menge hört kaum zu und formiert sich vor der Burg.</i>;<i>Толпа не внемлет увещеваниям и начинает перегруппировку за стенами замка.</i>;<i>La folla ignora gli appelli alla calma e inizia ad ammassarsi fuori dal castello.</i>;<i>A multidão mal deu ouvidos e começou a se reagrupar do lado de fora do castelo.</i>;
188;farmer;The population is scared by the terrorists! Please, suspend the payment of taxes this year.;Halk teröristlerden korkuyor! Bu yıl vergileri erteleyin lütfen.;La population est effrayée par les terroristes ! S'il te plaît Mon Roi, suspends les impôts, cette année.;¡La población está aterrorizada por los terroristas! Por favor Mi Rey, suspende los impuestos de este año.;みんな謎の爆破攻撃におびえて+仕事になりません！+どうか、今年の税は免除してください。;모두 수수께끼의 폭파공격에 겁에 질려 생업에 종사할 수 없습니다! 올해 세금을 면제해 주십시오!;民众被恐怖分子吓坏了！+求求陛下您就免掉今年的税收吧。;民眾被恐怖分子嚇壞了！+求求陛下您就免掉今年的稅收吧。;Die Bevölkerung hat Angst vor den Terroristen! Bitte setzt die Erhebung von Steuern für dieses Jahr aus.;Население напугано террористами! Пожалуйста, отложите сбор налогов в этом году.;Il popolo è spaventato dai terroristi! Vi prego, sospendete la tassazione, per quest'anno.;A população está apavorada por causa dos terroristas! Suspenda o pagamento dos impostos este ano, por favor.;;;;;;;;;;;;;;;;;;;;;;;;;;;;;;;;;;;;;;;;;;;;;;;;;
189;general;Enforce the state of emergency! That's the only way to deal efficiently with these terrorists!;Olağanüstü hal ilan edelim! Bu teröristlerle etkili biçimde başa çıkmanın tek yolu bu!;Déclarez l'état d'urgence ! C'est la seule manière de faire face à la menace terrroriste !;Declarad el estado de urgencia. Es la única manera de hacer frente a la amenaza terrorista.;陛下、非常事態宣言を！+テロ攻撃に対処するには、+もうそれしかありません！;폐하, 비상사태를 선언해 주십시오!  테러공격에 대처하기 위해서는 그 방법밖에 없습니다!;宣布进入紧急状态吧！+这是有效应对恐怖分子的唯一方法了！;宣佈進入緊急狀態吧！+這是有效應對恐怖分子的唯一方法了！;Ruft den Notstand aus! Das ist die einzige Möglichkeit, wirksam gegen diese Terroristen vorzugehen!;Объявите чрезвычайное положение! Это единственный способ противостоять террористам!;Dichiarate lo stato d'emergenza! È l'unico modo per sgominare questi terroristi!;Declare estado de emergência! É a única maneira de lidar com esses terroristas!;;;;;;;;;;;;;;;;;;;;;;;;;;;;;;;;;;;;;;;;;;;;;;;;;
190;spy;I know who the scorpions biting your back are. Do you want to learn more?;Sırtınızı ısıran akreplerin kimliğini biliyorum. Daha fazla bilgi istiyor musunuz?;Je sais qui sont les scorpions qui vous piquent le dos. Voulez-vous en savoir plus ?;Yo sé quienes son los escorpiones sobre vuestras espaldas. ¿Queréis saber un poco más?;陛下の背中にかみつくサソリたちの正体を、+私は存じております。+詳しくお聞きになりたいですか？;저는 폐하의 등을 물어뜯는 전갈들의 정체를 알고 있습니다. 자세히 알고 싶으십니까?;我知道在后背咬你的蝎子们是谁。+你想知道更多细节吗？;我知道在後背咬你的蠍子們是誰。+你想知道更多細節嗎？;Ich weiß, wer die Skorpione sind, die Euch in den Rücken stechen. Möchtet Ihr mehr wissen?;Я знаю, кто вонзил кинжал вам в спину. Хотите узнать поподробнее?;So chi sono gli scorpioni che Vi mordono la schiena. Volete saperne di più?;Sei quem é o escorpião atacando-o pelas costas. Quer saber mais?;;;;;;;;;;;;;;;;;;;;;;;;;;;;;;;;;;;;;;;;;;;;;;;;;
191;spy;They're called the "Pure Brethren". They seceded from the Church because they think priests shouldn't wear hats.  ;Kendilerine "Pak Kardeşler" diyorlar. Rahiplerin şapka takmaması gerektiğine inandıkları için Kilise'den ayrılmışlardı.;Ce sont les 'Vrais Frères'. Ils ont quitté l'Église parce qu'ils pensent que les prêtres ne doivent pas rien porter sur la tête.;Son los 'Hermanos Verdaderos'. Han abandonado la Iglesia porque piensan que los curas no deben llevar nada sobre la cabeza.;彼らは「純粋なる同胞団」を名乗る者たち…+「司祭は帽子をかぶるべきではない」と主張し、+教会から分離した一派です。;그들은 "순수한 동포단"을 자칭하는 자들로...  "사제는 모자를 착용해서는 아니된다"고 주장하여  교회에서 분리한 일파입니다.;他们被唤作“纯洁兄弟会”。+他们从教会分离出来，+因为觉得牧师不应该戴帽子。;他們被喚作“純潔兄弟會”。+他們從教會分離出來，+因為覺得牧師不應該戴帽子。;Die "Reinen Brüder" haben sich von der Kirche abgespalten, weil sie meinen, Priester müssten barhäuptig sein.;Они называют себя «Чистое братство». Отделились от Церкви из-за мнения, что священники не должны носить шапок.;Si chiamano i "Fratelli Puri". Si sono separati dalla Chiesa perché credono che i sacerdoti non debbano indossare cappelli.;São chamados de 'Irmãos Puros'. Eles se separaram da Igreja porque acham que padres não devem usar chapéus.;That's ridiculous;Çok saçma;C'est ridicule;Éso es totalmente ridículo;なんとばかばかしい主張だ…;어리석은 주장이군...;真荒谬;真荒謬;Das ist lächerlich;Это абсурд;Ridicolo;Isso é ridículo;;;;;;;;;;;;;No way;Yok artık;Sans blague;Venga ya;ありえん…;말도 안 돼...;没门;沒門;Auf keinen Fall;Быть того не может;Ma non mi dire;Impossível;;;;;;;;;;;;;
192;spy;It sort of escalated from that point. Now they want to burn all the hats, as well as the people under them.;O noktadan sonra işler epey kızıştı. Şimdi tüm şapkaları ve şapka takanları yakmak istiyorlar.;C'est parti en vrille à partir de là. Maintenant, ils veulent brûler tous les chapeaux, et les gens qui les portent.;A partir de ese momento se ha liado. Ahora quieren quemar todos los sombreros y la gente que está bajo ellos.;彼らの思想は過激化し、+今ではすべての帽子を着用者もろとも+焼き払うと宣言しています。;놈들의 사상은 과격하게 변하여  지금은 모자를 쓰는 사람이라면  모두 화형시켜야 한다고 선언했습니다.;后来事态不知为何越发升级，+现在他们想要烧尽世间一切帽子，+以及一切帽子下面的人。;後來事態不知為何越發升級，+現在他們想要燒盡世間一切帽子，+以及一切帽子下麵的人。;Das Ganze ist eskaliert. Jetzt wollen sie alle Hüte verbrennen ... zusammen mit den Leuten, die sie tragen.;С этого все началось. А теперь они хотят сжечь все шапки, да и людей в них тоже.;Da quel momento la situazione è peggiorata velocemente. Ora vogliono bruciare tutti i cappelli, insieme alla gente che li porta.;A coisa piorou a partir daí. Agora querem queimar todos os chapéus, assim como as pessoas sob eles.;Well...;Demek...;Hum...;;うーむ…;흠...;好吧……;好吧……;Nun ...;Ну…;Mmm…;Bom...;;;;;;;;;;;;;;;;;;;;;;;;;;;;;;;;;;;;;
193;priest;I'm not giving up my hat. And it's called a mitre, thank you.;Şapkamı bırakacak değilim. Hem bu şapkalara mitre denir.;Je refuse d'abandonner mon chapeau. Et ça s'appelle une mitre, merci.;No pienso abandonar mi sombrero. Y se llama mitra, gracias.;私は帽子を脱ぐつもりはない！+第一、これは帽子ではなく、+「ミトラ」ですので、お間違いのなきよう！;나는 모자를 벗을 생각은 없다!  첫째, 이건 모자가 아니고 "미트라"이니 착각하지 마시길!;我不会放弃我的帽子的，+而且它应该叫“法冠”才对，+谢谢。;我不會放棄我的帽子的，+而且它應該叫“法冠”才對，+謝謝。;Ich trenne mich nicht von meinem Hut. Und man nennt ihn Mitra, vielen Dank auch.;Я свою шапку не отдам. Кстати, она называется митра, если что.;Non rinuncio al mio cappello. Che tra l'altro si chiama mitra, grazie tante.;Eu não desistirei do meu chapéu. E, aliás, o nome é mitra.;Yes you are;Bırakacaksın kardeşim;Il va pourtant falloir...;Va a ser que sí...;いいから脱げ;어서 벗게나.;你必须这样做;你必須這樣做;Doch, es muss sein;Нет, отдадите;Sì invece;Sim, você vai;;;;;;;;;;;;;No you're not;Bırakma tabii;Non, bien sûr;No, por supuesto;だろうな;그렇겠지.;你不用这样做;你不用這樣做;Nein, natürlich nicht;Не отдавайте;No, certamente;Não, não vai;;;;;;;;;;;;;
194;merchant;We will fight for our freedom, our families and our headgear!;Özgürlüğümüz, ailelerimiz ve şapkalarımız adına savaşacağız!;Nous allons nous battre pour nos libertés, nos familles et nos couvre-chefs !;¡Vamos a luchar por nuestras libertades, nuestras familias y nuestros sombreros!;われらは戦う！+自由と、愛する者たちと、+頭飾りを守るために！;우리는 싸울 것이다!  자유와, 사랑하는 사람들과, 머리장식을 보호하기 위해!;我们将为自由、家人以及我们的帽子而奋斗！;我們將為自由、家人以及我們的帽子而奮鬥！;Wir kämpfen für unsere Freiheit, unsere Familien und unsere Kopfbedeckungen!;Мы будем сражаться за нашу свободу, наши семьи и наши головные уборы!;Combatteremo per la nostra libertà, le nostre famiglie e i nostri accessori!;Lutaremos pela nossa liberdade! Nossas famílias e nossos chapéus!;;;;;;;;;;;;;;;;;;;;;;;;;;;;;;;;;;;;;;;;;;;;;;;;;
195;farmer;I won't. Never. I'm scared and don't want to be involved in your politics.;Ben savaşmam. Asla olmaz. Korkuyorum ve siyasete karışmak istemiyorum.;Sûrement pas. Jamais. J'ai peur et je ne veux pas faire de politique.;Seguramente no. Jamás. Tengo miedo y no quiero tener nada que ver con la política.;イヤです…戦いたくない…+政治のいざこざに巻き込まれるのはごめんです。;싫습니다... 싸우고 싶지 않아요...  정치싸움에 휘말리는 건 사절입니다.;我不会，绝不会。+我很害怕，也不想卷入到你的政治漩涡中。;我不會，絕不會。+我很害怕，也不想捲入到你的政治漩渦中。;Bestimmt nicht. Niemals. Ich habe Angst und will nichts mit Eurer Politik zu tun haben.;А я не буду. Никогда. Я боюсь и не хочу лезть в вашу политику.;No. Mai. Ho paura e non voglio avere niente a che fare con la Vostra politica.;Nunca. Estou com medo e não quero me envolver com política.;;;;;;;;;;;;;;;;;;;;;;;;;;;;;;;;;;;;;;;;;;;;;;;;;
196;spy;It seems the Pure Brethren evolved. They're now terrorizing the East because they're eating sausages.;Görünüşe bakılırsa Pak Kardeşler kendilerini aştı. Sosis yiyorlar diye artık Doğu'da teröristlik yapıyorlar.;On dirait que les Vrais Frères évoluent. Ils s'en prennent à nos voisins de l'Est parce qu'ils mangent des saucisses.;Se diría que los Hermanos Verdaderos evolucionan. Se meten con los vecinos del Este porque comen salchichas.;「純粋なる同胞団」は勢力を拡大し、+今は東部を脅かしています。+彼らがソーセージを食べるのが+気に入らないとか。;"순수한 동포단"이 세력을 확대하여  지금은 동부를 위협하고 있습니다.  이번에는 소시지를 먹는 게 마음에 들지 않는다는군요.;看来“纯洁兄弟会”产生了些变化。+他们现在开始因为东方人吃香肠而在那边闹事袭击了。;看來“純潔兄弟會”產生了些變化。+他們現在開始因為東方人吃香腸而在那邊鬧事襲擊了。;Die Reinen Brüder sind wohl weitergezogen. Jetzt terrorisieren sie den Osten, weil man dort Würste isst.;Похоже, Чистое братство эволюционирует. Теперь они терроризируют Восток за то, что они едят колбасу.;Sembra che i Fratelli Puri si siano evoluti. Ora stanno diffondendo il terrore nell'Est, dove la gente è colpevole di mangiare salsicce.;Parece que os Irmãos Puros cresceram. Agora estão aterrorizando o leste, porque lá se come linguiça.;Good riddance;Oh olsun;Bon débarras;Un problema menos;厄介払いができたな;귀찮은 놈들을 내쫓았군.;总算摆脱他了;總算擺脫他了;Gut, dass wir sie los sind;Скатертью дорога;Che liberazione;Já vai tarde;;;;;;;;;;;;;Send some help;Yardım gönderin;Envoyez de l'aide;Enviad ayuda;援軍を派遣しろ;원군을 파견하라.;派遣支援;派遣支援;Entsendet Hilfe;Послать помощь;Mandate degli aiuti;Envie ajuda;;;;;;;;;;;;;
197;anyone;There's a cholera outbreak in the capital! It's the Blue Death!;Başkentte kolera salgını var! Mavi Ölüm bu!;Une épidémie de choléra s'est déclarée dans la capitale ! C'est la mort bleue !;¡Una epidemia de cólera se ha desencadenado en la ciudad! ¡Es la Muerte Azul!;王都でコレラが猛威を振るっています！;수도에서 콜레라가 맹위를 떨치고 있습니다!;一场霍乱在首都爆发！+这是蓝死病！;一場霍亂在首都爆發！+這是藍死病！;In der Hauptstadt ist die Cholera ausgebrochen! Der Blaue Tod wütet!;В столице вспышка холеры! Это Синяя смерть!;C'è un'epidemia di colera nella capitale! La Morte blu!;Há uma epidemia de cólera na capital! É a Morte Azul!;Treat the population;Halkı iyileştirin;Traitez la population;Tratad a la población;病人たちを手当せよ;병자들을 치료하게.;医治百姓;醫治百姓;Behandelt die Leute;Лечить население;Trattate la popolazione;Trate da população;;;;;;;;;;;;;Close the castle's gates;Kalenin kapılarını kapatın;Fermez les portes du château;Cerrad las puertas del castillo;城門を閉鎖せよ;성문을 폐쇄하게.;关闭城堡大门;關閉城堡大門;Schließt die Burgtore;Закрыть ворота замка;Chiudete le porte del castello;Feche os portões do castelo;;;;;;;;;;;;;
198;ghost;You're dying my young friend. Dying of old age, what an achievement!;Ölüyorsun, genç dostum. Yaşlılıktan ölüyorsun, ne büyük başarı!;Vous êtes en train de mourir mon jeune ami. Mourir de grand âge, c'est exceptionnel !;Os estáis muriendo querido amigo. ¡Morir de viejo es excepcional!;若輩者よ、お前はじきに死ぬだろう。+王でありながら老衰で最期を迎えるとは、+なんとも幸運なことよ。;젊은 친구여, 그대는 곧 죽을 걸세.  왕이 늙어서 최후를 맞다니, 정말 운이 좋군.;你正在逐渐步入死亡，我年轻的朋友。+死于年老，多么伟大的成就啊！;你正在逐漸步入死亡，我年輕的朋友。+死於年老，多麼偉大的成就啊！;Ihr sterbt, mein junger Freund. Ihr sterbt an Altersschwäche, und das ist eine Leistung!;Ты умираешь, мой юный друг. От старости — это достижение!;State morendo, mio giovane amico. Morire di vecchiaia… un gran successo!;Você está morrendo, meu amigo. Morrendo de velhice. Que conquista!;I...;Ben...;Je...;A mí...;あー…;아...;我……;我……;Ich ...;Я…;Io…;Eu...;;;;;;;;;;;;;I...;Ben...;Je...;A mí...;あー…;아...;我……;我……;Ich ...;Я…;Io…;Eu...;;;;;;;;;;;;;
199;dungeon>dark;<i>You wake up in the middle of the night, feeling the years bending your back. You are old and tired.</i>;<i>Gecenin bir yarısında uyanıyor, yılların yükünü sırtında hissediyorsunuz. Yaşlandınız, yoruldunuz.</i>;<i>Vous vous réveillez au milieu de la nuit, sentant le poids des années sur vos épaules. Vous êtes vieux et fatigué.</i>;<i>Os despertáis a mitad de la noche sintiendo el peso de los años sobre vuestras espaldas. Estáis viejo y cansado.</i>;<i>王は真夜中に突然目覚めた。+老いさらばえた背中は曲がり、+体中に重苦しい疲労を感じた。</i>;<i>왕은 한밤중에 갑자기 일어났다.  노쇠로 인해 등이 굽어지며 온몸에 답답한 피로를 느꼈다. </i>;<i>（你在深夜醒来，+感觉岁月折弯了你的背。+你感觉衰老而疲惫。）</i>;<i>（你在深夜醒來，+感覺歲月折彎了你的背。+你感覺衰老而疲憊。）</i>;<i>Ihr erwacht mitten in der Nacht und spürt die Last der Jahre. Ihr seid alt und müde.</i>;<i>Вы просыпаетесь посреди ночи, чувствуя, как сгибаетесь под тяжестью лет. Вы состарились и обессилели.</i>;<i>Vi svegliate nel cuore della notte, sentendo il peso degli anni sulle spalle. Siete vecchio e stanco.</i>;<i>Você acorda no meio da noite, sentindo o peso dos anos sobre seus ombros. Você está velho e cansado.</i>;<i>Stay awake</i>;<i>Uyanık kal</i>;<i>Rester éveillé</i>;<i>Quedáos despierto</i>;<i>（そのまま起きている）</i>;<i>그대로 일어나 있다.</i>;<i>（一直醒着）</i>;<i>（一直醒著）</i>;<i>Wach bleiben</i>;<i>Бодрствовать</i>;<i>Restare sveglio</i>;<i>Permanecer acordado</i>;;;;;;;;;;;;;<i>Go back to sleep</i>;<i>Uykuya geri dön</i>;<i>Se rendormir</i>;<i>Acostaos de nuevo</i>;<i>（眠る）</i>;<i>잔다.</i>;<i>（去睡觉）</i>;<i>（去睡覺）</i>;<i>Wieder schlafen legen</i>;<i>Уснуть</i>;<i>Riaddormentarsi</i>;<i>Dormir de novo</i>;;;;;;;;;;;;;
200;anyone;My Lord! You seem to breathe with a lot of difficulty. Are you all right?;Lordum! Nefes alırken zorlanıyorsunuz. İyi misiniz?;Monseigneur ! Vous semblez respirer avec beaucoup de difficulté. Vous allez bien ?;¡Mi Señor! Parecéis respirar con mucha dificultad. ¿Estáis bien?;陛下！呼吸が苦しそうですが、+お加減が悪いのですか？;폐하! 호흡이 괴로우신 것 같은데, 몸은 괜찮으십니까?;陛下！+您看起来呼吸很困难，+没事吧？;陛下！+您看起來呼吸很困難，+沒事吧？;Majestät! Ihr scheint Schwierigkeiten beim Atmen zu haben. Geht es Euch gut?;Милорд! Похоже, у вас проблемы с дыханием. Вы в порядке?;Mio Signore! Sembrate avere difficoltà a respirare. State bene?;Majestade! O senhor parece estar respirando com dificuldade. Está tudo bem?;;;;;;;;;;;;;;;;;;;;;;;;;;;;;;;;;;;;;;;;;;;;;;;;;
201;doctor;My Lord... you're dying of pneumonia...;Lordum... Zatürreden ölüyorsunuz...;Sire... vous mourez de pneumonie...;Señor… Morís de neumonía…;陛下は肺炎を患っていらっしゃいます…+もう先は長くないでしょう…;폐하는 폐렴을 앓고 계십니다...  이제 얼마 남지 않으셨습니다...;陛下……您患上了肺炎，+快要死了……;陛下……您患上了肺炎，+快要死了……;Majestät ... Ihr sterbt an einer Lungenentzündung ...;Милорд… Вы умираете от воспаления легких…;Mio Signore… state morendo di polmonite…;Majestade... O senhor está morrendo de pneumonia...;I...;Ben...;Je...;A mí...;あー…;아...;我……;我……;I...;Я…;Io…;Eu...;;;;;;;;;;;;;I...;Ben...;Je...;A mí...;あー…;아...;我……;我……;I...;Я…;Io…;Eu...;;;;;;;;;;;;;
202;bird;<i>The message says: Islanders are menacing us. We should attack them before they attack us.</i>;<i>Mesajda şöyle yazıyor: Adalılar bize gözdağı veriyor. Onlar bize saldırmadan biz onlara saldıralım.</i>;<i>Le message dit : les Iliens nous menacent. Nous devrions les attaquer avant qu'ils le fassent.</i>;<i>El mensaje dice: los isleños nos amenazan. Deberíamos atacarles antes de que lo hagan ellos.</i>;<i>文にはこう記されている…+「島の民はわれらの脅威。+機先を制し、攻め入るのが得策」</i>;<i>이런 문장이 적혀 있다. "섬의 백성은 우리의 위협. 기선을 제압하여 공격하는 것이 상책이다."</i>;<i>（信上写道：+岛民正在威胁着我们，+我们应当先发制人，进攻他们。）</i>;<i>（信上寫道：+島民正在威脅著我們，+我們應當先發制人，進攻他們。）</i>;<i>Die Nachricht lautet: Die Insulaner bedrohen uns. Greifen wir sie an, bevor sie uns angreifen.</i>;<i>Послание гласит: «Островитяне угрожают нам. Мы должны напасть на них первыми».</i>;<i>Il messaggio dice: gli isolani sono una minaccia. Dobbiamo attaccarli prima che loro attacchino noi.</i>;<i>A mensagem diz: O povo da ilha está nos ameaçando. Devemos atacar antes que nos ataquem.</i>;;;;;;;;;;;;;;;;;;;;;;;;;;;;;;;;;;;;;;;;;;;;;;;;;
203;diplomat;Our flag should be changed, it's really not fashionable.;Bayrağımızı değiştirelim, hiç şık değil.;Nous devrions changer notre drapeau, il n'est plus très à la mode.;Deberíamos cambiar de bandera, la nuestra está pasada de moda.;わが国の国旗は、+いまひとつ見栄えがよくありません。+この機に別の意匠に+変えてはいかがでしょう。;우리나라 국기는 그리 멋지지 않아요.  이 기회에 다른 디자인으로 바꾸는 건 어떻습니까.;我们应该换一下国旗，+现在的国旗太不时髦了。;我們應該換一下國旗，+現在的國旗太不時髦了。;Wir sollten unsere Flagge abändern. Sie entspricht nicht mehr der Mode.;Нам надо сменить флаг, он вышел из моды.;Dovremmo davvero cambiare la nostra bandiera. Non è più alla moda.;Nossa bandeira deveria ser modificada. Ela não tem o mínimo estilo.;What are the options?;Seçeneklerimiz neler?;Quelles sont les options ?;¿Cuáles son las opciones?;案はあるか？;방안은 있는가?;有什么选择呢？;有什麼選擇呢？;Welche Optionen haben wir?;И какие у нас варианты?;Che opzioni abbiamo?;Quais são as opções?;;;;;;;;;;;;;;;;;;;;;;;;;;;;;;;;;;;;;
204;priest;A red cross on a golden field?;Altın bir tarlada kızıl bir haç mı olsun?;Une croix rouge sur un champ d'or ?;¿Una cruz roja en una pradera de oro?;黄金色の背景に赤い十字はいかがでしょうか。;황금빛 배경에 붉은 십자가는 어떻습니까.;金色麦田上的一个红色十字如何？;金色麥田上的一個紅色十字如何？;Ein rotes Kreuz auf goldenem Grund?;Красный крест на золотом поле?;Una croce rossa su campo dorato?;Uma cruz vermelha em um campo dourado?;;;;;;;;;;;;;;;;;;;;;;;;;Something else?;Başka ne var?;Rien d'autre ?;¿Alguna cosa más?;他には？;또 없나?;还有别的吗？;還有別的嗎？;Weitere Vorschläge?;Что-то другое?;Nient'altro?;Algo mais?;;;;;;;;;;;;;
205;general;An orange cannon on a green canvas?;Yeşil bir arkaplan üzerine turuncu bir top mu olsun?;Un canon orange sur fond vert ?;¿Un cañón dorado sobre un fondo verde?;緑の大地に置かれた、+だいだい色の大砲がよろしいかと。;녹색의 대지에 놓인 주황색 대포는 어떨까요.;绿色画布上的一尊橙色大炮又如何？;綠色畫布上的一尊橙色大炮又如何？;Eine orange Kanone vor grünem Hintergrund?;Оранжевая пушка на зеленом полотнище?;Un canone arancione su fondo verde?;Um canhão laranja em uma tela verde?;;;;;;;;;;;;;;;;;;;;;;;;;Something else?;Başka ne var?;Rien d'autre ?;¿Alguna cosa más?;他には？;또 없나?;还有别的吗？;還有別的嗎？;Weitere Vorschläge?;Что-то другое?;Nient'altro?;Algo mais?;;;;;;;;;;;;;
206;farmer;A brown spade on a grey sky?;Gri gökyüzü üzerine kahverengi kürek mi olsun?;Une pelle marron sur un ciel gris ?;¿Una pala gris sobre un cielo gris?;灰色の空に掲げられた+茶色いシャベルはどうでしょう？;회색 하늘에 걸린 갈색 삽은 어떻습니까?;或许是灰色天空上的一柄褐色铲子？;或許是灰色天空上的一柄褐色鏟子？;Ein brauner Spaten vor grauem Himmel?;Коричневая лопата на фоне серого неба?;Una spada marrone in un cielo grigio?;Uma espada marrom em um céu cinza?;;;;;;;;;;;;;;;;;;;;;;;;;Something else?;Başka ne var?;Rien d'autre ?;¿Alguna cosa más?;他には？;또 없나?;还有别的吗？;還有別的嗎？;Weitere Vorschläge?;Что-то другое?;Nient'altro?;Algo mais?;;;;;;;;;;;;;
207;jester;What about a blue pig with a purple crown?;Peki ya mor bir taç takan mavi bir domuz?;Pourquoi pas un porc bleu avec une couronne violette ?;¿Por qué no un cerdo azul sobre una corona violeta?;青いブタと紫の王冠は？;푸른 돼지와 보라색 왕관도 고려해 보세요.;那一头戴着紫色王冠的蓝色小猪如何？;那一頭戴著紫色王冠的藍色小豬如何？;Warum nicht ein blaues Schwein mit lila Krone?;Как насчет синей свиньи с пурпурной короной?;Che ne dite di un maiale blu con una corona viola?;Que tal um porco azul com uma coroa roxa?;;;;;;;;;;;;;;;;;;;;;;;;;Enough!;Yeter!;Assez !;¡Basta!;もうよい！;이제 됐네!;够了！;夠了！;Genug!;Хватит!;Basta così!;Já chega!;;;;;;;;;;;;;
208;diplomat;Should we build embassies in neighbouring countries? It may be a good way to prevent wars.;Komşu ülkelerde elçilik inşa edelim mi? Savaş çıkmasını önlemeye yardım edebilir.;Pouvons-nous construire des ambassades dans les pays voisins ? Cela permettrait d'éviter que la guerre s'éternise.;Podemos construir embajadas en los países vecinos. Así evitaríamos que la guerra se eternice.;隣国に大使館を建設してはいかがでしょう。+戦を防げるかと存じますが。;이웃나라에 대사관을 설치하는 건 어떻습니까.  전쟁을 막을 수 있을 거라 생각합니다.;我们是否应该在各个邻国建立大使馆呢？+这或许会是阻止战争的好方法。;我們是否應該在各個鄰國建立大使館呢？+這或許會是阻止戰爭的好方法。;Sollten wir in Nachbarländern Botschaften einrichten? Vielleicht könnten wir so Kriege verhindern.;Нам построить посольства в соседних странах? Это хороший способ избежать войн.;Possiamo costruire ambasciate nei Paesi confinanti? Potrebbe essere un metodo per prevenire le guerre.;Será que devemos construir embaixadas nos países vizinhos? Pode ser uma boa maneira de evitar guerras.;;;;;;;;;;;;;;;;;;;;;;;;;;;;;;;;;;;;;;;;;;;;;;;;;
209;diplomat;The Queen of the South is offering you forty books. We should build a library!;Güney Kraliçesi size kırk kitap teklif ediyor. Kütüphane inşa edelim!;La Reine du Sud vous offre quarante livres. Nous devrions construire une bibliothèque !;La reina del Sur os ofrece cuarenta libros. ¡Deberíamos construir una biblioteca!;南部の女王から、+40冊の書物が献上されました。+図書館を建設いたしましょう！;남쪽 나라 여왕님께서 책을 40권 헌상해 주셨습니다. 도서관을 건립합시다!;南方王国的女王送给您四十本书，+我们应该建一座图书馆！;南方王國的女王送給您四十本書，+我們應該建一座圖書館！;Die Königin des Südens bietet Euch vierzig Bücher an. Wir sollten eine Bibliothek aufbauen!;Королева Юга преподнесла вам сорок книг. Нам нужно построить библиотеку!;La Regina del Sud Vi offre quaranta libri. Dovremmo costruire una biblioteca!;A Rainha do Sul está lhe oferecendo quarenta livros. Deveríamos construir uma biblioteca!;;;;;;;;;;;;;;;;;;;;;;;;;;;;;;;;;;;;;;;;;;;;;;;;;
210;general;We should attack the kingdom of the South! They're growing stronger every day.;Güney Krallığına saldıralım! Her geçen gün daha fazla güç kazanıyorlar.;Attaquons le royaume du Sud ! Leur pouvoir s'étend un peu plus chaque jour.;¡Ataquemos el reino del Sur! Su poder se va extinguiendo día tras día.;南の王国が日に日に力をつけています。+今のうちに攻め入りましょう！;남쪽 나라가 나날이 성장하고 있습니다. 늦기 전에 쳐들어가야 합니다!;我们应该进攻南方的王国！+他们的实力日益增强。;我們應該進攻南方的王國！+他們的實力日益增強。;Wir sollten das Königreich im Süden angreifen! Es wird mit jedem Tag stärker.;Нам нужно напасть на королевство на Юге! Их сила растет с каждым днем.;Dovremmo attaccare il Regno del Sud! Si fa ogni giorno più forte.;Deveríamos atacar o reino do sul! Eles estão ficando cada vez mais fortes.;;;;;;;;;;;;;;;;;;;;;;;;;;;;;;;;;;;;;;;;;;;;;;;;;
211;general;We can never be too prepared. You need to recruit more soldiers!;Fazla asker göz çıkarmaz. Daha fazla asker toplayalım!;Il faut être prêt à tout. Nous devons recruter plus de soldats !;Hay que estar dispuesto a todo. ¡Recrutemos más soldados!;陛下、不測の事態に備え、+さらなる徴兵を行うべきです！;폐하, 예상치 못한 사태에 대비하여 추가 징병을 실시해야 합니다!;凡事有备则无患，+您需要招募更多士兵！;凡事有備則無患，+您需要招募更多士兵！;Man kann nie zu gut vorbereitet sein. Ihr müsst mehr Soldaten rekrutieren!;В этом деле нельзя перестраховаться. Нужно нанять больше солдат!;Non si è mai abbastanza preparati. Dovete reclutare più soldati!;É melhor pecar pelo excesso. Você precisa recrutar mais soldados!;;;;;;;;;;;;;;;;;;;;;;;;;;;;;;;;;;;;;;;;;;;;;;;;;
212;diplomat;We may be able to find a way to stop the war thanks to the diplomatic effort from our embassies!;Elçiliklerimizin diplomasi girişimleri sayesinde savaşı durdurmamız mümkün olabilir!;Nous pouvons négocier une paix durable grâce à l'effort diplomatique coordonné de nos ambassades.;Podemos negociar una paz duradera gracias al esfuerzo diplomático de nuestras embajadas.;われわれが派遣した使節団の働きにより、+停戦が実現しそうです！;우리가 파견한 사절단 덕택에 전쟁이 중단될 것입니다!;多亏了我们大使馆人员的外交手腕，+我们或许有办法停止这场战争！;多虧了我們大使館人員的外交手腕，+我們或許有辦法停止這場戰爭！;Vielleicht können wir dank der diplomatischen Bemühungen unserer Botschaften dauerhaft für Frieden sorgen!;Возможно, мы сможем остановить войну усилиями дипломатов в наших посольствах!;Grazie agli sforzi diplomatici delle nostre ambasciate potremmo essere in grado di fermare la guerra!;Talvez a gente encontre uma maneira de acabar com a guerra graças aos esforços diplomáticos das embaixadas!;;;;;;;;;;;;;;;;;;;;;;;;;;;;;;;;;;;;;;;;;;;;;;;;;
213;diplomat;We could arrange your wedding with the Princess of the North. That would stop the war.;Size Kuzey Prensesiyle evlilik ayarlayabiliriz, böylece savaş son bulur.;Nous pouvons organiser votre mariage avec la princesse du Nord. Cela arrêtera la guerre.;Podemos organizar vuestras nupcias con la princesa del Norte. Ésto cesaría la guerra.;陛下と北部の王女のご結婚が成立すれば、+この戦は終わるでしょう。;폐하와 북쪽 나라 공주님의 결혼이 성사되면  이 전쟁은 끝날 것입니다.;我们可以安排您与北方王国的公主联姻，+这样就能阻止战争了。;我們可以安排您與北方王國的公主聯姻，+這樣就能阻止戰爭了。;Wir könnten Eure Hochzeit mit der Prinzessin des Nordens arrangieren. Dann wäre der Krieg zu Ende.;Мы можем организовать ваше свадьбу с Принцессой Севера. Это остановит войну.;Potremmo organizzare il vostro matrimonio con la Principessa del Nord. Così fermeremmo la guerra.;Podemos arranjar seu casamento com a Princesa do Norte. Isso decerto acabará com a guerra.;;;;;;;;;;;;;;;;;;;;;;;;;;;;;;;;;;;;;;;;;;;;;;;;;
214;diplomat;Our enemies are attacking our embassies! We need to protect them if we want to stop the war eventually.;Düşmanlarımız elçiliklerimize saldırıyor! Bu savaşın bitmesini istiyorsak elçilikleri savunmalıyız.;Nos ennemis attaquent les ambassades ! Protégeons-les ou la guerre risque de s'éterniser.;¡Nuestros enemigos atacan las embajadas! Protejámoslas o la guerra se eternizará.;大使館が敵軍に襲われています！+守らなければ、停戦の希望は+ついえてしまいます！;대사관이 적군에 의해 공격받고 있습니다!  보호하지 않으면 평화협정의 희망도 사라집니다!;我们的敌人们正在进攻我们的大使馆！+如果想要有朝一日终止战争的话，+我们就需要保护他们。;我們的敵人們正在進攻我們的大使館！+如果想要有朝一日終止戰爭的話，+我們就需要保護他們。;Der Feind greift unsere Botschaften an! Wir müssen sie beschützen, wenn der Krieg irgendwann enden soll.;Враги атакуют наши посольства! Нужно защитить их, если мы хотим прекратить войну в конечном итоге.;I nemici attaccano le nostre ambasciate! Dobbiamo proteggerle se il nostro fine è interrompere la guerra.;Os inimigos estão atacando nossas embaixadas! Precisamos protegê-las, se quisermos impedir a guerra.;;;;;;;;;;;;;;;;;;;;;;;;;;;;;;;;;;;;;;;;;;;;;;;;;
215;spy;A hungry reptile lurks in the East... You should send me to investigate...;Doğuda aç bir sürüngen bekliyor... Araştırmam için beni gönderin...;Un reptile affamé se cache à l'Est... Je peux me renseigner sur place.;Un reptil hambriento merodea por el Este... Puedes enviarme para investigar...;腹を空かせたトカゲが、東部に潜んでおります…+私が行って、探って参りましょう…;배고픈 뱀이 동쪽에 숨어 있습니다...  제가 가서 찾아 오지요.;一只饥饿的爬虫正潜伏在东部……+你应该派我去调查……;一只饑餓的爬蟲正潛伏在東部……+你應該派我去調查……;Ein hungriges Reptil lauert im Osten ... Ihr solltet mich dorthin entsenden ...;На Востоке рыщет голодная рептилия… Пошлите меня для расследования…;Un rettile affamato striscia nell'Est… Dovreste mandarmi là a indagare…;Um réptil faminto está vagando pelo leste... É melhor eu investigar...;;;;;;;;;;;;;;;;;;;;;;;;;;;;;;;;;;;;;;;;;;;;;;;;;
216;spy;An ambitious lizard is gathering the baronies to become a dragon and crush you.;Hırslı bir kertenkele ejderha olup sizi ezmek için baronlukları birleştiriyor.;Un lézard ambitieux rassemble les baronnies pour se transformer en dragon et vous écraser.;Un lagarto ambicioso reúne a los ducados para transformarse en dragón y atacaros.;野心に燃えるトカゲが諸部族を束ねて竜となり、+陛下を踏みつぶそうともくろんでおります。;야망에 불타는 도마뱀이 제후를 모아 용이 되어  폐하를 짓누르려는 획책을 하고 있습니다.;一只野心勃勃的蜥蜴正在聚集男爵领的力量，+想要化身为龙来碾碎你。;一只野心勃勃的蜥蜴正在聚集男爵領的力量，+想要化身為龍來碾碎你。;Eine ehrgeizige Echse sammelt Baronien, um ein Drache zu werden und Euch zu vernichten.;Амбициозный ящер объединяет баронства, чтобы стать драконом и сокрушить вас.;Una lucertola ambiziosa sta chiamando a raccolta i baroni per diventare un drago e distruggervi.;Um lagarto ambicioso está reunindo baronias para se tornar um dragão e esmagá-lo.;<i>Send the army</i>;<i>Orduyu gönderin</i>;<i>Envoie l'armée</i>;<i>Enviar al ejército</i>;<i>（兵を派遣する）</i>;<i>군사를 파견한다.</i>;<i>（派出军队）</i>;<i>（派出軍隊）</i>;<i>Die Armee entsenden</i>;<i>Послать армию</i>;<i>Inviare l'esercito</i>;<i>Enviar o exército</i>;<i>You keep the Eastern baronies in a state of turmoil and unorganized power.</i> ;<i>Doğu baronluklarını kargaşa ve düzensiz güç durumunda tutuyorsunuz.</i>;<i>Vous maintenez les baronnies de l'Est dans un état de désorganisation et de guerres intestines.</i>;<i>Mantenéis los ducados del Este en un estado total de caos y guerras internas.</i>;<i>王の判断により、東部は+無法な権力のもとで+混乱を極めた。</i>;<i>왕의 판단으로 인해 동부는 무법지대가 되어 혼란이 극에 달했다. </i>;<i>（你让东部男爵领陷入混乱无序，+群龙无首的局面。）</i>;<i>（你讓東部男爵領陷入混亂無序，+群龍無首的局面。）</i>;<i>Ihr haltet die Baronien des Ostens in einem Zustand des Aufruhrs und desorganisierter Macht.</i>;<i>Вы удерживаете восточные баронства в состоянии хаоса и беспорядочной власти.</i>;<i>Voi mantenete le baronie orientali in uno stato di tumulto disorganizzazione.</i>;<i>Você mantém as baronias orientais em desordem e caos.</i>;<i>Ignore him</i>;<i>Görmezden gel</i>;<i>L'ignorer</i>;<i>Ignorar a este tipo</i>;<i>（無視する）</i>;<i>무시한다.</i>;<i>（无视他）</i>;<i>（無視他）</i>;<i>Ihn ignorieren</i>;<i>Игнорировать его</i>;<i>Ignorarlo</i>;<i>Ignorá-lo</i>;;;;;;;;;;;;;
217;spy;I can draw red ants to the bed of the Eastern baronies. Your call.;Doğu baronluklarının yataklarına ateş karıncaları çekebilirim. Karar sizin.;Je peux attirer des fourmis rouges dans le lit des baronnies de l'Est.;Puedo atraer a las hormigas rojas hacia las camas de los ducados del Este.;お望みとあらば、東方の諸部族の寝床に+赤アリを引き入れることもできますが…+いかがなさいますか？;원하신다면 동쪽 나라 제후들의 침실에  빨간 개미를 끌어들일 수도 있는데...  어떻게 하시겠습니까?;我能够将红蚁引向+东部伯爵领的床榻，+但决定权在你。;我能夠將紅蟻引向+東部伯爵領的床榻，+但決定權在你。;Ich kann rote Ameisen ins Bett der östlichen Baronien locken. Eure Entscheidung.;Я могу привлечь красных муравьев в постель восточных баронств. Только скажите.;Posso attirare delle formiche rosse nel letto dei baroni dell'Est. Sta a Voi.;Posso enviar formigas vermelhas até a base das baronias orientais. Você decide.;;;;;;;;;;;;;<i>You put the Eastern baronies in a state of turmoil and unorganized power.</i> ;<i>Doğu baronluklarını kargaşa ve düzensiz güç durumuna sokuyorsunuz.</i>;<i>Vous maintenez les baronnies de l'Est dans un état de désorganisation et de guerres intestines.</i>;<i>Mantenéis los ducados del Este en un estado total de caos y guerras internas.</i>;<i>王の判断により、東部は+無法な権力のもとで+混乱を極めた。</i>;<i>왕의 판단으로 인해 동부는 무법지대가 되어 혼란이 극에 달했다. </i>;<i>（你让东部男爵领陷入混乱无序，+群龙无首的局面。）</i>;<i>（你讓東部男爵領陷入混亂無序，+群龍無首的局面。）</i>;<i>Ihr versetzt die Baronien des Ostens in einen Zustand des Aufruhrs und desorganisierter Macht.</i>;<i>Вы приводите восточные баронства в состояние хаоса и беспорядочной власти.</i>;<i>Voi mettete le baronie orientali in uno stato di tumulto disorganizzazione.</i>;<i>Você estabelece desordem e caos nas baronias orientais.</i>;;;;;;;;;;;;;;;;;;;;;;;;;
218;anyone;The Eastern baronies are regrouping under the banner of a terrible war lord! Send the army!;Doğu baronlukları korkunç bir cenk beyinin sancağı altında birleşiyor! Orduyu gönderin!;Les baronnies de l'Est se regroupent sous la banière d'un terrible chef de guerre ! Envoyez l'armée !;¡Los ducados del Este se reagrupan bajo el mando de un terrible guerrero! ¡Enviad las tropas!;東方の諸部族が、好戦的な首領のもとで+勢力を盛り返しています！+兵を派遣してください！;동쪽 나라 제후들이 호전적인 전쟁군주 아래에서  세력을 회복하고 있습니다! 병력을 파견하십시오!;在一个可怕的军阀率领下，+东部伯爵领又一次组织起来了，+陛下！请派兵吧！;在一個可怕的軍閥率領下，+東部伯爵領又一次組織起來了，+陛下！請派兵吧！;Die Baronien des Ostens formieren sich unter dem Banner eines schrecklichen Kriegsherrn! Entsendet die Armee!;Восточные баронства собираются под знаменами ужасного полководца! Пошлите армию!;I baroni dell'Est si stanno raccogliendo sotto la bandiera di un terribile signore della guerra! Inviate l'esercito!;As baronias orientais estão se reagrupando sob a bandeira de um soberano terrível! Envie o exército!;;;;;;;;;;;;;;;;;;;;;;;;;;;;;;;;;;;;;;;;;;;;;;;;;
219;anyone;The East and the South are coordinating an attack against the Kingdom! Should we ask the West for help?;Doğu ve Güney, Krallığımıza karşı birlikte saldırıyor! Batıdan yardım isteyelim mi?;L'Est et le Sud coordonnent une attaque contre le royaume! Devons-nous appeler l'Ouest à l'aide ?;¡El Este y el Sur coordinan un ataque contra el reino! ¿Pedimos ayuda al Oeste?;東部と南部が手を組み、+わが国への侵攻を企てています！+西部に協力を打診しますか？;동쪽과 남쪽 나라가 손잡고 침공해 옵니다!  서쪽 나라에 협력을 요청해 볼까요?;东部与南方正准备协力进攻我国！+我们是否应当请求西方的援助呢？;東部與南方正準備協力進攻我國！+我們是否應當請求西方的援助呢？;Der Osten und der Süden verabreden einen Angriff auf das Königreich! Sollen wir den Westen um Hilfe bitten?;Восток и Юг планируют нападение на Королевство! Мы будем просить у Запада помощи?;L'Est e il Sud stanno coordinando un attacco ai danni del Regno! Chiediamo aiuto all'Ovest?;O leste e o sul estão coordenando um ataque contra o reino! Devemos pedir ajuda ao oeste?;;;;;;;;;;;;;;;;;;;;;;;;;;;;;;;;;;;;;;;;;;;;;;;;;
220;anyone;The Eastern baronies are attacking! We will only prevail by enlisting the population.;Doğu baronlukları saldırıyor! Halkı askere almadan kazanmamız mümkün değil.;Les baronnies de l'Est attaquent ! Nous ne pourrons l'emporter qu'en enrôlant la population.;¡Los ducados del Este nos atacan! Solo saldremos de ésta si alistamos más población.;東部の諸部族が攻めてきます！+徴兵しないかぎり、+われわれに勝ち目はありません。;동쪽 나라 제후가 공격해 옵니다! 징병하지 않으면 우리에게 승산은 없습니다.;东部伯爵领来进攻了！+我们只有招募民众入伍才有机会获胜。;東部伯爵領來進攻了！+我們只有招募民眾入伍才有機會獲勝。;Die Baronien des Ostens greifen an! Wir können nur siegen, wenn wir Soldaten verpflichten.;Восточные баронства напали! Мы можем одержать верх только объявив общий призыв.;Le baronie orientali stanno attaccando! Riusciremo a vincere solo reclutando la popolazione.;As baronias orientais estão atacando! Só prevaleceremos se alistarmos a população.;;;;;;;;;;;;;;;;;;;;;;;;;;;;;;;;;;;;;;;;;;;;;;;;;
221;general;We need better defences! The barbarians from the Eastern baronies are at the border of our Kingdom.;Daha iyi savunmalar gerekiyor! Doğu baronluklarından barbarlar Krallığımızın hududuna dayandı.;Il nous faut de meilleures défenses ! Les barbares de l'Est sont aux portes du royaume.;¡Necesitamos mejores defensas! Los bárbaros del Este están a las puertas del reino.;東部の野人たちが国境に迫っています！+守りを固めなければ！;동쪽의 야만인들이 국경으로 다가오고 있습니다!  방어를 강화하십시오!;我们需要更好的防御工事！+东部伯爵领的野蛮人们已经来到国境边上了。;我們需要更好的防禦工事！+東部伯爵領的野蠻人們已經來到國境邊上了。;Wir brauchen eine bessere Verteidigung! Die Barbaren der östlichen Baronien stehen an der Grenze des Reichs.;Нам нужно больше защиты! Варвары из восточных баронств уже на границе королевства.;Ci servono difese migliori! I barbari delle baronie dell'Est sono ai confini del Regno.;Precisamos melhorar as defesas! Os bárbaros das baronias orientais estão nas fronteiras de nosso reino.;;;;;;;;;;;;;;;;;;;;;;;;;;;;;;;;;;;;;;;;;;;;;;;;;
222;general;We lost the war my King. We have to accept our enemies' conditions.;Savaşı kaybettik, Kralım. Düşmanlarımızın koşullarını kabul etmemiz gerekiyor.;La guerre est perdue, Sire. Nous devons accepter les conditions fixées par nos ennemis.;La guerra está perdida, Señor. Debemos aceptar las condiciones impuestas por el enemigo.;わが国は戦に敗北しました。+敵国の要求をのまざるをえません。;우리나라는 전쟁에 패배했습니다.  적국의 요구를 들어 주어야만 합니다.;我们输了这场战争，+陛下，我们只能接受敌方的条件了。;我們輸了這場戰爭，+陛下，我們只能接受敵方的條件了。;Der Krieg ist verloren, mein König. Wir müssen die Bedingungen des Feindes akzeptieren.;Мы проиграли войну, мой Король. Мы вынуждены принять условия врагов.;Abbiamo perso la guerra, mio Sovrano. Dobbiamo accettare le condizioni del nemico.;Perdemos a guerra, meu Rei. Temos que aceitar as exigências dos inimigos.;;;;;;;;;;;;;;;;;;;;;;;;;;;;;;;;;;;;;;;;;;;;;;;;;
223;diplomat;Our enemies want a peace treaty! This is the best way to end the war.;Düşmanlarımız barış antlaşması istiyor! Savaşı sonlandırmanın en iyi yolu budur.;Les envahisseurs veulent la paix ! Nous sommes en position de force pour les négociations.;Estamos en posición de fuerza de cara a las negociaciones.;敵国から停戦の申し入れがありました！+戦を終わらせる、またとないチャンスです！;적국에서 평화협정을 제의해 왔습니다! 전쟁을 끝낼 절호의 기회입니다!;敌人们想要签订和平条约！+这是结束这场战争的最佳方式了。;敵人們想要簽訂和平條約！+這是結束這場戰爭的最佳方式了。;Der Feind will einen Friedensvertrag! Das ist die beste Methode, den Krieg zu beenden.;Наши враги хотят заключить мирное соглашение! Это лучший способ закончить войну.;I nostri nemici vogliono negoziare un trattato di pace! È il modo migliore per chiudere la guerra.;Os inimigos querem um acordo de paz! Essa é a melhor maneira de acabar com a guerra.;;;;;;;;;;;;;;;;;;;;;;;;;;;;;;;;;;;;;;;;;;;;;;;;;
224;general;Our army is strong and we're winning the war! Shall we force a peace treaty?;Ordumuz güçlü ve savaşı kazanıyoruz! Zorla barış antlaşması imzalatalım mı?;Nos armées sont en position de force et nous gagnons la guerre ! Devons-nous imposer un traité de paix ?;¡Nuestro ejército está en posición de fuerza y ganamos la guerra! ¿Deberíamos imponer un tratado de paz?;わが軍は快進撃を続けています！この勢いで、+敵国に停戦の条件を突きつけますか？;아군은 진격을 계속하고 있습니다! 이 기세로 적국에 평화협정 조건을 관철할까요?;我军威武雄壮，在战争中接连告捷！+我们是否要强迫敌方签订和平条约呢？;我軍威武雄壯，在戰爭中接連告捷！+我們是否要強迫敵方簽訂和平條約呢？;Unser Heer ist stark und wir gewinnen den Krieg! Sollen wir einen Friedensvertrag erzwingen?;Наша армия сильна, и мы побеждаем. Нам настоять на мирном соглашении?;Il nostro esercito è forte, stiamo vincendo la guerra! Dobbiamo imporre un trattato di pace?;Nosso exército é forte e está ganhando a guerra! Devemos propor um acordo de paz?;;;;;;;;;;;;;;;;;;;;;;;;;;;;;;;;;;;;;;;;;;;;;;;;;
225;general;We crushed the invading armies! The looting is excellent!;İşgalci orduları denize döktük! Yağmalar muhteşem!;Nous avons écrasé les armées ennemies ! Le butin est excellent !;¡Hemos aplastado al enemigo! ¡El botín es excelente!;侵略軍を壊滅させました！+敵軍の資財を略奪するチャンスです！;침략군을 괴멸시켰습니다!  적군의 자원을 약탈할 기회입니다!;我们击溃了入侵的敌军！+收缴了大量物资！;我們擊潰了入侵的敵軍！+收繳了大量物資！;Wir haben die Invasoren vernichtet! Es gibt viel zu plündern!;Мы сокрушили наступающего врага! Захваченные трофеи прекрасны!;Abbiamo schiacciato gli eserciti invasori! I bottini sono eccellenti!;Nós esmagamos os exércitos invasores! O saque foi excelente!;Bravo!;Tebrikler!;Bravo !;¡Toma!;やれ！;브라보!;太好了！;太好了！;Bravo!;Браво!;Bravi!;Bravo!;;;;;;;;;;;;;No looting;Yağma yasak;Pas de pillage;Nada de pillage;略奪は許さぬ;약탈은 불허하네.;不准搜刮财产;不准搜刮財產;Keine Plünderungen;Никакого грабежа;Nessuna razzia;Nada de saque;;;;;;;;;;;;;
226;diplomat;The King of the West has been informed of the state of our army and is now attacking us!;Batı Kralı ordumuzun halinden haberdar, şimdi de bize saldırıyor!;Le Roi de l'Est a été informé de l'état de notre armée et prépare une attaque !;¡El rey del Este ha sido informado del estado de nuestro ejército y prepara un ataque!;西部の王に、わが軍の現状を+知られてしまったようです。+今にも攻め入ってくるでしょう！;서쪽 나라의 왕이 아군의 현황을 파악한 모양입니다. 금방이라도 쳐들어 올 겁니다!;西方的国王听说了我军的状况，+攻打了过来！;西方的國王聽說了我軍的狀況，+攻打了過來！;Der König des Westens weiß über den Zustand unseres Heeres Bescheid und will uns angreifen!;Король Запада в курсе состояния нашей армии и только что напал на нас!;Il Re dell'Ovest è stato informato dello stato del nostro esercito e ora vuole attaccarci!;O Rei do Oeste foi informado do estado de nosso exército e agora está nos atacando!;Mobilize and attack!;Harekete geçip saldırın!;Mobilisez et attaquez;Mobilizáos y atacad;兵を招集し、攻め込め！;병력을 소집해 공격하라!;调集军队进攻！;調集軍隊進攻！;Mobilmachen und angreifen!;Мобилизуйтесь и атакуйте!;Mobilitarsi e attaccare;Mobilize-se e ataque!;;;;;;;;;;;;;Retreat and regroup!;Geri çekilip toparlanın!;Battez en retraite;¡Batíos en retirada!;退却し、態勢を立て直せ！;퇴각태세를 정비하라!;撤退集结！;撤退集結！;Zurückziehen und sammeln!;Отступите и перегруппируйтесь!;Ritirarsi e riorganizzarsi!;Recue e reagrupe-se!;;;;;;;;;;;;;
227;diplomat;The Queen of the South would like to help us in our effort to repel the invading armies. ;Güney Kraliçesi, işgalci orduları defetmemize yardım etmek istiyor.;La Reine du Sud nous offre son aide pour repousser l'envahisseur.;La reina del Sur nos ofrece su ayuda para repeler al enemigo.;南部の女王より、わが国に協力したいとの+申し入れがありました。+ともに侵略軍と戦う用意があると…;남쪽 나라 여왕으로부터  우리나라에 협력하고자 한다는 전갈을 보내왔습니다.  같이 침략군에 맞서 싸울 준비가 되어 있다고 합니다...;南方的女王说她愿意和我们+一起击退来犯的敌军。;南方的女王說她願意和我們+一起擊退來犯的敵軍。;Die Königin des Südens bietet an, uns beim Zurückschlagen der Invasoren zu helfen.;Королева Юга желает помочь нам в отражении нападения.;La Regina del Sud desidera aiutarci a respingere gli eserciti invasori.;A Rainha do Sul deseja nos ajudar a repelir os exércitos invasores.;;;;;;;;;;;;;;;;;;;;;;;;;;;;;;;;;;;;;;;;;;;;;;;;;
228;diplomat;The King of the West is offering us money to buy a small part of the country.;Batı Kralı ülkenin küçük bir kısmını satın alması karşılığında bize para teklif ediyor.;Le Roi de l'Ouest offre une large somme pour acheter une petite partie du royaume.;El rey del Oeste ofrece una gran suma a cambio de una pequeña parte de nuestro reino.;西部の王が、わが国の所領の一部を+買いたいと申しております。;서쪽 나라 왕이 우리나라 영토의 일부를 구입하고 싶다는 전갈을 보내왔습니다.;西方的国王提出要花钱买下+我们王国的一小片领土。;西方的國王提出要花錢買下+我們王國的一小片領土。;Der König des Westens bietet uns viel Geld. Er will einen kleinen Teil unseres Landes kaufen.;Король Запада предлагает купить у нас небольшую часть страны.;Il Re dell'Ovest ci offre del denaro in cambio di una piccola porzione del Paese.;O Rei do Oeste está nos oferecendo dinheiro para comprar uma pequena parte do país.;;;;;;;;;;;;;;;;;;;;;;;;;;;;;;;;;;;;;;;;;;;;;;;;;
229;diplomat;The Eastern baronies are at war again and their population is crossing our frontier as we speak.;Doğu baronlukları yeniden savaşıyor, halkları da şu an hudutlarımızı geçiyor.;Les baronnies de l'Est sont en guerre à nouveau et leurs populations passent la frontière en ce moment même.;Los ducados del Este están en guerra de nuevo y sus poblaciones cruzan la frontera en este mismo instante.;東部の諸部族が、再び争いはじめました。+こうしている間にも、+難民がわが国になだれ込んできます。;동쪽 나라 제후가 다시 전쟁을 시작했습니다.  이러고 있는 사이에도  동쪽 나라 백성들이 국경을 넘어 들어오고 있습니다.;东部的众伯爵领之间又开战了，+他们领土下的平民此刻正涌入我们的前线。;東部的眾伯爵領之間又開戰了，+他們領土下的平民此刻正湧入我們的前線。;Die Baronien des Ostens führen wieder Krieg und ihre Bevölkerung kommt scharenweise zu uns.;Восточные баронства снова объявили войну и их люди бегут через границу, как мы и говорили.;Le baronie dell'Est sono ancora in guerra. Mentre parliamo, la loro popolazione sta attraversando i nostri confini.;As baronias orientais estão em guerra de novo, e a população está cruzando as fronteiras nesse exato momento.;Welcome them;Buyursunlar;Accueillez-les;Dadles la bienvenida;迎え入れよ;환영하게.;欢迎他们入境;歡迎他們入境;Heißt sie willkommen;Приютить их;Accoglieteli;Dê as boas-vindas a eles;;;;;;;;;;;;;Close the frontier;Sınırları kapatın;Fermez la frontière;Cerrad la frontera;国境を封鎖せよ;국경을 봉쇄하라.;关闭边疆;關閉邊疆;Schließt die Grenze;Закрыть границу;Chiudete le frontiere;Feche as fronteiras;;;;;;;;;;;;;
230;merchant;Our country is at peace and business is good! You should keep the treasury full for harder times.;Ülkemiz barış içinde, ticaret de sağlam! Zor günler gelirse diye hazineyi dolu tutun.;Le royaume est en paix et l'économie est florissante ! Vous devriez garder de l'argent de côté pour les jours difficiles.;¡El reino está en paz y la economía florece! Deberíais guardar algo de dinero para futuras malas rachas.;平和が続き、交易も順調です。+今のうちに、国庫に富を蓄えておきましょう。;평화가 이어져 교역도 순조롭습니다.  지금이야말로 국고에 부를 축적할 때입니다.;我们的王国太平安宁、贸易顺利！+您应该多往国库里存些钱，以备不时之需。;我們的王國太平安寧、貿易順利！+您應該多往國庫裏存些錢，以備不時之需。;Im Land herrscht Frieden und der Handel floriert. Haltet die Schatzkammer für härtere Zeiten gefüllt!;В нашей стране царит мир и процветание! Нужно держать сокровищницу полной на случай тяжелых времен.;Il nostro Paese è in pace e gli affari procedono a meraviglia! Dovreste tenere da parte il tesoro per i giorni bui.;O país está em paz, e os negócios vão de vento em popa! É melhor manter o tesouro cheio para tempos difíceis.;;;;;;;;;;;;;;;;;;;;;;;;;;;;;;;;;;;;;;;;;;;;;;;;;
231;general;The Vikings are attacking us! We should defend our kingdom from the North!;Vikingler bize saldırıyor! Krallığımızı Kuzeye karşı savunalım!;Les Vikings attaquent ! Nous devons nous défendre contre le royaume du Nord !;¡Los vikingos atacan! ¡Debemos defendernos del reino del Norte!;北部からバイキングが攻めてきます！+ここは守りを固めるべきかと！;북쪽에서 바이킹이 공격해 옵니다! 수비를 강화해야 합니다!;维京人打过来了！+我们需要守住这波从北来的攻势！;維京人打過來了！+我們需要守住這波從北來的攻勢！;Die Wikinger greifen uns an! Wir müssen unser Königreich im Norden verteidigen!;На нас напали викинги! Нужно оборонять страну с севера!;I Vichinghi ci attaccano! Dobbiamo difendere il Regno dal Nord!;Os vikings estão nos atacando! Devemos defender nosso reino pelo norte!;Attack!;Saldırın!;Attaquer !;¡Atacad!;攻め進め！;공격을 진행하라!;进攻！;進攻！;Greift sie an!;Напасть!;All'attacco!;Atacar!;;;;;;;;;;;;;Defend!;Savunun!;Défendre !;¡Defended!;守りを固めろ！;방어를 강화하라!;防御！;防禦！;Verteidigt das Land!;Защищаться!;Difendete!;Defender!;;;;;;;;;;;;;
232;merchant;We're at war with too many enemies, it costs a fortune. We should negotiate a cease fire.;Çok fazla düşmanla savaştayız, bu da pahalıya mal oluyor. Ateşkeste antlaşmalıyız.;Nous sommes en guerre avec trop d'ennemis à la fois, cela coûte une fortune. Négocions un cessez-le-feu.;Estamos en guerra con demasiados enemigos a la vez. Negociemos un alto el fuego.;わが国には敵が多く、+軍事費が大きな負担になっています。+停戦の交渉をすべきでは？;우리나라에는 적이 많아 군사비가 큰 부담입니다. 정전협정을 맺어야 하지 않을까요?;我们同时和太多敌人开战了，+国库要跟不上了，+我们应当争取谈份停火协议。;我們同時和太多敵人開戰了，+國庫要跟不上了，+我們應當爭取談份停火協議。;Wir führen Krieg gegen zu viele Feinde. Das kostet einen Vermögen. Handeln wir einen Waffenstillstand aus.;У нас слишком много врагов, это дорого обходится. Нужно поднять вопрос о прекращении войны.;Siamo in guerra su troppi fronti, è molto costoso. Dovremmo negoziare un cessate il fuoco.;Estamos em guerra com muitos inimigos e isso custa uma fortuna. É melhor negociarmos um acordo.;;;;;;;;;;;;;;;;;;;;;;;;;;;;;;;;;;;;;;;;;;;;;;;;;
233;anyone;The war is long and painful. Call for a cease fire!;Savaş çok uzun ve ağır. Ateşkes isteyin!;La guerre est interminable et coûteuse. Demandez un cessez-le-feu.;La guerra es interminable y costosa. Pedid un alto el fuego.;長引く戦で、+国内に厭戦気分が広がっています。+陛下、どうか停戦のご決断を！;전쟁이 장기화되어 정전협정을 위한 요청이 빗발치고 있습니다. 폐하, 부디 결단을 내려 주십시오!;战争过于漫长和痛苦，+请呼吁停火吧！;戰爭過於漫長和痛苦，+請呼籲停火吧！;Der Krieg ist lang und schmerzhaft. Bittet um einen Waffenstillstand!;Война — это долго и болезненно. Скомандуйте прекратить войну!;La guerra è lunga e dolorosa. Chiedete un cessate il fuoco!;A guerra já é longa e dolorosa. Peça para cessar fogo!;;;;;;;;;;;;;;;;;;;;;;;;;;;;;;;;;;;;;;;;;;;;;;;;;
234;spy;The boar you're at war with has a weakness. It's not really fair play, but would you like to take advantage of it?;Savaştığınız yaban domuzunun bir zayıflığı var. Hiç adil bir hamle değil, ama faydalanmak ister misiniz?;Le sanglier contre qui vous êtes en guerre a une faiblesse. Je peux en tirer avantage mais c'est un coup bas.;El jabalí contra el que lucháis tiene una debilidad. Puedo aprovecharme pero es un golpe bajo.;陛下の敵たる猪には、弱点がございます。+少々汚い手ですが、+そこにつけ込むのもよろしいかと。;폐하의 적인 멧돼지에게는 약점이 있습니다.  조금 더러운 수단이긴 하지만 이용해도 좋으실 겁니다.;正和你战斗的野猪有一个弱点，+虽然有违公平竞争的精神，+但你是否想要利用这一点呢？;正和你戰鬥的野豬有一個弱點，+雖然有違公平競爭的精神，+但你是否想要利用這一點呢？;Der Eber, den Ihr bekämpft, hat eine Schwäche. Es wäre nicht sehr anständig, aber möchtet Ihr sie ausnutzen?;У вепря, с которым вы воюете, есть одна слабость. Будет не слишком честно, но вы хотите ей воспользоваться?;Il cinghiale con cui siete in guerra ha un punto debole. Potreste avvantaggiarvene, ma sarebbe un colpo basso.;O javali com o qual você está lutando tem uma fraqueza. Pode ser golpe baixo, mas quer tirar vantagem disso?;;;;;;;;;;;;;;;;;;;;;;;;;;;;;;;;;;;;;;;;;;;;;;;;;
235;general;All our catapults have been sabotaged! ;Tüm mancınıklarımız sabote edilmiş!;Toutes nos catalpultes ont été sabotées !;¡Todas nuestras catapultas han sido saboteadas!;わが軍の投石機がすべて、+何者かに破壊されました！;아군의 투석기가 모두 누군가에게 파괴되었습니다!;我们的投石机都被破坏了！;我們的投石機都被破壞了！;All unsere Katapulte wurden sabotiert!;Все наши катапульты испорчены!;Tutte le nostre catapulte sono state sabotate!;Todas nossas catapultas foram sabotadas!;Find the traitors!;Hainleri bulun!;Trouvez les traîtres !;¡Encontrad a los traidores!;裏切り者を探せ！;배신자를 찾아라!;揪出叛徒！;揪出叛徒！;Findet die Verräter!;Найти предателей!;Trovate i traditori!;Encontre os traidores!;;;;;;;;;;;;;God will protect us!;Tanrı bizi korur!;Dieu nous viendra en aide;¡Dios nos protegerá!;神がお守りくださる！;신께서 지켜 주신다!;上帝会保佑我们的！;上帝會保佑我們的！;Gott wird uns schützen!;Бог нас защитит!;Dio ci proteggerà!;Deus nos protegerá!;;;;;;;;;;;;;
236;anyone;The invading armies are using trebuchets to destroy our fortifications!;İşgalci ordular surlarımızı yıkmak için mancınık kullanıyor!;Les envahisseurs font usage de trébuchets pour détruire nos fortifications !;¡Los invasores usan catapultas para destruir nuestra fortaleza!;敵軍が投石機で城壁を攻撃してきます！;적군이 투석기로 성벽을 공격하고 있습니다!;入侵军队正在用投石机+摧毁我们的防御工事！;入侵軍隊正在用投石機+摧毀我們的防禦工事！;Die Invasoren zerstören unsere Befestigungen mit Bliden!;Враги использовали требушет, чтобы разрушить наши укрепления!;Gli eserciti nemici stanno distruggendo le nostre fortificazioni con le catapulte!;Os exércitos invasores estão usando trabucos para destruir nossas fortificações!;Attack!;Saldırın!;À l'attaque !;¡Al ataque!;攻め進め！;공격을 진행하라!;进攻！;進攻！;Zum Angriff!;Напасть!;All'attacco!;Atacar!;;;;;;;;;;;;;Defend!;Savunun!;Défendez !;¡Defended!;守りを固めろ！;방어를 강화하라!;防御！;防禦！;Bleibt in der Verteidigung!;Защищаться!;Difendete!;Defender!;;;;;;;;;;;;;
237;general;The kingdom of the South is offering to join forces against the Vikings. I trust them.;Güney Krallığı Vikinglere karşı kuvvet birleştirmemizi teklif ediyor. Onlara güveniyorum.;Le royaume du Sud propose une alliance contre les Vikings. Je leur fais confiance.;El reino del Sur propone una alianza con los vikingos. Yo me fío de ellos.;南の王国より、同盟の申し入れがありました。+バイキングの襲撃に備えたいと。+彼らは信用できます。;남쪽 왕국에서 동맹 제의를 해 왔습니다.  바이킹의 습격에 대비하고 싶다는군요.  그들은 믿을 수 있습니다.;南方王国提出愿意和我们一同抵御维京人，+我相信他们。;南方王國提出願意和我們一同抵禦維京人，+我相信他們。;Das Königreich des Südens bietet an, sich gegen die Wikinger mit uns zu verbünden. Ich vertraue ihnen.;Королевство Юга предлагает объединить силы против викингов. Я верю им.;Il Regno del Sud propone un'alleanza contro i Vichinghi. Io mi fido di loro.;O Reino do Sul está oferecendo a união das nossas forças contra os vikings. Eu confio neles.;;;;;;;;;;;;;;;;;;;;;;;;;But I don't trust you;Ama ben sana güvenmiyorum;Mais je ne vous fais pas confiance;Pero yo no me fío de vos;余はそなたを信用しない;짐은 그대를 신뢰하지 않네.;但我不相信你;但我不相信你;Aber ich vertraue Euch nicht;Но я не верю тебе;Ma io non mi fido di Voi;Mas eu não confio em você;;;;;;;;;;;;;
238;anyone;You need to recruit a new general or we will be overwhelmed.;Yeni bir general atayın yoksa düşmanlar bizi ezecek.;Recrutez un nouveau général ou nous serons dépassés par les ennemis.;Recrutad un nuevo general o seremos aplastados por los enemigos.;新たな将軍を任命しなければ、+敵軍を抑えることはできないでしょう。;새로운 장군을 임명하여야 적군을 물리칠 수 있을 것입니다.;您需要招一位新将军，+不然我们会被击溃的。;您需要招一位新將軍，+不然我們會被擊潰的。;Ihr müsst einen neuen General anwerben, sonst sind wir erledigt.;Вам нужен новый генерал, иначе нам грозит поражение.;Dovete reclutare un nuovo generale, altrimenti verremo sopraffatti.;Você precisa recrutar um novo general. ou seremos massacrados.;;;;;;;;;;;;;;;;;;;;;;;;;I will be the new general;Yeni general ben olacağım;Je serai le nouveau général;Seré el nuevo general;では、余が将軍を+務めよう！;그러면 짐이 장군을 맡지!;我将会担任新的将军;我將會擔任新的將軍;Ich bin der neue General;Я стану новым генералом;Sarò io il nuovo generale;Eu serei o novo general;;;;;;;;;;;;;
239;soldier;Victory! The Vikings are defeated! Should we exterminate all the prisoners?;Zafer! Vikingler yenildi! Tüm esirleri infaz edelim mi?;Victoire ! Les Vikings sont défaits ! Faut-il massacrer les prisonniers ?;¡Victoria! ¡Los vikingos han sido derrotados! ¿Hace falta masacrar a los prisioneros?;われらの勝利です！+バイキングを駆逐しました！+捕虜も皆殺しにしますか？;우리가 승리했습니다! 바이킹을 몰아냈습니다!  포로도 몰살하시겠습니까?;获胜了！维京人被打败了！+我们是否应该处决所有的战俘？;獲勝了！維京人被打敗了！+我們是否應該處決所有的戰俘？;Sieg! Die Wikinger sind geschlagen! Sollen wir alle Gefangenen töten?;Победа! Викинги побеждены! Нам убить пленных?;Vittoria! I Vichinghi sono stati sconfitti! Sterminiamo tutti i prigionieri?;Vitória! Os vikings foram derrotados! Devemos exterminar os prisioneiros?;No pity! ;Acımak yok!;Pas de pitié !;¡Sin piedad!;1人残らず殺せ！;하나도 남김없이 죽여라!;毫不手下留情！;毫不手下留情！;Keine Gnade!;Никакой пощады!;Nessuna pietà!;Sem piedade!;;;;;;;;;;;;;Let them go;Bırakın gitsinler;Laissez-les partir;Dejadles partir;捕虜は解放せよ;포로는 해방하라.;放他们走吧;放他們走吧;Lasst sie gehen;Отпустите их;Lasciateli andare;Solte-os;;;;;;;;;;;;;
240;explorator;I'm <explorator> and I think I found a new commercial route to the Orient by sea! Please, finance my expedition.;Adım <explorator>, sanırım denizden Doğuya giden yeni bir ticari rota buldum! Lütfen keşfime maddi destek çıkın.;Je suis <explorator> et je pense avoir trouvé une nouvelle route commerciale vers l'Orient par la mer ! Aidez-moi !;¡Soy <explorator> y creo haber encontrado una nueva ruta comercial hacia Oriente por mar. ¡Ayudadme!;私は、<explorator>+と申します。東方への新たな商業航路を+開拓できるかもしれません。本日は、+資金援助のお願いに上がりました。;저는 <explorator>입니다.  동방에 새로운 상업항로를 개척할 수 있을지도 모릅니다.  오늘은 기금 원조를 부탁드리러 왔습니다.;我是<explorator>，+我认为自己找到了+一条前往东方的新海上商路！+恳请您资助我的远行探险吧。;我是<explorator>，+我認為自己找到了+一條前往東方的新海上商路！+懇請您資助我的遠行探險吧。;Ich, <explorator>, habe einen neuen Seehandelsweg in den Orient entdeckt! Bitte finanziert meine Expedition.;Я <explorator>, и я думаю, что нашел новый морской торговый путь на Восток! Прошу, дайте денег на экспедицию!;Io sono <explorator> e credo di aver individuato una rotta commerciale via mare per raggiungere l'Oriente! Finanziate la mia spedizione!;Sou <explorador> e encontrei uma nova rota comercial para o Oriente! Por favor, financie minha expedição.;;;;;;;;;;;;;;;;;;;;;;;;;;;;;;;;;;;;;;;;;;;;;;;;;
241;explorator;I haven't found the route to the Orient yet, but I won't give up that easily!;Doğuya giden rotayı henüz bulamadım ama bu kadar kolay pes etmem!;Je n'ai pas encore réussi à établir la nouvelle route, mais je dois poursuivre mes efforts !;¡Aún no he conseguido establecer una nueva ruta, pero debo persistir!;まだ航路の発見にはいたっておりませんが、+そう簡単にはあきらめませんよ！;아직 항로를 발견하지는 못했지만  그리 쉽게 포기하지는 않습니다!;我还没有找到前往东方的道路，+但我不会这么轻易就放弃的！;我還沒有找到前往東方的道路，+但我不會這麼輕易就放棄的！;Ich konnte den Handelsweg noch nicht einrichten, doch so leicht gebe ich nicht auf!;Пока маршрут не найден, но я так просто не сдамся!;Non ho ancora trovato la via per l'Oriente, ma non mi arrendo così facilmente!;Ainda não encontrei uma rota, mas não desistirei facilmente!;;;;;;;;;;;;;;;;;;;;;;;;;Without my help;Bensiz bul;Sans mon aide;Sin mi ayuda;結構だが、+余の援助はあてにするな;그래도 좋지만 내 원조에 의지하지 말게.;我不会资助你了;我不會資助你了;Dann aber ohne meine Hilfe;Без моей помощи;Senza il mio aiuto;Sem a minha ajuda;;;;;;;;;;;;;
242;explorator;I found a new world! It has trees of gold, rivers of silver and mountains of diamonds. And some uncivilized savages.;Yeni bir dünya buldum! Altından ağaçlar, gümüşten nehirler ve elmastan dağlar var. Bir de uygarlaşmamış yabaniler.;J'ai découvert un nouveau monde où les arbres sont d'or et les rivières d'argent. Et habité par quelques sauvages sans Dieu.;He descubierto un nuevo mundo en el que los árboles son de oro y los ríos de plata. Y los salvajes no tienen Dios.;新大陸を発見しました！黄金の木々が茂り、+銀の川が流れ、ダイヤモンドの山脈が連なり、+未開の野人たちが暮らす地です。;신대륙을 발견했습니다!  황금 나무들이 우거져 은빛 강이 흐르고  다이아몬드 광산이 이어지며  미개한 야만인들이 사는 땅입니다.;我发现了一片新大陆！+那里树是金的，河是银的，山是钻石的！+还有一些原住民是野蛮的。;我發現了一片新大陸！+那裏樹是金的，河是銀的，山是鑽石的！+還有一些原住民是野蠻的。;Ich habe eine neue Welt entdeckt, mit Bäumen aus Gold und Flüssen aus Silber! Und unzivilisierten Wilden.;Я нашел новый мир! Золотые деревья, серебряные реки и алмазные горы. И дикие туземцы.;Ho scoperto un nuovo mondo! Ci sono alberi d'oro, fiumi d'argento e montagne di diamanti. E dei selvaggi.;Encontrei um novo mundo! Ele tem árvores de ouro, rios de prata e montanhas de diamantes. E alguns selvagens.;Let's establish colonies;Koloni kuralım;Établissons une colonie;Establezcamos una colonia;植民地にせよ;식민지로 삼게.;建立殖民地;建立殖民地;Gründet Kolonien;Нужно основать колонии;Fondiamo una colonia;Vamos estabelecer colônias;;;;;;;;;;;;;Let's plunder it;Yağmalayalım;Pillons tout ça;Desvalijémoslo;略奪せよ;약탈하게.;劫掠此地;劫掠此地;Plündert das alles;Давайте разграбим;Deprediamolo;Vamos saqueá-lo;;;;;;;;;;;;;
243;priest;These savages are pristine pages to write the name of God upon. We will educate them.;Bu yabaniler Tanrı'nın adını yazmak için tertemiz sayfalar. Onları eğitelim.;Ces sauvages sont des pages immaculées sur lesquelles écrire le nom de Dieu. Nous allons les éduquer.;Estos salvajes son páginas en blanco sobre las cuales escribir el nombre de Dios. Vamos a educarlos.;新大陸の野人たちは、+いわばまっさらなキャンバスのようなもの。+われわれが教育を施し、+真の神の名を書き込んでやらねばなりません。;신대륙의 야만인들은 말하자면 백짓장과 같은 상태입니다. 우리가 교육하여 진정한 신의 이름을 올려야 합니다.;这些化外之民+是最适合书写神之名讳的纯白书页，+我们会好好教化他们的。;這些化外之民+是最適合書寫神之名諱的純白書頁，+我們會好好教化他們的。;Diese Wilden sind wie leere Seiten, auf die wir Gottes Namen schreiben können. Wir werden sie unterrichten.;Эти туземцы — чистый лист, где мы напишем имя Божье. Мы обучим их.;Questi selvaggi sono pagine bianche sulle quali vergare il nome di Dio. Li educheremo.;Esses selvagens são páginas primitivas na qual escreveremos o nome de Deus. Nós os educaremos.;;;;;;;;;;;;;;;;;;;;;;;;;;;;;;;;;;;;;;;;;;;;;;;;;
244;general;Our colonies will provide excellent troops for next to nothing!;Kolonilerimizden neredeyse bedavaya muhteşem birlikler kazanabiliriz!;Nos colonies peuvent fournir d'excellentes troupes pour presque rien !;¡Nuestras colonias pueden proporcionar tropas excelentes a cambio de casi nada!;植民地からは、+タダ同然で新兵を徴兵できます！;식민지에서 헐값에 신병을 징병할 수 있습니다!;我们的殖民地会为我们提供优质的士兵，+而且还不花什么钱！;我們的殖民地會為我們提供優質的士兵，+而且還不花什麼錢！;Unsere Kolonien versorgen uns fast umsonst mit vorzüglichen Truppen!;Наши колонии обеспечат нам войска почти из воздуха!;Le nostre colonie forniranno truppe eccellenti a un prezzo irrisorio!;Nossas colônias fornecerão ótimas tropas praticamente de graça!;;;;;;;;;;;;;;;;;;;;;;;;;;;;;;;;;;;;;;;;;;;;;;;;;
245;priest;The colonies have started an uprise. Those savages want democracy, elections and fair trial!;Koloniler isyan ediyor. Yabaniler demokrasi, seçim ve adil yargı istiyor!;Nos colonies se soulèvent ! Ces sauvages veulent la démocratie, des élections libres et des procès équitables !;¡Nuestras colonias se levantan! ¡Estos salvajes quieren democracia, elecciones libres y comercio justo!;植民地で暴動が発生しました！野人たちは、+民主制と選挙と公平な裁判を要求しています！;식민지에서 폭동이 발생했습니다!  야만인들은 민주주의, 선거, 공정한 재판을 요구하고 있습니다!;殖民地开始起义了，+这群野蛮人想要民主、选举和公平的审判！;殖民地開始起義了，+這群野蠻人想要民主、選舉和公平的審判！;Es gibt einen Aufstand in den Kolonien. Diese Wilden fordern Demokratie, Wahlen und unabhängige Gerichte!;В колониях поднимается восстание. Туземцы хотят демократии, выборов и честного суда!;Le colonie hanno iniziato una rivolta. Quei selvaggi vogliono democrazia, elezioni e dei tribunali imparziali!;As colônias começaram a se rebelar. Aqueles selvagens querem democracia, eleições e julgamentos justos!;Save the settlers;Halkı kurtarın;Sauvez les colons;Salvad a los colonos;植民地の住民の+安全を優先せよ;식민지 주민의 안전을 우선하게.;救援居民;救援居民;Rettet die Siedler;Спасайте поселенцев;Salvate i coloni;Salve os colonizadores;;;;;;;;;;;;;Save the money;Parayı kurtarın;Sauvez l'argent;Rescatad el dinero;収入源を守れ;수입원을 지키게.;保住财产;保住財產;Rettet das Geld;Спасайте деньги;Salvate il denaro;Salve o dinheiro;;;;;;;;;;;;;
246;bird;Tweet! <i>It seems the bird was carrying a message but it's not there anymore.</i>;Cik! <i>Görünüşe bakılırsa kuş bir mesaj taşıyordu ama artık uçtu gitti.</i>;Cuiii ! <i>Le pigeon aurait dû porter un message, mais vous ne le trouvez pas.</i>;¡Pío pío! <i>La paloma debería traer un mensaje, pero no lo encontráis por ninguna parte.</i>;チュンチュン！+<i>（鳥は文をくわえてきたようだが、+くちばしにはなにもない…）</i>;짹짹! <i>(새가 소식을 물고 온 것 같은데 부리에는 아무것도 없다...)</i>;啾！+<i>（看起来小鸟本应携带着一份信件，+但东西已经不在鸟身上了。）</i>;啾！+<i>（看起來小鳥本應攜帶著一份信件，+但東西已經不在鳥身上了。）</i>;Gurr! <i>Anscheinend hatte der Vogel eine Botschaft, aber sie ist nicht mehr vorhanden.</i>;Чирик! <i>Кажется, у птицы было сообщение, но его больше нет.</i>;Cip! <i>Pare che l'uccello trasportasse un messaggio, ma non si trova più.</i>;Piu! <i>Parece que o pássaro estava carregando uma mensagem, mas não está mais aqui.</i>;<i>Look on the window sill</i>;<i>Pencere pervazına bakın</i>;<i>Regarder sur le bord de la fenêtre</i>;<i>Mirar en el alféizar de la ventana</i>;<i>（窓枠を調べる）</i>;<i>창틀을 조사한다.</i>;<i>（向窗槛望去）</i>;<i>（向窗檻望去）</i>;<i>Aufs Fenstersims sehen</i>;<i>Осмотреть подоконник</i>;<i>Guardare sul cornicione</i>;<i>Olhar a janela</i>;<i>You find a torn paper with a partial message: "ARM...".</i>;<i>Üzerindeki mesajın kısmen okunduğu yırtık bir kağıt buluyorsunuz: "ORD...".</i>;<i>Vous trouvez un papier déchiré avec le message : "ARM..."</i>;<i>Encontráis un papel a pedazos con el siguiente mensaje: "ARM..."</i>;<i>破れた紙を見つけた。+なにか書いてあるが、+ほんの一部しか読めない。</i>「兵…」;<i>찢어진 종이를 발견했다. 뭔가 쓰여 있으나 조금밖에 읽을 수 없다. </i>"병사...";<i>（你找到一张撕碎的纸片，+上面写有残缺的信息：+军……）</i>;<i>（你找到一張撕碎的紙片，+上面寫有殘缺的資訊：+軍……）</i>;<i>Ihr findet ein zerrissenes Stück Papier mit der Nachricht: "BEWA...".</i>;<i>Вы находите обрывок бумаги, на котором написано: «Арм…»</i>;<i>Trovate un foglio strappato con il messaggio : "ARM..."</i>;<i>Você encontrou um papel rasgado com pedaço de uma mensagem: "ARM...".</i>;<i>Look under the throne</i>;<i>Tahtın altına bakın</i>;<i>Regarder sous le trône</i>;<i>Mirar bajo el trono</i>;<i>（玉座の下を調べる）</i>;<i>왕좌 밑을 조사한다.</i>;<i>（朝王座底下看）</i>;<i>（朝王座底下看）</i>;<i>Unter den Thron sehen</i>;<i>Поискать под троном</i>;<i>Guardare sotto il trono</i>;<i>Olhar embaixo do trono</i>;<i>You find a lot of garbage, but no message.</i>;<i>Bolca çöp buluyorsunuz ama hiç mesaj yok.</i>;<i>Vous trouvez beaucoup de détritus, mais pas de message.</i>;<i>Encontráis un montón de basura, pero ni rastro del mensaje.</i>;<i>ゴミが山ほど出てきたが、+文は見つからなかった。</i>;<i>쓰레기가 산더미처럼 나왔지만 문장은 발견되지 않았다. </i>;<i>（你翻出大堆的垃圾，+却没找出什么信息。）</i>;<i>（你翻出大堆的垃圾，+卻沒找出什麼資訊。）</i>;<i>Ihr findet einigen Unrat, aber keine Botschaft.</i>;<i>Вы находите кучу мусора, но сообщения нет.</i>;<i>Trovate dell'immondizia, ma nessun messaggio.</i>;<i>Você encontra muito lixo, mas nenhuma mensagem.</i>;
247;general;This message must be important. Let me send some men to the borders.;Bu mesaj önemli olmalı. Sınırlara asker göndereyim.;Ce message devait être important. Laissez-moi envoyer des hommes vers la frontière.;Ese mensaje debe de ser importante. Dejadme enviar unos cuantos hombres a la frontera.;これは重要な知らせに違いない…+国境に兵を派遣しましょう。;이건 분명 중요한 소식입니다...  국경에 병력을 파견하여 주십시오.;这封信件一定非常重要，+请让我派一些军队到国境去吧。;這封信件一定非常重要，+請讓我派一些軍隊到國境去吧。;Diese Botschaft muss wichtig sein. Lasst mich ein paar Männer an die Grenze entsenden.;Сообщение, должно быть, важное. Нужно послать людей к границе.;Questo messaggio dev'essere importante. Lasciate che mandi degli uomini alle frontiere.;Essa mensagem deve ser importante. Deixe-me enviar alguns homens até as fronteiras.;;;;;;;;;;;;;;;;;;;;;;;;;;;;;;;;;;;;;<i>It was an important message.</i>;<i>Önemli bir mesajdı.</i>;<i>C'était un message important.</i>;<i>Era un mensaje importante.</i>;<i>やはり重要な知らせだった。</i>;<i>역시 중요한 소식이었군. </i>;<i>（那是条重要的信息。）</i>;<i>（那是條重要的資訊。）</i>;<i>Es war eine wichtige Botschaft.</i>;<i>Это было важное сообщение.</i>;<i>Era un messaggio importante.</i>;<i>Era uma mensagem importante.</i>;
248;viking;I curse you for the massacre of my soldiers!;Askerlerimi katlettiğiniz için sizi lanetliyorum!;Je te maudis pour le massacre de mes soldats !;¡Te maldigo por haber masacrado a los soldados!;貴様だな…+俺の兵士たちを虫ケラのように殺したのは！;네놈이구나... 내 병사들을 벌레처럼 죽인 게!;我诅咒你送我的士兵去白白受死！;我詛咒你送我的士兵去白白受死！;Ich verfluche Euch für das Massaker an meinen Soldaten!;Я проклинаю тебя за расправу над моими воинами!;Vi maledico per il massacro dei miei uomini!;Eu amaldiçoo você pelo massacre de meus soldados!;How dare you!;Ne cüret!;Comment oses-tu !;¡Cómo os atrevéis!;無礼者！;무례한 놈!;你怎么敢！;你怎麼敢！;Wie könnt Ihr es wagen!;Да как ты смеешь!;Come osi!;Como ousa!;;;;;;;;;;;;;You're my slave now;Artık benim kölemsin;Tu es mon esclave;Ahora eres mi esclavo;そなたは余の奴隷だ;그대는 나의 노예다.;你现在是我的奴隶了;你現在是我的奴隸了;Ihr seid jetzt mein Sklave;Ты теперь мой раб;Ora sei mio schiavo;Você é meu escravo agora;;;;;;;;;;;;;
249;monk;The Merchants' Guild is selling goods traditionally produced by the Abbey. Put an end to this.;Tüccarlar Loncası, geleneksel olarak Manastırın ürettiği malları satıyor. Bunu durdurun.;La guilde des marchands vend des denrées traditionnellement produites au sein de l'Abbaye. Mettez-y un terme.;El Gremio de Mercaderes vende productos tradicionales a la abadía. Acabad con ésto.;古くから修道院で生産してきた商品を、+商人ギルドが売りはじめました。+彼らに規制をかけてください。;예전부터 수도원에서 생산해온 제품을 상인길드가 팔기 시작했습니다. 규제해 주십시오.;商人行会开始贩卖一些+传统来说应当由修道院出产的货物，+请您阻止他们吧。;商人行會開始販賣一些+傳統來說應當由修道院出產的貨物，+請您阻止他們吧。;Die Händlergilde verkauft Waren, die traditionell im Kloster hergestellt werden. Setzt dem ein Ende.;Гильдия купцов продает товары, которые традиционно изготавливались Аббатством. Прекратите это.;La Gilda dei mercanti vende merci abitualmente prodotte dall'Abbazia. Ponete fine a questa cosa.;A Guilda dos Comerciantes está vendendo mercadorias tradicionalmente produzidas pela Abadia. Acabe com isso.;;;;;;;;;;;;;;;;;;;;;;;;;;;;;;;;;;;;;;;;;;;;;;;;;
250;merchant;My Lord, I'm <merchant>, the Merchants' Guild master. Please accept a token of our gratitude.;Lordum, bendeniz <merchant> Tüccarlar Loncasının başıyım. Lütfen minnetimizin bir işaretini kabul edin.;Je suis <merchant>, le maître de la guilde des marchands. Acceptez ce témoignage de ma gratitude.;Soy <merchant>, el maestro del Gremio de Mercaderes. Aceptad esta prueba de mi gratitud.;私は商人ギルドの長を務める、+<merchant>と申します。+これはほんの気持ちです、お納めください。;저는 상인길드 대표 <merchant>입니다.  별 것 아니지만 감사의 뜻으로 드립니다.;陛下，我是<merchant>，+商人行会的会长，+请收下这些，作为我们感激的凭证。;陛下，我是<merchant>，+商人行會的會長，+請收下這些，作為我們感激的憑證。;Majestät, ich bin <merchant>, Leiter der Händlergilde. Bitte nehmt ein Zeichen meiner Dankbarkeit an.;Милорд, я <merchant>, мастер гильдии купцов. Примите подарок в знак нашего расположения.;Mio Signore, sono <merchant>, il capo della Gilda dei mercanti. Accettate questo simbolo della nostra gratitudine.;Senhor, sou <merchant>, mestre da Guilda dos Comerciantes. Aceite este símbolo de nossa gratidão.;;;;;;;;;;;;;;;;;;;;;;;;;I take no bribe;Rüşvet kabul etmiyorum;Pas de pot-de-vin;No acepto sobornos;賄賂は受け取らぬ;뇌물은 안 받겠네.;我不收贿赂;我不收賄賂;Ich lasse mich nicht bestechen;Я не беру взяток;Non mi lascio corrompere;Não aceito subornos;;;;;;;;;;;;;
251;merchant;My Lord, you can't stop the trade! Please reconsider, even if it means paying a new tax.;Lordum, ticareti sonlandıramazsınız! Lütfen yeniden düşünün, gerekirse yeni vergi ödenir.;Monseigneur, n'empêchez pas le marché libre ! Nous sommes prêts à payer plus d'impôts si vous revenez sur cette décision.;Mi Señor, ¡no os opongáis al mercado libre! Estamos dispuestos a pagar más impuestos si reconsideráis las posibilidades.;陛下、私どもの商売を禁じるのは間違いです！+お考え直しいただけるのなら、+新たな税を支払ってもかまいません。;폐하, 상업을 금지하지 말아 주십시오!  세금을 새로 매기셔도 좋으니 재고해 주시길 바랍니다.;陛下，您不能阻止这项贸易啊！+请重新考虑一下吧，+哪怕多收一份税也可以啊。;陛下，您不能阻止這項貿易啊！+請重新考慮一下吧，+哪怕多收一份稅也可以啊。;Majestät, Ihr dürft den Handel nicht beschränken! Bitte überdenkt das, selbst wenn es neue Steuern bedeutet.;Милорд, вы не можете препятствовать торговле! Передумайте, мы готовы даже к новому налогу.;Mio Signore, non potete interrompere il commercio! Riconsiderate la Vostra decisione, anche se volesse dire pagare una nuova tassa.;Senhor, você não pode impedir o comércio! Por favor, repense sua decisão, mesmo que signifique mais impostos.;;;;;;;;;;;;;;;;;;;;;;;;;;;;;;;;;;;;;;;;;;;;;;;;;
252;merchant;We should trade with the Orient... We can offer the crown 10% of all profits made.;Doğuyla ticaret yapmalıyız... Krallığa elde edilen gelirlerin yüzde onunu sunabiliriz.;Nous devrions commercer avec l'Orient... La guilde est prête à offrir 10% des profits à la couronne.;Deberíamos comenzar con Oriente… El gremio está dispuesto a ofrecer 10% de los beneficios a la Corona.;わが国は東国と貿易すべきです。+許可をいただければ、+利益の10%を国庫にお納めしましょう。;우리나라는 동방과 무역을 해야 합니다.  허가해 주시면 이익의 10%를 국고에 납입하겠습니다.;我们希望和东方进行贸易……+我们可以把所有利润的 10% 交给王室。;我們希望和東方進行貿易……+我們可以把所有利潤的 10% 交給王室。;Wir sollten mit dem Orient handeln ... Wir können der Krone 10% aller Gewinne anbieten.;Нам нужно торговать с Востоком… Мы можем предложить короне 10% от всех доходов.;Dovremmo commerciare con l'Oriente… Possiamo offrire alla Corona il 10% dei nostri profitti.;Deveríamos comercializar com o Oriente... Podemos oferecer 10% de todo o lucro à Coroa.;;;;;;;;;;;;;;;;;;;;;;;;;;;;;;;;;;;;;;;;;;;;;;;;;
253;merchant;Your Highness is tough. What about 20% ?;Hazretleriniz pek katı. Yüzde yirmi diyelim o zaman?;Votre Altesse est dure en affaires. 20% ?;Vuestra Alteza es dura en los negocios. ¿20%?;陛下もなかなかのやり手ですな。+では、20%にいたしましょう。;폐하도 꽤 수완이 좋으시군요. 그럼 20%를 납입하지요.;陛下您真是擅长砍价，+那么 20% 如何呢？;陛下您真是擅長砍價，+那麼 20% 如何呢？;Eure Hoheit verhandelt hart. Wie wäre es mit 20%?;Ваше Высочество напористо. Что насчет 20%?;Vostra Altezza ha fiuto per gli affari. Che ne dite del 20%?;Vossa Majestade é osso duro de roer. Que tal 20%?;;;;;;;;;;;;;;;;;;;;;;;;;;;;;;;;;;;;;;;;;;;;;;;;;
254;merchant;The Guild would like to give you 50% of the opium trade profit, in exchange for the ability to raise an army.;Ordu toplama izninin karşılığında Lonca size afyon ticaretinin yüzde ellisini sunmak istiyor.;La guilde voudrait vous offrir 50% des profits du commerce de l'opium, en échange de la possibilité de lever une armée.;El gremio querría ofreceros 50% de los beneficios del comercio del opio, a cambio de la posibilidad de levantar un ejército.;商人ギルドが軍を招集する権利を+認めていただければ、+アヘン貿易の利益の50%を+国庫にお納めします。;상인길드가 군대를 소집할 권리를 인정해 주시면  아편무역으로 얻은 이익의 50%를 국고에 납입하겠습니다.;商人行会愿意与您分享+鸦片贸易 50% 的利润，+只要您同意让我们组织军队。;商人行會願意與您分享+鴉片貿易 50% 的利潤，+只要您同意讓我們組織軍隊。;Die Gilde möchte Euch 50% der Gewinne aus dem Opiumhandel anbieten, wenn sie dafür eine Armee aufstellen darf.;Гильдия готова отдавать вам 50% дохода от продажи опиума, а взамен мы хотим возможность привлекать армию.;La Gilda vorrebbe donarvi il 50% dei profitti del commercio di oppio in cambio della possibilità di costituire un esercito.;A Guilda deseja lhe dar 50% do lucro do comércio de ópio em troca da permissão para construir um exército.;;;;;;;;;;;;;;;;;;;;;;;;;That's far too generous...;Çok cömertsiniz...;C'est trop généreux;Éso es demasiado generoso...;話がうますぎる…;말도 안 되는군...;这真是太慷慨了……;這真是太慷慨了……;Das ist zu großzügig;Это чересчур щедро…;Quanta generosità…;Isso é muita generosidade...;;;;;;;;;;;;;
255;merchant;Bandits are terrorizing caravans on the silk road. We should send an armed troop.;Haydutlar ipek yolundaki karavanlara terör estiriyor. Silahlı birlikler göndermeliyiz.;Des bandits terrorisent les caravanes sur la route de la soie. Il faut envoyer un détachement armé.;Los bandidos aterrorizan a las caravanas en la Ruta de la Seda. Deberíamos enviar un escuadrón armado.;シルクロードを旅する隊商が+山賊に襲われる被害が相次いでおります。+武装した兵を護衛につけていただきたい。;실크로드를 여행하는 카라반이  산적에게 습격당하는 피해가 잇따르고 있습니다.  무장한 병사들을 호위로 붙여 주셨으면 합니다.;强盗让丝绸之路上的商队们人心惶惶，+我们应该派军队过去。;強盜讓絲綢之路上的商隊們人心惶惶，+我們應該派軍隊過去。;Banditen überfallen Karawanen auf der Seidenstraße. Wir sollten Truppen entsenden.;Бандиты не дают прохода нашим караванам на Шелковом пути. Нужно послать войска.;I banditi stanno terrorizzando le carovane sulla via della seta. Dobbiamo inviare delle truppe armate.;Bandidos estão aterrorizando as caravanas na rota da seda. Deveríamos enviar tropas armadas.;;;;;;;;;;;;;;;;;;;;;;;;;;;;;;;;;;;;;;;;;;;;;;;;;
256;merchant;A diplomatic incident suspended trade on the silk road. Help us keep the trade flowing.;Diplomatik olaylar yüzünden ipek yolundaki ticarete ara verildi. Ticaretin devam etmesini sağlamamıza yardım edin.;Un incident diplomatique a suspendu le commerce sur la route de la soie. Aidez-nous à maintenir la route commerciale.;Un incidente diplomático ha suspendido el comercio en la ruta de la seda. Ayudadnos a mantener la ruta comercial.;外交上の問題で、+シルクロードの交易がストップしています。+一刻も早く商売を再開できるよう、+対策を打っていただきたい。;외교상의 문제로 실크로드의 교역이 중지되었습니다.  한시라도 빨리 상업을 재개할 수 있도록 대책을 세워 주십시오.;一次外交事件让丝绸之路上的贸易暂停了，+请帮我们继续贸易吧。;一次外交事件讓絲綢之路上的貿易暫停了，+請幫我們繼續貿易吧。;Ein diplomatischer Vorfall hat den Handel auf der Seidenstraße unterbrochen. Helft uns, ihn fortzusetzen.;Дипломатический инцидент помешал торговле на Шелковом пути. Помогите восстановить отношения.;Un incidente diplomatico ha interrotto i commerci sulla via della seta. Aiutateci a riaprire la rotta commerciale.;Um incidente diplomático suspendeu o comércio na rota de seda. Ajude-nos a manter o comércio em atividade.;;;;;;;;;;;;;;;;;;;;;;;;;;;;;;;;;;;;;;;;;;;;;;;;;
257;merchant;You keep ignoring my advice. Do you trust me My Lord?;Tavsiyelerimi sürekli görmezden geliyorsunuz. Bana güveniyor musunuz, Lordum?;Vous ignorez systématiquement mes conseils. Me faites-vous confiance, Sire ?;Ignoráis sistemáticamente mis consejos. ¿Os fiáis de mí, Señor?;陛下は私の助言をひとつも聞いてくださらない。+私のこと、ご信用いただいておりますかな？;폐하는 제 조언을 하나도 들어 주시지 않는군요.  저를 신용하지 못하십니까?;您总是不听我的建言，+难道您不信任我吗，陛下？;您總是不聽我的建言，+難道您不信任我嗎，陛下？;Ständig missachtet Ihr meinen Rat. Vertraut Ihr mir, Majestät?;Вы не слушаете моих советов. Милорд, вы мне доверяете?;Continuate a ignorare i miei consigli. Vi fidate di me, Sire?;O senhor só ignora meus conselhos. Não confia em mim, Majestade?;;;;;;;;;;;;;;;;;;;;;;;;;;;;;;;;;;;;;;;;;;;;;;;;;
258;merchant;Your Kingdom is poor and weak. A benevolent friend of mine would like to offer some help. For free.;Krallığınız fakir ve zayıf. Cömert bir arkadaşım yardım teklif etmek istiyor. Bedavaya.;Votre royaume est pauvre et attaqué de toutes part. Un de mes amis veut vous offrir son aide. Gratis.;Vuestro reino es pobre y está siendo atacado por todas partes. Uno de mis amigos quiere ofreceros su ayuda. Gratis.;お言葉ですが、この国はずいぶんと貧しく、+脆弱です。私の親切な友人が、援助を+申し出ております。見返りは一切求めません。;외람된 말씀이오나 이 나라는 대단히 가난하고 취약합니다. 저의 친절한 친구가 도움을 드리겠다고 하는군요.  대가는 일체 요구하지 않습니다.;您的王国积贫积弱，+我有位好心肠的朋友想要给您提供点帮助，不收钱。;您的王國積貧積弱，+我有位好心腸的朋友想要給您提供點幫助，不收錢。;Euer Königreich ist arm und schwach. Ein wohlwollender Freund von mir möchte Euch helfen. Kostenlos.;Ваше королевство обеднело и ослабло. Мой великодушный друг может предложить помощь. Бесплатно.;Il Vostro Regno è povero e debole. Un mio amico magnanimo offre il suo aiuto. Gratuitamente.;Seu reino está pobre e fraco. Um amigo benevolente gostaria de lhe oferecer ajuda. Gratuitamente.;;;;;;;;;;;;;;;;;;;;;;;;;;;;;;;;;;;;;;;;;;;;;;;;;
259;merchant;My benevolent friend would like to meet you. He brings gifts.;Cömert arkadaşım sizinle tanışmak istiyor. Yanında hediyeler getirmiş.;Mon généreux ami voudrait vous rencontrer. Il apporte des cadeaux.;Mi generoso amigo quiere conoceros. Trae regalos.;私の親切な友人が、+陛下との謁見を希望しております。+なにやら贈り物も持参しているとか。;저의 친절한 친구가 폐하와의 알현을 희망하고 있습니다.  선물도 드리겠다고 합니다.;我那位好心肠的朋友想要见见您，+他带着礼物哟。;我那位好心腸的朋友想要見見您，+他帶著禮物喲。;Mein wohlwollender Freund möchte Euch kennen lernen. Er bringt Geschenke mit.;Мой великодушный друг хочет встретиться. Он принес подарки.;Il mio magnanimo amico vorrebbe incontrarvi. Porta doni con sé.;Meu amigo benevolente gostaria de conhecê-lo. Ele traz presentes.;;;;;;;;;;;;;;;;;;;;;;;;;;;;;;;;;;;;;;;;;;;;;;;;;
260;merchant;Ahem, you can't really say no to him.... he will tell you himself.;Yani, kendisi pek hayır kabul etmez... Kendisi de söyleyecektir.;Hum... vous ne pouvez pas vraiment lui dire non... Il va vous expliquer lui-même.;Mmm… No podeis negaros demasiado… Él mismo os lo explicará.;お言葉ですが、陛下には彼の申し入れを拒む+選択肢はございません。+詳しくは本人から直接お聞きください。;외람된 말씀이오나 폐하께 제의를 거절할 선택권은 없습니다.  자세한 내용은 본인으로부터 직접 들어보십시오.;咳，您其实不能对他说不呢……+总之他会亲自跟您说的。;咳，您其實不能對他說不呢……+總之他會親自跟您說的。;Ähm, zu ihm könnt Ihr nicht wirklich Nein sagen ... Er wird es Euch selbst erklären.;Кхм, на самом деле вы не можете ему отказать… он сам расскажет.;Ehm, non potete veramente dirgli di no… ve lo spiegherà lui stesso.;Ahm, você não pode dizer não a ele... Ele mesmo o dirá isso.;;;;;;;;;;;;;;;;;;;;;;;;;;;;;;;;;;;;;;;;;;;;;;;;;
261;parker;How are you today Your Nerdiness? I hope you enjoyed my small contributions?;Bugün nasılsınız, Nerd Hazretleri? Umarım katkıcıklarım yardımcı olmuştur?;Comment ça va Votre Nerdissime Altesse ? J'espère que mes petites contributions vous ont plu ?;¿Cómo estáis Su Nerdísima Alteza? ¿Espero que mis pequeñas contribuciones os hayan gustado?;調子はどうだね、間抜王。+わしからの寄付は役に立ったか？;오늘은 어떠십니까, 얼간이 폐하.  제가 드린 선물은 도움이 좀 되셨는지?;哎呀，您今天过得如何呀，宅男王？+希望您还喜欢我小小的礼物吧？;哎呀，您今天過得如何呀，宅男王？+希望您還喜歡我小小的禮物吧？;Wie geht es Euch heute, Euer Nerdität? Ich hoffe, mein kleiner Beitrag erfreut Euch?;Как ваши дела, Ваше Чудачество? Надеюсь, вам понравились мои маленькие подношения?;Come va oggi, Vostra Nerdissima Altezza? Avete apprezzato i miei piccoli contributi?;Como está hoje, Vossa Nerdeza? Gostou de minhas pequenas contribuições?;;;;;;;;;;;;;;;;;;;;;;;;;;;;;;;;;;;;;;;;;;;;;;;;;
262;parker;It doesn't matter anyway Fancy Pants. I made a hundred times that in the Royal Bet.;Hiç fark etmez, züppe efendi. Kraliyet Bahsinde yüzlerce katını kazandım ben.;C'est rien Joli Cœur, c'est rien. J'ai gagné cent fois ça au Pari Royal.;No pasa nada, Dulce Corazón, nada. Esta vez he ganado la Apuesta Real.;あんな端金、屁でもないわい。+「王室トトカルチョ」で大儲けしとるからな。;그런 푼돈을 누구 코에 붙입니까.  "왕실 도박"으로 대박이 났는데요.;那没什么了不起的啦公子哥儿，+我在王室赌局里赚到的可是这的一百倍呢。;那沒什麼了不起的啦公子哥兒，+我在王室賭局裏賺到的可是這的一百倍呢。;Ist auch egal, Prinz Protz. Mit der königlichen Wette habe ich hundertmal so viel gemacht.;Впрочем, это неважно, Пестрые Панталоны. Я это сто раз делал на Королевских ставках.;Non ha importanza. Signor Belle Mutande. Ho guadagnato 100 volte tanto nella Scommessa reale.;Tanto faz, sabichão. Isso não é um décimo do que ganhei na Aposta Real.;The Royal Bet?;Kraliyet Bahsi mi?;Le Pari Royal ?;¿La Apuesta Real?;王室トトカルチョ？;왕실 도박?;皇室赌注？;皇室賭注？;Königliche Wette?;Королевских ставках?;Scommessa reale?;Aposta Real?;;;;;;;;;;;;;I don't understand;Anlamadım;Je ne comprends pas;No lo entiendo;どういうことだ…;무슨 말인가...;我不明白;我不明白;Ich verstehe nicht;Я не понимаю;Non capisco;Não compreendo;;;;;;;;;;;;;
263;parker;You didn't know? Half your Kingdom is betting on how long you will survive. The other half is just starving.;Bilmiyor muydunuz? Krallığın yarısı, ne kadar sağ kalacaksınız diye bahis oynuyor. Diğer yarısı da açlıktan ölüyor.;Tu n'es pas au courant ? La moitié de ton royaume parie sur la durée de ton règne. L'autre moitié meurt de faim.;¿No te has enterado? La mitad de tu reino hace apuestas sobre la duración de tu reinado. La otra mitad se muere de hambre.;知らんかったか？この国の民の半分は、+あんたがあと何年生きるか賭けをしとる。+そんで残りの半分は、餓死寸前だ。;모르셨나요?  이 나라 백성 절반은 폐하 목숨이  앞으로 몇 년 붙어있을지를 놓고 내기를 합니다.  그리고 나머지 반은 굶어죽기 직전이고.;哎，您不知道吗？+您的王国里，+有一半人都下注来赌您能活多久呢，+至于另一半嘛，就还在忍饥挨饿了。;哎，您不知道嗎？+您的王國裏，+有一半人都下注來賭您能活多久呢，+至於另一半嘛，就還在忍饑挨餓了。;Das wusstet Ihr nicht? Das halbe Land wettet darauf, wie lange Ihr überlebt. Die andere Hälfte verhungert.;А вы не знали? Половина вашего королевства делает ставки, как долго вы проживете. А другая просто голодает.;Non lo sapevi? Metà del Regno scommette su quanto ti resta da vivere. L'altra metà è impegnata a morire di fame.;Você não sabia? Metade do seu reino está apostando no quanto você sobreviverá. A outra metade está só faminta.;What?;Ne?;Quoi ?;¿Cómo?;なんだと…？;뭐라고...?;什么？;什麼？;Was?;Что?;Cosa?;O quê?;;;;;;;;;;;;;;;;;;;;;;;;;;;;;;;;;;;;;
264;parker;I happen to be the genius organizing the game. My little gifts are just a way to sharpen the odds.;Bu oyunu organize eden deha da benim. Hediyeciklerim de oranları artırmanın bir yolu.;Il se trouve que je suis le génie qui organise le jeu. Mes petits cadeaux sont juste un moyen d'arrondir les angles.;Resulta que yo soy el genio que organiza el juego. Mis regalitos son solo una manera de redondear los números.;その賭けを商売にすることを思いついた+天才が、このわしというわけだよ。+わしからの寄付は、勝負をおもしろくする+スパイスといったところだ。;그 내기로 돈 벌 생각을 한 천재가 바로 저란 말씀입니다.  제 선물은 그저 승부를 좀 더 재미있게 할  양념 같은 거라고나 할까.;鄙人正巧就是组织这场赌局的天才啦，+我的小小礼物只不过是操弄赔率的一种手段而已。;鄙人正巧就是組織這場賭局的天才啦，+我的小小禮物只不過是操弄賠率的一種手段而已。;Zufällig bin ich der schlaue Kopf hinter dem Spiel. Mein kleines Geschenk soll die Sache nur spannend machen.;Я стал тем гением, что организовал игру. Мои маленькие подарки лишь обостряют интригу.;Si dà il caso che io sia il genio che ha organizzato il gioco. I miei piccoli doni sono solo un modo per arrotondare le possibilità.;Eu sou o gênio por trás do jogo. Meus presentinhos são apenas uma maneira de aguçar as probabilidades.;I'm speechless;Söyleyecek sözüm yok;Je suis sans voix;No tengo palabras;あきれて物も言えぬ…;기가 막혀 아무 말도 안 나오는군...;我无话可说;我無話可說;Ich bin sprachlos;У меня нет слов;Sono senza parole;Estou sem palavras;;;;;;;;;;;;;You're a crook;Sahtekarsın;Vous êtes un escroc;Sois un canalla;このペテン師め;이 사기꾼.;你是个骗子;你是個騙子;Ihr seid ein Gauner;Ну ты и жулик;Furfante;Você é um trapaceiro;;;;;;;;;;;;;
265;parker;Tut-tut-tut... don't thank me, it's quite natural. Here, have more.;Cık cık cık... Bana teşekkür etme, doğal bir şey. Buyur, biraz daha al.;Tut-tut-tut... pas de remerciements, c'est tout à fait naturel. Tiens, prends-en un peu plus.;No, no, no… Nada de agradecimientos. Toma, coge un poco más.;礼にはおよばん。濡れ手に粟だ。+ほれ、もっとやろう。;쯧쯧쯧... 감사하실 필요는 없소이다.  손 안 대고 코 푼 건데. 자, 더 드립죠.;啧、啧、啧……不用谢我，+这是很自然的嘛。+来，再多给您一点儿。;嘖、嘖、嘖……不用謝我，+這是很自然的嘛。+來，再多給您一點兒。;Na, na, na ... Dankt mir nicht, ist doch selbstverständlich. Hier habt Ihr noch mehr.;Па-па-пам… Не благодарите, это естественно. Вот, еще немного.;No, no, no… nessun ringraziamento, mi viene naturale. Ecco qua, prendine un altro po'.;Tsc tsc tsc... Não me agradeça, é natural. Tome, fique com mais.;;;;;;;;;;;;;;;;;;;;;;;;;;;;;;;;;;;;;;;;;;;;;;;;;
266;parker;I convinced the Church to invest in child labor. You want in?;Kiliseyi çocuk işçilere yatırım yapmaya ikna ettim. Katılacak mısınız?;J'ai convaincu l'Église d'investir dans le travail des enfants. Intéressé ?;He convencido a la Iglesia para que invierta en trabajo infantil. ¿Te interesa?;教会を説得して、+子供を労働力として駆り出す制度に+投資させた。あんたも乗るか？;교회를 설득하여 아동 노동력 차출에 투자하도록 했습죠. 폐하께서도 한 몫 잡으시죠?;我已经说服教会招募童子军了，您想一起加入吗？;我已經說服教會招募童子軍了，您想一起加入嗎？;Ich habe die Kirche überzeugt, in Kinderarbeit zu investieren. Seid Ihr dabei?;Я убедил церковь вложиться в детский труд. Хотите в долю?;Ho convinto la Chiesa a investire nel lavoro minorile. Vuoi partecipare?;Convenci a Igreja a investir em trabalho infantil. Quer participar?;;;;;;;;;;;;;;;;;;;;;;;;;;;;;;;;;;;;;;;;;;;;;;;;;
267;parker;I need a small army of badass soldiers for a classy coup in the Far East.;Uzak Doğuda şık bir darbe için cengaver askerlerden oluşan küçük bir orduya ihtiyacım var.;J'ai besoin d'une petite armée privée pour un coup d'État classieux en Orient.;Necesito una pequeña tropa privada para un estiloso golpe de estado en Oriente.;極東で、ちょいと小粋なクーデターでも+起こそうかと思っとる。+すご腕の兵士を何人か貸してくれ。;극동에서 멋진 쿠데타를 일으키려고 하는뎁쇼.  솜씨 좋은 병사가 필요합니다요.;我需要一小支战力逆天的军队，+在远东搞一次帅气的政变。;我需要一小支戰力逆天的軍隊，+在遠東搞一次帥氣的政變。;Ich brauche ein kleines Heer abgebrühter Soldaten für einen netten Staatsstreich im Orient.;Мне нужна небольшая армия серьезных солдат для хорошей заварушки на Дальнем Востоке.;Mi serve un piccolo esercito di soldati senza scrupoli per un elegante colpo di stato in Estremo Oriente.;Preciso de um pequeno exército de soldados durões para um bom golpe no Extremo Leste.;;;;;;;;;;;;;;;;;;;;;;;;;;;;;;;;;;;;;;;;;;;;;;;;;
268;parker;One of my wild lady friends needs some blood for a party. This hospital of yours can provide that.;Çılgın hanım arkadaşlarımdan birisi parti için biraz kan istiyor. Şu hastanenizde vardır.;Une de mes amies a besoin de sang pour une de ses fêtes endiablées. Je peux en emprunter à l'hôpital ?;Uno de mis amigos necesita sangre para una de sus fiestas satánicas. ¿Puedo tomarla prestada del hospital?;わしが懇意にしとるジャジャ馬娘が、+宴の席で使う血を所望しとる。+おたくの診療所には、腐るほどあるだろう。;저와 친한 좀 난폭한 아가씨들이 연회에서 피가 필요하다는군요.  폐하의 진료소에 아주 많지 싶은데.;我有一位比较狂野的女性朋友，+为了一场派对需要一些血液，+您的医院能帮上忙。;我有一位比較狂野的女性朋友，+為了一場派對需要一些血液，+您的醫院能幫上忙。;Eine meiner wilden Freundinnen braucht Blut für eine Feier. Kann ich mich in Eurem Hospital bedienen?;Одной из моих диких подруг нужна кровь для вечеринки. Этот госпиталь может ее обеспечить.;Una delle mie amiche ha bisogno di sangue per una delle sue feste scatenate. Il tuo ospedale fa proprio al caso suo.;Uma de minhas amigas insanas precisa de sangue para uma festa. O seu hospital pode fornecer isso.;;;;;;;;;;;;;;;;;;;;;;;;;;;;;;;;;;;;;;;;;;;;;;;;;
269;merchant;A foreign merchant is selling new farming tools. We should copy his wares.;Yabancı bir tüccar yeni çiftçilik aletleri satıyor. Mallarını taklit edelim.;Un marchand étranger vend des machines agricoles d'un genre nouveau. Nous devrions en faire des copies.;Un mercader extranjero vende unas novedosas máquinas agrícolas. Deberíamos hacer copias.;異国の商人が、+見たこともない農具を売っています。+同じものをそっくりまねて作りましょう！;다른 나라 상인이 처음 보는 농기구를 팔고 있습니다. 똑같이 따라 만들면 어떻까요?;有位异国商人在贩卖新式农具，+我们可以山寨一下他的商品。;有位異國商人在販賣新式農具，+我們可以山寨一下他的商品。;Ein fremder Händler verkauft neuartige landwirtschaftliche Geräte. Wir sollten seine Ware kopieren.;Иностранный купец продает новые земледельческие инструменты. Нам нужно их скопировать.;Un mercante straniero sta vendendo nuovi attrezzi agricoli. Dovremmo riprodurre le sue merci.;Um comerciante estrangeiro está vendendo ferramentas de agricultura. Deveríamos copiar as mercadorias dele.;;;;;;;;;;;;;;;;;;;;;;;;;;;;;;;;;;;;;;;;;;;;;;;;;
270;merchant;You're making a mistake. Now the merchant has asked to meet you.;Bir hata yapıyorsunuz. Şimdi de sizinle görüşmek istiyor.;C'est une erreur. Maintenant le marchand veut vous rencontrer.;Os estáis equivocando. Ahora el mercader quiere conoceros.;陛下、そのご判断は賢明ではない…+例の異国の商人が、+陛下との謁見を求めております。;폐하. 현명치 못한 판단이십니다...  그 다른 나라 상인이 폐하에게 알현을 요구하고 있습니다.;您正在铸就错误，+现在这位商人要求来见您了。;您正在鑄就錯誤，+現在這位商人要求來見您了。;Ihr macht einen Fehler. Jetzt möchte der Händler Euch kennen lernen.;Вы совершаете ошибку. Теперь купец просит встречи с вами.;State facendo un errore. Ora il mercante ha chiesto di incontrarvi.;Está cometendo um erro. Agora o comerciante pediu para conhecê-lo.;;;;;;;;;;;;;;;;;;;;;;;;;;;;;;;;;;;;;;;;;;;;;;;;;
271;foreign_princess;Surprised to meet a business woman? In my country, women are not vacuous slugs like the ones in your court.;İş kadınıyla karşılaşmanıza şaşırdınız mı? Benim ülkemdeki kadınlar, sarayınızdakiler gibi aylak sülükler değildir.;Surpris ? Dans mon pays les femmes ne sont pas des limaces insipides commes celles de votre cour.;¿Sorprendido? En mi país las mujeres no son babosas insípidas como las de Vuestra Corte.;女が商いをするのが、そんなに珍しいですか？+私の国の女たちは、+陛下に仕える侍女たちのように+頭の軽い者ばかりではありませんのよ。;장사하는 여자 처음 보시는가?  우리나라의 여자들은  그대를 섬기는 시녀들처럼 머리가 장식이 아니라네.;看到女商人觉得吃惊吗？+在我们的国家，+女性可不都像你宫廷里的那些既空虚又愚蠢的货色。;看到女商人覺得吃驚嗎？+在我們的國家，+女性可不都像你宮廷裏的那些既空虛又愚蠢的貨色。;Überrascht? In meinem Land sind Frauen keine geistlosen Schnecken, so wie an Eurem Hof.;Не ожидали встретить деловую женщину? У нас в стране женщины не такие бесполезные мямли, как у вас при дворе.;Sorpreso? Nel mio Paese le donne non sono insipidi invertebrati come quelle della Vostra corte.;Surpreso em conhecer uma mulher de negócios? No meu país, as mulheres não são ocas como as de sua corte.;Welcome!;Buyrunuz!;Bienvenue !;¡Bienvenida!;よくぞ参った！;어서 오게!;欢迎！;歡迎！;Willkommen!;Добро пожаловать!;Benvenuta!;Boas-vindas!;;;;;;;;;;;;;Please stay away...;Lütfen git...;Restez à l'écart...;Por favor mantenéos alejada...;余に近づくな…;짐에게 접근하지 마...;请离开……;請離開……;Bitte haltet Euch fern ...;Держитесь подальше…;Mantenete le distanze…;Afaste-se...;;;;;;;;;;;;;
272;anyone;The merchants would like to create a new Guild and send their representative to the court.;Tüccarlar yeni bir Lonca oluşturup temsilcilerini saraya göndermek istiyor.;Les marchands souhaiteraient créer une nouvelle guilde et envoyer un représentant à la cour.;Los mercaderes quieren crear un nuevo gremio y enviar un representante a la corte.;商人たちが新たなギルドを結成し、+代表者を城に派遣したいと申しております。;상인들이 새로운 길드를 결성하여  대표를 성에 파견하고 싶다고 합니다.;商人想要建立一个新的行会，+还希望他们的代表能够入驻宫廷。;商人想要建立一個新的行會，+還希望他們的代表能夠入駐宮廷。;Die Händler möchten eine neue Gilde gründen und entsenden ihren Vertreter an den Hof.;Купцы хотят создать новую гильдию и посылают своего представителя ко двору.;I mercanti vorrebbero costituire una nuova Gilda e inviare il loro rappresentante a corte.;Os comerciantes gostariam de criar uma nova guilda e enviar um representante para a corte.;;;;;;;;;;;;;;;;;;;;;;;;;;;;;;;;;;;;;;;;;;;;;;;;;
273;nobleman;Do you need some credit My Lord? 2000 gold pieces at 5% interest.;Borç ister misiniz, Lordum? Sadece yüzde beş faizle iki bin altın.;Avez-vous besoin d'argent Sire ? Je peux vous prêter 2 000 pièces d'or à 5% d'intérêts.;¿Necesitáis dinero Señor? Puedo prestaros 2000 monedas de oro con solo 5% de interés.;陛下、お金にお困りでしたら、+2000ゴールドお貸ししましょう。+利子は5%です。;폐하. 자금 조달에 어려움이 있으시다면  2000 골드를 빌려드립지요. 이자는 5%입니다.;您想要贷款吗，陛下？ +2000 金币，只要 5% 的利息。;您想要貸款嗎，陛下？ +2000 金幣，只要 5% 的利息。;Braucht Ihr ein Darlehen, Majestät? 2000 Goldstücke zu 5% Zinsen.;Вам нужен кредит, милорд? 2000 золотых под 5%.;Vi serve del credito, Sire? 2.000 pezzi d'oro al 5% d'interesse.;Precisa de crédito, senhor? 2.000 peças de ouro a 5% de taxa de juros.;;;;;;;;;;;;;;;;;;;;;;;;;;;;;;;;;;;;;;;;;;;;;;;;;
274;nobleman;Do you need some credit My Lord? 8000 gold pieces at 5% interest.;Borç ister misiniz, Lordum? Sadece yüzde beş faizle sekiz bin altın.;Avez-vous besoin d'argent Sire ? Je peux vous prêter 8 000 pièces d'or à 5% d'intérêts.;¿Necesitáis dinero Señor? Puedo prestaros 8000 monedas de oro con solo 5% de interés.;陛下、お金にお困りでしたら、+8000ゴールドお貸ししましょう。+利子は5%です。;폐하. 자금 조달에 어려움이 있으시다면  8000 골드를 빌려드립지요. 이자는 5%입니다.;您想要贷款么，陛下？ +8000 金币，只要 5% 的利息。;您想要貸款麼，陛下？ +8000 金幣，只要 5% 的利息。;Braucht Ihr ein Darlehen, Majestät? 8000 Goldstücke zu 5% Zinsen.;Вам нужен кредит, милорд? 8000 золотых под 5%.;Vi serve del credito, Sire? 8.000 pezzi d'oro al 5% d'interesse.;Precisa de crédito, senhor? 8.000 peças de ouro a 5% de taxa de juros.;;;;;;;;;;;;;;;;;;;;;;;;;;;;;;;;;;;;;;;;;;;;;;;;;
275;nobleman;My Lord, it's time to pay your debt.;Lordum, borcunuzu ödemenin vakti geldi.;Monseigneur, il est temps de payer vos dettes.;Mi Señor, es hora de pagar vuestras deudas.;陛下、借金をご返済いただきます。;폐하. 차입금을 상환하러 왔습니다.;陛下，您该还债了。;陛下，您該還債了。;Majestät, es wird Zeit, Eure Schulden zu begleichen.;Милорд, время выплатить долг.;Mio Signore, è tempo di pagare il Vostro debito.;Senhor, chegou a hora de pagar seu débito.;;;;;;;;;;;;;;;;;;;;;;;;;You are dead!;Kendini ölü bil!;Vous êtes mort !;¡Estáis muerto!;この者を殺せ！;이 자를 죽여라!;你死定了！;你死定了！;Ihr seid tot!;Вам конец!;Sei morto!;Você é um homem morto!;;;;;;;;;;;;;
276;nobleman;My Lord, it's time to pay your debt.;Lordum, borcunuzu ödemenin vakti geldi.;Monseigneur, il est temps de payer vos dettes.;Mi Señor, es hora de pagar vuestras deudas.;陛下、借金をご返済いただきます。;폐하. 차입금을 상환하러 왔습니다.;陛下，您该还债了。;陛下，您該還債了。;Majestät, es wird Zeit, Eure Schulden zu begleichen.;Милорд, время выплатить долг.;Mio Signore, è tempo di pagare il Vostro debito.;Senhor, chegou a hora de pagar seu débito.;;;;;;;;;;;;;;;;;;;;;;;;;You are dead!;Kendini ölü bil!;Vous êtes mort !;¡Estáis muerto!;この者を殺せ！;이 자를 죽여라!;你死定了！;你死定了！;Ihr seid tot!;Вам конец!;Sei morto!;Você é um homem morto!;;;;;;;;;;;;;
277;nobleman;My Lord, would you like to hunt some wild pigs?;Lordum, yaban domuzu avlamak ister misiniz?;Sire, nous pourrions aller chasser le sanglier !;¡Señor, podríamos ir a cazar jabalíes!;陛下、猪でも狩りに参りましょうか。;폐하, 멧돼지 사냥이라도 가실까요.;陛下，您想去猎野猪吗？;陛下，您想去獵野豬嗎？;Majestät, wie wäre es mit einer Wildschweinjagd?;Милорд, не желаете поохотиться на кабанов?;Mio Signore, Vi va di andare a caccia di cinghiali?;Senhor, gostaria de caçar javalis?;;;;;;;;;;;;;;;;;;;;;;;;;;;;;;;;;;;;;;;;;;;;;;;;;
278;nobleman;The hunt was a success! We should have a very fine banquet tonight!;Av başarılı geçti! Bu akşamki ziyafet muhteşem olacak!;La chasse est un succès ! Nous allons pouvoir organiser un excellent banquet ce soir !;¡La caza ha sido un éxito! ¡Esta noche vamos a organizar un banquete por todo lo alto!;見事、獲物を仕留めましたな！+今夜は盛大に宴を開きましょう！;멋지게 사냥감을 잡으셨군요!  오늘 성대하게 잔치를 열어 봅시다!;狩猎很成功！+我们今晚可以办一场盛宴了！;狩獵很成功！+我們今晚可以辦一場盛宴了！;Die Jagd war ein Erfolg! Heute Abend gibt es ein üppiges Bankett!;Отличная охота! Сегодня нужно закатить щедрый пир!;La caccia è stata un successo! Dovremmo festeggiare con un banchetto questa sera!;A caça foi um sucesso! Hoje teremos um belo banquete!;;;;;;;;;;;;;;;;;;;;;;;;;Give the food to the people;Yemeği halka ver;Donner au peuple;Darde comida al pueblo;食料は民に分け与えよ;식량은 백성에게 나눠주어라.;将食物分发给人民;將食物分發給人民;Verteilt das Fleisch ans Volk;Раздать еду людям;Date il cibo al popolo;Dê a comida às pessoas;;;;;;;;;;;;;
279;nobleman;Disappointing this hunt. We only found mushrooms, a brown one and a blue one.;Av tam bir hayal kırıklığıydı. Sadece mantar bulduk. Biri kahverengi, diğeri mavi.;La chasse n'a pas donné grand chose. Nous n'avons trouvé que deux champignons, un brun et un bleu.;La caza no ha dado gran fruto. Hemos encontrado dos champiñones, uno marrón y otro azul.;獲物を取り逃がしてしまいましたな…+かろうじてキノコが採れましたが…+茶色いのと青いのがございます。;사냥감을 놓치셨군요...  간신히 버섯을 채취했는데...  갈색 버섯과 푸른 버섯입니다.;令人扫兴的狩猎，+我们只找到了两种蘑菇，+一种褐色，一种蓝色。;令人掃興的狩獵，+我們只找到了兩種蘑菇，+一種褐色，一種藍色。;Eine enttäuschende Jagd. Wir haben nur zwei Pilze gefunden, einen braunen und einen blauen.;Охота разочаровала. Одни грибы — коричневый и синий.;Caccia deludente. Abbiamo trovato solo funghi: uno marrone e uno blu.;Que caça decepcionante. Só encontramos cogumelos, um marrom e um azul.;Give me the blue one;Maviyi ver bana;Donnez-moi le bleu;Dadme el azul;青いほうをくれ;파란 쪽을 주게.;给我蓝色的那颗;給我藍色的那顆;Gebt mir den blauen;Дай мне синий;Datemi quello blu;Dê-me o azul;;;;;;;;;;;;;Give me the brown one;Kahverengiyi ver bana;Donnez-moi le brun;Dadme el marrón;茶色いほうをくれ;갈색을 주게.;把棕蘑菇给我;把棕蘑菇給我;Gebt mir den braunen;Дай мне коричневый;Datemi quello marrone;Dê-me o marrom;<i>Nothing happens.</i>;<i>Hiçbir şey olmuyor.</i>;<i>Rien ne se passe.</i>;<i>No ocurre nada.</i>;<i>なにも起きなかった。</i>;<i>아무 일도 일어나지 않았다. </i>;<i>（没发生什么事。）</i>;<i>（沒發生什麼事。）</i>;<i>Nichts geschieht.</i>;<i>Ничего не происходит.</i>;<i>Non succede niente.</i>;<i>Nada acontece.</i>;
280;anyone;You have suffered a terrible accident during the hunt! You're bleeding so much!;Av sırasında korkunç bir kaza yaşandı! Çok fazla kan kaybediyorsunuz!;Vous avez eu un terrible accident pendant la chasse ! Vous saignez énormément !;¡Habéis sufrido un accidente terrible durante la caza! ¡Sangráis muchísimo!;陛下は狩りの最中に大ケガをされました！+傷口から血があふれています！;폐하, 사냥 도중 크게 부상을 입으셨습니다!  상처에서 피가 흘러나옵니다!;您在狩猎途中遇上了可怕的意外！+您流了好多血呀！;您在狩獵途中遇上了可怕的意外！+您流了好多血呀！;Bei der Jagd hattet Ihr einen schrecklichen Unfall! Ihr blutet so sehr!;Во время охоты с вами произошло ужасное происшествие. Вы истекаете кровью!;Durante la caccia siete stato vittima di un terribile incidente! State perdendo molto sangue!;Você sofreu um terrível acidente durante a caça! Está sangrando muito!;Get a doctor!;Hekimi çağırın!;Docteur ?;¿Doctor?;医師を呼べ！;의사를 !;呼叫医生！;呼叫醫生！;Holt den Doktor!;Найдите доктора!;Un dottore!;Chame o médico!;;;;;;;;;;;;;Let me rest;Bırakın dinleneyim;Laissez-moi en paix;Dejadme en paz;そっとしておいてくれ…;가만히 놔 ...;让我休息片刻;讓我休息片刻;Lasst mich in Ruhe;Дайте мне отдохнуть;Lasciatemi in pace;Deixe-me descansar;;;;;;;;;;;;;
281;courtesan;This is your 20th birthday My Lord. We should celebrate!;Yirminci yaş gününüz, Lordum. Kutlayalım!;C'est votre vingtième anniversaire Votre Altesse. Faisons-la fête !;Es vuestro veinte cumpleaños. Vuestra Alteza, hagamos una fiesta.;今日は陛下の二十歳のお誕生日！+私といっしょにお祝いしましょう！;오늘은 폐하의 스무 살 생신입니다! 저와 함께 축하해요!;今天是您 20 岁的生日，陛下。+我们应该庆祝一下！;今天是您 20 歲的生日，陛下。+我們應該慶祝一下！;Heute ist Euer 20. Geburtstag, Majestät. Wir sollten feiern!;Это ваш 20-й день рождения. Нужно отпраздновать!;Mio Signore, è il Vostro 20° compleanno. Festeggiamo!;Este é o seu 20º aniversário, senhor. Precisamos comemorar!;;;;;;;;;;;;;;;;;;;;;;;;;;;;;;;;;;;;;;;;;;;;;;;;;
282;jester;If you were an animal, what would it be? A lion?;Hayvan olsaydın, ne olurdun? Aslan mı?;Si vous étiez un animal, qu'est ce que ce serait ? Un lion ?;Si fueseis un animal, ¿qué animal seríais? ¿Un león?;陛下は自分が動物だったら、+なんだと思う？獅子？;폐하가 동물이라면 어떤 동물이라 생각해? 사자?;如果您是一种动物的话，+它会是什么呢？+狮子吗？;如果您是一種動物的話，+它會是什麼呢？+獅子嗎？;Wenn Ihr ein Tier wärt, dann welches? Ein Löwe?;Если бы вы были животным, тогда каким? Львом?;Se foste un animale, quale sarebbe? Un leone?;Se você fosse um animal, qual seria? Um leão?;;;;;;;;;;;;;;;;;;;;;;;;;;;;;;;;;;;;;;;;;;;;;;;;;
283;jester;A scorpion?;Akrep mi?;Un scorpion ?;¿Un escorpión?;じゃあ、サソリ？;아니면, 전갈?;蝎子吗？;蠍子嗎？;Ein Skorpion?;Скорпионом?;Uno scorpione?;Um escorpião?;;;;;;;;;;;;;;;;;;;;;;;;;;;;;;;;;;;;;;;;;;;;;;;;;
284;jester;A gazelle?;Ceylan mı?;Une gazelle ?;¿Una gacela?;じゃあ、ガゼル？;그럼, 가젤?;瞪羚吗？;瞪羚嗎？;Eine Gazelle?;Газелью?;Una gazzella?;Uma gazela?;;;;;;;;;;;;;;;;;;;;;;;;;;;;;;;;;;;;;;;;;;;;;;;;;
285;anyone;My Lord, <jester> managed to set a lion loose in the streets of the capital. It's pandemonium!;Lordum, <jester> başkentte bir aslan serbest bırakmayı başarmış. Ortalık kargaşadan geçilmiyor!;Monseigneur, <jester> a réussi à lâcher un lion dans les rues de la capitale. C'est la panique !;Mi Señor, <jester> ha conseguido soltar un león en las calles de la capital. ¡Es el caos!;大変です！<jester>が+王都に獅子を放ちました！+街は阿鼻叫喚のちまたと化しています！;큰일입니다! <jester>가(이) 수도에 사자를 풀어 놓았습니다! 아비규환입니다;陛下，+<jester>居然在都城的大街上+放出一头狮子，+城里乱套了！;陛下，+<jester>居然在都城的大街上+放出一頭獅子，+城裏亂套了！;Majestät, <jester> hat einen Löwen in den Straßen der Hauptstadt freigelassen. Dort ist die Hölle los!;Милорд, <jester> умудрился выпустить льва на улицы столицы. Это ад кромешный!;Mio signore, <jester> ha liberato un leone nelle strade e si è scatenato il pandemonio!;Senhor, <jester> conseguiu soltar um leão nas ruas da capital. O caos está espalhado!;Send the army;Orduyu gönderin;Envoyez l'armée;Enviad las tropas;兵を派遣せよ！;병력을 파견하라!;派遣军队;派遣軍隊;Entsendet die Armee;Послать армию;Inviate l'esercito;Envie o exército;;;;;;;;;;;;;Close the castle's gates;Kalenin kapılarını kapatın;Fermez les portes du château;Cerrad las puertas del castillo;城門を閉鎖せよ;성문을 폐쇄하게.;关闭城堡大门;關閉城堡大門;Schließt die Burgtore;Закрыть ворота замка;Chiudete le porte del castello;Feche os portões do castelo;;;;;;;;;;;;;
286;anyone;My Lord, <jester> released a scorpion in the castle. <monk> has been stung. He's dying.;Lordum, <jester> kalede bir akrep serbest bırakmış. <monk> sokuldu. Ölüyor.;Monseigneur, <jester> a laissé s'échapper un scorpion dans le château. <monk> a été piqué. Il est mourant.;Mi Señor, <jester> ha soltado un escorpión en el castillo. <monk> ha sido atacado y está ahora moribundo.;大変です！<jester>が+城内にサソリを放ちました。+<monk>が刺されて瀕死です！;큰일입니다!  <jester>가(이) 성내에 전갈을 풀어 놓았습니다.  <monk>가(이) 찔려 위독합니다!;陛下，+<jester>在城堡里放出了一只蝎子，+<monk>被蛰了，他要死了。;陛下，+<jester>在城堡裏放出了一只蠍子，+<monk>被蟄了，他要死了。;Majestät, <jester> hat einen Skorpion in der Burg freigelassen. <monk> wurde gestochen. Er stirbt.;Милорд, <jester> выпустил скорпиона в замке. <monk> уже ужален. Он умирает.;Maestà, <jester> ha liberato uno scorpione nel castello. <monk> è stato punto, sta morendo.;Senhor, <jester> soltou um escorpião no castelo. <monk> foi picado. Ele está morrendo.;Throw the jester out;Soytarıyı kovun;Débarrassez-moi du fou;Deshaceos de él;道化師をつまみ出せ;어릿광대를 몰아내게.;把弄臣给我扔出去;把弄臣給我扔出去;Werft den Narren raus;Вышвырнуть шута;Buttate fuori il giullare;Expulse o bobo;;;;;;;;;;;;;Keep it quiet;Kimseler duymasın;Gardons ça pour nous;No digáis nada;この件は内密に;이 건은 비밀로 하게.;不要声张;不要聲張;Das bleibt unter uns;Не предавать огласке;Non ditelo a nessuno;Deixe para lá;;;;;;;;;;;;;
287;anyone;<jester> brought a gazelle to the capital. People love it! We should build a zoo.;<jester> başkente bir ceylan getirmiş. Halk ceylana bayıldı! Hayvanat bahçesi inşa edelim.;<jester> a amené une gazelle dans la capitale. La population adore ! Nous devrions construire un zoo.;<jester> ha traído una gacela a la capital. ¡El pueblo la adora! Deberíamos construir un zoo.;<jester>がガゼルを連れて+王都に現れ、民は大喜びです！+動物園を建設してはいかがでしょう？;<jester>가(이) 가젤을 데리고 수도에 나타나  백성들이 아주 기뻐합니다!  동물원을 건설하시는 건 어떻습니까?;<jester>带了一头瞪羚到都城里来，+民众都很喜欢！+我们应该建一所动物园。;<jester>帶了一頭瞪羚到都城裏來，+民眾都很喜歡！+我們應該建一所動物園。;<jester> hat eine Gazelle in die Hauptstadt gebracht. Die Leute lieben sie! Wir sollten einen Zoo bauen.;<jester> привел в столицу газель. Люди в восторге! Стоит построить зоопарк.;<jester> ha portato una gazzella nella capitale. Il popolo la adora! Dovremmo costruire uno zoo.;<jester> trouxe uma gazela para a capital. As pessoas amaram! Deveríamos construir um zoológico.;;;;;;;;;;;;;;;;;;;;;;;;;;;;;;;;;;;;;;;;;;;;;;;;;
288;jester;I would like to sing a song for your Majesty. It's called "The fool and its Majesty";Size bir şarkı söylemek isterim, Majesteleri. Şarkının ismi "Soytarı ve Majesteleri.";Mon Roi, je voudrais vous chanter une chanson. Elle s'appelle "Le fou et sa Majesté";Mi Rey, me gustaría cantaros una canción. Se titula "El Loco y Su Majestad".;陛下のために歌ってもいい？+「愚者と陛下」っていう歌さ。;폐하를 위해 노래 한 곡 뽑겠어. "바보와 폐하"라는 노래야.;我想为你唱首歌，主公，+歌名叫做《愚者和帅狗》。;我想為你唱首歌，主公，+歌名叫做《愚者和帥狗》。;Ich möchte ein Lied für Eure Majestät singen. Es heißt "Der Narr und seine Majestät".;Я бы хотел исполнить для Вашего Величества песню. Называется «Дурак и его Величество».;Mio Re, vorrei cantare una canzone per Voi. Si intitola "Il folle e Sua Maestà".;Gostaria de cantar uma canção para Vossa Majestade. Ela se chama 'O tolo e Vossa Majestade'.;;;;;;;;;;;;;;;;;;;;;;;;;;;;;;;;;;;;;;;;;;;;;;;;;
289;jester;It was a long time ago, a poor fool was singing alone a sad, a very sad song...;Çok, çok uzun bir zaman evvel, bir zavallı soytarı tek başına mahzun, pek mahzun bir şarkı söylüyor imiş...;Il y a très, très longtemps, un pauvre fou chantait seul une chanson, triste, si triste...;Hace mucho, mucho tiempo, un pobre loco cantaba en solitario una canción triste, tan triste….;昔むかし～哀れな愚者が～ひとりさみしく+歌ってた～。さあさ、みんな聞いとくれ～、+悲しい悲しいこの歌を～…;옛날 옛날에~ 불쌍한 바보가~ 혼자서 쓸쓸히 노래를 했다네~.  자, 모두 같이 들어~ 아주 슬픈 노래였다네~...;故事发生已很久，+贫穷愚者歌哀愁……;故事發生已很久，+貧窮愚者歌哀愁……;Es war einmal ein armer Narr, der sang allein ein trauriges, trauriges Lied ...;Однажды давно, бедный шут пел в одиночестве грустную песню…;Tanto tempo fa, un povero folle cantava da solo una triste, triste canzone…;Foi há muito tempo, um pobre tolo estava cantando sozinho uma canção muito, muito triste...;Carry on;Devam et;Continue;Sigue;続けよ;계속해 보게.;继续;繼續;Macht weiter;Продолжай;Continua;Continue;;;;;;;;;;;;;Stop here;Dur bakalım;Arrête;Paraos;そこまでだ;거기까지다.;打住;打住;Hört auf;Прекрати;Fermati qui;Pare;;;;;;;;;;;;;
290;jester;He had a majestic pet as a companion, a very dark and ugly beast...;Yoldaş olarak yanında pek görkemli bir hayvan varmış, pek karanlık ve çirkin bir yaratık…;Il avait un chien majestueux pour compagnon, une bête sombre et fort peu jolie...;Tenía por compañero un perro majestuoso, una bestia fea y sombría…;…愚者は獣を飼っていた～+「陛下」という名の醜い獣～…;...바보는 짐승을 길렀다네~  "폐하"라는 이름의 추악한 짐승~...;帅气宠物作伙伴，+又黑又丑大野兽……;帥氣寵物作夥伴，+又黑又醜大野獸……;Er hatte einen majestätischen Begleiter, ein dunkles und hässliches Tier ...;У него был величественный зверь, мрачный и уродливый…;Per compagno aveva un cane maestoso, una bestia cupa e orrenda...;Ele tinha um animal como companheiro, uma fera horrenda e maligna...;Carry on;Devam et;Continue;Sigue;続けよ;계속해 보게.;继续;繼續;Macht weiter;Продолжай;Continua;Continue;;;;;;;;;;;;;Guard!! seize the jester;Muhafızlar!! Soytarıyı tutun;Gardes ! Arrêtez le fou !;¡Guardas! ¡Lleváos al bufón!;衛兵！+この道化師を捕らえよ！;위병! 이 어릿광대를 체포해라!;来人啊！抓住这个小丑;來人啊！抓住這個小丑;Wache! Ergreift den Narren;Стража! Схватить шута;Guardie! Arrestate il giullare;Guarda! Detenha o bobo;;;;;;;;;;;;;
291;jester;But nice and clean and with a constantly wagging tail.;Ama hoşmuş ve temizmiş ve kuyruğu da hep sallanır imiş.;Mais sympathique, propre et remuant la queue toute la journée.;Pero simpática y limpia, siempre meneando la cola.;だけど陛下はきれい好き～。+とってもかわいい、いい子だよ～。+いつでも尻尾をフリフリ～。;그렇지만 폐하는 깨끗하고 착하지~.  정말 귀여워~. 언제든지 꼬리를 살랑살랑~.;虽然又黑又丑陋，+乖巧干净摇尾溜。;雖然又黑又醜陋，+乖巧乾淨搖尾溜。;Aber freundlich und sauber, und es wedelte ständig mit dem Schwanz.;Но милый, чистый и махал хвостом.;Ma simpatico e pulito, sempre scodinzolante.;Mas limpa e adorável, que sempre balançava o rabo.;Thank you;Teşekkür ederim;Merci;Gracias;ありがとう;고맙네.;谢谢你;謝謝你;Vielen Dank;Спасибо;Grazie;Obrigado;;;;;;;;;;;;;It was a very ugly song;Çok çirkin bir şarkıydı;C'est une chanson très moche;Es una canción bien fea;ひどい歌だった;끔찍하군.;这首歌真难听;這首歌真難聽;Was für ein hässliches Lied;Это весьма дурацкая песня;Una canzone davvero orrenda;Foi uma canção muito feia;;;;;;;;;;;;;
292;queen;My love, I would like to organize a tournoi!;Aşkım, bir turnuva organize etmek isiyorum!;Mon Roi, laissez-moi organiser un tournoi !;Mi Rey, ¡dejadme organizar un torneo!;陛下、馬上武芸大会を開きましょう！;폐하, 마상무예대회를 열어 보세요!;亲爱的，+我想要举办比武大会！;親愛的，+我想要舉辦比武大會！;Mein Liebster, ich möchte ein Turnier ausrichten!;Любовь моя, я хочу организовать турнир!;Amore mio, vorrei organizzare un torneo!;Meu bem, gostaria de organizar um tournoi!;;;;;;;;;;;;;;;;;;;;;;;;;Only over my dead body;Hayatta olmaz;Il faudra me passer sur le corps;¡Sobre mi cadáver!;余の目の黒いうちは許さん;짐이 살아있는 동안에는 안 되네.;死也别想;死也別想;Nur über meine Leiche;Только через мой труп;Dovrete passare sul mio cadavere;Só por cima do meu cadáver;;;;;;;;;;;;;
293;queen;Let's organize a grand dinner with my visiting cousin. She's lovely!;Kuzenim ziyarete geliyor, görkemli bir akşam yemeği organize edelim. Kuzenime bayılacaksın!;Ma cousine nous rend visite, organisons un grand dîner. Elle est ravissante !;Mi prima viene a visitaros, organicemos una gran cena. ¡Está radiante!;器量よしのいとこを招いて、+晩餐会を開きましょう！;기량 좋은 사촌을 초대해 만찬을 엽시다!;我的表妹要来访了，+让我们举办一场盛大的晚宴吧，+她人可好了！;我的表妹要來訪了，+讓我們舉辦一場盛大的晚宴吧，+她人可好了！;Meine Cousine besucht uns, lasst uns ein Festmahl veranstalten. Sie ist reizend!;Давай организуем большой ужин с визитом моей кузины. Она прелестна!;Organizziamo una grande cena per la visita di mia cugina. È una persona adorabile!;Vamos organizar um grande jantar com minha prima. Ela é adorável!;;;;;;;;;;;;;;;;;;;;;;;;;;;;;;;;;;;;;;;;;;;;;;;;;
294;jester;Would you like to play Red Dwarf My Lord? Let's start with a small bet, I don't want to ruin you.;Kızıl Cüce oynamak ister misin, Lordum? Küçük bir bahisle başlayalım, seni parasız pulsuz bırakmak istemem.;Sire, voulez-vous jouer au Nain Rouge ? Commençons à parier une petite somme, je ne veux pas vous ruiner.;Señor, ¿queréis jugar al Enano Rojo? Comencemos por apostar una pequeña cantidad, no es mi intención arruinaros.;陛下、オイラとサイコロで賭けをしないかい？+陛下が破産したら困るから、+はじめはちょっとずつ賭けよう。;폐하. 나랑 주사위 도박 안 할래? 폐하가 파산하면 곤란하니까 처음에는 조금씩 걸자.;您想和我玩“红矮人”吗，陛下？+我们先赌个小的吧，+我也不想让您沦为穷光蛋呀。;您想和我玩“紅矮人”嗎，陛下？+我們先賭個小的吧，+我也不想讓您淪為窮光蛋呀。;Spielen wir eine Runde Roter Zwerg, Majestät? Zunächst mit kleinem Einsatz, ich möchte Euch nicht ruinieren.;Не хотите сыграть в Красного карлика, милорд? Начнем с небольших ставок, я не хочу разорить вас.;Mio Signore, volete giocare a Nano rosso? Iniziamo con una piccola somma, non voglio mandarvi in rovina.;Gostaria de jogar Anã Vermelha, senhor? Vamos começar com uma pequena aposta, não quero arruiná-lo.;;;;;;;;;;;;;;;;;;;;;;;;;;;;;;;;;;;;;;;;;;;;;;;;;
295;jester>throw;Dice are rolling! I'm pretty sure I won. You don't want to raise the stakes while we still can?;Zarlar yuvarlanıyor! Kesin ben kazandım. Hâlâ fırsat varken bahsi artırmak ister misin?;Les dés sont jetés ! Je suis à peu près sûr d'avoir gagné. Vous ne voulez pas qu'on augmente les paris ?;¡La suerte está echada! Estoy casi seguro de haber ganado. ¿Queréis aumentar la apuesta?;サイは投げられた！+こりゃあきっと、オイラの勝ちだな。+どうする？賭け金、上げる？;주사위는 던져졌다! 분명 내가 이길 거야.  어떻게 하실래? 판돈을 올릴 거야?;骰子滚起来了！+我很确定是我赢了，+你不想趁着还有机会，提高一下赌注吗？;骰子滾起來了！+我很確定是我贏了，+你不想趁著還有機會，提高一下賭注嗎？;Die Würfel rollen! Bestimmt habe ich gewonnen. Wollt Ihr den Einsatz noch erhöhen?;Бросаем кости! Я уверен в победе. Не хотите поднять ставки, пока еще можно?;Il dado è tratto! Sono abbastanza sicuro di aver vinto. Volete magari alzare la posta in gioco?;Os dados estão rolando! Tenho quase certeza de que ganhei. Não quer aumentar as apostas enquanto pode?;Show me!;Göster bakalım!;Montre-moi !;¡Enséñame!;<i>（結果を見る）</i>;<i>결과를 본다.</i>;给我看！;給我看！;Deckt auf!;Показывай!;Mostrami!;Mostre-me!;<i><jester> slowly lifts the goblet, revealing two dice...</i>;<i><jester> kadehi yavaşça kaldırıyor, altında iki zar var...</i>;<i><jester> soulève lentement le gobelet, révélant deux dés...</i>;<i><jester> levanta ligeramente el cubilete, mostrando dos dados...</i>;<i><jester>は、+ゆっくりとゴブレットを持ち上げた。+サイコロの目は…</i>;<i><jester>는 천천히 잔을 들었다. 주사위는...</i>;<i>（<jester>慢慢翻开了酒杯，+骰子点数为两点……）</i>;<i>（<jester>慢慢翻開了酒杯，+骰子點數為兩點……）</i>;<i><jester> hebt langsam den Becher und zwei Würfel kommen zum Vorschein ...</i>;<i><jester> медленно поднимает кубок, под которым две игровых кости…</i>;<i><jester> solleva lentamente la coppa, rivelando due dadi...</i>;<i><jester> levanta o cálice lentamente, revelando dois dados...</i>;I raise you!;Arttırıyorum!;Misons plus !;¡Aumentemos la apuesta!;<i>（賭け金を上げる）</i>;<i>판돈을 올린다.</i>;我要加注！;我要加注！;Ich erhöhe!;Поднимаю!;Rilancio!;Cubro suas apostas!;;;;;;;;;;;;;
296;jester;You're trying to trick me! I know the treasury is empty.;Beni kandırmaya çalışıyorsun! Hazinenin boş olduğunu biliyorum.;Vous essayez de me jouer un tour ! Je sais que le trésor est vide.;¡Estáis intentando hacerme trampas! Sé perfectamente que el tesoro está vacío.;オイラをだまそうったってムダだよ。+国庫がカラッポなことは知ってんだ。;날 속여봤자 소용 없어. 국고가 텅텅 빈 건 안다고.;你想唬我是吧！+我知道国库已经空了。;你想唬我是吧！+我知道國庫已經空了。;Ihr wollt mich reinlegen! Ich weiß, dass die Schatzkammer leer ist.;Вы пытаетесь меня надуть! Я-то знаю, что казна пуста.;State cercando di imbrogliarmi! So che il tesoro è vuoto.;Você está tentando me enganar! Sei que o tesouro está vazio.;I make the money;Parayı ben basıyorum;Le trésor, c'est moi;El tesoro, es mío;金ならどうにでもなる;돈을 벌어 오지.;由我来定数额;由我來定數額;Ich präge das Geld;Я зарабатываю деньги;Il tesoro è mio;Eu cuido do dinheiro;;;;;;;;;;;;;;;;;;;;;;;;;;;;;;;;;;;;;
297;jester>throw;C'mon. I know you can do better.;Hadi. Daha iyisini yapabileceğini biliyorum.;Allez ! Je sais que vous pouvez faire mieux que ça.;¡Vamos! Estoy seguro de que podéis hacer mejor que éso.;ここで降りたら男がすたるぜ。;여기서 그만두시다니 체통도 없이.;来嘛，我知道你绝不是只有这点能耐。;來嘛，我知道你絕不是只有這點能耐。;Na, kommt. Ich weiß, Ihr könnt das besser.;Ну же. Я знаю, что можешь и лучше.;Andiamo! So che potete fare di meglio.;Qual é. Sei que é melhor do que isso.;Show me!;Göster bakalım!;Montre-moi !;¡Enséñame!;<i>（結果を見る）</i>;<i>결과를 본다.</i>;给我看！;給我看！;Deckt auf!;Показывай!;Mostrami!;Mostre-me!;<i><jester> slowly lifts the goblet, revealing two dice...</i>;<i><jester> kadehi yavaşça kaldırıyor, altında iki zar var...</i>;<i><jester> soulève lentement le gobelet, révélant deux dés...</i>;<i><jester> levanta ligeramente el cubilete, mostrando dos dados...</i>;<i><jester>は、+ゆっくりとゴブレットを持ち上げた。+サイコロの目は…</i>;<i><jester>는 천천히 잔을 들었다. 주사위는...</i>;<i>（<jester>慢慢翻开了酒杯，+骰子点数为两点……）</i>;<i>（<jester>慢慢翻開了酒杯，+骰子點數為兩點……）</i>;<i><jester> hebt langsam den Becher und zwei Würfel kommen zum Vorschein ...</i>;<i><jester> медленно поднимает кубок, под которым две игровых кости…</i>;<i><jester> solleva lentamente la coppa, rivelando due dadi...</i>;<i><jester> levanta o cálice lentamente, revelando dois dados...</i>;I raise you!;Arttırıyorum!;Misons plus !;¡Aumentemos la apuesta!;<i>（賭け金を上げる）</i>;<i>판돈을 올린다.</i>;我要加注！;我要加注！;Ich erhöhe!;Поднимаю!;Rilancio!;Cubro suas apostas!;;;;;;;;;;;;;
298;jester;You're trying to trick me! I know the treasury is empty.;Beni kandırmaya çalışıyorsun! Hazinenin boş olduğunu biliyorum.;Vous essayez de me jouer un tour ! Je sais que le trésor est vide.;¡Estáis intentando hacerme trampas! Sé perfectamente que el tesoro está vacío.;オイラをだまそうったってムダだよ。+国庫がカラッポなことは知ってんだ。;날 속여봤자 소용 없어. 국고가 텅텅 빈 건 안다고.;你想唬我是吧！+我知道国库已经空了。;你想唬我是吧！+我知道國庫已經空了。;Ihr wollt mich reinlegen! Ich weiß, dass die Schatzkammer leer ist.;Вы пытаетесь меня надуть! Я-то знаю, что казна пуста.;State cercando di imbrogliarmi! So che il tesoro è vuoto.;Você está tentando me enganar! Sei que o tesouro está vazio.;I make the money;Parayı ben basıyorum;Le trésor, c'est moi;El tesoro, es mío;金ならどうにでもなる;돈을 벌어 오지.;由我来定数额;由我來定數額;Ich präge das Geld;Я зарабатываю деньги;Il tesoro è mio;Eu cuido do dinheiro;;;;;;;;;;;;;;;;;;;;;;;;;;;;;;;;;;;;;
299;jester>throw;You have to bet the treasure!;Hazineyi oynamalısın!;Pariez la totalité du trésor !;¡Apostad todo el tesoro!;国庫ごと賭ける気！？;국고를 통째로 걸 거야?;你必须把财宝也赌上！;你必須把財寶也賭上！;Ihr müsst die gesamte Schatzkammer setzen!;Вам нужно поставить казну!;Dovete scommettere tutto il tesoro!;Você tem que apostar o tesouro!;Show me!;Göster bakalım!;Montre-moi !;¡Enséñame!;<i>（結果を見る）</i>;<i>결과를 본다.</i>;给我看！;給我看！;Deckt auf!;Показывай!;Mostrami!;Mostre-me!;<i><jester> slowly lifts the goblet, revealing two dice...</i>;<i><jester> kadehi yavaşça kaldırıyor, altında iki zar var...</i>;<i><jester> soulève lentement le gobelet, révélant deux dés...</i>;<i><jester> levanta ligeramente el cubilete, mostrando dos dados...</i>;<i><jester>は、+ゆっくりとゴブレットを持ち上げた。+サイコロの目は…</i>;<i><jester>는 천천히 잔을 들었다. 주사위는...</i>;<i>（<jester>慢慢翻开了酒杯，+骰子点数为两点……）</i>;<i>（<jester>慢慢翻開了酒杯，+骰子點數為兩點……）</i>;<i><jester> hebt langsam den Becher und zwei Würfel kommen zum Vorschein ...</i>;<i><jester> медленно поднимает кубок, под которым две игровых кости…</i>;<i><jester> solleva lentamente la coppa, rivelando due dadi...</i>;<i><jester> levanta o cálice lentamente, revelando dois dados...</i>;I raise you!;Arttırıyorum!;Misons plus !;¡Aumentemos la apuesta!;<i>（賭け金を上げる）</i>;<i>판돈을 올린다.</i>;我要加注！;我要加注！;Ich erhöhe!;Поднимаю!;Rilancio!;Cubro suas apostas!;<i><jester> slowly lifts the goblet, revealing two dice...</i>;<i><jester> kadehi yavaşça kaldırıyor, altında iki zar var...</i>;<i><jester> soulève lentement le gobelet, révélant deux dés...</i>;<i><jester> levanta ligeramente el cubilete, mostrando dos dados...</i>;<i><jester>は、+ゆっくりとゴブレットを持ち上げた。+サイコロの目は…</i>;<i><jester>는 천천히 잔을 들었다. 주사위는...</i>;<i>（<jester>慢慢掀开了酒杯，+露出了两个骰子……）</i>;<i>（<jester>慢慢掀開了酒杯，+露出了兩個骰子……）</i>;<i><jester> hebt langsam den Becher und zwei Würfel kommen zum Vorschein ...</i>;<i><jester> медленно поднимает кубок, под которым две игровых кости…</i>;<i><jester> solleva lentamente la coppa, rivelando due dadi...</i>;<i><jester> levanta o cálice lentamente, revelando dois dados...</i>;
300;jester;You're trying to trick me! I know the treasury is empty.;Beni kandırmaya çalışıyorsun! Hazinenin boş olduğunu biliyorum.;Vous essayez de me jouer un tour ! Je sais que le trésor est vide.;¡Estáis intentando hacerme trampas! Sé perfectamente que el tesoro está vacío.;オイラをだまそうったってムダだよ。+国庫がカラッポなことは知ってんだ。;날 속여봤자 소용 없어. 국고가 텅텅 빈 건 안다고.;你想唬我是吧！+我知道国库已经空了。;你想唬我是吧！+我知道國庫已經空了。;Ihr wollt mich reinlegen! Ich weiß, dass die Schatzkammer leer ist.;Вы пытаетесь меня надуть! Я-то знаю, что казна пуста.;State cercando di imbrogliarmi! So che il tesoro è vuoto.;Você está tentando me enganar! Sei que o tesouro está vazio.;I make the money;Parayı ben basıyorum;Le trésor, c'est moi;El tesoro, es mío;金ならどうにでもなる;돈을 벌어 오지.;由我来定数额;由我來定數額;Ich präge das Geld;Я зарабатываю деньги;Il tesoro è mio;Eu cuido do dinheiro;<i><jester> slowly lifts the goblet, revealing two dice...</i>;<i><jester> kadehi yavaşça kaldırıyor, altında iki zar var...</i>;<i><jester> soulève lentement le gobelet, révélant deux dés...</i>;<i><jester> levanta ligeramente el cubilete, mostrando dos dados...</i>;<i><jester>は、+ゆっくりとゴブレットを持ち上げた。+サイコロの目は…</i>;<i><jester>는 천천히 잔을 들었다. 주사위는...</i>;<i>（<jester>慢慢翻开了酒杯，+骰子点数为两点……）</i>;<i>（<jester>慢慢翻開了酒杯，+骰子點數為兩點……）</i>;<i><jester> hebt langsam den Becher und zwei Würfel kommen zum Vorschein ...</i>;<i><jester> медленно поднимает кубок, под которым две игровых кости…</i>;<i><jester> solleva lentamente la coppa, rivelando due dadi...</i>;<i><jester> levanta o cálice lentamente, revelando dois dados...</i>;;;;;;;;;;;;;;;;;;;;;;;;;
301;jester>won;Even! You won my Lord, but that's just beginner's luck. I bet you can't do that again.;Çift! Kazandın Lordum, ama hep acemi şansı. Kesin bir daha kazanamazsın.;Pair ! Vous gagnez Votre Altesse, mais c'est sûrement la chance du débutant. Je parie que vous n'arriverez pas à le refaire.;¡Pares! Habéis ganado Su Alteza, seguramente la suerte del principiante. Apuesto que no lo repetís.;偶数だ！陛下の勝ちだけど、+いわゆる「ビギナーズラック」ってやつさ。+次は負けないよ。;짝수다! 폐하가 이겼긴 한데 이게 바로  "초보자의 행운"이라는 건가. 다음은 안 져.;偶数！您赢了呢，陛下，+但这不过是新手的好运罢了，+我打赌您再也没可能赢了。;偶數！您贏了呢，陛下，+但這不過是新手的好運罷了，+我打賭您再也沒可能贏了。;Gerade! Ihr gewinnt, Majestät, aber das war nur Anfängerglück. Ich wette, das schafft Ihr nicht nochmal.;Чет! Вы выиграли, милорд, новичкам везет. Спорим, вы не сможете повторить.;Pari! Avete vinto, Sire, ma si è trattato solo di fortuna del principiante. Scommetto che non riuscireste a ripetervi.;Par! Você ganhou, senhor, mas é sorte de principiante. Aposto que não consegue repetir o feito.;Try me...;Göreceğiz...;J'accepte;Acepto;やってみるか？;해 볼까?;你试试看……;你試試看……;Wetten, dass?;Проверим…;Accetto la sfida;Experimente...;;;;;;;;;;;;;;;;;;;;;;;;;;;;;;;;;;;;;
302;jester>lost;Odd! I won, I won, I won! Do you care to play again?;Tek! Ben kazandım, ben, ben, ben! Tekrar oynayalım mı?;Impair ! J'ai gagné, j'ai gagné, j'ai gagné ! Allez, tentez votre chance à nouveau !;¡Nones! ¡He ganado, he ganado, he ganado! ¡Vamos, probad suerte de nuevo!;奇数！オイラの勝ち～！+どうする？もう一回やる？;홀수! 내가 이겼네~! 어떻게 하실래?  다시 한 번 할 거야?;奇数！我赢啦，我赢啦！+您还想不想再玩呢？;奇數！我贏啦，我贏啦！+您還想不想再玩呢？;Ungerade! Ich habe gewonnen, gewonnen, gewonnen! Wollt Ihr nochmal spielen?;Нечет! Я выиграл, я выиграл, я выиграл! Еще играем?;Dispari! Ho vinto, ho vinto, ho vinto! Volete giocare ancora?;Ímpar! Ganhei, ganhei, ganhei! Quer jogar de novo?;;;;;;;;;;;;;;;;;;;;;;;;;;;;;;;;;;;;;;;;;;;;;;;;;
303;jester>won;Even! It's not fair. You won. I need the money back!;Çift! Hiç adil değil. Sen kazandın. O para bana lazım!;Pair ! Ce n'est pas juste. Vous avez gagné. Je veux récupérer mon argent !;¡Pares! Es injusto. Habéis ganado. ¡Quiero recuperar mi dinero!;偶数！？そんなバカな！+クッソ～、金返せ！;짝수!? 말도 안 돼! 젠장~  금 돌려줘!;偶数！这不公平，+您赢了，我不能没有那钱啊！;偶數！這不公平，+您贏了，我不能沒有那錢啊！;Gerade! Das ist ungerecht. Ihr gewinnt. Ich brauche das Geld zurück!;Чет! Это нечестно. Вы выиграли. Я хочу деньги обратно!;Pari! Non è giusto. Avete vinto. Voglio riprendermi i soldi!;Par! Não é justo! Você ganhou. Preciso do dinheiro de volta!;Let's try again...;Yine deneyelim...;Essayons à nouveau...;Intentémoslo de nuevo;もう一度だ…;다시 한 번...;我们再来试试……;我們再來試試……;Versuchen wir's nochmal ...;Попробуем еще…;Riproviamo…;Vamos tentar de novo...;;;;;;;;;;;;;;;;;;;;;;;;;;;;;;;;;;;;;
304;jester>lost;Odd! I won. I'm so good at this game. Do you care to play again?;Tek! Ben kazandım. Bu oyunda çok iyiyim. Tekrar oynamak ister misin?;Impair ! J'ai gagné. Je suis vraiment doué à ce jeu. Allez-vous à nouveau vous mesurer à moi ?;¡Nones! ¡He ganado! Este juego se me da bien. ¿Queréis enfrentaros a mí de nuevo?;奇数だ！オイラの勝ち～！+負ける気がしないね。+どうする？もう1回？;홀수야! 내가 이겼네~! 난 이 게임 정말 잘 하거든.  어떻게 하실래? 한 번 더?;奇数！我赢了，+我真是这游戏的高手呢。+您想不想再玩一局呀？;奇數！我贏了，+我真是這遊戲的高手呢。+您想不想再玩一局呀？;Ungerade! Ich habe gewonnen. Ich bin wirklich gut in diesem Spiel. Noch eine Runde?;Нечет! Я выиграл. Я чертовски хорошо играю. Еще разок?;Dispari! Vinco io. Sono bravissimo a questo gioco. Volete giocare ancora?;Ímpar! Ganhei. Sou tão bom nesse jogo. Quer jogar de novo?;;;;;;;;;;;;;;;;;;;;;;;;;;;;;;;;;;;;;;;;;;;;;;;;;
305;jester>won;Even! You won. Let's try again. But no cheating this time!;Çift! Sen kazandın. Tekrar oynayalım ama bu kez hile yapmak yok!;Pair ! Vous avez gagné. Essayons à nouveau. Mais sans tricher cette fois !;¡Pares! Habéis ganado. Intentemos de nuevo. ¡Pero esta vez sin hacer trampas!;偶数！陛下の勝ち…+クソ～、もう1回だ！+今度こそズルはナシだぞ！;짝수! 폐하가 이겼군... 이런~ 한 번 더!  이번에는 속임수 없기야!;偶数！您赢了，+我们再来一局吧，+这次可别作弊了啊！;偶數！您贏了，+我們再來一局吧，+這次可別作弊了啊！;Gerade! Ihr gewinnt. Versuchen wir's nochmal. Aber jetzt ohne Schummeln!;Чет! Вы выиграли. Давайте еще раз. Но теперь не жульничать!;Pari! Avete vinto. Riproviamo. Ma senza imbrogliare stavolta!;Par! Você ganhou. Vamos tentar de novo. Mas sem trapacear dessa vez!;;;;;;;;;;;;;;;;;;;;;;;;;;;;;;;;;;;;;;;;;;;;;;;;;
306;jester>lost;Odd! I won again! Soon I will own this castle, I'm sure. Another game?;Tek! Yine ben kazandım! Yakında bu kale benim olacak, eminim. Bir oyun daha?;Impair ! J'ai encore gagné ! Bientôt je vais posséder ce château, j'en suis sûr. Une autre partie ?;¡Nones! ¡He ganado otra vez! Pronto seré el amo del castillo. ¿Otra partida?;奇数だ！またオイラの勝ち！+この調子だと、オイラがこのお城の+主になっちゃうね！もう1回？;홀수야! 또 내가 이겼어!  이대로라면 내가 이 성의 주인이 되겠네! 한 번 더?;奇数！我又赢啦！+我看很快我就能赢下这整座城堡啦，+再来一局？;奇數！我又贏啦！+我看很快我就能贏下這整座城堡啦，+再來一局？;Ungerade! Wieder habe ich gewonnen! Bald gehört mir die Burg, da bin ich sicher. Noch eine Runde?;Нечет! Я снова выиграл! Скоро я заберу этот замок себе, это точно. Еще?;Dispari! Vinco ancora io! Presto sarò il proprietario del castello, ne sono certo. Un'altra partita?;Ímpar! Ganhei de novo! Logo serei dono deste castelo, eu sei. Mais uma?;;;;;;;;;;;;;;;;;;;;;;;;;;;;;;;;;;;;;;;;;;;;;;;;;
307;jester>won;Even! You won my Lord, but this luck is going to kill you.;Çift! Sen kazandın Lordum ama bu şansın seni öldürecek.;Pair ! Vous avez gagné Sire, mais cette chance va causer votre perte.;¡Pares! Habéis ganado Señor, pero esta suerte será vuestra perdición.;偶数！陛下の勝ち！+でも、喜んでいられるのは今だけさ…;짝수! 폐하의 승리로군! 하지만 기뻐하는 건 지금 뿐이야...;偶数！您赢了，+陛下，但运气好得这么逆天可是会克死自己的哦。;偶數！您贏了，+陛下，但運氣好得這麼逆天可是會克死自己的哦。;Gerade! Ihr gewinnt, Majestät, aber dieses Glück wird noch Euer Tod sein.;Чет! Милорд, вы снова выиграли, но такая удача не к добру.;Pari! Avete vinto, Sire, ma questa fortuna finirà per uccidervi.;Par! Você ganhou, senhor, mas essa sorte um dia acabará o matando.;;;;;;;;;;;;;;;;;;;;;;;;;;;;;;;;;;;;;;;;;;;;;;;;;
308;jester>lost;Odd! You're now working for me!;Tek! Artık kral benim!;Impair ! Vous travaillez pour moi à présent !;¡Nones! ¡Ahora trabajáis para mí!;奇数だ！今から陛下はオイラの家来だぞ！;홀수야! 지금부터 폐하는 내 하인이라고!;奇数！您现在得卖身给我了！;奇數！您現在得賣身給我了！;Ungerade! Jetzt arbeitet Ihr für mich!;Нечет! Теперь вы работаете на меня!;Dispari! Da questo momento lavorate per me!;Ímpar! Agora você trabalha para mim!;What...;Ne...;Je...;Pues...;なにィッ…！;뭐라고...!;什么...;什麼...;Was ...;Что…;Cosa…;O que...;;;;;;;;;;;;;What...;Ne...;Je...;Pues...;なにィッ…！;뭐라고...!;什么...;什麼...;Was ...;Что…;Cosa…;O que...;;;;;;;;;;;;;
309;jester;I have a gift for you in one of my hands.;Ellerimden birinde sana bir hediyem var.;J'ai un cadeau pour vous dans une de mes mains;Tengo un regalo para vos en una de mis manos.;陛下にプレゼントがあるよ。+右手と左手、どっちがいい？;폐하에게 선물이 있어.  오른손과 왼손, 어느 쪽이 좋아?;我有只手里有给你的礼物。;我有只手裏有給你的禮物。;In einer meiner Hände habe ich ein Geschenk für Euch.;Угадайте, в какой руке подарок?;In una delle mie mani ho un regalo per Voi.;Tenho um presente para você em uma das mãos.;Left!;Solda!;Gauche !;¡Izquierda!;左！;왼쪽!;左边！;左邊！;Links!;Левой!;Sinistra!;Esquerda!;<i><jester> gives you a dead bird. Then he runs away, shrieking.</i>;<i><jester> size ölü bir kuş veriyor, sonra da çığlık atarak kaçıyor.</i>;<i><jester> vous donne un oiseau mort. Puis il s'enfuit en courant et en criant.</i>;<i><jester> os da un pájaro muerto. Después se aleja gritando.</i>;<i><jester>は+王に鳥の死骸を手渡すと、+奇声を上げながら走り去った。</i>;<i><jester>는 왕에게 새의 시체를 건네주고는 괴성을 지르며 달려갔다. </i>;<i>（<jester>递给你一只死鸟，+然后尖叫着跑开了。）</i>;<i>（<jester>遞給你一只死鳥，+然後尖叫著跑開了。）</i>;<i><jester> gibt Euch einen toten Vogel. Dann läuft er kreischend weg.</i>;<i><jester> вручает вам дохлую птицу и убегает с воплями.</i>;<i><jester> vi consegna un uccello morto. Poi scappa via urlante.</i>;<i><jester> lhe dá um pássaro morto. Depois, sai correndo, guinchando.</i>;Right!;Sağda!;Droite !;¡Derecha!;右！;오른쪽!;右手！;右手！;Rechts!;Правой!;Destra!;Direita!;<i><jester> gives you a golden cross. Then he runs away, shrieking.</i>;<i><jester> size altın bir haç verip sonra da çığlık atarak kaçıyor.</i>;<i><jester> vous donne une croix d'or. Puis il s'enfuit en courant et en criant.</i>;<i><jester> os da una cruz de oro. Después se aleja gritando.</i>;<i><jester>は+王に黄金の十字架を手渡すと、+奇声を上げながら走り去った。</i>;<i><jester>는 왕에게 황금 십자가를 건네주고는 괴성을 지르며 달려갔다. </i>;<i>（<jester>递给你一支+黄金十字架，+接着他尖叫着跑开了。）</i>;<i>（<jester>遞給你一支+黃金十字架，+接著他尖叫著跑開了。）</i>;<i><jester> gibt Euch ein goldenes Kreuz. Dann läuft er kreischend weg.</i>;<i><jester> дает вам золотой крест и убегает с воплями.</i>;<i><jester> vi consegna una croce dorata. Poi scappa via urlante.</i>;<i><jester> lhe dá uma cruz dourada. Depois, sai correndo, guinchando.</i>;
310;monk;This bloody jester stole our cross. But... what is this in your hand?;Şu lanet soytarı haçımızı çaldı. Ama... bu elinizdeki nedir?;Votre insupportable fou a volé la croix de l'abbaye. Mais... qu'est ce que je vois dans votre main ?;Vuestro insoportable bufón ha robado la cruz de la Abadía. Pero... ¿qué es eso que tenéis en la mano?;陛下、例の道化師に十字架を盗まれてしま…+おや？なぜ陛下が、その十字架を+お持ちなのです？;폐하, 그 어릿광대가 저희 십자가를 훔쳐갔...  어라? 왜 폐하가 그 십자가를 가지고 계십니까?;这见鬼的弄臣偷走了我们的十字架，+但……等等，您手里拿着什么？;這見鬼的弄臣偷走了我們的十字架，+但……等等，您手裏拿著什麼？;Dieser dreckige Narr hat unser Kreuz gestohlen. Aber ... was ist denn das in Eurer Hand?;Чертов шут украл наш крест. Но… что это у вас в руках?;Questo maledetto giullare ha rubato la nostra croce. Ma… che cos'avete in mano?;Esse bobo sanguinário roubou nossa cruz. Mas... O que é isso na sua mão?;Take it back;Geri alın;Reprenez-la;Tomadla;持ち帰るがいい;가지고 돌아가게.;拿回去吧;拿回去吧;Hier habt Ihr es zurück;Заберите его;Riprendetevela;Devolva;;;;;;;;;;;;;State property;Devlet malı;Propriété de l'État;Propiedad del Estado;国の所有物だ;국가의 소유물이다.;国家财产;國家財產;Staatseigentum;Собственность государства;Proprietà dello stato;Propriedade do governo;;;;;;;;;;;;;
311;priest;I discovered a young genius painter. His works are a true sign of the divine in this world.;Genç ve dahi bir ressam keşfettim. Resimleri, ilahi bir işaret.;J'ai découvert un jeune peintre de génie. Ses œuvres sont la preuve évidente du divin sur cette terre.;He descubierto un joven pintor, un genio. Sus obras son la prueba evidente de la divinidad sobre la tierra.;若き天才画家を発掘いたしました。+彼の作品は、+まさに神から賜った才能の結晶です。;젊은 천재화가를 발굴했습니다.  그의 작품은 바로 하나님이 주신 재능의 결정체입니다.;我发现了一名年轻的天才画家，+他的作品真是神性存于世上的明证啊。;我發現了一名年輕的天才畫家，+他的作品真是神性存於世上的明證啊。;Ich habe einen genialen jungen Maler entdeckt. Seine Werke sind wahre Zeichen des Göttlichen in der Welt.;Я нашел гениального юного художника. Воистину, Бог вел его кисть по полотнам.;Ho scoperto un giovane pittore geniale. Le sue opere sono un evidente segno divino.;Descobri um gênio da pintura. Os trabalhos dele são um verdadeiro sinal do divino neste mundo.;Bring him in;Getirin bakalım;Amenez-le;Tredle ante mí;連れて参れ;데려오게.;带他进来;帶他進來;Bringt ihn her;Приведите его;Portatelo qui;Chame-o aqui;;;;;;;;;;;;;I'm busy;İşim var;Je suis occupé;Estoy muy ocupado;そんな暇はない;그럴 여유는 없다.;我没空;我沒空;Ich habe zu tun;Мне некогда;Sono occupato;Estou ocupado;;;;;;;;;;;;;
312;painter;My name is <painter>. I will change the world with my art and your money.;Adım <painter>. Benim sanatım ve sizin paranız ile dünyayı değiştireceğim.;Mon nom est <painter>. Avec mon coup de pinceau et votre argent, nous allons changer le monde.;Me llamo <painter>. Con mi toque de pincel y vuestro dinero, vamos a cambiar el mundo.;私は、<painter>と申します。+陛下に創作資金を援助いただければ、+私の絵画は世界を変えるでしょう。;저는 <painter>입니다.  폐하께서 창작자금을 지원해 주시면  제 그림은 세상을 바꿀 것입니다.;我名叫<painter>，+我会用我的艺术和您的资本来改变这个世界的。;我名叫<painter>，+我會用我的藝術和您的資本來改變這個世界的。;Mein Name ist <painter>. Mit meiner Kunst und Eurem Geld kann ich die Welt verändern.;Меня зовут <painter>. Я изменю мир при помощи искусства и ваших денег.;Il mio nome è <painter>. Con la mia arte e il Vostro denaro, posso cambiare il mondo.;Meu nome é <painter>. Eu mudarei o mundo com minha arte e seu dinheiro.;;;;;;;;;;;;;;;;;;;;;;;;;;;;;;;;;;;;;;;;;;;;;;;;;
313;painter;I would like to paint your portrait my Lord!;Portrenizi resmetmek isterim, Lordum!;Je voudrais peindre votre portrait Monseigneur !;¡Quisiera pintar vuestro retrato, Mi Señor!;陛下の肖像画を描かせてください！;폐하의 초상화를 그리게 해 주십시오!;我想要画一张您的肖像画，陛下！;我想要畫一張您的肖像畫，陛下！;Ich möchte ein Porträt von Euch malen, Majestät!;Я хочу написать ваш портрет, милорд.;Vorrei dipingere un Vostro ritratto, Maestà!;Gostaria de pintar um retrato de Vossa Majestade!;;;;;;;;;;;;;;;;;;;;;;;;;;;;;;;;;;;;;;;;;;;;;;;;;
314;painter;I want to do a moving painting of you, Sire.;Sizin hareketli bir resminizi yapmak isterim, Efendim.;Monseigneur, je veux faire un portrait fluide de votre personne.;Mi Señor, voy a hacer un retrato móvil de vuestra propia persona.;陛下の動く肖像画を+製作してもよろしいでしょうか。;폐하의 움직이는 초상화를 제작하고 싶군요.;我想给您画一幅会动的画，陛下。;我想給您畫一幅會動的畫，陛下。;Ich möchte ein mobiles Bild von Euch anfertigen, Herr.;Сир, я хочу сделать из вас живую картину.;Vorrei realizzare un commovente ritratto di Vostra Maestà.;Quero fazer uma pintura de Vossa Majestade em movimento.;A moving painting?;Hareketli resim mi?;Un portrait fluide ?;¿Un retrato móvil?;動く肖像画…？;움직이는 초상화...?;会动的画？;會動的畫？;Ein mobiles Bild?;Живую картину?;Un ritratto commovente?;Uma pintura em movimento?;;;;;;;;;;;;;;;;;;;;;;;;;;;;;;;;;;;;;
315;painter;I will paint your picture over your own body. It's modern art.;Resmi kendi vücudunuzun üzerine yapacağım. Modern sanat.;Je vais peindre votre portrait sur votre propre corps. C'est de l'art moderne.;Voy a pintar vuestro retrato sobre vuestro propio cuerpo. Es arte moderno.;陛下のお体に、肖像画を描くのです。+これぞ最先端の美術！;폐하의 몸에 그림을 그릴 겁니다. 이것이야말로 최첨단 예술이죠!;我会把您的画画在您自己的身体上，+这是现代艺术。;我會把您的畫畫在您自己的身體上，+這是現代藝術。;Ich werde es Euch auf den Körper malen. Das ist moderne Kunst.;Я хочу написать ваш портрет на вашем же теле. Это современное искусство.;Dipingerò il Vostro ritratto sul Vostro stesso corpo. È arte moderna.;Pintarei o retrato sobre seu corpo. É arte moderna.;;;;;;;;;;;;;;;;;;;;;;;;;;;;;;;;;;;;;;;;;;;;;;;;;
316;painter;I would like to adorn the basilica with a grand fresco full of powerful allegories of your royal virtues.;Bazilikayı soylu erdemlerinizin güçlü alegorileriyle dolu muhteşem bir freskle süslemek isterim.;Je voudrais orner la basilique d'une fresque grandiose évoquant avec force et élégance vos vertus royales.;Me gustaría decorar la basílica con un fresco grandioso que evoque con fuerza y elegancia vuestras reales virtudes.;バシリカの壁と天井一面に、+陛下をたたえる寓意画を描きたい！;성당의 벽과 천장 전체에 폐하의 업적을 기리는  프레스코화를 그리고 싶습니다!;我想要在教堂里绘制华美的壁画，+全是对陛下丰功伟绩的歌颂！;我想要在教堂裏繪製華美的壁畫，+全是對陛下豐功偉績的歌頌！;Ich möchte die Basilika mit einem großen Fresko voller Allegorien Eurer königlichen Tugenden schmücken.;Я хочу украсить базилику огромной фреской, полной грандиозных аллегорий ваших королевских благодетелей.;Vorrei adornare la Basilica con un grande affresco ricco di potenti allegorie delle vostre regali virtù.;Gostaria de ornar a basílica com um grande quadro cheio de alegorias poderosas de suas virtudes.;;;;;;;;;;;;;;;;;;;;;;;;;;;;;;;;;;;;;;;;;;;;;;;;;
317;painter;I've had enough of work for the day. What about a bit of sport My Lord?;Bugünlük bu kadar iş yeter. Biraz spora ne dersiniz, Lordum?;J'ai assez travaillé pour aujourd'hui. Et si nous faisions quelques passes, Monseigneur ?;Ya he trabajado suficiente por hoy. ¿Y si practicasemos un poco de deporte, Mi Señor?;今日は働き疲れました。+陛下、いっしょに体を動かしませんか？;오늘은 일을 너무 많이 했군요. 폐하, 함께 운동이라도 하실까요?;我今天已经画够了，+陛下，您想不想来运动运动呢？;我今天已經畫夠了，+陛下，您想不想來運動運動呢？;Genug gearbeitet für heute. Wie wäre es mit ein wenig Sport, Majestät?;Я много работал сегодня. Что насчет спорта, милорд?;Ho lavorato abbastanza per oggi. Che ne dite di un po' di sport, Sire?;Já estou cansado de trabalhar por hoje. Que tal um pouco de esporte, Vossa Majestade?;En garde!;Gardını al!;En garde !;¡En guardia!;いざ、勝負！;자, 승부하자!;来决斗吧！;來決鬥吧！;En garde!;Защищайтесь!;In guardia!;En garde!;;;;;;;;;;;;;;;;;;;;;;;;;;;;;;;;;;;;;
318;painter;You're good at this game, My Lord! Do you want another round?;Bu oyunda çok iyisiniz, Lordum! Yine oynayalım mı?;Vous êtes doué Sire ! Une autre passe ?;Se os da bastante bien Señor. ¿Otro pase?;陛下はお強いですね！+もう一勝負いかがです？;폐하는 강하시군요! 다시 한 번 승부하지 않겠습니까?;您可真擅长这个呀，+陛下！您想不想再来一局呢？;您可真擅長這個呀，+陛下！您想不想再來一局呢？;Ihr seid gut darin, Majestät! Noch eine Runde?;Вы хороши в этой игре, милорд! Еще один раунд?;Mio Signore, siete portato per questo gioco! Un'altra partita?;Você é bom nesse jogo, senhor! Mais uma rodada?;Why not?;Neden olmasın?;Pourquoi pas ?;¿Por qué no?;受けて立とう;받아들이지.;为什么不呢？;為什麼不呢？;Warum nicht?;Почему бы и нет?;Perché no?;Por que não?;;;;;;;;;;;;;;;;;;;;;;;;;;;;;;;;;;;;;
319;painter;Oh, My Lord. You have touched my heart.;Ah, Lordum. Gönlüme dokundunuz.;Oh, Monseigneur, vous avez touché mon cœur.;Oh mi Señor, me llegáis al alma.;陛下、私はあなたに心を奪われた！;폐하, 정말 감동적이군요!;啊呀，陛下，您让我动心了。;啊呀，陛下，您讓我動心了。;Oh, Majestät. Ihr habt mein Herz getroffen.;О, милорд! Вы тронули меня до глубины души.;Oh, Maestà. Avete toccato il mio cuore.;Ah, senhor. Você tocou meu coração.;And you mine;Sen de benimkine;Et vous le mien;Y vos también;余の心も、そなたに奪われた;짐의 마음도 그대에게 빼앗겼네.;而你也让我动心;而你也讓我動心;Und Ihr meines;А вы — меня;E voi il mio;E você, o meu;;;;;;;;;;;;;And you're touching my hand;Sen de elime;Et vous me touchez la main;Y vos me erizáis la piel;…なぜ余の手を握る？;왜 짐의 손을 잡지?;而你正在摸我的手;而你正在摸我的手;Und Ihr berührt meine Hand;А теперь вы тронули мою руку;E Voi state toccando la mia mano;E você está tocando minha mão;;;;;;;;;;;;;
320;general;Could we dismember <jester>? Please? This clown broke down a trebuchet.;<jester> olacak laneti gebertsek olur mu? Lütfen? Şu soytarı bir mancınık kırdı.;Puis-je démembrer <jester> ? S'il vous plaît ? Ce clown vient de casser un trébuchet.;¿Puedo desmembrar a <jester> por favor? El muy payaso acaba de romper un taburete.;<jester>に投石機を壊されました。+あやつの腕を、+もいでやってもよろしいでしょうか。;<jester> 놈이 투석기를 파괴했습니다. 놈의 사지를 찢어 놓아도 될까요.;我们能不能撕了<jester>这浑货？+求您了？这小丑刚弄坏一架投石机。;我們能不能撕了<jester>這渾貨？+求您了？這小丑剛弄壞一架投石機。;<jester> sollte zerstückelt werden! Dürfen wir? Bitte? Der Trottel hat eine Blide zerstört.;Можно мы четвертуем шута? Этот клоун, <jester>, сломал требушет.;Possiamo smembrare <jester>, per favore? Questo pagliaccio ha rotto una catapulta.;Podemos desmembrar <jester>? Por favor? Esse palhaço quebrou um trabuco.;<jester>!;<jester>!;<jester> !;¡<jester>!;<jester>！;<jester>!;<jester>！;<jester>！;<jester>!;<jester>!;<jester>!;<jester>!;;;;;;;;;;;;;Not so fast;Dur bakalım;Pas si vite;No tan deprisa;まあ、落ち着け…;자, 진정해.;先别急;先別急;Nicht so voreilig!;Не так быстро;Non così in fretta;Não tão rápido;;;;;;;;;;;;;
321;jester;I was playing tennis with a giant. He won.;Bir dev ile tenis oynuyordum. Dev kazandı.;Je jouais au tennis avec un géant. Il a gagné.;Estaba jugando al tenis con un gigante. Me ha ganado.;巨人とテニスをしてたんだ。+オイラ、負けちゃったけどね。;거인과 테니스를 치고 있었어. 내가 졌지만.;我只是在和一位巨人打网球而已，+结果他赢了。;我只是在和一位巨人打網球而已，+結果他贏了。;Ich habe gegen einen Riesen Tennis gespielt. Er hat gewonnen.;Я играл в теннис с великаном. Он победил.;Stavo giocando a tennis con un gigante. Ha vinto lui.;Estava jogando tênis com um gigante. Ele venceu.;Go away!;Git başımdan!;Va-t-en !;¡Vete!;貴様を追放する！;네놈을 추방하겠다!;滚开！;滾開！;Verschwindet!;Прочь!;Vattene!;Vá embora!;;;;;;;;;;;;;Pay the army;Orduya parasını ödeyin;Paye l'armée;Paga a las tropas;軍に弁償するのだ;군대에 변상하게.;付钱给军队;付錢給軍隊;Bezahlt den Schaden;Заплатить армии;Paga l'esercito;Pague o exército;;;;;;;;;;;;;
322;jester;You're governing like a loser.;Ezikler gibi yönetiyorsun.;Vous gouvernez comme un nul.;Gobernáis como un auténtico perdedor.;陛下は、王様の才能ないね。;폐하는 왕의 재능이 없네.;你这治国的水准，+简直是尾杂鱼。;你這治國的水準，+簡直是尾雜魚。;Ihr regiert wie ein Verlierer.;Да ты размазня, а не правитель.;Governate come un perdente.;Você está governando como um perdedor.;Pardon me?;Afedersin?;Pardon ?;¿Disculpad?;なんだと？;뭐라고?;没听清楚？;沒聽清楚？;Wie bitte?;Что-что?;Come dici?;Como é?;;;;;;;;;;;;;Guuuuard!;Muhafızlar!;Gaaardes !;¡Guaaaardas!;衛兵ッ！;위병!;来人啊！守卫！;來人啊！守衛！;Waaaache!;Стра-а-ажа!;Guardieeee!;Guaaaarda!;;;;;;;;;;;;;
323;jester;No wait, just hear me out for a while.;Yok, dur, bir dinle önce.;Non attendez, écoutez juste ce que j'ai à dire.;No, esperad, escuchad lo que tengo que deciros.;まあまあ、話聞けって。;기다려 봐. 이야기 좀 들어.;不，等等，听我说完，+不会花你很长时间。;不，等等，聽我說完，+不會花你很長時間。;Nein, wartet, hört mir erst einmal zu.;Нет, погодите, выслушайте меня.;No, aspettate. Ascoltatemi solo un attimo.;Não, espere, só ouça por um instante.;;;;;;;;;;;;;;;;;;;;;;;;;Guuuuard!;Muhafızlar!;Gaaarde !;¡Guaaaardas!;衛兵ッ！;위병!;来人啊！守卫！;來人啊！守衛！;Waaaache!;Стра-а-ажа!;Guardieeee!;Guaaaarda!;<i><jester> was executed shortly afterwards.</i>;<i><jester> çok geçmeden idam edildi.</i>;<i><jester> fut exécuté peu de temps après.</i>;<i><jester> es ejecutado al poco tiempo.</i>;<i>それからまもなく、+<jester>は処刑された。</i>;<i>얼마 지나지 않아 <jester>는(은) 처형되었다. </i>;<i><jester>很快就被处决了。</i>;<i><jester>很快就被處決了。</i>;<i><jester> wird wenig später hingerichtet.</i>;<i><jester> вскоре был казнен.</i>;<i><jester> venne giustiziato poco tempo dopo.</i>;<i><jester> foi executado pouco depois.</i>;
324;jester;The best show you're providing your people with is that stupid Spring festival.;Halkına sunduğun en güzel gösteri, şu aptal Bahar festivali.;Le meilleur spectacle que vous offrez au peuple est ce stupide festival du printemps.;El mejor espectáculo que ofrecéis al pueblo es ese estúpido festival de primavera.;陛下がやってることで、+民にそこそこウケてるのは、+例のショボい春祭りぐらいだ。;폐하가 하는 일 중 백성들한테 그나마 인기 있는 건  그 괴상한 봄 축제밖에 없어.;你为子民展现的最好表演，+不过是那愚蠢透顶的春日庆典。;你為子民展現的最好表演，+不過是那愚蠢透頂的春日慶典。;Das beste Spektakel, das Ihr dem Volk bietet, ist dieses blöde Frühlingsfest.;У нас самое лучшее развлечение для народа — это дурацкий Весенний фестиваль.;Il migliore spettacolo che offrite al Vostro popolo è quello stupido festival di primavera.;Você só está oferecendo ao povo aquele festival estúpido da primavera.;I like that;Festivali seviyorum;Ça me plaît;A mí me gusta;自慢の祭りだ;나는 좋아하네만.;我恰好十分喜欢;我恰好十分喜歡;Mir gefällt es;Мне нравится;A me piace;Eu gosto;;;;;;;;;;;;;It's not bad;Fena değil;Ce n'est pas si mal;No está mal;ショボくはなかろう;나쁘지 않군.;还不错;還不錯;Es ist nicht übel;Он не так уж плох;Non è così male;Não é nada mau;;;;;;;;;;;;;
325;jester;Yeah, let's just dance like ducks while a moron martyrizes the lute. SOOO Dark Ages, it's embarrassing.;Evet, salağın teki utuyla aşk yaşarken hepimiz mal gibi dans edelim. Resmen Karanlık Çağlar, utanç verici.;C'est ça... Dansons en rond pendant qu'un débile martyrise un luth innocent. C'est tellement moyenâgeux que ça en devient gênant.;Eso es… Bailemos en corro mientras que un imbécil aporrea el laúd. Esta era es tan oscura como vergonzosa.;ヘタクソなリュートの演奏に合わせて、+ヨチヨチ踊るだけだろ？+なにが楽しいんだかさっぱりだよ。;서투른 류트 연주에 맞춰 뒤뚱뒤뚱 춤추는 것 뿐이잖아?  완전 암흑시대라고. 웃기지도 않아.;好极了，让我们像鸭子一样扭扭跳跳，+还有个傻瓜弹着鲁特琴伴奏。+这是多——么黑暗的年代啊！真是令人蒙羞。;好極了，讓我們像鴨子一樣扭扭跳跳，+還有個傻瓜彈著魯特琴伴奏。+這是多——麼黑暗的年代啊！真是令人蒙羞。;Klar, wir tanzen wie Enten, während irgendein Depp die Laute quält. Finsterstes Mittelalter, echt peinlich.;Ага, попляшем, как уточки, пока какой-то дебил издевается над лютней. Прям Темные века, стыдоба!;Sììì, balliamo come anatre mentre un idiota violenta un liuto. Veramente medievale. È imbarazzante.;É, vamos dançar que nem patos enquanto um demente tortura a flauta. Tãããão Idade das Trevas, é vergonhoso.;I...;Ben...;Je...;Pues...;あー…;아...;我……;我……;Ich ...;Я…;Io…;Eu...;;;;;;;;;;;;;We...;Biz...;Nous...;Es que...;うむ…;음...;我们……;我們……;Wir ...;Мы…;Noi…;Nós...;;;;;;;;;;;;;
326;jester;People want drama, action, love stories with mature content! You have to en-ter-tain them.;Halk dram, aksiyon, olgun içerikli aşk hikayeleri istiyor! Onları eğlendirmen gerek.;Les gens veulent de la tragédie, de l'action, des histoires d'amour interdites aux mineurs. Il faut de l'en-ter-tain-ment.;La gente tiene hambre de drama, de acción, de historias de amor prohibidas. Necesitamos en-tre-te-ni-mien-to.;大衆が求めてるのは、複雑なストーリーと+アクションとロマンス要素満載の、+刺激に満ちたエンタメコンテンツだ！;대중들이 원하는 것은 복잡한 스토리와 액션과  로맨스 요소가 가득한 자극적인 엔터테인먼트 콘텐츠라고!;人们想看戏剧，表演，成熟的爱情故事！+你必须去为他们提——供——娱——乐。;人們想看戲劇，表演，成熟的愛情故事！+你必須去為他們提——供——娛——樂。;Die Leute wollen Drama, Action, Liebesgeschichten für Erwachsene! Ihr müsst sie un-ter-hal-ten.;Людям нужна драма, действие, любовные истории для взрослых! Их нужно раз-вле-кать.;La gente vuole la tragedia, l'azione, le storie d'amore proibite ai minori! Voi li dovete in-trat-te-ne-re.;O povo quer drama, ação, histórias de amor com conteúdo adulto! Você precisa en-tre-tê-los.;;;;;;;;;;;;;;;;;;;;;;;;;;;;;;;;;;;;;;;;;;;;;;;;;
327;jester;So, I have appointed myself Chief Entertainment Officer. It's all right, don't thank me.;Bu yüzden de kendimi Baş Eğlence Şefi ilan ettim. Sorun değil, teşekkür etmene gerek yok.;Je suis donc volontaire pour être votre Chef de Service Entertainement. Ne me remerciez pas, c'est normal.;Me presento voluntario para ser jefe del servicio de entretenimiento. No tenéis que agradecérmelo, es lo normal.;…っつうわけだから、オイラがこの城の+娯楽管轄責任者に就任してやるよ。+礼にはおよばないぜ！;그래서 나를 이 성의 오락부 장관으로 임명했지.  감사할 필요는 없어!;所以，我将亲自出任CEO，+就是首席娱乐官。+效果挺好的，不用谢我。;所以，我將親自出任CEO，+就是首席娛樂官。+效果挺好的，不用謝我。;Deswegen habe ich mich zum Chief Entertainment Officer ernannt. Schon gut, Ihr müsst mir nicht danken.;Итак, назначаю себя Главой Развлекательного Управления. Нет-нет, не стоит благодарности.;Quindi, mi sono auto-proclamato capo del Dipartimento Intrattenimento. Va tutto bene, non dovete ringraziarmi.;Por isso, eu me indiquei como Chefe do Gabinete de Entretenimento. Tudo bem, não precisa agradecer.;Ok;Peki;D'accord;De acuerdo;よかろう;좋네.;好吧;好吧;Einverstanden;Ладно;Ok;Ok;;;;;;;;;;;;;If I say no?;Ya hayır dersem?;Si je dis non ?;¿Y si me niego?;だめだと言ったら？;안된다고 하면 어쩔 건가?;倘若我不同意呢？;倘若我不同意呢？;Und wenn ich Nein sage?;А если я не согласен?;E se dico di no?;E se eu disser não?;;;;;;;;;;;;;
328;jester;I'm leaving and you will be able to dance at the Spring festival as much as you want.;Gidiyorum, Bahar festivalinde dilediğin kadar dans et sen.;Je m'en vais et je vous laisse danser tout votre saoûl au festival du printemps. ;Me voy y os dejo bailar todo lo que queráis en el festival de primavera.;やらせてくれないなら、+オイラはこの城から出ていく。+あんたは春祭りで+好きなだけダサい踊りを踊ればいいさ。;안 시켜주면 난 그냥 성을 나갈 거고  폐하는 봄 축제에서 원하시는 대로 춤이나 실컷 추셔.;我要走了，你可以在春日庆典上跳舞，+想跳多久跳多久。;我要走了，你可以在春日慶典上跳舞，+想跳多久跳多久。;Dann gehe ich und Ihr könnt beim Frühlingsfest tanzen, so viel Ihr wollt.;Тогда я ухожу, а вы пляшите на Весеннем фестивале сколько вам влезет.;Io me ne vado. Sarete libero di ballare al festival di primavera per tutto il tempo che volete.;Irei embora, e você poderá dançar o quanto quiser no festival da primavera.;Ok then;Tamam o zaman;Reste;Quédate;許可しよう;허가하지.;那好吧;那好吧;Bleibt hier;Ну ладно;Resta;Tudo bem, então;;;;;;;;;;;;;Go away;Git başımdan;Va-t-en;Vete;貴様を追放する！;네놈을 추방하겠다!;快滚吧;快滾吧;Geht fort;Так уходи;Vattene;Vá embora;;;;;;;;;;;;;
329;jester;We should reach out to our audience, show that we care. The executions are boring. Add fireworks and silly games.;İzleyenlere ulaşmalı, umursadığımızı göstermeliyiz. İnfazlar çok sıkıcı. Havai fişek ve şapşalca oyunlar ekleyelim.;Il faut qu'on aille au devant du public. Les exécutions sont à mourir d'ennui. Ajoutons des feux d'artifices et des jeux.;Tenemos que adelantarnos a los gustos del público. Las ejecuciones son de lo más aburrido. Añadamos juegos y fuegos artificiales.;今の死刑はつまらない。もっと演出を工夫して、+観客の心をつかむべきだ。愉快なゲームや花火+なんかも用意して、じゃんじゃん盛り上げよう。;지금의 사형은 너무 지루해.  연출을 더 고민해서 관객의 마음을 사로잡아야지.  재미난 게임이랑 불꽃놀이 같은 것도 준비해서  신나게 불태워 보자고.;我们应该和观众接触，+让他们明白我们关心他们。+这些演奏很无趣。+烟花表演和愚蠢的游戏也是一样。;我們應該和觀眾接觸，+讓他們明白我們關心他們。+這些演奏很無趣。+煙花表演和愚蠢的遊戲也是一樣。;Wir müssen auf das Publikum zugehen. Die Hinrichtungen sind sterbenslangweilig. Baut Feuerwerk und Spiele ein.;Надо достучаться до аудитории, показать, что нам не все равно. Казни — это скучно. Нужны салюты и глупые игры.;Dobbiamo raggiungere il pubblico, mostrare che ci importa di loro. Le esecuzioni sono noiose, aggiungete fuochi d'artificio e dei giochetti.;É preciso tocar o público, mostrar que nos importamos. Execuções são chatas. Acrescente fogos e jogos bobos.;;;;;;;;;;;;;;;;;;;;;;;;;;;;;;;;;;;;;;;;;;;;;;;;;
330;executioner;Let's pretend I didn't hear that.;Bunu duymamışım gibi davranalım.;Faisons comme si je n'avais rien entendu.;Hagamos como que no hemos oído nada.;今のは聞かなかったことにしましょう。;방금 그건 못 들은 걸로 합시다.;让我们假装我刚刚没有听到这些。;讓我們假裝我剛剛沒有聽到這些。;Tun wir so, als hätte ich das nicht gehört.;Сделаем вид, что я этого не слышал.;Farò finta di non aver sentito.;Vamos fingir que não ouvi isso.;;;;;;;;;;;;;;;;;;;;;;;;;;;;;;;;;;;;;;;;;;;;;;;;;
331;jester;People want to watch you waking up and going to the bathroom. They will pay for the privilege.;Halk uyanıp tuvalete gitmeni izlemek istiyor. Bunun için para ödeyecekler.;Le peuple souhaite assister à votre réveil et veut vous voir aller aux toilettes. Ils sont prêts à payer pour ça.;El pueblo quiere veros despertar por la mañana e ir al baño. Están dispuestos a pagar por ello.;民は陛下が朝起きて用を足すところを+見たがってる。+金を払ってでも見たいと思ってるよ。;백성들은 폐하가 아침에 일어나서 똥 싸러 가는 걸 보고 싶어해. 돈을 주고라도 말야.;人民想观摩你起床和洗漱。+他们会为这种特权买单的。;人民想觀摩你起床和洗漱。+他們會為這種特權買單的。;Die Leute wollen Euch aufwachen und ins Bad gehen sehen. Für dieses Privileg werden sie bezahlen.;Люди хотят смотреть, как вы просыпаетесь и идете в ванную. Они готовы платить за такую привилегию.;La gente vuole vedervi mentre vi svegliate e andate in bagno. Pagherebbero per tale privilegio.;As pessoas querem ver você acordando e indo ao banheiro. Elas pagarão por esse privilégio.;Really?;Ciddi misin?;Vraiment ?;¿En serio?;それはまことか？;정말인가?;当真？;當真？;Wirklich?;Серьезно?;Veramente?;Jura?;;;;;;;;;;;;;;;;;;;;;;;;;;;;;;;;;;;;;
332;jester;You should have an affair with <courtesan>. The polls are unanimous.;<courtesan> ile ilişki yaşamalısın. Anketler hemfikir.;Vous devriez avoir une aventure avec <courtesan>. Les sondages sont unanimes.;Deberíais tener una historia con <courtesan>. Los sondeos son unánimes.;陛下は<courtesan>と+つきあうべきだ。+みんなそういう展開を期待してるよ。;폐하는 <courtesan>하고 스캔들을 내야 돼. 모두 기대하고 있어.;您应该同<courtesan>举行一次会面。+民意调查显示全票通过。;您應該同<courtesan>舉行一次會面。+民意調查顯示全票通過。;Ihr solltet eine Affäre mit <courtesan> haben. Die Umfragen sind da eindeutig.;<courtesan>, затейте с ней интрижку. Результаты опросов однозначны.;Il risultato dei sondaggi è unanime. Dovreste avere una relazione con <courtesan>.;Você deveria ter um caso com <courtesan>. As pesquisas são unânimes.;;;;;;;;;;;;;;;;;;;;;;;;;;;;;;;;;;;;;;;;;;;;;;;;;
333;courtesan;My Lord? As long as we don't kiss, I can do anything.;Lordum? Öpüşmediğimiz sürece her şeyi yapabilirim.;Monseigneur ? Tant que nous ne nous embrassons pas, je peux faire ce que vous voulez.;¿Señor? Siempre y cuando no nos besemos, puedo hacer lo que queráis.;陛下…口づけ以外でしたら、+なんでもしてさしあげますわ。;폐하... 키스만 빼고 뭐든지 다 해 드릴게요.;陛下？+只要我们别接吻，+我可以为你做任何事。;陛下？+只要我們別接吻，+我可以為你做任何事。;Majestät? Solange wir einander nicht küssen, bin ich zu allem bereit.;Милорд? До тех пор, пока мы не целуемся, я могу что угодно.;Mio Signore? Posso fare qualsiasi cosa, purché non ci baciamo.;Senhor? Contanto que a gente não se beije, faço qualquer coisa.;;;;;;;;;;;;;;;;;;;;;;;;;;;;;;;;;;;;;;;;;;;;;;;;;
334;jester;I think we should attack the kingdom of the West. A nice fashionable war.;Bence Batı krallığına saldıralım. Şöyle güzel bir savaş olsun.;Je pense que vous devrions envahir le royaume de l'Ouest. Une petite guerre sexy et sympa.;Creo que deberíamos invadir el reino del Oeste. Un pequeña guerra que nos excite y amenice.;西の王国に攻め入ってみたら？+いまどきはやりの、小粋な戦さ。;서쪽 왕국에 쳐들어 가는 게 어때? 아주 멋진 싸움이 될 거야.;我认为我们应该攻打西方王国。+这会是一场漂亮的战役。;我認為我們應該攻打西方王國。+這會是一場漂亮的戰役。;Ich glaube, wir sollten das Königreich im Westen angreifen. Auf nette, schicke Weise.;Я думаю, что можно напасть на Западное Королевство. Крутая модная война.;Credo che dovremmo attaccare il Regno dell'Ovest. Una bella guerra chic.;Acho que deveríamos atacar o Reino do Oeste. Uma guerra em grande estilo.;;;;;;;;;;;;;;;;;;;;;;;;;;;;;;;;;;;;;;;;;;;;;;;;;
335;jester;I know you're totally ignorant about the economy. But would you mind making an inspired talk in front of the Merchants?;Ekonomiden hiç anlamazsın, biliyorum. Tüccarların önünde ilham verici bir konuşma yapayım mı?;Je sais que vous êtes un ignare complet en économie, mais pourriez-vous faire un discours inspiré devant les marchands?;Ya sé que sois nulo en economía pero… ¿podríais dar un pequeño discurso delante de los mercaderes?;陛下は商売に関してはまったくのド素人だけど、+商人たちの前で偉そうに講釈を垂れてみたら？;폐하가 장사에 관한 건 아무것도 모르는 건 알아.  하지만 상인들 앞에서 즉석 연설을 해 보는 건 어때?;我知道您完全不在意经济。+但您介意同商人们进行一次官方会谈吗？;我知道您完全不在意經濟。+但您介意同商人們進行一次官方會談嗎？;Ich weiß, Ihr habt von Wirtschaft keine Ahnung, aber wie wäre es mit einer mitreißenden Rede vor den Händlern?;Я понимаю, что вы ничего не понимаете в экономике. Но можно же произнести вдохновенную речь перед купцами?;So che in fatto di economia siete del tutto ignorante, ma non vorreste tenere un bel discorso ispirato davanti ai mercanti?;Eu sei que você é ignorante no quesito economia, mas poderia fazer um discurso inspirado para os comerciantes?;;;;;;;;;;;;;;;;;;;;;;;;;;;;;;;;;;;;;;;;;;;;;;;;;
336;jester;We should systematically blame the Islander migrants for everything that's wrong in the Kingdom.;Krallıkta ters giden her şey için Adalı göçmenleri suçlayalım bence.;Nous devrions systématiquement accuser les migrants Iliens de tout ce qui ne va pas dans le royaume.;Deberíamos acusar sistemáticamente a los inmigrantes isleños de todo lo malo que pasa en este reino.;国内の問題は、いっさいがっさい+島国からの移民のせいってことにしたらどうかな。;나라 안의 모든 문제는  전부 섬나라에서 온 이민자들 탓으로 돌리자고.;我们应当把王国出现的一切问题+都归咎于那些岛民。;我們應當把王國出現的一切問題+都歸咎於那些島民。;Wir sollten immer den Migranten von den Inseln die Schuld für alles geben, was im Königreich schiefläuft.;Нужно периодически обвинять островитян во всем, что у нас в Королевстве плохо.;Dovremmo sistematicamente incolpare gli isolani migranti per tutto quello che va male nel Regno.;Deveríamos culpar sistematicamente os imigrantes insulares por tudo que há de errado no reino.;;;;;;;;;;;;;;;;;;;;;;;;;;;;;;;;;;;;;;;;;;;;;;;;;
337;jester;My Lord! Show the world that you love your Kingdom and care for cute kittens.;Lordum! Krallığını sevdiğini ve tatlı kedi yavrularını umursadığını tüm dünyaya göster.;Monseigneur ! Montrez au monde que vous aimez votre royaume et les petits chats.;¡Mi Señor! Enseñadle al mundo lo mucho que amáis vuestro país y los gatitos.;陛下！国を治めるのは楽しいかい？+それじゃあ、世界中のみんなに+教えてあげなきゃね。;폐하! 나라를 다스리는 건 재미있어? 그럼 전세계 모두에게 폐하의 나라 사랑과 고양이 사랑을 보여 줘.;陛下！+向世界展示您爱您的王国，+并且关心可爱的猫咪。;陛下！+向世界展示您愛您的王國，+並且關心可愛的貓咪。;Majestät! Zeigt der Welt, dass Ihr Euer Königreich und süße Kätzchen liebt.;Милорд! Покажите миру, что вы любите Королевство и заботитесь о миленьких котятках.;Mio Signore! Mostrate al mondo che amate il vostro Regno e vi occupate dei gattini carini!;Senhor! Mostre ao mundo que você ama o reino e que ama gatinhos.;<i>Rate Reigns</i>;<i>Reigns'e puan verin</i>;<i>Donner une note à Reigns</i>;<i>Ponerle una nota a Reigns</i>;<i>（「Reigns」を評価する）</i>;<i>"Reigns"를 평가한다.</i>;<i>（为君临打分）</i>;<i>（為君臨打分）</i>;<i>Reigns bewerten</i>;<i>Оцените Reigns</i>;<i>Valuta Reigns</i>;<i>Avaliar Reigns</i>;;;;;;;;;;;;;;;;;;;;;;;;;;;;;;;;;;;;;
338;parker;Hey, your Nerdiness! Did you give Reigns a good review? Let me help you with this hard decision.;Hey, Nerd Hazretleri! Reigns'e mağazada iyi puan verdiniz mi? Bu zor kararda size yardımcı olayım.;Hey, votre Nerdissime Altesse ! As-tu donné une bonne note à Reigns ? Laisse-moi t'aider à prendre cette décision.;¡Hey, Vuestra Ilustrísima! ¿Le has dado una buena nota a Reigns? Déjame que te ayude a tomar esta decisión.;間抜王！「Reigns」をほめたたえる+レビューは書けたか？+まだなら、わしが手伝ってやるぞ。;안녕, 얼간이 폐하! "Reigns"가 재미있다는 리뷰는 썼나?  어려운 일이라면 내가 좀 도와 주지.;嘿，宅男王！+你还没给 Reigns 好评吗？+让我帮你做出这个困难的决定吧。;嘿，宅男王！+你還沒給 Reigns 好評嗎？+讓我幫你做出這個困難的決定吧。;He, Euer Nerdität! Habt Ihr Reigns gut bewertet? Lasst mich Euch bei dieser schweren Entscheidung helfen.;Эй, ваше Чудачество! Вы уже написали хороший отзыв о Reigns? Дайте я помогу вам принять это сложное решение.;Ehi, Vostra Nerdissima Altezza! Hai dato una recensione positiva a Reigns? Lascia che ti aiuti in questa difficile decisione.;Ei, Vossa Nerdeza! Deixou uma avaliação positiva de Reigns? Deixe-me ajudar com essa decisão difícil.;<i>Rate Reigns</i>;<i>Reigns'e puan verin</i>;<i>Donner une note à Reigns</i>;<i>Ponerle una nota a Reigns</i>;<i>（「Reigns」を評価する）</i>;<i>"Reigns"를 평가한다.</i>;<i>（为君临打分）</i>;<i>（為君臨打分）</i>;<i>Reigns bewerten</i>;<i>Оцените Reigns</i>;<i>Valuta Reigns</i>;<i>Avaliar Reigns</i>;;;;;;;;;;;;;;;;;;;;;;;;;;;;;;;;;;;;;
339;courtesan;My Lord... Would you like to taste my cake?;Lordum... Kekimin tadına bakmak ister misiniz?;Sire... Voulez-vous goûter ma tarte ?;Señor... ¿Queréis probar esta tarta?;陛下…私のケーキを、一口いかが？;폐하... 제 케이크 좀 맛보시지 않겠어요?;陛下……+您是否愿意品尝我的蛋糕呢？;陛下……+您是否願意品嘗我的蛋糕呢？;Majestät ... Möchtet Ihr von meinem Kuchen probieren?;Милорд… Попробуете мой пирог?;Mio Signore… volete assaggiare la mia torta?;Senhor... Quer provar do meu bolo?;At your service;Emrinize amadeyim;Votre serviteur;Vuestro servidor;よろこんで;기꺼이.;听候吩咐;聽候吩咐;Euer Diener;К вашим услугам;Al vostro servizio;Sou seu servo;<i>It was a very good cake.</i>;<i>Pek güzel bir kekti.</i>;<i>C'était un très bon gâteau.</i>;<i>El pastel estaba muy rico</i>;<i>ケーキは、とても美味だった。</i>;<i>케이크는 정말 맛있다. </i>;<i>（蛋糕非常棒。）</i>;<i>（蛋糕非常棒。）</i>;<i>Der Kuchen ist sehr lecker.</i>;<i>Это был отличный пирог.</i>;<i>Era una torta davvero deliziosa.</i>;<i>O bolo estava muito bom.</i>;Too hot for that;Olmaz, çok sıcak;Il fait trop chaud pour ça;Hace demasiado calor;やけどはしたくない;너무 뜨겁다.;太烫了;太燙了;Dafür ist es zu heiß;Горячевато;Fa troppo caldo;Está quente demais para isso;;;;;;;;;;;;;
340;courtesan;This cake will give you a taste of paradise My Lord.;Bu kek ile cennetin tadına bakacaksınız, Lordum.;Ce gâteau vous donnera un aperçu du paradis Monseigneur.;Esta tarta os dará una idea del paraíso Mi Señor.;このケーキを食べれば、+楽園にいるような心地になれますわ。;이 케이크를 먹으면 천국에 있는 듯한 기분이 들 겁니다.;这块蛋糕的口感会给您天堂般的感受，+我的陛下。;這塊蛋糕的口感會給您天堂般的感受，+我的陛下。;Dieser Kuchen wird Euch einen Vorgeschmack aufs Paradies geben, Majestät.;Милорд, почувствуйте райский вкус этого пирога.;Questa torta vi darà un'idea del Paradiso, Sire.;Este bolo lhe dará um gostinho do paraíso, senhor.;;;;;;;;;;;;;;;;;;;;;;;;;And stomach cramps;Ve midem ağrıyacak;Et des crampes d'estomac;Y dolor de estómago;胃にも負担がかかる;위장에도 부담이 간다.;我的肚子疼;我的肚子疼;Und Magenkrämpfe;И спазмы в животе;E dei crampi allo stomaco;E dores de estômago;;;;;;;;;;;;;
341;doctor;Too much sugar My Lord! It will kill you!;Çok fazla şeker tüketiyorsunuz, Lordum! Bu sizi öldürecek!;Trop de sucre Votre Altesse ! Cela provoquera votre perte !;¡Demasiado azúcar, Vuestra Alteza! ¡Será vuestra perdición!;砂糖のとりすぎです、陛下！+控えないと命にかかわりますよ！;설탕을 너무 많이 드셨습니다. 폐하!  섭취량을 줄이지 않으면 생명에 지장이 있습니다!;摄入太多糖分了，陛下！+这对您的身体伤害很大！;攝入太多糖分了，陛下！+這對您的身體傷害很大！;Zu viel Zucker, Majestät! Das bringt Euch noch um!;Слишком много сахара, милорд. Это вас просто убьет!;Troppo zucchero, Sire! Vi ucciderà!;Açúcar demais, senhor! Isso vai matar você!;;;;;;;;;;;;;;;;;;;;;;;;;It's a good way to die;Güzel bir ölüm şekli;C'est une bonne façon de mourir;Es una buena forma de morir;それで死ねれば本望だ;그렇게 죽을 수 있다면 좋지.;这么死也挺好;這麼死也挺好;Aber es ist ein süßer Tod;Хороший путь отойти в мир иной;È un modo dolce di morire.;É uma boa forma de morrer;;;;;;;;;;;;;
342;courtesan;Shall we go together to the Spring festival? I could invite some of my pretty friends to entertain your foreign visitors.;Birlikte Bahar festivaline gidelim mi? Yabancı misafirlerinizi eğlendirmek için güzel dostlarımı davet edebilirim.;Allons-nous ensemble au festival du printemps ? Je pourrais inviter mes amies pour accueillir vos visiteurs étrangers.;¿Vamos juntos al festival de primavera? Podría invitar a unos amigos para recibir a los invitados extranjeros.;今年の春祭りには、私といっしょに参りませんか？+器量よしの友人を何人か呼びますから、+異国からの来賓をおもてなしさせましょう。;올해 봄 축제는 저와 함께 가시겠어요? 제 예쁜 친구들을 불러다가 외국 영빈들을 접대시켜 보죠.;我们一起去春日庆典怎么样？+我可以邀请一些漂亮朋友过来取悦那些外国访客。;我們一起去春日慶典怎麼樣？+我可以邀請一些漂亮朋友過來取悅那些外國訪客。;Gehen wir zusammen aufs Frühlingsfest? Für Eure Besucher könnte ich meine hübschen Freundinnen einladen.;Пойдем вместе на Весенний фестиваль? Я могу пригласить своих милых подруг, чтобы развлечь иностранных гостей.;Andiamo insieme al festival di primavera? Posso invitare alcune amiche carine per intrattenere i visitatori stranieri.;Vamos juntos ao festival da primavera? Posso convidar algumas amigas para entreter os visitantes de fora.;;;;;;;;;;;;;;;;;;;;;;;;;;;;;;;;;;;;;;;;;;;;;;;;;
343;nobleman;I'm acquainted with a minstrel of great renown. Let's fill the air with dulcet tones!;Pek ünlü bir ozan tanıyorum. Ahenkli nağmeler çevremizi sarsın!;J'ai fait la connaissance d'un ménestrel de grand renom. Remplissons l'atmosphère de mélodies harmonieuses !;He conocido a un juglar de gran renombre. ¡Llenemos la atmósfera de melodías armoniosas!;とある著名な吟遊詩人と知り合いでして…+美しい音楽はよいものですよ！;저는 유명한 음유시인과 친분이 있습니다. 아름다운 음악을 함께 즐기시겠습니까?;我认识一个特别出名的吟游诗人。+让我们用美妙的音符代替这无趣的寂静吧！;我認識一個特別出名的吟遊詩人。+讓我們用美妙的音符代替這無趣的寂靜吧！;Ich kenne einen berühmten Minnesänger. Lasst die Luft von lieblichen Melodien erfüllt sein!;У меня есть знакомый, очень знаменитый менестрель. Наполните воздух сладкозвучной музыкой!;Conosco un menestrello di grande fama. Riempiamo l'atmosfera di melodie armoniose!;Conheço um trovador de grande renome. Ele preencherá o ambiente com maravilhosas canções!;;;;;;;;;;;;;<i>Perhaps this will raise the spirits of the Kingdom...</i>;<i>Belki bu durumda Krallığın morali yerine gelir...</i>;<i>Cela permettra peut-être de mettre de la joie dans le cœur du royaume...</i>;<i>Éso os permitirá traer un poco de alegría a esta corte...</i>;<i>これで国に活気が出ればよいのだが…</i>;<i>이제 나라가 활기 있어지면 좋겠는데...</i>;<i>（或许这能够提振王国的志气……）</i>;<i>（或許這能夠提振王國的志氣……）</i>;<i>Vielleicht wird das die Stimmung im Königreich heben ...</i>;<i>Может быть, это поднимет настроения в королевстве…</i>;<i>Forse questo risolleverà gli animi del Regno...</i>;<i>Talvez isso levante a moral do reino...</i>;;;;;;;;;;;;;<i>You decide the court's wealth is better spent on other matters.</i>;<i>Sarayın hazinesinin başka meselelere harcanmasının daha iyi olacağına karar veriyorsunuz.</i>;<i>Vous décidez que le trésor sera plus utile ailleurs.</i>;<i>Dicidís que el tesoro será más útil en otra parte.</i>;<i>国の予算は、+もっと重要なことに使うべきだ。</i>;<i>국가 예산은 보다 중요한 일에 사용해야 한다. </i>;<i>你决定把国库的钱+用在其他更合适的地方。</i>;<i>你決定把國庫的錢+用在其他更合適的地方。</i>;<i>Ihr beschließt, das Geld der Krone lieber für andere Dinge auszugeben.</i>;<i>Вы решаете, что деньги двора лучше потратить на другие вещи.</i>;<i>Decidete che le ricchezze della corte saranno più utili per altre questioni.</i>;<i>Você decide que a riqueza da corte pode ser melhor aproveitada de outras maneiras.</i>;
344;minstrel;My art is not to your liking, I can tell. I'm leaving for the kingdom of the West. They have better taste!;Sanatımı beğenmediğiniz belli oluyor. Batı krallığına gidiyorum ben. Oradakiler daha zevkli!;Mes mélodies ne vous plaisent pas, je le vois bien. Je m'en vais pour l'Ouest, ils ont meilleur goût !;Mis melodías no os satisfacen, me doy cuenta. ¡Me voy al Oeste, allí tienen mejor gusto!;陛下は私の作る歌がお嫌いなんでしょう？+私は西の王国へ旅立つことにしました。+彼らなら私の作風を理解してくれるはずだ！;폐하는 제 노래가 마음에 들지 않으시군요. 서쪽의 왕국으로 갈 겁니다. 그들이라면 제 작품을 이해해 줄겁니다.;我看得出来，您并不欣赏我的艺术。+我打算离开您的国家，+去西部的一个王国另谋生计了。+他们的品味更好一些！;我看得出來，您並不欣賞我的藝術。+我打算離開您的國家，+去西部的一個王國另謀生計了。+他們的品味更好一些！;Meine Kunst gefällt Euch nicht, das merke ich. Ich gehe ins Königreich im Westen. Dort hat man mehr Geschmack!;Мое искусство вам не по нраву, ведь так? Я уезжаю в Западное королевство. Там вкусы лучше!;La mia arte non è di Vostro gradimento, lo vedo bene. Parto per il Regno dell'Ovest. Lì hanno buon gusto!;Minha arte não lhe agrada, posso sentir. Estou partindo para o Reino do Oeste. Eles têm mais estilo!;Good riddance;Nihayet;Bon débarras;Un problema menos;厄介払いができたな;귀찮은 놈들을 내쫓았군.;总算摆脱他了;總算擺脫他了;Auf Nimmerwiedersehen;Скатертью дорога;Che liberazione;Já vai tarde;<i>You have the merchant sell the minstrel's works. There shan't be another note played.</i>;<i>Tüccar ozanın işlerini satıyor. Bir daha tek bir nota daha çalınmıyor.</i>;<i>Vous vendez les œuvres du ménestrel. Il n'y aura plus de musique dans le royaume.</i> ;<i>Vendéis todas la obras del juglar. Se acabó la música en este reino.</i>;<i>王は商人に命じ、+吟遊詩人が残した楽譜を+一枚残らず売り払った。</i>;<i>왕은 상인에게 명령해 음유시인이 남긴 악보를 한 장도 남김없이 팔아치웠다. </i>;<i>（你决定让商人卖掉吟游诗人的作品。+再也不会有人弹奏一个音符了。）</i>;<i>（你決定讓商人賣掉吟遊詩人的作品。+再也不會有人彈奏一個音符了。）</i>;<i>Ihr lasst den Händler die Werke des Minnesängers verkaufen. Kein Ton wird mehr erklingen.</i>;<i>Вы отдаете работы менестреля купцу для продажи. Больше о нем ничего не будет напоминать.</i>;<i>Fate vendere al mercante le opere del menestrello. Non ci sarà più musica nel reame.</i>;<i>Você faz o comerciante vender os trabalhos do trovador. Não haverá outro bilhete.</i>;Please stay...;Lütfen gitme...;Restez...;Quedáos...;行かないでくれ…;떠나지 말아 주게...;请留下...;請留下...;Bitte bleibt ...;Прошу, останься…;Restate…;Por favor, fique...;;;;;;;;;;;;;
345;minstrel;Greetings, Your Majesty. I wish to write a song for you. I may have a good idea...;Selamlar, Majesteleri. Size bir şarkı yazmak istiyorum. Aklımda bir fikir var...;Mes hommages Votre Altesse. Je souhaite écrire une pièce pour vous. J'ai peut-être une bonne idée...;Mis respetos, Vuestra Majestad. Me gustaría escribir una obra para vos. Creo que tengo una buena idea...;陛下のために、+一曲作ってみてもよろしいでしょうか。+ふと、アイデアが降りてきたのです…;폐하를 위해 한 곡 만들어 봐도 좋을까요. 문득 아이디어가 떠올랐습니다.;您好，陛下！+我想为您写首歌。+我觉得我有个不错的点子……;您好，陛下！+我想為您寫首歌。+我覺得我有個不錯的點子……;Seid gegrüßt, Majestät. Ich möchte ein Lied für Euch schreiben. Ich habe schon eine gute Idee ...;Приветствую, Ваше Величество. Я хочу написать вам песню. У меня отличная мысль…;Saluti, Vostra Maestà. Desidero scrivere una canzone per voi. Potrei avere una buona idea…;Saudações, Vossa Majestade. Quero lhe escrever uma canção. Talvez eu tenha uma boa ideia...;What is it?;Neymiş bakalım?;Qu'est-ce ?;¿De qué se trata?;どんな曲だ？;어떤 곡인가?;说来听听？;說來聽聽？;Welche?;Какая?;Quale?;O que é?;;;;;;;;;;;;;Not today;Şimdi olmaz;Pas aujourd'hui;Hoy no;今日はやめてくれ;오늘은 그만두게.;我今天没兴趣;我今天沒興趣;Heute nicht;Не сегодня;Non oggi;Hoje não;;;;;;;;;;;;;
346;minstrel;A hymn, to honor the heavens?;Tanrı şerefine bir ilahi?;Un hymne, pour honorer les cieux ?;¿Un himno, para honorar los cielos?;天にまします神をたたえる賛美歌…？;하늘에 계신 신을 찬양하는 찬송가는 어떤지요...?;来一首歌颂天国的赞美诗怎么样？;來一首歌頌天國的讚美詩怎麼樣？;Eine Hymne zu Ehren des Himmels?;Гимн, славящий небеса?;Un inno, per onorare i cieli?;Um hino, uma homenagem aos céus?;;;;;;;;;;;;;;;;;;;;;;;;;Anything else?;Başka?;Rien d'autre ?;¿Alguna cosa más?;他には？;다른 건 없나?;还有别的吗？;還有別的嗎？;Weitere Vorschläge?;Что-то другое?;Qualcos'altro?;Algo mais?;;;;;;;;;;;;;
347;minstrel;A battle anthem, to rally our warriors?;Savaşçılarımızı yüreklendirecek bir marş?;Un chant épique, pour animer nos armées d'un courage féroce ?;¿Un canto épico, para animar a nuestras tropas y darles coraje?;戦士たちの士気を鼓舞する戦歌…？;전사들의 사기를 고취하는 노래는 어떤지요...?;或是作一曲战歌，+让您的战士重振旗鼓？;或是作一曲戰歌，+讓您的戰士重振旗鼓？;Ein Schlachtgesang zum Sammeln Eurer Krieger?;Военный марш, поднимающий дух наших воинов?;Un inno di battaglia, per incoraggiare i nostri guerrieri?;Um cântico de batalha? Para dar ânimo aos guerreiros?;;;;;;;;;;;;;;;;;;;;;;;;;Anything else?;Başka?;Rien d'autre ?;¿Alguna cosa más?;他には？;다른 건 없나?;还有别的吗？;還有別的嗎？;Weitere Vorschläge?;Что-то другое?;Qualcos'altro?;Algo mais?;;;;;;;;;;;;;
348;minstrel;A folk song, to inspire our people to live another day!;Halkımızı yarınlara hazırlayacak bir türkü!;Une chanson populaire, pour réjouir et inspirer le peuple !;¡Una canción popular, para divertir e inspirar al pueblo!;民に生きる希望をもたらす民謡…？;백성들에게 삶의 희망을 가져다 주는 민요는 어떤지요...?;来一首民歌吧，+让我们的人民相信未来更美好！;來一首民歌吧，+讓我們的人民相信未來更美好！;Ein Volkslied, das die Leute im Alltag beflügelt!;Народная песня, пробуждающая желание жить?;Una canzone popolare, per ispirare la nostra gente nella quotidianità!;Uma música folclórica para inspirar o povo a viver mais um dia!;;;;;;;;;;;;;;;;;;;;;;;;;Anything else?;Başka?;Rien d'autre ?;¿Alguna cosa más?;他には？;다른 건 없나?;还有别的吗？;還有別的嗎？;Weitere Vorschläge?;Что-то другое?;Qualcos'altro?;Algo mais?;;;;;;;;;;;;;
349;minstrel;My inner muse speaks to me. May I write freely, with your blessing?;İçimdeki ilham perisi benimle konuşuyor. İzninizle istediğim gibi yazabilir miyim?;Ma muse intérieure me parle. Puis-je écrire librement, avec votre bénédiction ?;Mi musa interior me habla. ¿Puedo escribir libremente, bajo vuestra protección?;インスピレーションがわいてきました…+陛下、心のおもむくままに+曲を編んでみてもよろしいでしょうか？;영감이 솟아나는군요... 폐하, 마음가는 대로 곡을 써 봐도 좋을까요?;我内心深处回荡着一段旋律。+我可以在您的祝福下自由地创作吗？;我內心深處回蕩著一段旋律。+我可以在您的祝福下自由地創作嗎？;Meine innere Muse spricht zu mir. Darf ich mit Eurem Segen völlig frei schreiben?;Моя внутренняя муза говорит со мной. Могу я писать, что захочу, с вашего благословения?;La mia musa interiore mi parla. Posso scrivere in libertà, con la vostra benedizione?;Minha musa interior está falando comigo. Posso escrever livremente, com a sua bênção?;;;;;;;;;;;;;;;;;;;;;;;;;Anything else?;Başka?;Rien d'autre ?;¿Alguna cosa más?;他には？;다른 건 없나?;还有别的吗？;還有別的嗎？;Weitere Vorschläge?;Что-то другое?;Qualcos'altro?;Algo mais?;;;;;;;;;;;;;
350;minstrel;I... <i>(sweating)</i> No, nothing. The muse ran away with my inspiration.;Ben... <i>(terliyor)</i>Yok, yok bir şey. İlham perim ilhamımı aldı, gitti.;Je... <i>(suant)</i> Non, rien. La muse est partie avec mon inspiration.;Yo... <i>(suant)</i> No, nada. La musa se ha ido con mi inspiración.;…ああ…ダメだ…+音楽の女神は飛び去ってしまったようです…+もうなにも生み出せそうにない…;... 아... 안돼... 음악의 여신께서 날아가 버린 것 같습니다... 더 이상 아무것도 떠오르지 않습니다...;我……+<i>（擦汗）</i>+没，没有。+随着我灵感的迸发，那个声音随即消散了。;我……+<i>（擦汗）</i>+沒，沒有。+隨著我靈感的迸發，那個聲音隨即消散了。;Ich ... <i>(schwitzend)</i> Nein, sonst nichts. Die Muse ist mit meiner Inspiration davongelaufen.;Я… <i>(вспотев)</i> Нет, ничего. Муза покинула меня вместе с вдохновением.;Io… <i>(affannato)</i> No, niente. La musa è fuggita con la mia ispirazione.;Eu... <i>(suando)</i>... Não, nada. A musa fugiu levando a minha inspiração.;Next time maybe;Belki başka zaman;La prochaine fois peut-être;Tal vez la próxima vez;では、またの機会に;그럼 다음 기회에.;或许下次吧;或許下次吧;Vielleicht nächstes Mal;Может, в следующий раз;La prossima volta magari;Talvez na próxima;;;;;;;;;;;;;It's a costly muse;Amma pahalı ilhammış;Cette muse n'est pas donnée;Es una musa un tanto costosa;女神も金を取るのか;음악의 여신도 돈을 밝히는군.;你的灵感可真破费;你的靈感可真破費;Eine kostspielige Muse;Дорого обходится эта муза;È una musa costosa;Que musa trabalhosa;;;;;;;;;;;;;
351;minstrel;Sire, I present to you a work of most pious intention. How dost it strikest thine ears?;Efendim, size pek mütedeyyin amaçlarla yazılmış eserimi sunuyorum. Dilerim memnun kalırsınız.;Sire, voici une œuvre pieuse. Cela sied-il votre chaste oreille ?;Señor, he aquí una obra piadosa. ¿Cómo se asienta el verso en vuestros tímpanos?;神への愛を惜しみなく詰め込んだ曲が+完成しました。+陛下のお心に響くとよいのですが。;신에 대한 사랑을 아낌없이 담은 곡을 완성했습니다.  폐하의 마음에 드시면 좋겠습니다.;陛下，请容许我献上我最虔诚的作品。+听起来怎么样？;陛下，請容許我獻上我最虔誠的作品。+聽起來怎麼樣？;Herr, ich präsentiere Euch ein Werk frömmster Absichten. Wie trifft es Euer Ohr?;Сир, я представляю вам творенье богоугодного порыва. Услада ль слуху вашему она или проклятье?;Sire, Vi presento un'opera dalle pie intenzioni. Come suona alle Vostre orecchie?;Senhor, apresento-lhe um trabalho da mais devota intenção. É de seu agrado?;Polyphonic climax!;Polifoninin zirvesi!;Apogée polyphonique !;¡Éxtasis polifónico!;耳がシアワセ！;귀가 즐겁군!;登峰造极！;登峰造極！;Die Krönung der Polyphonie!;Полифоническая кульминация!;Estasi polifonica!;Foi um clímax polifônico!;;;;;;;;;;;;;It strikes. And hurts!;Memnun mu, kulağım kanadı!;Ça sied moyen;Me revienta los oídos;耐えられん！;참을 수 없다!;听的我耳朵痛！;聽的我耳朵痛！;Es trifft hart. Und tut weh!;Услада — как кипящий сироп!;Colpisce l'orecchio. E fa male!;É de meu agrado... Só que não!;;;;;;;;;;;;;
352;minstrel;Sire, by your design I present, a battle anthem to strike fear in the hearts of our enemies!;Efendim, arzunuz üzerine, size düşmanlarımızın yüreklerine korku salacak bir marş sunuyorum!;Sire, selon votre souhait, voici un chant épique pour frapper d'effroi le cœur de nos ennemis !;¡Señor, según vuestro deseo, os presento un canto épico para sacudir con estupor los corazones de nuestros enemigos!;陛下のご希望どおり、+敵の心に恐怖を植えつける+戦歌を作って参りました！;폐하가 원하시는 대로  적의 마음에 공포를 심어주는 군가를 만들어 왔습니다!;陛下，+根据您的选择，容我向您献上一首战歌，+我们的敌人听到它肯定会吓得瑟瑟发抖！;陛下，+根據您的選擇，容我向您獻上一首戰歌，+我們的敵人聽到它肯定會嚇得瑟瑟發抖！;Herr, auf Euren Wunsch präsentiere ich einen Schlachtgesang, der das Herz des Gegners mit Furcht erfüllt!;Сир, по вашему усмотренью я представляю боевой гимн, что внушит ужас в сердца врагов!;Sire, come da Vostro volere, presento un inno di battagli per incutere timore nei cuori dei nostri nemici!;Senhor, a seu pedido, eu lhe apresento um hino de batalha para lançar medo sobre o coração dos inimigos!;Epic harmonies!;Destansı ahenkler!;Harmonies courageuses !;¡Valientes armonías!;すばらしい出来栄えだ！;훌륭한 솜씨다!;气势雄浑！;氣勢雄渾！;Epische Harmonien!;Эпические гармонии!;Armonie epiche!;Harmonias épicas!;;;;;;;;;;;;;Their hearts or ours?;Düşmanlarımızın mı, bizim mi?;C'est bien agressif;Es bastante agresivo;自軍の士気が下がっては+意味がない…;아군의 사기가 떨어져서야 의미가 없지...;只怕是让我们恐惧吧？;只怕是讓我們恐懼吧？;Sein Herz oder unseres?;В их сердца или в наши?;Nei loro o nei nostri?;O coração deles ou o nosso?;;;;;;;;;;;;;
353;minstrel;A story in song, for the folks! What do you think, My Lord?;Halkımız için şarkı şeklinde bir hikâye! Ne düşünüyorsunuz, Lordum?;Une aventure en chanson, pour le peuple ! Qu'en pensez-vous, Monseigneur ?;¡Una aventura de canción Señor, para el pueblo! ¿En qué estáis pensando, Mi Señor?;物語を歌にしてみました！+民は気に入ってくれるでしょうか？;이야기를 노래로 만들었습니다! 백성들이 마음에 들어해 줄까요?;一首专为老百姓而作的民歌！+陛下，您意下如何？;一首專為老百姓而作的民歌！+陛下，您意下如何？;Eine vertontes Abenteuer für das Volk! Was haltet Ihr davon, Majestät?;Песня, рассказывающая историю, для народа. Что думаете, милорд?;Una storia cantata, per il popolo! Cosa ne pensate, Maestà?;Uma história em canção, para o povo! O que acha, senhor?;A song for generations!;Bu şarkı hiç unutulmayacak!;Une chanson pour l'histoire !;¡Una canción que hará historia!;時代を超えて+愛されるであろう！;시대를 넘어 사랑받겠어!;经久不衰！;經久不衰！;Ein Lied für Generationen!;Песня на века!;Una canzone che entrerà nella storia!;Uma canção para gerações!;;;;;;;;;;;;;This is eerily familiar...;Tuhaf bir şekilde tanıdık...;Je connais ça...;Esto me suena...;どこかで聴いたことのある+曲だな…;어디선가 들은 적 있는 곡이군...;这真是令人恐惧的耳熟……;這真是令人恐懼的耳熟……;Es wirkt seltsam vertraut ...;До боли знакомо…;Questa mi è familiare…;Isso é um tanto familiar...;;;;;;;;;;;;;
354;minstrel;My Lord! It it is with great enthusiasm and trepidation I present to you... my Magnum Opus!;Lordum! Büyük bir heves ve kaygı ile, karşınızda... Şaheserim!;Monseigneur ! C'est avec grand enthousiasme et forte trépidation que je vous dévoile aujourd'hui... mon Grand Œuvre !;¡Mi Señor! Es con gran sobrecogimiento y entusiasmo que os revelo hoy... ¡mi gran obra maestra!;わが最高傑作を国王陛下に+お聴きいただけるとは、この上なき幸せ！+さあ、心ゆくまでご堪能ください！;제 최고의 걸작을 국왕폐하께서 들어 주시다니  이보다 더한 기쁨이 없군요! 자, 마음껏 즐기세요!;陛下！+容我诚惶诚恐地向您呈献……+我的最新力作！;陛下！+容我誠惶誠恐地向您呈獻……+我的最新力作！;Majestät! Voller Begeisterung und Bangen präsentiere ich Euch ... mein Meisterwerk!;Милорд! С энтузиазмом и трепетом представляю вам… свое величайшее творение!;Mio Signore! È con grande entusiasmo e trepidazione che Vi presento… il mio capolavoro!;Senhor! É com grande alegria e agitação que lhe apresento... meu Magnum Opus!;I have no words;Söyleyecek sözüm yok;Les mots me manquent;No tengo palabras;実に満足だ…;실로 만족스럽군...;我无话可说;我無話可說;Mir fehlen die Worte;У меня нет слов;Non ho parole;Estou sem palavras.;<i>Money is a poor substitute, but you feel the minstrel has earned his fair share.</i>;<i>Ne kadar ödeseniz borcu bitmez ama ozanın hakkını hak ettiğini düşünüyorsunuz.</i>;<i>L'argent est peu de chose face à tant de beauté mais vous décidez de récompenser le ménestrel.</i>;<i>El dinero no es nada frente a la belleza pero decidís compensar al juglar.</i>;<i>優れた芸術に値はつけられないが、+王は吟遊詩人に+しかるべき報酬を支払った。</i>;<i>뛰어난 예술에 값은 붙일 수 없지만 왕은 음유시인에게 합당한 보상을 지불했다. </i>;<i>（钱财并非绝佳的替代品，+但你认为吟游诗人已经+获得他应有的赏赐。）</i>;<i>（錢財並非絕佳的替代品，+但你認為吟遊詩人已經+獲得他應有的賞賜。）</i>;<i>Geld ist nichts im Vergleich zu Schönheit, aber Ihr findet, dass der Minnesänger seinen Lohn verdient hat.</i>;<i>Деньгами такое не измерить, но вы чувствуете, что менестрель честно заслужил свою долю.</i>;<i>Il denaro è ben poca cosa in confronto, ma il menestrello si è meritato una ricompensa.</i>;<i>Dinheiro é um péssimo substituto, mas você sente que o trovador mereceu sua parte.</i>;Musical Treason!;Müziğe ihanet!;Traîtrise musicale !;¡Traición musical!;音楽の名を借りた+反逆行為だ！;음악의 이름을 빌린 반역행위다!;简直是音乐中的叛国！;簡直是音樂中的叛國！;Musikalischer Hochverrat!;Преступление против музыки!;Tradimento musicale!;Traição musical!;<i>The minstrel has many fans, and managed to escape on the way to the executioner.</i>;<i>Ozanın bolca hayranı var, böylece cellattan kaçmayı başarıyor.</i>;<i>Le ménestrel trouve le moyen d'échapper au bourreau grâce à ses nombreux fans.</i>;<i>El juglar encuentra una manera de escapar del verdugo gracias a su club de fans.</i>;<i>吟遊詩人は、+処刑人のもとへ移送された。+しかし多くの取り巻きがいたおかげで、+途中でうまく難を逃がれた。</i>;<i>음유시인은 사형집행인에게 이송되었다. 하지만 음유시인의 팬들이 많아 도중에 운 좋게 빠져나왔다. </i>;<i>（吟游诗人受到众人拥护，+并且在前往行刑人的途中+设法逃脱了。）</i>;<i>（吟遊詩人受到眾人擁護，+並且在前往行刑人的途中+設法逃脫了。）</i>;<i>Der Minnesänger begeistert viele, und so kann er dem Henker entkommen.</i>;<i>У менестреля множество поклонников, они помогли ему избежать палача.</i>;<i>Il menestrello ha molti fan e riesce a scappare prima di giungere dal boia.</i>;<i>O trovador tem muitos fãs e conseguiu fugir a caminho do carrasco.</i>;
355;minstrel;I am deeply sorry to have disturbed your musical expectations, My Lord. Me and my muse won't bother you again.;Musiki beklentilerinizi boşa çıkardığım için pek üzgünüm, Lordum. Bendeniz ve ilham perim artık sizi rahatsız etmeyeceğiz.;Je suis confus de n'avoir pu répondre à vos attentes musicales, Sire. Ma muse ne vous dérangera plus.;Estoy muy entristecido de no haber podido responder a vuestras expectativas musicales, Señor. Mi musa no os molestará más.;陛下のご期待を裏切り、+まことに申し訳ございません。+もう二度と、陛下のお耳を+汚すことはいたしません。;폐하의 기대를 배신해 죄송합니다.  다시는 폐하의 귀를 더럽히지 않겠습니다.;对于未能达到您对音乐的期望这件事，+我深感抱歉，陛下。+我再也不会带着我的音乐打扰您了。;對於未能達到您對音樂的期望這件事，+我深感抱歉，陛下。+我再也不會帶著我的音樂打擾您了。;Tut mir sehr leid, dass ich Eure Erwartungen enttäusche, Majestät. Ich werde Euch nicht mehr belästigen.;Я глубоко сожалею, что не оправдал ваших музыкальных ожиданий, милорд. Мы с музой более вас не побеспокоим.;Sono profondamente spiacente di aver disatteso le vostre aspettative musicali, Maestà. Io e la mia musa non vi disturberemo oltre.;Sinto muitíssimo por ter estragado suas expectativas musicais, senhor. Eu e minha musa não incomodaremos mais.;Good riddance;Nihayet;Bon débarras;Un problema menos;厄介払いができたな;귀찮은 놈들을 내쫓았군.;总算摆脱他了;總算擺脫他了;Auf Nimmerwiedersehen;Скатертью дорога;Che liberazione;Já vai tarde;<i>The minstrel's mediocre songs are put to the test against your enemies...</i>;<i>Ozanın vasat şarkıları düşmanlarınıza karşı kullanılıyor...</i>;<i>Les piètres chansons du ménestrels sont mis à contribution contre vos ennemis...</i>;<i>Las mediocres canciones del juglar son puestas al servicio de vuestros enemigos...</i>;<i>吟遊詩人が生み出した+凡庸な歌の数々は、+その後、敵を拷問する際に使用された…</i>;<i>음유시인이 만들어 낸 노래들은 그 후 적을 고문할 때 사용되었다...</i>;<i>（吟游诗人平庸的歌曲作品+被拿去考验敌人的品味。）</i>;<i>（吟遊詩人平庸的歌曲作品+被拿去考驗敵人的品味。）</i>;<i>Die mittelmäßigen Lieder des Minnesängers werden gegen Eure Feinde erprobt ...</i>;<i>Посредственные песни менестреля проверяются на врагах…</i>;<i>Le canzoni mediocri del menestrello vengono messe alla prova contro i Vostri nemici...</i>;<i>As músicas medíocres do trovador são colocadas à prova contra seus inimigos...</i>;Please stay...;Lütfen gitme...;Restez...;Quedáos...;行かないでくれ…;떠나지 말아 주게...;请留下...;請留下...;Bitte bleibt ...;Прошу, останься…;Restate…;Por favor, fique...;;;;;;;;;;;;;
356;diplomat;Would you like to divorce your wife? We may have to change the religion to do this.;Eşinizi boşamak ister misiniz? Bunun için din değiştirmemiz gerekebilir.;Voulez-vous divorcer de la Reine ? Il nous faudra peut-être changer la religion pour cela.;¿Deseáis divorciaros de la Reina? Para ello vamos a tener que cambiar la religión.;奥方様と離婚なさいますか？+それには、国教を変更する+必要がございますが…;왕비님과 이혼하시겠다고요? 그러려면 국교를 변경해야 합니다.;您想与妻子离婚吗？+我们可能要为此修改教义。;您想與妻子離婚嗎？+我們可能要為此修改教義。;Möchtet Ihr Euch von Eurer Frau scheiden lassen? Dafür müssten wir vielleicht die Religion reformieren.;Вы хотите развестись с женой? Возможно, для этого нам придется поменять вероисповедание.;Volete divorziare da Vostra moglie? Per farlo dovremo cambiare la religione.;Gostaria de se divorciar de sua esposa? Teríamos que alterar a religião para fazer isso.;;;;;;;;;;;;;;;;;;;;;;;;;;;;;;;;;;;;;;;;;;;;;;;;;
357;diplomat;Would you like to marry the young princess of a neighbouring kingdom?;Bir komşu krallığın genç prensesiyle evlenmek ister misiniz?;Voulez-vous épouser la jeune princesse d'un royaume voisin ?;¿Queréis casaros con la joven princesa del reino vecino?;陛下、隣国の若い王女とご結婚なさいますか？;폐하, 이웃 나라의 젊은 공주와 결혼하시겠습니까?;您是否愿意迎娶邻国的年轻公主？;您是否願意迎娶鄰國的年輕公主？;Möchtet Ihr die junge Prinzessin eines benachbarten Königreichs heiraten?;Вы хотите жениться на принцессе соседнего королевства?;Volete sposare la giovane principessa di un Regno vicino?;Gostaria de se casar com uma jovem princesa de um reino vizinho?;;;;;;;;;;;;;;;;;;;;;;;;;;;;;;;;;;;;;;;;;;;;;;;;;
358;diplomat;The kingdom of the South claims that you're betrothed to their young princess. Declining may trigger a war.;Güney krallığı, genç prensesleriyle sözlü olduğunuzu iddia ediyor. Bunu reddederseniz savaş çıkabilir.;Le royaume du Sud prétend que vous êtes promis à leur jeune princesse. Nous risquons la guerre en cas de refus.;El reino del Sur asegura que os habéis prometido a su princesa. Nos jugamos una guerra si la rechazáis.;南の王国には若い王女がおり、彼らは+陛下とこの王女の婚約を主張しております。+却下すれば戦になりかねません。;남쪽 왕국에는 젊은 공주가 있는데, 폐하와 공주의 약혼을 원하고 있습니다. 거부하면 전쟁이 일어날 수도 있습니다.;南部王国声称您已经被许配给了他们年轻的公主。+拒绝这桩婚事可能会引发战争。;南部王國聲稱您已經被許配給了他們年輕的公主。+拒絕這樁婚事可能會引發戰爭。;Das Königreich im Süden behauptet, Ihr wärt mit ihrer Prinzessin verlobt. Lehnt Ihr ab, könnte es Krieg geben.;Королевство Юга заявляет, что вы должны жениться на их принцессе. Отказ может означать войну.;Il Regno del Sud sostiene che Voi siate promesso alla loro giovane principessa. Un rifiuto potrebbe scatenare una guerra.;O Reino do Sul alega que você está prometido para a jovem princesa. Recusar-se pode resultar em guerra.;;;;;;;;;;;;;;;;;;;;;;;;;;;;;;;;;;;;;;;;;;;;;;;;;
359;diplomat;We heard about a young princess being held against her will in Dark Rock castle.;Genç bir prensesin Kara Kaya kalesinde zorla tutulduğunu duyduk.;Nous avons entendu parler d'une jeune princesse retenue contre son gré au château de la Pierre Noire.;Hemos oído hablar de una princesa retenida contra su voluntad en el castillo de Torre Negra.;闇岩城に、若き王女が+幽閉されているとのことです。;어둠바위성에 젊은 ​​공주가 유폐되어 있다고 합니다.;我们听说一位年轻的公主+被囚禁在了黑石城堡里。;我們聽說一位年輕的公主+被囚禁在了黑石城堡裏。;Wir haben von einer jungen Prinzessin gehört, die gegen ihren Willen in Burg Dunkelfels festgehalten wird.;Мы слышали о молодой принцессе, которую против ее воли держат в замке Даркрок.;Abbiamo sentito parlare di una giovane principessa rinchiusa contro la sua volontà al castello della Pietra Nera.;Ouvimos falar de uma jovem princesa aprisionada no castelo Pedra Negra.;My horse!;Atımı getirin!;Mon cheval !;¡Mi caballo!;馬を用意せよ！;말을 준비하라!;备马！;備馬！;Mein Pferd!;Коня мне!;Il mio cavallo!;Meu cavalo!;<i>You ride to Dark Rock in full armour, proud, glorious and glittering.</i>;<i>Tüm zırh takımınızı kuşanıp gururla, görkemli ve pırıl pırıl parıldayarak Kara Kaya'ya at sürüyorsunuz.</i>;<i>Vous chevauchez vers Pierre Noire en armure, fier, glorieux et chatoyant.</i>;<i>Cabalgáis hacia Piedra Negra, con vuestra real armadura, orgulloso y reluciente.</i>;<i>輝く鎧に身を包み、+王は勇ましく闇岩城へと乗り込んだ。</i>;<i>빛나는 갑옷을 입고 왕은 용감하게 어둠바위성으로 향했다.</i>;<i>（你全副武装地骑到了黑石城堡，+光彩照人，一身盔甲闪闪发亮。）</i>;<i>（你全副武裝地騎到了黑石城堡，+光彩照人，一身盔甲閃閃發亮。）</i>;<i>Ihr reitet in voller Rüstung nach Dunkelfels, stolz und glitzernd.</i>;<i>Вы скачете в Даркрок в сияющем полном доспехе, воплощая славу и гордость.</i>;<i>Cavalcate verso Pietra Nera nella Vostra bella armatura, fiero, glorioso e scintillante.</i>;<i>Você cavalga até Pedra Negra em sua armadura, orgulhoso, glorioso e resplandecente.</i>;It's obviously a trap;Tuzak olduğu apaçık;C'est sûrement un piège;Seguro que se trata de una trampa;どう考えても罠だ…;아무리 생각해도 함정이다...;这显然是个陷阱;這顯然是個陷阱;Eine offensichtliche Falle;Очевидно, это ловушка;Si tratta chiaramente di una trappola;É óbvio que é uma armadilha;;;;;;;;;;;;;
360;dragon;<i>Breathing fire...</i> Are you the King? Are you here for the damsel?;<i>Ateş soluyor...</i> Kral sen misin? Prenses için mi geldin?;<i>Crachant du feu...</i> Êtes-vous le Roi ? Êtes-vous venu pour la princesse ?;<i>Aliento de fuego...</i> ¿Sois vos el Rey? ¿Estáis aquí por la princesa?;ガオオオォォォ！貴様が王か？+囚われの姫君を助けにきたのか？;그오오오오오오! 네놈이 왕인가?  갇혀 있는 공주님을 구하러 왔나?;<i>（喷火中……）</i>+你就是那个国王呀？+你是来拯救这位年轻女子的吗？;<i>（噴火中……）</i>+你就是那個國王呀？+你是來拯救這位年輕女子的嗎？;<i>Er speit Feuer ...</i> Seid Ihr der König? Seid Ihr wegen der Maid hier?;<i>Огнедышащий…</i> Ты король? Ты пришел за Дамселью?;<i>Sputando fuoco...</i>Siete il Re? Siete qui per la damigella?;<i>Cuspindo fogo...</i> Você é o rei? Está aqui pela donzela?;;;;;;;;;;;;;;;;;;;;;;;;;;;;;;;;;;;;;;;;;;;;;;;;;
361;dragon;Oh good... There, take her.;Ah, güzel... Al, senin olsun.;Parfait... La voilà.;Muy bien... ahí la tenéis.;そうか。なら、さっさと連れていくがいい。;그렇군. 그렇다면 어서 공주님을 데려가게.;很好……+她在那儿呢，带她走吧。;很好……+她在那兒呢，帶她走吧。;Oh, gut ... Hier, nehmt sie.;А, отлично… Вот, забирай;Oh bene… Prendetela, prendetela.;Ah, ótimo... Pronto, fique com ela.;I will kill you first;Önce seni öldüreceğim;Tu vas mourir, démon !;¡Vas a morir!;貴様を成敗する！死ね！;네놈을 먼저 처리하지! 죽어라!;我将会先取你首级;我將會先取你首級;Erst werde ich Euch töten;Сначала я сражу тебя;Prima ti ucciderò;Primeiro matarei você;;;;;;;;;;;;;But...;Ama...;Mais...;Pero...;いや、待て…;아니, 잠깐...;但是...;但是...;Aber ...;Но…;Ma…;Mas...;;;;;;;;;;;;;
362;dragon;Nobody is killing anyone. You're here for the girl, here she is. End of story.;Öldürmek möldürmek yok. Kız için geldin, buyur al. İşte bu kadar.;Personne ne tue personne. Tu es là pour la fille, la voilà. Fin de l'histoire.;Aquí nadie mata a nadie. Estás aquí por la chica, pues ahí la tienes. Fin de la historia.;殺し合いなどしなくていい。+女を助けにきたんだろう？+なら、さっさと連れていけ。+それで話は終わりだ。;서로 죽일 필요는 없지. 공주님을 구하러 왔잖나?  그럼 어서 데려가. 자. 잘 가.;谁都不用杀死谁。+你就是为了这个姑娘来的吧，把她带走就是。+就是这样，+故事完结。;誰都不用殺死誰。+你就是為了這個姑娘來的吧，把她帶走就是。+就是這樣，+故事完結。;Hier wird niemand getötet. Ihr seid wegen der Prinzessin gekommen, da ist sie. Ende, aus.;Никто никого сражать не будет. Тебе нужна девушка — вот она. Конец сказки.;Nessuno uccide nessuno. Voi siete qui per la ragazza, eccola qua. Fine della storia.;Ninguém vai matar ninguém. Você está aqui pela garota, aqui está. Fim de papo.;Ok...;Tamam...;Bien...;Bueno...;よかろう…;좋아...;好吧...;好吧...;Na schön...;Ну ладно…;D'accordo…;Tudo bem...;;;;;;;;;;;;;No!;Olmaz!;Non !;¡No!;ならぬ！;안 되네!;不！;不！;Nein!;Нет!;No!;Não!;;;;;;;;;;;;;
363;dragon;Why not? She's a pretty girl you know. ;Neden? Güzel bir kız, sonuçta.;Pourquoi pas ? C'est un joli brin de demoiselle tu sais.;¿Por qué no? Es una chica muy mona, ¿sabes?;なぜだ？美女が欲しくないのか？;왜? 아름다운 공주님인데?;为什么不这样呢？+你知道，这姑娘是位大美人。;為什麼不這樣呢？+你知道，這姑娘是位大美人。;Warum nicht? Sie ist ein hübsches Fräulein, wisst Ihr.;Что нет-то? Она симпатичная, вообще-то.;Perché no? È carina, sapete?;Por que não? Ela é muito bonita, sabia?;But...;Ama...;Mais...;Pero...;し…しかし…;하... 하지만...;但是...;但是...;Aber ...;Но…;Ma…;Mas...;;;;;;;;;;;;;But...;Ama...;Mais...;Pero...;し…しかし…;하... 하지만...;但是...;但是...;Aber ...;Но…;Ma…;Mas...;;;;;;;;;;;;;
364;courtesan;My hero! ;Kahramanım!;Mon héros !;¡Mi héroe!;勇敢な王様！ステキ！;용감하신 폐하! 정말 멋져요!;我的英雄！;我的英雄！;Mein Held!;Мой герой!;Mio eroe!;Meu herói!;;;;;;;;;;;;;;;;;;;;;;;;;;;;;;;;;;;;;;;;;;;;;;;;;
365;diplomat;Are you back Sire? Did you enjoy our little entertainment? The dragon was not cheap!;Döndünüz mü, Efendim? Küçük maceramızdan hoşlandınız mı? Ejderha ucuz olmadı!;Vous êtes de retour Sire ? Avez-vous apprécié notre petite aventure ? Le dragon n'était pas donné !;¿Estáis ya de vuelta Alteza? ¿Os ha gustado nuestra pequeña aventura? ¡El dragón no era tan fácil!;お戻りですか、陛下？+われわれが用意した余興は、+お楽しみいただけましたでしょうか。+あのドラゴンは高くつきました。;돌아오셨습니까, 폐하? 저희가 준비한 여흥은 즐거우셨는지요.  그 드래곤은 좀 비쌌죠.;您回来了，陛下？+您觉得我们提供的这点小乐子好不好玩？+雇头龙可不便宜！;您回來了，陛下？+您覺得我們提供的這點小樂子好不好玩？+雇頭龍可不便宜！;Seid Ihr zurück, Herr? Hat Euch unser kleines Abenteuer gefallen? Der Drache war nicht billig!;Вы вернулись, сир? Вам понравилась наша задумка? Дракон нам в копеечку влетел!;Siete tornato, Sire? Avete apprezzato il nostro piccolo intrattenimento? Quel drago non era economico!;Já voltou, senhor? Gostou de nosso pequeno espetáculo? O dragão não foi barato!;;;;;;;;;;;;;;;;;;;;;;;;;Who paid?;Parasını kim verdi?;Qui paye?;¿Quién paga?;誰が支払うのだ？;누가 지불하지?;谁付的钱？;誰付的錢？;Wer bezahlt das?;А кто платил?;Chi ha pagato?;Quem está pagando?;;;;;;;;;;;;;
366;diplomat;<queen> is loved by the people and the army. Give her more power!;<queen> hem halk hem de ordu tarafından seviliyor. Ona daha fazla güç verin!;<queen> est aimée du peuple et de l'armée. Donnez-lui plus de pouvoir !;<queen> es adorada por el pueblo y por el ejército. ¡Dadle más poder!;<queen>は、民と兵士たちに+人気がございます。+王妃様にさらなる権限を+お認めになるべきかと！;<queen>님께서는 백성과 병사들에게 많은 사랑을 받고 계십니다. 왕비님께 새로운 권한을 부여해 주십시오!;<queen>深受人民和军队爱戴。+给予她更多权力吧！;<queen>深受人民和軍隊愛戴。+給予她更多權力吧！;<queen> wird vom Volk und der Armee geliebt. Gebt ihr mehr Macht!;<queen> обожаема людьми и армией. Дайте ей больше власти!;<queen> è amata dal popolo e dall'esercito. Datele più potere!;<queen> é amada pelo povo e pelo exército. Dê mais poder a ela!;;;;;;;;;;;;;;;;;;;;;;;;;;;;;;;;;;;;;;;;;;;;;;;;;
367;queen;My Lord, we should appear at the castle's window, the people are eager to see us together.;Lordum, kalenin penceresinde görülelim, halk bizi birlikte görmeye can atıyor.;Mon Roi, nous devrions apparaître à la fenêtre du château, le peuple veut nous voir ensemble.;Mi Rey, deberíamos hacer una aparición pública juntos en el balcón del castillo, el pueblo lo está deseando.;陛下、ふたりでお城の窓から手を振りましょう。+民は、私たちの仲むつまじい姿を+見たがっています。;폐하, 성의 창 밖으로 손을 흔들어 보아요. 백성들은 사이좋은 우리 모습을 보고 싶어한답니다.;陛下，我们最好一起去城堡的窗户前，+民众正迫不及待地想要看我们一起出现呢。;陛下，我們最好一起去城堡的窗戶前，+民眾正迫不及待地想要看我們一起出現呢。;Majestät, wir sollten uns am Burgfenster zeigen, das Volk möchte uns zusammen sehen.;Милорд, нам надо появиться перед окном, люди жаждут видеть нас вместе.;Mio Signore, dovremmo mostrarci alla finestra del castello, il popolo vuole vederci insieme.;Senhor, deveríamos aparecer na janela do castelo, o povo está ávido para nos ver juntos.;;;;;;;;;;;;;;;;;;;;;;;;;;;;;;;;;;;;;;;;;;;;;;;;;
368;queen;Our son has been kidnapped! I implore you, do something...;Oğlumuz kaçırıldı! Yalvarırım, bir şey yap...;Notre fils a été enlevé ! Je vous en conjure, faites quelque chose...;¡Nuestro hijo ha sido secuestrado! Os lo ruego, haced algo...;息子がさらわれました！+なんとかしてくださいませ、陛下！;우리 아들이 납치되었어요! 부탁이에요! 아들을 찾아 주세요...;我们的儿子被绑架了！+我恳求您，做点什么吧……;我們的兒子被綁架了！+我懇求您，做點什麼吧……;Unser Sohn wurde entführt! Ich flehe Euch an, unternehmt etwas ...;Наш сын похищен! Молю тебя, сделай что-нибудь…;Nostro figlio è stato rapito! Vi imploro, dovete fare qualcosa…;Nosso filho foi sequestrado! Eu imploro, faça alguma coisa...;;;;;;;;;;;;;;;;;;;;;;;;;;;;;;;;;;;;;;;;;;;;;;;;;
369;diplomat;Hum... <i>(whispering)</i> A young woman claims that her son is in fact your bastard. Should we make this problem disappear?;Hmm... <i>(fısıldayarak)</i>Genç bir kadın, oğlunun sizin piçiniz olduğunu iddia ediyor. Bu sorunu ortadan kaldıralım mı?;Hum... <i>(chuchotant)</i> Une jeune femme prétend que son fils est votre bâtard. Devons-nous faire disparaître ce problème?;Mmm... <i>(susurrando)</i> Una joven asegura que su bastardo es hijo vuestro. ¿Queréis que nos deshagamos del problema?;陛下、お耳を拝借…ある若い女が、+自分の息子は陛下の落とし子だと+申しております…お望みでしたら、+こちらで“対処”いたしますが…？;폐하. 잠시 귀를 빌려 주시지요... 젊은 여자가 자신의 아들이 폐하의 사생아라 주장하는데… 원하신다면 제가 "처리"해 드릴까요?;嗯……+<i>（耳语）</i>+一个年轻女人声称她的儿子其实是你的私生子。+我们要让这个问题永远消失吗？;嗯……+<i>（耳語）</i>+一個年輕女人聲稱她的兒子其實是你的私生子。+我們要讓這個問題永遠消失嗎？;Hm ... <i>(flüstert)</i> Eine junge Frau behauptet, ihr Sohn sei von Euch. Sollen wir das Problem beseitigen?;Хм… <i>(шепотом)</i> Молодая женщина заявляет, что ее сын — ваш бастард. Нам решить эту проблему?;Mmm… <i>(sussurrando)</i> Una giovane donna sostiene che suo figlio sia un Vostro bastardo. Dobbiamo far sparire il problema?;Ahm...<i>(sussurrando)</i> Uma jovem alega que o filho é um bastardo seu. Quer fazer o problema desaparecer?;;;;;;;;;;;;;<i>You never hear from the woman again.</i>;<i>Kadından bir daha haber almıyorsunuz.</i>;<i>Vous n'entendez plus jamais parler de cette femme.</i>;<i>Nunca más volvéis a oír hablar de esta mujer.</i>;<i>以後、その女が+王を訪問することはなかった。</i>;<i>이후 그 여자가 왕을 찾아오는 일은 없었다.</i>;<i>（你再也没听过+那女人的消息…….）</i>;<i>（你再也沒聽過+那女人的消息…….）</i>;<i>Ihr hört nie wieder von dieser Frau.</i>;<i>Вы больше не услышите о ней.</i>;<i>Non avrete mai più notizie di questa donna.</i>;<i>Você nunca mais ouve notícias da mulher.</i>;;;;;;;;;;;;;<i>It quickly becomes apparent that the son is here to stay.</i>;<i>Oğlanın kalıcı olduğu çok geçmeden belli oluyor.</i>;<i>Il devint vite évident que le fils n'était pas près de disparaître.</i>;<i>Pronto se hace evidente que el hijo está aquí para quedarse.</i>;<i>女の息子は、+そのまま城に居座った。</i>;<i>여자의 아들은 성에 머무르게 되었다. </i>;<i>（很快事情就变得非常明显了：+你的儿子会留在这里。）</i>;<i>（很快事情就變得非常明顯了：+你的兒子會留在這裏。）</i>;<i>Schnell wird klar, dass der Sohn Euch erhalten bleiben wird.</i>;<i>Похоже, сын остается здесь.</i>;<i>Diventa presto evidente che il figlio intende restare.</i>;<i>Logo fica claro que o filho está aqui para ficar.</i>;
370;queen;My King! I am with child! I will give you a son, as is my duty!;Kralım! Gebeyim! Sana bir oğul vereceğim, bana düşen vazife budur!;Mon Roi ! Je suis enceinte ! Je vais vous donner un fils, comme il est de mon devoir !;¡Mi Rey! ¡Estoy embarazada! Os voy a dar un hijo, como corresponde a mi deber.;陛下！赤ちゃんを授かりました！+必ず男の子を産んで、+王妃としての務めを果たしますわ！;폐하! 아이가 생겼습니다! 반드시 아들을 낳아 왕비로서의 임무를 수행하겠어요!;我的国王！+我怀孕了！+我会给您生一个儿子的，+这是我的责任！;我的國王！+我懷孕了！+我會給您生一個兒子的，+這是我的責任！;Mein König! Ich bin schwanger! Ich werde Euch einen Sohn schenken, so wie es meine Pflicht ist!;Мой король! Я беременна! Я рожу тебе сына, это мой долг!;Mio Re! Sono incinta! Vi darò un figlio, come è mio dovere!;Meu rei! Estou grávida! Eu lhe darei um filho, como é meu dever!;An heir! Finally!;Varisim! Nihayet!;Un héritier ! Enfin !;¡Un heredero! ¡Por fin!;ついに世継ぎができるぞ！;드디어 자식이 생기다니!;终于等来了一位继承人！;終於等來了一位繼承人！;Ein Erbe! Endlich!;Наследник! Наконец-то!;Un erede! Finalmente!;Finalmente, um herdeiro!;;;;;;;;;;;;;I'm not that bothered;O kadar ilgilenmiyorum;ah très bien;Ah muy bien;どうでもよい…;아무래도 좋아...;我并不十分在乎;我並不十分在乎;Juckt mich nicht;Да мне все равно;Non mi importa molto;Não estou preocupado;;;;;;;;;;;;;
371;doctor;I'm happy to announce that you have a beautiful daughter My Lord!;Güzel bir kızınız oldu, Lordum!;Je suis heureux de vous annoncer la naissance de votre fille, Monseigneur !;Estoy contento de poder anunciaros el nacimiento de vuestra hija, Mi Señor.;おめでとうございます、陛下！+かわいらしい女の子です！;축하합니다, 폐하! 예쁜 공주님입니다!;陛下，我很高兴能告诉您，+您现在有一个漂亮的女儿了！;陛下，我很高興能告訴您，+您現在有一個漂亮的女兒了！;Es freut mich, Euch zu sagen, dass Ihr eine hübsche Tochter habt, Majestät!;Я рад объявить, что у вас прекрасная дочь, милорд!;Sono felice di annunciarvi che avete una bellissima figlia, Sire!;Fico feliz em anunciar que você tem uma linda filha, senhor!;Come here child...;Gel, evladım...;Viens mon enfant...;Ven aquí hijo...;わが娘よ…;딸아...;过来，孩子……;過來，孩子……;Komm her, mein Kind ...;Иди сюда, дитя…;Vieni qui, bambina...;Venha, criança...;;;;;;;;;;;;;I wanted a boy;Oğlan istiyordum ben;Je voulais un héritier;¡Yo quería un heredero!;男子ではないのか…;남자아이는 아닌가...;我原本想要个男孩;我原本想要個男孩;Ich wollte einen Jungen;Я хотел мальчика;Volevo un maschio;Eu queria um menino;;;;;;;;;;;;;
372;doctor;Your Queen is about to give birth but it's not going well. We can't save both her and the child...;Kraliçeniz doğum yapmak üzere ama durum iyi gitmiyor. Hem Kraliçeyi, hem de çocuğu kurtaramayız...;Sa Majesté la Reine s'apprête à donner naissance mais les choses se passent mal.;Su Majestad la Reina se dispone a dar a luz pero las cosas no están saliendo bien.;王妃様はまもなくご出産されますが、+きわめて厳しい状況です。王妃様かお子様、+どちらかしかお救いできません…;왕비께서는 곧 출산하시겠지만 매우 어려운 상황입니다. 왕비님이나 아이 중 하나만 살릴 수 있습니다...;皇后即将分娩，但过程有点不顺利。+我们不能同时救回她和孩子……;皇后即將分娩，但過程有點不順利。+我們不能同時救回她和孩子……;Die Königin steht vor der Niederkunft, aber etwas läuft schief. Wir können nicht sie und das Kind retten ...;Ваша Королева рожает, но роды слишком тяжелые, мы не можем спасти обоих…;La Regina sta per partorire, ma ci sono delle complicazioni. Non possiamo salvare sia lei che il bambino…;Sua Rainha está prestes a dar à luz, mas não está bem. Temos que escolher entre ela e a criança...;Save the child;Çocuğu kurtarın;Sauvez l'enfant;Salvad al niño;子を救え;아이를 구해주게.;保住孩子;保住孩子;Rettet das Kind;Спасайте ребенка;Salvate il neonato;Salve a criança;;;;;;;;;;;;;Save the Queen;Kraliçeyi kurtarın;Sauvez la Reine;Salvad a la Reina;王妃を救え;왕비를 구해주게.;保住皇后;保住皇后;Rettet die Königin;Спасайте королеву;Salvate la Regina;Salve a Rainha;;;;;;;;;;;;;
373;anyone;<queen> has given birth to a beautiful and healthy son. Who shall be the godfather?;<queen> güzel ve sağlıklı bir oğlan doğurdu. Vaftiz babası kim olsun?;<queen> a donné naissance à un garçon plein de vigueur Sire. Qui sera son parrain ?;<queen> ha dado a luz un niño lleno de energía, Señor. ¿Quién será el padrino?;おめでとうございます！+元気でかわいらしい男の子ですよ。+誰を名付け親にご指名されますか？;축하합니다! 건강하고 귀여운 남자아이입니다. 누구를 대부로 지명하시겠습니까?;<queen>生下一个漂亮又健康的儿子。+让谁来做他的教父呢？;<queen>生下一個漂亮又健康的兒子。+讓誰來做他的教父呢？;<queen> hat einen gesunden Jungen zur Welt gebracht, Majestät. Wer soll sein Pate werden?;<queen> родила прекрасного и здорового сына, милорд. Кто будет его крестным?;<queen> ha dato alla luce un bel bambino in salute. Chi sarà il padrino?;<queen> deu a luz a um menino forte e saudável, senhor. Quem será o padrinho?;The priest;Rahip;Le prêtre;El cura;司祭;사제;神父;神父;Der Priester;Священник;Il sacerdote;O padre;;;;;;;;;;;;;The general;General;Le général;El general;将軍;장군;将军;將軍;Der General;Генерал;Il generale;O general;;;;;;;;;;;;;
374;anyone;My Lord, your son is a young prince full of promise!;Lordum, oğlunuz nice şey vaat eden genç bir prens!;Monseigneur, votre fils est un jeune prince plein de promesses !;Mi Señor, ¡vuestro hijo es un joven príncipe prometedor!;陛下、ご子息は立派な+王太子に成長されました！;폐하, 아드님은 훌륭한 왕자로 성장하셨습니다!;陛下，+您的儿子是位前途无量的年轻王子啊！;陛下，+您的兒子是位前途無量的年輕王子啊！;Majestät, Euer Sohn ist ein vielversprechender junger Prinz!;Милорд, юный принц подает большие надежды!;Mio Signore, Vostro figlio è un giovane principe promettente!;Senhor, seu filho é um jovem príncipe com potencial!;Let him come in!;Gelsin bakalım!;Faites-le entrer !;¡Hacedle entrar!;通せ;들여보내게.;让他进来！;讓他進來！;Schickt ihn herein!;Пусть войдет!;Fatelo entrare!;Deixe-o entrar!;;;;;;;;;;;;;;;;;;;;;;;;;;;;;;;;;;;;;
375;prince;I'm the next King! I will kill all the infidels.;Gelecek Kral benim! Tüm kafirleri öldüreceğim.;Je suis le prochain Roi ! Je vais tuer tous les infidèles. ;Soy el rey heredero. ¡Voy a matar a todos los infieles!;僕は次期国王だ！+異教徒はひとり残らず殺す！;나는 다음 국왕이다! 이교도를 하나도 남김없이 처단하라!;我是下一任国王！+我要杀死所有异教徒。;我是下一任國王！+我要殺死所有異教徒。;Ich bin der nächste König! Ich werde alle Ungläubigen töten.;Я буду королем! Я убью всех неверных.;Io sono il futuro Re! Ucciderò tutti gli infedeli.;Serei o próximo rei e matarei os infiéis!;;;;;;;;;;;;;;;;;;;;;;;;;Not so fast;Hele dur;Pas si vite;No tan deprisa;それは許さぬ;그건 안 되네.;先别急;先別急;Nicht so voreilig!;Не так быстро;Non così in fretta;Calma;;;;;;;;;;;;;
376;monk;This is outrageous!! <general> has been seen in the Queen's bed. Who do you want to execute?;İnanılır gibi değil!! <general>, Kraliçe'nin yatağında görülmüş. Kimi idam etmemizi istersiniz?;Quel scandale ! <general> a été retrouvé dans le lit de la Reine. Qui dois-je faire exécuter ?;¡Qué escándalo! <general> ha sido hallado en la cama de la Reina. ¿A quién debo ejecutar?;陛下！<general>が、+王妃様と寝床をともにしているところが+目撃されました！どちらを処刑なさいますか？;폐하! <general>이 왕비님과 동침하는 것을 목격했습니다! 누구를 처형하시겠습니까?;真是太离谱了！+有人发现<general>躺在皇后床上。+你想处决谁呢？;真是太離譜了！+有人發現<general>躺在皇后床上。+你想處決誰呢？;Das ist unerhört!! <general> wurde im Bett der Königin gesehen. Wen wollt Ihr hinrichten lassen?;Неслыханно! <general> замечен в постели королевы. Кто подлежит казни?;Oltraggioso!!  <general> è stato visto nel letto della Regina. Chi volete giustiziare?;Que absurdo! O <general> foi visto na cama da Rainha. Quem você executará por isso?;The Queen;Kraliçe;La Reine;La Reina;王妃;여왕;皇后;皇后;Die Königin;Королева;La Regina;A Rainha;;;;;;;;;;;;;<general>;<general>;<general>;<general>;<general>;<general>;<general>;<general>;<general>;<general>;<general>;<general>;;;;;;;;;;;;;
377;nobleman;You killed our beloved Queen! Die pig!;Çok sevdiğimiz Kraliçemizi öldürdün! Geber, it!;Tu as tué notre Reine adorée ! Meurs, porc infâme !;¡Has matado a mi querida Reina! ¡Muere, cerdo!;よくもわれらの王妃様を…！死ねッ！;감히 우리 여왕님을...! 죽어라!;你杀死了我们挚爱的皇后！+死猪！;你殺死了我們摯愛的皇后！+死豬！;Ihr habt unsere geliebte Königin getötet! Sterbt, Schweinehund!;Ты убил нашу любимую Королеву! Умри, свинья!;Hai ucciso la nostra amata Regina! Muori, porco!;Você matou nossa amada Rainha! Morra!;Guaaard!;Muhafızlar!;Gaaardes !;¡Guaaardas!;衛兵ッ！;위병!;来人，守卫！;來人，守衛！;Waaache!;Стра-а-ажа!;Guardieee!;Guaaarda!!!;;;;;;;;;;;;;Noooo...;Hayır...;Nooon...;Noooo...;断る;사절한다.;不……;不……;Neeeein ...;Не-е-е-е-ет…;Noooo…;Nããão...;;;;;;;;;;;;;
378;nobleman;<nobleman> is falling on the floor, crying.;<nobleman> ağlayarak yere düşüyor.;<nobleman> tombe à vos pieds, pleurant à chaudes larmes.;<nobleman> cae a vuestros pies, llorando como una nena.;<i><nobleman>は+床に突っ伏して泣いている。</i>;<i><nobleman>이 바닥에 쓰러져 울고 있습니다.</i>;<nobleman>躺在地上又哭又闹。;<nobleman>躺在地上又哭又鬧。;<nobleman> sinkt zu Boden und weint.;<nobleman> падает на пол, рыдая.;<nobleman> è prostrato a terra, in lacrime.;<nobleman> está aos prantos, no chão.;<i>Comfort him</i>;<i>Onu teselli edin</i>;<i>Le réconforter</i>;<i>Consolarle</i>;<i>（なぐさめる）</i>;<i>달래준다.</i>;<i>（抚慰他）</i>;<i>（撫慰他）</i>;<i>Ihn trösten</i>;<i>Успокоить его</i>;<i>Confortarlo</i>;<i>Confortá-lo</i>;;;;;;;;;;;;;<i>Send him away</i>;<i>Onu kovun</i>;<i>L'envoyer en exil</i>;<i>Enviarle al exilio</i>;<i>（追い返す）</i>;<i>쫓아 보낸다.</i>;<i>（把他打发走）</i>;<i>（把他打發走）</i>;<i>Ihn fortschicken</i>;<i>Отослать его</i>;<i>Mandarlo in esilio</i>;<i>Mandá-lo sair</i>;;;;;;;;;;;;;
379;end>dead_king_duel;<i>You feel your blood flowing out of a cruel wound.</i>;<i>Hain bir yaradan kanınızın aktığını hissediyorsunuz.</i>;<i>Votre sentez votre sang s'échapper par une blessure profonde.</i>;<i>Sentís vuestra sangre escaparse a través de una herida profunda.</i>;<i>王の痛々しい傷口から、血があふれ出た。</i>;<i>왕의 엄청난 상처에서 피가 쏟아져 나왔다.</i>;<i>你感觉到自己的鲜血+正从一道可怖的伤口中喷涌而出。</i>;<i>你感覺到自己的鮮血+正從一道可怖的傷口中噴湧而出。</i>;<i>Ihr spürt Euer Blut aus einer schlimmen Wunde schießen.</i>;<i>Вы чувствуете, как кровь струится из глубокой раны.</i>;<i>Sentite il Vostro sangue che abbandona questo mondo crudele.</i>;<i>Você sente o sangue jorrar por um ferimento cruel.</i>;;;;;;;;;;;;;;;;;;;;;;;;;;;;;;;;;;;;;;;;;;;;;;;;;
380;queen;My dear, I'm dying, I don't know why. Please, let me rest in my parent's tomb.;Aşkım, ölüyorum. Neden bilmiyorum. Lütfen, ailemin kabrinde yatmama izin ver.;Mon Roi, je suis si faible et malade... je me meurs. S'il te plaît, laisse-moi reposer dans la tombe de mes parents.;Mi Rey, estoy tan débil y enferma... muero. Por favor, déjame descansar junto a la tumba de mis padres.;陛下、私はもう長くありません。+どこが悪いのかすら、わからないのです。+どうか死後は、故郷の父母と+同じ墓で眠らせてください。;폐하, 살 날이이제 얼마 남지 않았습니다. 이유는 모르겠지만 제가 죽은 뒤 고향의 부모님과 같이 묻어 주셨으면 합니다.;亲爱的，我就要死了，+我也不知道为什么会这样。+求求您，把我葬在我父母的坟边吧。;親愛的，我就要死了，+我也不知道為什麼會這樣。+求求您，把我葬在我父母的墳邊吧。;Mein Liebster, ich sterbe und weiß nicht, warum. Bitte bettet mich im Grab meiner Eltern zur Ruhe.;Дорогой, я умираю, не знаю от чего. Прошу, похорони меня в усыпальнице родителей.;Mio amato, sto morendo e non ne conosco il motivo. Te ne prego, lascia che riposi nella tomba dei miei genitori.;Meu querido... estou morrendo. Não sei por quê. Por favor, enterre-me junto de meus pais.;;;;;;;;;;;;;;;;;;;;;;;;;;;;;;;;;;;;;;;;;;;;;;;;;
381;doctor;You've got the chaude-pisse My Lord! You should stop visiting <lover> at night.;Belsoğukluğu kapmışsınız, Lordum! Geceleri <lover> ziyaretlerine son veriniz.;Vous avez la chaude-pisse Monseigneur ! Il faudrait arrêter les visites nocturnes auprès de <lover>.;¡Tenéis la gonorrea Señor! Debéis terminar con vuestras visitas nocturnas a <lover>.;陛下は痳病にかかっておいでです！夜ごと+<lover>を+訪ねるのはおやめください。;폐하께서는 임질에 걸리셨습니다!  밤마다 <lover>의 집에 행차하시는 건 삼가 주십시오.;陛下，您染上了淋病！+您晚上最好别再去找<lover>了。;陛下，您染上了淋病！+您晚上最好別再去找<lover>了。;Ihr habt Tripper, Majestät! Ihr solltet aufhören, <lover> nachts zu besuchen.;У вас гонорея, милорд! <lover> — не лучший выбор для ночных визитов.;Mio Signore, avete la gonorrea! Dovreste interrompere le visite notturne a <lover>.;Você pegou gonorreia, meu senhor! Evite encontrar-se com <lover> novamente.;;;;;;;;;;;;;;;;;;;;;;;;;;;;;;;;;;;;;;;;;;;;;;;;;
382;lady;Thank you for your hospitality dear Sire. I hope you don't mind me staying for a little while.;Misafirperverliğiniz için teşekkürler, pek sevgili Efendim. Umarım biraz burada kalmama aldırmazsınız.;Je vous remercie de votre hospitalité Votre Altesse. J'espère que je peux rester un peu plus longtemps.;Os agradezco vuestra hospitalidad Vuestra Alteza. Espero poder quedarme un poco más.;温かいおもてなしに感謝いたします。+もうしばらく、こちらに滞在してもよろしくて？;환대에 감사드립니다. 잠시 여기 머물러도 괜찮겠지요?;亲爱的陛下，感谢您的热情款待。+希望您不介意我在这多呆一段时间。;親愛的陛下，感謝您的熱情款待。+希望您不介意我在這多呆一段時間。;Danke für Eure Gastfreundschaft, Majestät. Ich hoffe, es macht Euch nichts aus, wenn ich ein Weilchen bleibe.;Спасибо вам за гостеприимство, сир. Надеюсь, я не слишком обременю вас своим присутствием некоторое время.;Grazie dell'ospitalità, Sire. Spero non vi dispiaccia se mi fermerò un po' più a lungo.;Obrigado pela recepção, senhor. Eu gostaria de ficar mais um pouco.;Your presence is a delight...;Varlığınız bir zevk...;Votre présence est un plaisir...;Vuestra presencia es un placer...;そなたがいてくれると、+余もうれしいぞ…;그대가 있어 주어 짐은 기쁘네...;你的到来令我心潮澎湃……;你的到來令我心潮澎湃……;Es ist mir eine Freude;Ваше присутствие — радость…;La vostra presenza è un piacere…;Sua presença é agradável...;;;;;;;;;;;;;The Queen seems to like you...;Kraliçe sizi seviyor gibi...;La Reine semble vous apprécier;Parece que la Reina os aprecia...;王妃もそなたを+気に入っているようだしな…;왕비도 그대를 마음에 들어하는 것 같고...;皇后似乎很喜欢你……;皇后似乎很喜歡你……;Die Königin mag Euch wohl ...;Похоже, вы нравитесь королеве…;La Regina sembra apprezzarvi;A Rainha gosta de você...;;;;;;;;;;;;;
383;lady;I'm going for a walk in the garden. Would you like to come my Lord?;Bahçede gezintiye çıkıyorum. Bana eşlik etmek ister misiniz, Lordum?;Je vais faire une promenade dans les jardins. Voulez-vous m'accompagner Sire ?;Voy a dar un paseo por el jardín. ¿Queréis acompañarme Señor?;これからお庭へ散歩に参りますの。+陛下もごいっしょにいかが？;지금부터 정원에서 산책하려 합니다. 폐하도 함께 어떠세요?;我要去花园里走走。+陛下，您愿意一起来吗？;我要去花園裏走走。+陛下，您願意一起來嗎？;Ich mache einen Spaziergang im Garten. Möchtet Ihr mich begleiten, Majestät?;Я собираюсь прогуляться по саду. Вы присоединитесь, милорд?;Sto uscendo per una passeggiata nel giardino. Volete accompagnarmi, Maestà?;Vou passear no jardim. Quer se juntar a mim, meu senhor?;My pleasure...;Çok isterim...;Avec plaisir...;El gusto es mío...;よろこんで…;기꺼이...;我的荣幸……;我的榮幸……;Gern ...;С удовольствием…;Con piacere…;Com prazer...;<i><lady> brings you to the garden. She seems unsettled and nervous. She talks softly.</i>;<i><lady> sizi bahçeye getiriyor. Tedirgin ve gergin duruyor. Yumuşakça konuşuyor.</i>;<i><lady> vous emmène au jardin. Elle semble inquiète et nerveuse. Elle parle avec douceur.</i>;<i><lady> os lleva al jardín. Parece inquieta y nerviosa. Habla dulcemente.</i>;<i>王を庭へと連れ出した+<lady>は、+どこか不安げで落ち着きがなく、+終始ささやくように話した。</i>;<i>왕을 정원으로 데리고 나간 <lady>의 모습은 어딘가 불안한 듯, 시종일관 속삭이듯 말했다. </i>;<i>（<lady>将你带到了花园。+她言语轻柔，看上去焦虑不安。）</i>;<i>（<lady>將你帶到了花園。+她言語輕柔，看上去焦慮不安。）</i>;<i><lady> bringt Euch in den Garten. Sie wirkt unruhig und nervös und spricht leise.</i>;<i><lady> приводит вас в сад. Она выглядит расстроенной и обеспокоенной. Она говорит тихо.</i>;<i><lady>Vi porta nel giardino. Sembra inquieta e nervosa. Parla con dolcezza.</i>;<i><lady> vai com você ao jardim. Ela parece nervosa, mas fala calmamente.</i>;I'm busy...;İşim var...;Je suis occupé;Estoy ocupado...;今は忙しい…;지금은 바빠.;我很忙……;我很忙……;Ich habe zu tun;Мне некогда…;Sono impegnato…;Não posso...;;;;;;;;;;;;;
384;lady;The Queen despises me, I'm sure! She talks behind my back and looks at me so strangely.;Kraliçe benden nefret ediyor, bundan eminim! Arkamdan konuşup bana pek tuhaf bakıyor.;La Reine me déteste, j'en suis certaine ! Elle parle derrière mon dos et me regarde bizarrement.;La Reina me odia, ¡estoy segura! Habla a mis espaldas y me mira de una forma muy extraña.;私は王妃様に嫌われています…+王妃様が私の陰口をおっしゃっているのは+存じておりますし、時折きつい目つきで+にらまれるのです。;저는 왕비님께 미움받고 있습니다...  왕비님께서 제 뒤에서 험담을 하시고  따가운 눈초리로 쏘아보기도 합니다.;我很确定，皇后瞧不起我！+她不止在背后说我的悄悄话，+连看我的眼神都非常奇怪。;我很確定，皇后瞧不起我！+她不止在背後說我的悄悄話，+連看我的眼神都非常奇怪。;Die Königin hasst mich, da bin ich sicher! Sie redet hinter meinem Rücken und sieht mich so seltsam an.;Королева презирает меня, я уверена! Она говорит обо мне за спиной и так странно на меня смотрит.;La Regina mi disprezza, ne sono certa! Parla alle mie spalle e mi guarda in modo strano.;Eu sei que a Rainha me odeia. Ela fala mal de mim e me olha de maneira estranha.;It may be my fault...;Benim suçum olabilir...;C'est sans doute ma faute...;Debe ser sin duda culpa mía...;それは余のせいかもしれぬ…;그건 짐의 잘못일지도 모르겠군...;这或许应该怪罪于我……;這或許應該怪罪於我……;Das ist wohl meine Schuld ...;Возможно, это моя вина…;Potrebbe essere colpa mia…;A culpa é minha...;<i>You tell <lady> that you love her so profoundly it must be obvious to the Queen.</i>;<i><lady>a olan aşkınızın Kraliçenin dikkatini çektiğini anlatıyorsunuz.</i>;<i>Vous dites à <lady> que vous l'aimez si profondément que cela doit être évident pour tous, y compris la Reine.</i>;<i>Le decís a <lady> que estáis tan enamorado de ella, que debe saltar a la vista de todo el mundo, incluida la Reina.</i>;<i>王は<lady>に告げた…+彼女を心から愛しており、+このことは王妃にも+気づかれているに違いないと。</i>;<i>왕은 <lady>에게 말했다. 그녀를 진심으로 사랑하고 왕비도 이를 눈치채고 있는 것이 틀림없다고. </i>;<i>（你告诉<lady>说+你对她的爱如此深厚，+皇后一定已经知晓了。）</i>;<i>（你告訴<lady>說+你對她的愛如此深厚，+皇后一定已經知曉了。）</i>;<i>Ihr gesteht <lady> Eure inständige Liebe, die der Königin nicht entgangen sein kann.</i>;<i><lady> узнает от вас, что вы любите ее до глубины души, и королева это явно видит.</i>;<i>Dite a <lady> che la amate così profondamente che persino la Regina deve essersene accorta.</i>;<i>Você diz à <lady> que a ama tanto que não consegue esconder da Rainha.</i>;Don't worry...;Endişelenme...;Pas d'inquiétude...;No hay de qué preocuparse...;案ずるな…;걱정하지 말게...;别担心……;別擔心……;Keine Sorge ...;Не волнуйтесь…;Non preoccupatevi…;Tudo bem...;;;;;;;;;;;;;
385;lady;Oh my Lord. What can I say?;Ah, Lordum. Ne diyebilirim ki?;Sire, je suis troublée. Que puis-je répondre à cela ?;Señor... ¿Qué puedo deciros?;陛下…私になにを言わせたいのです？;폐하... 제가 무슨 말을 할 수 있을까요?;哦，陛下。+我还能说什么呢？;哦，陛下。+我還能說什麼呢？;Oh Majestät. Was soll ich darauf nur sagen?;О, милорд. Что я могу сказать?;Oh, Maestà. Che posso dire?;Senhor! Não sei o que dizer...;Me too?;"Ben de sizi"?;Moi aussi ?;¿Yo también?;そなたも余を愛していると…;그대도 짐을 사랑한다고...;我也如此？;我也如此？;Ihr liebt mich auch?;И я?;Anche io?;Eu também?;;;;;;;;;;;;;Nothing;Hiçbir şey;Rien;Nada;別に、なにも;아무 것도 아니네.;什么都别说;什麼都別說;Nichts;Ничего;Niente;Nada;<i><lady> looks at you with incredulity, then leaves.</i>;<i><lady> size kuşkuyla bakıp sonra da ayrılıyor.</i>;<i><lady> vous regarde avec incrédulité, puis s'en va.</i>;<i><lady> os mira con incredulidad y después se va.</i>;<i><lady>は+あきれたように王を一瞥すると、+立ち去った。</i>;<i>왕을 쏘아보는 <lady>의 눈빛은 질렸다는 듯했으며 금방 그 자리를 떠났다. </i>;<i>（<lady>难以置信地+看了你一眼，+径直走开了。）</i>;<i>（<lady>難以置信地+看了你一眼，+徑直走開了。）</i>;<i><lady> sieht Euch ungläubig an und geht dann.</i>;<i><lady> смотрит на вас с недоверием и уходит.</i>;<i><lady> Vi osserva incredula, poi se ne va.</i>;<i><lady> olha, incrédula, e vai embora.</i>;
386;lady;No, I don't think so <i>(laughing)</i>. You will have to fight for me!;Yok, sanmıyorum <i>(güler)</i>. Benim için dövüşmen gerekecek!;Non, je ne crois pas <i>(en rigolant)</i>. Vous allez devoir vous battre pour moi !;No, no lo creo <i>(riendo)</i>. ¡Vais a pelearos por mí!!;お戯れを…（笑）私が欲しければ、+戦って奪ってごらんなさい！;아뇨... 호호호. 저를 원하신다면 싸워서 빼앗아 보세요!;不，我不这么认为。+<i>（大笑）</i>+你将不得不为我而战！;不，我不這麼認為。+<i>（大笑）</i>+你將不得不為我而戰！;Nein, ich glaube nicht. <i>(lachend)</i> Ihr werdet um mich kämpfen müssen!;Нет, я так не думаю <i>(смеясь)</i>. Вам придется за меня побороться!;No, non credo. <i>(ridendo)</i>. Dovrete combattere per avermi!;Acho que não <i>(risadas)</i>. Você vai precisar lutar por mim!;En garde!;Gardını al!;En garde !;¡En guardia!;いざ、勝負！;자, 승부하자!;来决斗吧！;來決鬥吧！;En garde!;Защищайтесь!;In guardia!;En garde!;;;;;;;;;;;;;You mean, literally?;Ciddi misin?;Vous voulez dire, en vrai ?;¿Estáis hablando en serio?;それは、文字通りの意味か？;말 그대로의 뜻인가?;你是说真的？;你是說真的？;Ihr meint wortwörtlich?;В прямом смысле?;Letteralmente?;Literalmente?;;;;;;;;;;;;;
387;lady;Are you all right? <i>(anxiously)</i> My Lord!;İyi misiniz?<i>(endişeyle)</i> Lordum!;Est-ce que vous allez bien ? <i>(avec angoisse)</i> Mon Roi !;¿Estáis bien? <i>(con angustia)</i> ¡Mi Rey!;陛下…！+ああ…しっかりしてくださいまし…;폐하...! 괜찮으십니까? 정신 차리세요...;你还好吗？+<i>（神态焦急）</i>+陛下！;你還好嗎？+<i>（神態焦急）</i>+陛下！;Geht es Euch gut? <i>(besorgt)</i> Majestät!;Вы в порядке? <i>(обеспокоенно)</i> Милорд!;State bene? <i>(in ansia)</i> Mio Signore!;Tudo bem? <i>(ansiedade)</i> Meu senhor!;You care for me!;Beni umursuyorsunuz!;Vous m'aimez !;Vos;心配してくれるのだな！;걱정해 주었군!;你真的在乎我！;你真的在乎我！;Ihr mögt mich!;Вы переживаете обо мне!;Voi mi amate!;Você se importa comigo!;;;;;;;;;;;;;I need a kiss;Bana bir buse lazım;Donnez-moi un baiser;Necesito un beso;口づけしてくれ…;키스해 주게...;我需要一个吻;我需要一個吻;Ich brauche einen Kuss;Поцелуйте меня;Ho bisogno di un bacio;Quero um beijo;;;;;;;;;;;;;
388;lady;You are a pompous oaf!;Kendini beğenmiş öküz seni!;Vous êtes un âne pompeux et ridicule !;¡Sois un asno pomposo y ridículo!;本気で戦うなんて！ひどいわ！;진짜로 싸우시다니! 말도 안 돼요!;你简直是一个自负的怪胎！;你簡直是一個自負的怪胎！;Ihr seid ein eingebildetes Rindvieh!;Вы надутая корова!;Siete un pomposo babbeo!;Sua vaca pomposa!;;;;;;;;;;;;;;;;;;;;;;;;;;;;;;;;;;;;;;;;;;;;;;;;;
389;queen;You've made a mistake and I will take advantage of it. Do you think I'm blind or stupid?;Bir hata yaptınız, ben de bundan faydalanacağım. Beni kör veya aptal mı sandınız?;Vous avez fait une erreur et je vais en tirer avantage. Vous me pensiez aveugle et stupide ?;Os habéis equivocado y pienso aprovecharme. ¿Creéis que estoy ciega o atontadada?;陛下は大きな過ちを犯しました。+絶対にただでは済ませません。+私が気づかないとでもお思いでしたか？+ばかにしないで。;폐하는 큰 실수를 하셨습니다. 저도 가만 있지는 않겠어요.  제가 눈도 귀도 없는 줄 아십니까? 바보 취급 하지 마십시오.;你犯了错，我就会利用这个错。+你是觉得我瞎，还是觉得我蠢？;你犯了錯，我就會利用這個錯。+你是覺得我瞎，還是覺得我蠢？;Ihr habt einen Fehler gemacht, und den werde ich ausnutzen. Meint Ihr, ich sei blind oder dumm?;Вы сделали ошибку, и я этим воспользуюсь. Думаете, я глупа или слепа?;Avete commesso un errore e io ne approfitterò. Credete che io sia cieca o stupida?;Você cometeu um erro e eu me aproveitarei. Acha que sou cega ou idiota?;;;;;;;;;;;;;;;;;;;;;;;;;;;;;;;;;;;;;;;;;;;;;;;;;
390;queen;You're a worthless husband, a terrible king and a bad lover. I'm out of here.;Bir işe yaramaz bir kocasın, berbat bir kralsın, üstelik yatakta da kötüsün. Ben buradan gidiyorum.;Vous êtes un mari insipide, un Roi de pacotille et un mauvais amant. Je m'en vais.;Sois un marido insípido, un rey de pacotilla y un amante nefasto. Me largo.;陛下は夫としても王としても最低です。+もう我慢なりません。さようなら。;폐하는 남편으로서도 왕으로서도 최악입니다.  더 이상 참을 수 없습니다. 안녕히.;你是位一文不值的丈夫，+一事无成的国王，一无是处的爱人。+我要离开这儿了。;你是位一文不值的丈夫，+一事無成的國王，一無是處的愛人。+我要離開這兒了。;Ihr seid ein nichtsnutziger Ehemann, ein furchtbarer König und ein schlechter Liebhaber. Ich gehe.;Из вас бесполезный муж, ужасный король и негодный любовник. С меня хватит.;Siete un marito indegno, un terribile Re e un pessimo amante. Non resterò qui un minuto di più.;Você é um marido inútil, um péssimo rei e um amante terrível. Vou embora.;You can't go...;Gidemezsin...;Vous ne pouvez pas...;No podéis...;行かないでくれ…;떠나지 말아 주게...;你不能离我而去……;你不能離我而去……;Ihr dürft nicht gehen ...;Ты не можешь уйти…;Non potete andare…;Não vá...;<i>The Queen leaves with a part of your army and many curses.</i>;<i>Kraliçe ordunuzun bir kısmını alıp geride lanetler bırakarak gidiyor.</i>;<i>La Reine s'en va avec une partie de votre armée et beaucoup d'invectives.</i>;<i>La Reina se larga con parte de vuestro ejército, echando espuma por la boca.</i>;<i>王妃は一部の兵士を連れ、+王への恨みの言葉を残して+城を去った。</i>;<i>왕비는 병사를 일부 데리고 왕에 대한 원망의 말을 남긴 채 성을 떠났다. </i>;<i>（王后带着您的一部分军队离开了，+也带走了许多诅咒。）</i>;<i>（王后帶著您的一部分軍隊離開了，+也帶走了許多詛咒。）</i>;<i>Mit einem Teil Eurer Armee und vielen Verwünschungen zieht die Königin von dannen.</i>;<i>Королева уходит с частью армии и проклятьями.</i>;<i>La Regina se ne va con parte del Vostro esercito e molte maledizioni.</i>;<i>A Rainha parte, levando parte do exército e deixando insultos.</i>;No, wait...;Dur, bekle...;Non, attendez...;No, esperad...;待ってくれ…;기다려 주게...;不，等等……;不，等等……;Nein, wartet ...;Нет, погоди…;No, aspettate…;Espere...;<i>The Queen leaves with a part of your army and many curses.</i>;<i>Kraliçe ordunuzun bir kısmını alıp geride lanetler bırakarak gidiyor.</i>;<i>La Reine s'en va avec une partie de votre armée et beaucoup d'invectives.</i>;<i>La Reina se larga con parte de vuestro ejército, echando espuma por la boca.</i>;<i>王妃は一部の兵士を連れ、+王への恨みの言葉を残して+城を去った。</i>;<i>왕비는 병사를 일부 데리고 왕에 대한 원망의 말을 남긴 채 성을 떠났다. </i>;<i>（王后带着您的一部分军队离开了，+也带走了许多诅咒。）</i>;<i>（王后帶著您的一部分軍隊離開了，+也帶走了許多詛咒。）</i>;<i>Mit einem Teil Eurer Armee und vielen Verwünschungen zieht die Königin von dannen.</i>;<i>Королева уходит с частью армии и проклятьями.</i>;<i>La Regina se ne va con parte del Vostro esercito e molte maledizioni.</i>;<i>A Rainha parte, levando parte do exército e deixando insultos.</i>;
391;queen;I don't even care about <lover>. Grant me the control of the City Guard and the Church estates.;<lover> umrumda bile değil. Bana Şehir Muhafızlarının ve Kilisenin mülklerinin hakimiyetini ver.;Je me fiche de <lover>. Donnez-moi le contrôle de la garde et des biens de l'Église.;Me da igual <lover>. Dadme el control de los guardias y los bienes de la Iglesia.;<lover>の+ことなど、私はどうでもよいですわ。+代わりに、衛兵隊と教会の土地の管理を+私に任せてくださいまし。;<lover> 따위 전 아무래도 상관 없어요.  대신에 위병대와 교회의 토지 관리를 제게 맡겨 주시길.;我一点也不在乎<lover>。+请给我城市卫队和教会地产的管辖权。;我一點也不在乎<lover>。+請給我城市衛隊和教會地產的管轄權。;<lover> ist mir egal. Gebt mir die Kontrolle über die Stadtwache und den Grundbesitz der Kirche.;<lover>? Мне на нее плевать. Я хочу контроль над городской стражей и церковные владения.;Non me ne importa niente di <lover>. Dammi il controllo della guardia cittadina e dei beni della Chiesa.;Eu não ligo para <lover>. Dê-me controle sobre a Guarda da Cidade e dos bens da Igreja.;;;;;;;;;;;;;;;;;;;;;;;;;;;;;;;;;;;;;;;;;;;;;;;;;
392;lady;Did you consider running away with me? Go somewhere else, alone, together.;Benimle kaçmayı düşündünüz mü? Birlikte, tek başımıza, başka bir yerlere gidelim.;Et si nous nous enfuyions ensemble ? Partir d'ici, seuls, sans couronne ni royaume, ensemble.;¿Nos damos a la fuga? Vámonos, solos, sin corona ni reino, juntos.;どこか遠くへ逃げてしまいたいと思いませんこと？+陛下と私、ふたりっきりで…;어딘가 멀리 도망칠까요? 폐하와 나, 단 둘이서...;你是在考虑要和我私奔吗？+独自一人，和我一起，去哪都好。;你是在考慮要和我私奔嗎？+獨自一人，和我一起，去哪都好。;Habt Ihr erwogen, mit mir wegzulaufen? Woanders hinzugehen, wo nur wir beide zusammen sein können.;Вы думали сбежать со мной? Бегите куда-нибудь еще, вместе или в одиночку.;Potremmo fuggire insieme. Andare altrove, solo io e te.;Vamos fugir? Ir para algum outro lugar, juntos, só nós dois?;;;;;;;;;;;;;;;;;;;;;;;;;;;;;;;;;;;;;;;;;;;;;;;;;
393;lady;My Lord, the way the people are treated is inhuman! Show some consideration!;Lordum, halka insafsızca davranılıyor! Biraz merhamet gösterin!;Mon Roi, la façon dont vous traitez votre peuple est inhumaine ! Montrez un peu de considération !;Mi Rey, la manera en que tratáis a vuestro pueblo es inhumana. ¡Mostrad un poco de consideración!;陛下、この国は民の扱いがひどすぎます！+もっと慈悲深い統治を+なさってくださいまし！;폐하, 백성들을 너무 잔혹하게 대하시는군요!  좀 더 자비를 보여주세요!;陛下，现在对待民众的方式太不人道了！+恳请陛下再三考虑！;陛下，現在對待民眾的方式太不人道了！+懇請陛下再三考慮！;Majestät, es ist unmenschlich, wie das Volk behandelt wird! Zeigt etwas Mitgefühl!;Милорд, это бесчеловечно — так обращаться с людьми. Проявите уважение!;Mio Signore, il popolo viene trattato in modo inumano! Mostrate un po' di considerazione!;Meu senhor, as pessoas são tratadas de forma desumana! Tenha consideração!;Certainly!;Kesinlikle!;Certainement !;¡Cierto!;うむ、よかろう！;음, 좋네!;没问题！;沒問題！;Gewiss doch!;Разумеется!;Certamente!;Certamente!;;;;;;;;;;;;;;;;;;;;;;;;;;;;;;;;;;;;;
394;bird;Tweeeet!;Ciiiiiiik!;Cuiiii cuiiiiiiii !;¡Pío!;チュンチュンチュン！;짹짹짹!;唧～！;唧～！;Guuuurr!;Чирик!;Cip!;Piu!;Thank you;Teşekkür ederim!;Merci;Gracias;ありがとう;고맙네.;谢谢你;謝謝你;Danke;Спасибо;Grazie;Agradeço;;;;;;;;;;;;;Who's in charge of this bird?;Bu kuşun sahibi kim?;À qui est cet oiseau ?;¿Quién está al cargo de este pájaro?;この鳥の飼い主は誰だ？;이 새 주인은 누구지?;谁负责管这只鸟？;誰負責管這只鳥？;Wem gehört dieser Vogel?;Чья это птица?;Di chi è questo uccello?;Quem cuida dessa ave?;;;;;;;;;;;;;
395;bird;Tweet! Tweet!;Cik! Cik!;Cuiii ! Cuiiii !;¡Pío! ¡Pío!;チュン！チュン！;짹! 짹!;唧唧！唧唧！;唧唧！唧唧！;Gurr! Gurr!;Чирик-чирик!;Cip cip!;Piu, piu!;Thank you;Teşekkür ederim!;Merci;Gracias;ありがとう;고맙네.;谢谢你;謝謝你;Danke;Спасибо;Grazie;Agradeço;;;;;;;;;;;;;Who's in charge of this bird?;Bu kuşun sahibi kim?;À qui est cet oiseau ?;¿Quién está al cargo de este pájaro?;この鳥の飼い主は誰だ？;이 새 주인은 누구지?;谁负责管这只鸟？;誰負責管這只鳥？;Wem gehört dieser Vogel?;Чья это птица?;Di chi è questo uccello?;Quem cuida dessa ave?;;;;;;;;;;;;;
396;bird;Grrrrrr;Grrrrrr;Grrrrr;Grrrr;グルルルルル…;구구구구구구구...;咕嗷嗷;咕嗷嗷;Gurrrrrr;Р-р-р-р-р!;Grrrrr;Grrrrrr;Thank you;Teşekkür ederim!;Merci;Gracias;ありがとう;고맙네.;谢谢你;謝謝你;Danke;Спасибо;Grazie;Agradeço;;;;;;;;;;;;;Who's in charge of this bird?;Bu kuşun sahibi kim?;À qui est cet oiseau ?;¿Quién está al cargo de este pájaro?;この鳥の飼い主は誰だ？;이 새 주인은 누구지?;谁负责管这只鸟？;誰負責管這只鳥？;Wem gehört dieser Vogel?;Чья это птица?;Di chi è questo uccello?;Quem cuida dessa ave?;;;;;;;;;;;;;
397;doctor;You've got gout my Lord. I recommend less meat, more vegetables and no love stories of any kind.;Lordum, damla hastası olmuşsunuz. Daha az et, daha fazla sebze tüketmenizi, hiçbir şekilde aşk macerası yaşamamanızı tavsiye ederim.;Vous avez la goutte Sire. Je vous recommande moins de viande, plus de légumes et aucune histoire d'amour.;Tenéis la gota Señor. Os recomiendo tomar menos carne, más verduras y nada de amoríos.;陛下は通風を患っておいでです。+今後は肉を控え、野菜を多めにとり、+夜のお楽しみは一切お絶ちくださいますよう。;폐하는 통풍을 앓고 계십니다.  앞으로는 고기를 줄이고, 야채를 많이 드시고,  난봉질은 그만두십시오.;陛下，您得了痛风。+我建议少吃肉，多吃蔬菜，+房中事就不要想了。;陛下，您得了痛風。+我建議少吃肉，多吃蔬菜，+房中事就不要想了。;Ihr habt Gicht, Majestät. Ich empfehle weniger Fleisch, mehr Gemüse und keinerlei Liebesgeschichten.;У вас подагра, милорд. Меньше мяса, больше овощей и никаких любовных историй.;Maestà, avete la gotta. Raccomando meno carne, più verdure e assolutamente nessuna storia d'amore.;Você está com gota, meu senhor. Recomendo menos carne, mais vegetais e nenhuma história de amor.;;;;;;;;;;;;;;;;;;;;;;;;;;;;;;;;;;;;;;;;;;;;;;;;;
398;doctor;I'm pretty confident this concoction of leeches fed on maiden blood will cure your gout.;Bakire kanı içmiş sülüklerden hazırladığım karışımın damla hastalığınızı iyileştireceğinden az çok eminim.;Je suis presque sûr que cette concoction de sangsues nourries au sang de pucelles va guérir votre goutte.;Estoy seguro que este potingue de sanguijuelas alimentadas a base de sangre de nodrizas va a curar vuestro ataque de gota.;これは乙女の血を吸わせたヒルで作った+調合薬です。お飲みになれば、+たちどころに痛風が治ります。;처녀의 피를 빤 거머리로 만든 비장의 약입니다.  드시면 단박에 통풍이 낫습니다.;我确定这种吸食处女血长大的水蛭+制成的混合物将会治好您的痛风。;我確定這種吸食處女血長大的水蛭+製成的混合物將會治好您的痛風。;Dieser Sud aus mit Mädchenblut ernährten Egeln wird Eure Gicht heilen, da bin ich recht zuversichtlich.;Я абсолютно уверен, что вытяжка из пиявок, вскормленных кровью девственниц, спасет вас от этого недуга.;Sono piuttosto certo che questa mistura di sanguisughe nutrite con sangue di donzella curerà la vostra gotta.;Acredito que essa mistura de sanguessugas alimentadas de sangue de donzela o curará.;;;;;;;;;;;;;<i>You drink the potion. It makes you ill and delirious for days on end but doesn't cure the gout. You feel suddenly very old.</i>;<i>İksiri içiyorsunuz. Sizi günlerce hasta ve hezeyanlı yapıyor ama damla hastalığını iyileştirmiyor. Aniden çok yaşlı hissediyorsunuz.</i>;<i>Vous buvez la potion et passez les semaines suivantes au lit, délirant et fiévreux. La goutte persiste et vous sentez le poids des ans sur vos épaules.</i>;<i>Bebéis una poción mágica y os pasáis las semanas siguientes en la cama, delirante y febril. La gota persiste y sentís el peso de los años sobre vuestras espaldas.</i>;<i>水薬を飲んだ王は、+数日にわたり意識が混濁した。+回復後も痛風は治らず、+王は一気に老け込んだ。</i>;<i>물약을 마신 왕은 며칠 동안 헛소리를 했다. 회복 후에도 통풍이 낫지 않아 왕은 단숨에 늙어버렸다. </i>;<i>（你喝下了魔药。+你一连数天感到身体虚弱且精神错乱，+但魔药没有治好你的痛风。+你感到自己突然苍老了许多。）</i>;<i>（你喝下了魔藥。+你一連數天感到身體虛弱且精神錯亂，+但魔藥沒有治好你的痛風。+你感到自己突然蒼老了許多。）</i>;<i>Ihr trinkt das Gebräu. Wochenlang liegt Ihr mit Fieber im Bett, aber Eure Gicht bleibt. Plötzlich fühlt Ihr Euch sehr alt.</i>;<i>Вы выпиваете зелье. От него вы заболеваете и бредите несколько дней, но подагра не проходит. Внезапно вы чувствуете тяжесть лет.</i>;<i>Bevete la pozione. Passate i giorni successivi in preda a un delirio febbricitante, ma la gotta persiste. Improvvisamente Vi sentite molto vecchio.</i>;<i>Você bebe a poção. Ela o deixa doente e delirante durante dias, mas não cura a gota. Você se sente repentinamente muito velho.</i>;;;;;;;;;;;;;<i>Good call.</i>;<i>İyi düşündünüz.</i>;<i>Bonne décision.</i>;<i>Buena decisión.</i>;<i>賢明な判断だった。</i>;<i>현명한 판단이었다. </i>;<i>（好主意。）</i>;<i>（好主意。）</i>;<i>Gute Entscheidung.</i>;<i>Верное решение.</i>;<i>Ottima decisione.</i>;<i>Boa ideia.</i>;
399;doctor;I discovered a way to connect all the people in the world in a communion of knowledge and wisdom. I called it Magic Net. ;Dünyadaki tüm insanlarla bağlanıp bilgi ve bilgelik paylaşımında bulunmanın bir yolunu buldum. Buna Büyülü Net diyorum.;J'ai trouvé un moyen d'établir une communion de connaissance et de sagesse entre les hommes. C'est le Net. ;He descubierto una manera de conectar la sabiduría y el conocimiento de los hombres. Se llama la Red.;世界中の人びととつながり、+知識と知恵を共有する方法を発明しました。+名付けて、「マジックネット」です。;전세계 사람들과 연결해  지식과 지혜를 공유하는 방법을 발명했습니다.  이름하여 "매직 넷"입지요.;我发现了一种方法，+能够让世界上所有的人都分享知识和智慧，+我把它称作“魔网”。;我發現了一種方法，+能夠讓世界上所有的人都分享知識和智慧，+我把它稱作“魔網”。;Ich habe einen Weg entdeckt, alle Menschen in einer großen Wissensgemeinschaft zu verbinden: das "Magienetz".;Я придумал, как объединить всех людей для обмена знаниями и накопления мудрости. Я назвал это Волшебная сеть.;Ho trovato un modo per connettere tutto il mondo in una comunione di conoscenza e saggezza. L'ho chiamata Rete Magica.;Descobri como conectar todas as pessoas do mundo em uma comunhão de conhecimento e sabedoria. Uma Rede Mágica.;Sounds grand;Müthiş!;Magnifique !;¡Estupendo!;すばらしい;훌륭하군.;听起来雄心勃勃;聽起來雄心勃勃;Klingt toll!;Звучит круто;Magnifico;Parece ótimo;;;;;;;;;;;;;And what do you do with it?;Peki ne işe yarıyor?;Ça sert à quoi ?;¿Para qué sirve?;なんの役に立つ？;어떤 도움이 되지?;你用它来干嘛呢？;你用它來幹嘛呢？;Und wozu soll das gut sein?;И что ты с этим делаешь?;E cosa ce ne facciamo?;O que faremos com isso?;;;;;;;;;;;;;
400;jester;Perfect way to share pictures of cats and other hairy things.;Kediler ve diğer kıllı şeylerin resimlerini paylaşmak için mükemmel bir yol.;Solution idéale pour s'échanger des images de chats et autres trucs à poil.;Es la solución perfecta para intercambiar imágenes de gatos y otros seres peludos.;世界中の人が、+いろんな動物の絵を見せあえるよ！+特に、猫とかね。;전세계 사람들이 여러 동물 사진을 공유하기 딱이죠.  특히 고양이요.;真是分享猫+或者其他毛茸茸的动物图片的完美方法。;真是分享貓+或者其他毛茸茸的動物圖片的完美方法。;Perfekt, um Bilder von Kätzchen und anderen haarigen Dingen zu teilen.;Идеально подходит, чтобы отправлять картинки с котиками и прочими пушистыми зверьками.;Un modo perfetto per condividere immagini di gatti e altre cose pelose.;É perfeito para compartilhar fotos de gatos e outro animais.;;;;;;;;;;;;;;;;;;;;;;;;;;;;;;;;;;;;;;;;;;;;;;;;;
401;monk;A company of bearded mecreants started to install fancy micro-breweries in the capital. Beer is our business!;Birtakım sakallı kafirler, başkentte lüks mini bira imalathaneleri açmaya başladı. Bira bizim işimiz!;Une bande de mécréants barbus installe des micro-brasseries de luxe dans la capitale. La bière, c'est notre business !;Una banda de malhechores ha empezado a instalar minicervecerías de lujo en la capital. ¡La cerveza es nuestro negocio!;ひげを生やしたゴロツキどもが、+王都のあちこちで小さな醸造所を+運営しはじめました。+麦酒はわれわれの専売特許のはずです！;수염 깡패 놈들이 수도 곳곳에서  작은 양조장을 운영하기 시작했습니다.  맥주는 저희의 전매 특허입니다!;一伙大胡子商人在首都开设了高档微酿酒厂，+啤酒万岁！;一夥大鬍子商人在首都開設了高檔微釀酒廠，+啤酒萬歲！;Eine Gruppe bärtiger Kerle hat begonnen, hier schicke Kleinstbrauereien zu eröffnen. Bier ist unser Geschäft!;Группа бородатых безбожников начала ставить микропивоварни в столице. Пиво — наш бизнес!;Una società di barbuti miscredenti si è messa a costruire dei birrifici indipendenti nella capitale. La birra è il nostro business!;Uma companhia de mercadores barbados abriu microcervejarias chiques na capital. Cerveja é nosso negócio!;;;;;;;;;;;;;;;;;;;;;;;;;;;;;;;;;;;;;;;;;;;;;;;;;
402;priest;The new millenium is coming! This is terrible! People are selling their souls to the devil!;Yeni bin yıl geliyor! Korkunç bir şey! Halk ruhlarını şeytana satıyor!;Le nouveau millénaire approche ! C'est affreux ! Les gens ont peur et vendent leur âme au diable !;¡El nuevo milenio se acerca! ¡Es horroroso! ¡La gente tiene miedo y vende su alma al diablo!;世紀末だ！民は悪魔に魂を売っている！;새로운 세기가 다가오고 있습니다!  백성들은 악마에게 영혼을 팔고 있어요!;新千年即将到来！+这太可怕了！+人们正在把他们的灵魂出卖给魔鬼！;新千年即將到來！+這太可怕了！+人們正在把他們的靈魂出賣給魔鬼！;Das neue Jahrtausend bricht an! Es ist furchtbar! Die Leute verkaufen ihre Seelen an den Teufel!;Новой тысячелетие близко! Это ужасно! Люди продают свои души дьяволу!;Il nuovo millennio è alle porte! È terribile! La gente sta vendendo l'anima al diavolo!;Uma nova era está chegando! É terrível! As pessoas estão vendendo a alma ao diabo!;;;;;;;;;;;;;;;;;;;;;;;;;;;;;;;;;;;;;;;;;;;;;;;;;
403;merchant;What side of the road should the carriages go?;Atlı arabalar yolun hangi tarafından gitsin?;De quel côté de la route doivent circuler les chevaux ?;¿Por qué lado de la carretera deben circular los caballos?;馬車は道路のどちら側を走るべきでしょうか。;마차는 도로 어느 쪽을 달리게 할까요?;马车应该走哪边的路？;馬車應該走哪邊的路？;Auf welcher Straßenseite sollten Kutschen fahren?;По какой стороне дороги должны идти повозки?;Da quale lato della strada devono circolare le carrozze?;De que lado da estrada as carruagens devem seguir?;Left;Sol;Gauche;Izquierda;左;왼쪽;左边;左邊;Links;Левой;Sinistra;Esquerda;;;;;;;;;;;;;Right;Sağ;Droite;Derecha;右;오른쪽;右边;右邊;Rechts;Правой;Destra;Direita;;;;;;;;;;;;;
404;priest;The apocalypse is coming my Lord. Do you fear God?;Kıyamet geliyor, Lordum. Tanrı'dan korkar mısınız?;L'apocalypse approche Monseigneur. Craignez-vous la colère divine ?;El apocalípsis se acerca Señor Mío. ¿Teméis la cólera divina?;この世の終わりが近づいています。+陛下は神をおそれますか？;세상의 종말이 다가오고 있습니다. 폐하는 신이 두려우십니까?;陛下，世界末日即将到来。+您畏惧神么？;陛下，世界末日即將到來。+您畏懼神麼？;Die Apokalypse rückt näher, Majestät. Fürchtet Ihr Gott?;Апокалипсис близится, милорд. Вы боитесь Бога?;Sta arrivando l'apocalisse, Maestà. Temete il Signore?;O apocalipse está chegando, senhor. Você teme a Deus?;;;;;;;;;;;;;;;;;;;;;;;;;No, I'm good;Yok, gerek yok;Non ça va;No, estoy bien;別に;별로 그렇지 않네.;不，我很好;不，我很好;Nein, alles bestens;Нет, я хороший;No, sto bene così;Não, sou bom;;;;;;;;;;;;;
405;queen;I invited my young brother to join us for the Spring festival.;Genç kardeşimi Bahar festivalinde bize katılmaya davet ettim.;J'ai invité mon jeune frère à se joindre à nous pour le festival du printemps.;He invitado a mi joven hermano a unirse a nosotros en el festival de primavera.;故郷の弟を招きました。+この国の春祭りを見せてやりたくて…;고향의 남동생을 초청했습니다.  이 나라의 봄 축제를 보여주고 싶어서...;我邀请我的小兄弟一起去春日庆典。;我邀請我的小兄弟一起去春日慶典。;Ich habe meinen jüngeren Bruder eingeladen, das Frühlingsfest mit uns zu feiern.;Я пригласила моего юного брата пойти с нами на Весенний фестиваль.;Ho invitato il mio giovane fratello a unirsi a noi per il festival di primavera.;Convidei meu irmão para o festival da primavera.;How lovely;Ne hoş;Génial;Fantástico;それはいい;그거 좋군.;太好了;太好了;Wie reizend;Как мило;Che piacere;Que bom;;;;;;;;;;;;;;;;;;;;;;;;;<i>It seems you don't have much say in the matter.</i>;<i>Görünüşe bakılırsa bu konuda sizin fikriniz sorulmuyor.</i>;<i>Il apparaît que votre décision n'a que peu de poids en la matière.</i>;<i>Parece que vuestra decisión no tiene mucho peso en el asunto.</i>;<i>この件について、+王が口をはさむ余地はないようだ。</i>;<i>이 건에 대해 왕이 참견할 여지가 없는 것 같다. </i>;<i>（你在这件事上+似乎没有多少发言权。）</i>;<i>（你在這件事上+似乎沒有多少發言權。）</i>;<i>Anscheinend habt Ihr in dieser Angelegenheit nicht viel zu sagen.</i>;<i>Похоже, вам особо нечего сказать на этот счет.</i>;<i>Pare che la Vostra decisione non abbia molto peso in materia.</i>;<i>Parece que você não liga para o assunto.</i>;
406;prophet;The end is coming. Pray with me!;Kıyamet geliyor. Benimle dua edin!;La fin approche. Prie à mes côtés !;El fin se acerca. ¡Rezad conmigo!;終末は近い！われと共に祈れ！;종말이 가까워 온다! 나와 기도해 주게.;末日降临。+和我一起祈祷吧！;末日降臨。+和我一起祈禱吧！;Das Ende naht. Betet mit mir!;Конец близок. Молитесь со мной!;La fine è vicina. Pregate con me!;O fim está próximo. Reze comigo!;;;;;;;;;;;;;;;;;;;;;;;;;I'm sort of busy;İşim gücüm var;Je suis un peu occupé;Estoy un poco ocupado;そんな暇はない;그럴 여유는 없다.;我有点忙;我有點忙;Ich bin gerade beschäftigt;Я, вроде как, занят;Sono abbastanza occupato;Estou ocupado;;;;;;;;;;;;;
407;diplomat;My Lord! While you were praying, <rival> took over a large part of the castle.;Lordum! Siz dua ederken, <rival> kalenin büyük bir kısmını ele geçirdi.;Sire ! Alors que vous étiez en train de prier, <rival> s'est emparé d'une partie du château.;¡Señor! Mientras rezábais, <rival> se ha hecho con parte del castillo.;陛下が祈っているすきに、城の大部分が+<rival>に+乗っ取られました。;폐하께서 기도하시는 동안 성의 대부분을 <rival>에게 탈취당했습니다.;陛下，您祈祷的时候，+<rival>趁机控制了城堡的大部分区域。;陛下，您祈禱的時候，+<rival>趁機控制了城堡的大部分區域。;Majestät! Während Ihr am Beten wart, hat <rival> einen großen Teil der Burg übernommen.;Милорд! Пока вы молились, <rival>, претендент на трон, захватил большую часть замка.;Mio Signore! Mentre pregavate, <rival> si è impadronito di una parte del castello.;Senhor! Enquanto você rezava, <rival> tomou grande parte do castelo.;Throw him out;Kovun şunu;Jetez-le dehors;Echadle a la calle;つまみ出せ;몰아내게.;把他赶出去;把他趕出去;Werft ihn raus;Вышвырните его.;Buttatelo fuori;Expulse-o;;;;;;;;;;;;;And you couldn't do anything?;Siz de boş boş baktınız mı?;Et vous vous ne faites rien ?;¿Y no pensáis hacer nada?;なぜ黙って見ていた？;왜 가만히 보고 있었나?;你就这样袖手旁观吗？;你就這樣袖手旁觀嗎？;Und Ihr konntet nichts machen?;А вы ничего не могли сделать?;E voi cosa facevate nel frattempo?;E vocês não fizeram nada?;;;;;;;;;;;;;
408;diplomat;He came with a troop that dwarfed the city guard.;Şehir muhafızlarını sayıca gölgede bırakan bir orduyla geldi.;Il est arrivé avec une troupe qui ridiculise la garde royale.;Ha traido una tropa tal que la guardia real parece ridícula a su lado.;<rival>は+大規模な兵士団を引きつれて来たため、+衛兵隊も手が出せませんでした。;끌고 온 군대 규모가 너무 커 위병대도 손을 댈 수 없습니다.;他带了一整支军队，+相比之下城市守卫根本不够看。;他帶了一整支軍隊，+相比之下城市守衛根本不夠看。;Seine Truppen waren der Wache weit überlegen.;Он пришел с войском, куда большим, чем городская стража.;È arrivato con una truppa che ha ridicolizzato la guardia cittadina.;Ele trouxe uma tropa muito maior que a guarda da cidade.;All right;Pekala;Parfait;Perfecto;そうか…;그런가...;好吧;好吧;Na schön;Ну ладно;Perfetto;Certo;;;;;;;;;;;;;;;;;;;;;;;;;;;;;;;;;;;;;
409;rival;Don't mind me! I'm just visiting for a couple of years, nothing definitive.;Bana aldırma! Birkaç yıllığına ziyaret ediyorum sadece, kalıcı bir şey yok.;Ne faites pas attention à moi ! Je viens juste pour quelques années, rien de définitif.;¡No me hagáis mucho caso! Solo vengo por un par de años, nada definitivo.;なあに、ほんの数年滞在させてもらうだけですよ。+ご心配には及びません。;신경쓰지 마시죠! 그냥 몇 년 머물다 갈 거니까요.  걱정하실 필요는 없습니다.;不用担心我！+我只是出去旅行几年，没什么大不了的。;不用擔心我！+我只是出去旅行幾年，沒什麼大不了的。;Beachtet mich gar nicht! Ich bin nur für ein paar Jahre zu Besuch, nichts Endgültiges.;Не обращайте внимания! Я просто пришел погостить пару лет, ничего особенного.;Non fate caso a me! Sono solo in visita, per un paio di anni al massimo. Niente di definitivo.;Não ligue para mim! Ficarei apenas alguns anos, nada definitivo.;;;;;;;;;;;;;;;;;;;;;;;;;;;;;;;;;;;;;;;;;;;;;;;;;
410;rival;My dear brother-in-law! Should we arrange a wedding between your son and my daughter?;Pek sevgili kayınbiraderim! Oğlun ve kızımı nişanlayalım mı, ne dersin?;Mon cher beau-frère ! Et si nous organisions un mariage entre nos enfants ?;¡Cuñado mío! ¿Qué te parece si organizamos una boda entre nuestros hijos?;義兄上のご子息と私の娘を、+結婚させてはどうでしょう？;매형의 아드님과 제 딸을 결혼시키는 건 어떻겠습니까?;我亲爱的连襟，+我们是不是该准备下你儿子和我女儿的婚礼了？;我親愛的連襟，+我們是不是該準備下你兒子和我女兒的婚禮了？;Lieber Schwager! Sollen wir eine Hochzeit zwischen Eurem Sohn und meiner Tochter arrangieren?;Мой дорогой сводный брат! Почему бы нам не организовать свадьбу твоего сына и моей дочери?;Mio amato cognato! Che ne dici di un bel matrimonio tra tuo figlio e mia figlia?;Meu querido meio-irmão! Que tal um casamento entre seu filho e minha filha?;;;;;;;;;;;;;;;;;;;;;;;;;They're cousins;İkisi kuzen;Ils sont cousins;Son todos primos;いとこ同士ではないか…;사촌끼리잖은가...;他们可是表兄妹啊;他們可是表兄妹啊;Sie sind Cousin und Cousine;Они двоюродные брат и сестра;Sono cugini;Eles são primos;;;;;;;;;;;;;
411;rival;I don't see your point. But, here, let me add to the dowry.;Yani? Dur, çeyize katkıda bulunayım.;Je ne vois pas le problème. Enfin, voici de quoi arrondir la dot.;Yo no veo ningún problema... En fin, y ésto para la dote.;だからなんだと？+持参金の額がご不満なら、+ほら、このとおり、たっぷり弾みましょう。;그래서, 뭐라고요?  지참금의 액수가 불만이라면... 자. 더 드리지요.;我没懂你的意思。+但是，看呀，我又添加了些嫁妆。;我沒懂你的意思。+但是，看呀，我又添加了些嫁妝。;Darin sehe ich kein Problem. Aber hier, ich will etwas zur Mitgift beisteuern.;Ну и что такого? Подожди, у меня есть кое-что в приданое.;Non capisco il problema. Ecco, lascia che contribuisca alla dote.;Não entendo. Mas posso aumentar o dote.;;;;;;;;;;;;;;;;;;;;;;;;;;;;;;;;;;;;;;;;;;;;;;;;;
412;rival;Brother, you have a lovely castle. If somewhat a little bit... smallish. ;Biraderim, kalen de ne güzelmiş. Gerçi birazcık... küçük...;Mon cher beau-frère, ton château a beaucoup de caractère. Même s'il est un peu petit.;Mi querido cuñado, tu castillo tiene mucha personalidad. Aunque es un poco pequeño.;義兄上の城は見事ですが…+少々小さすぎはしませんか。;매형의 성은 훌륭하긴 한데... 좀 작지 않습니까.;兄弟，你的城堡真的很秀丽啊。+除了有那么一点点……小。;兄弟，你的城堡真的很秀麗啊。+除了有那麼一點點……小。;Lieber Schwager, Ihr habt eine hübsche Burg. Auch wenn sie etwas ... klein geraten ist.;Брат, у тебя приятный замок. Разве что немного… маловат.;Fratello, il tuo castello è notevole. Forse solo un tantino… piccolo.;Irmão, que castelo adorável. Apesar de ser... meio pequeno.;I have plans to enlarge it;Genişletmeyi planlıyorum;Je vais l'agrandir;Voy a hacer una ampliación;近々増築する予定だ;곧 증축할 예정이라네.;我有意对它进行扩建;我有意對它進行擴建;Ich plane, sie zu vergrößern;Я думал его расширять;Intendo ingrandirlo;Planejo aumentá-lo;;;;;;;;;;;;;It's perfect as it is;Olduğu şekliyle güzel;Il est parfait merci;A mí me parece perfecto;なにも不足はない;부족한 것은 없네.;它现在这样挺好;它現在這樣挺好;Sie ist perfekt, wie sie ist;Нет, он в самый раз;È perfetto così com'è;É do tamanho ideal;;;;;;;;;;;;;
413;nobleman;A fat guy with a fake beard and a red coat is giving gifts to random children in the streets.;Sahte bir sakal ve kırmızı bir palto giyen şişko bir adam sokakta çocuklara hediyeler dağıtıyor.;Un gros avec une fausse barbe et un manteau rouge donne des cadeaux à des enfants dans la rue.;Un tipo gordo con una barba falsa y un abrigo rojo está repartiendo regalos a los niños en la calle.;つけひげをつけて赤い衣を着た+太った男が、街の子供たちに贈り物を+配り歩いております。;수염을 달고 붉은 옷을 입은 뚱보가  도시 아이들에게 선물을 나눠주고 있습니다.;一个带着假胡子穿着红大衣的胖子+正在大街上给孩子们发礼物呢。;一個帶著假鬍子穿著紅大衣的胖子+正在大街上給孩子們發禮物呢。;Ein dicker Kerl mit falschem Bart und rotem Mantel verteilt auf der Straße wahllos Geschenke an Kinder.;Толстый мужик с накладной бородой в красном костюме раздает всем детям подарки.;Un uomo grasso con una barba finta e un cappotto rosso sta elargendo doni ai bambini nelle strade.;Um gordo com barba falsa e roupa vermelha está dando presentes para crianças na rua.;Executioner!;Cellat!;Bourreau !;¡Verdugo!;処刑人！;사형집행인!;处刑人！;處刑人！;Henker!;Палач!;Boia!;Carrasco!;;;;;;;;;;;;;Not my concern;Beni ilgilendirmez;Pas mon problème;No es mi problema;だからなんだ;그래서 뭔가.;与我无关;與我無關;Nicht mein Problem;Да мне все равно;Non è un mio problema;Sem problemas;;;;;;;;;;;;;
414;executioner;How did you know it was me? I just wanted to spread some hugs, love and a lot of sweets.;Benim olduğumu nereden anladınız? Sadece sevgi, şefkat ve bolca şeker dağıtmak istedim.;Comment vous avez deviné ? Je voulais juste donner des câlins, de l'amour et des bonbons.;¿Cómo lo habéis adivinado? Yo solo quería repartir caricias, amor y caramelos.;なぜ私だとおわかりに？+私はただ、子供たちにおいしいお菓子と愛を+与えたかっただけです。;저인지 어떻게 아셨습니까?  전 그저 아이들을 안아주고,  맛있는 과자와 사랑을 주고 싶었을 뿐입니다.;你是怎么知道那是我的呢？+我只是想要传播一些拥抱，爱和很多的糖果而已。;你是怎麼知道那是我的呢？+我只是想要傳播一些擁抱，愛和很多的糖果而已。;Woher wusstet Ihr, dass ich es bin? Ich wollte bloß ein paar Umarmungen, Liebe und viel Süßes verteilen.;Как вы узнали, что это я? Я просто хотел подарить немного обнимашек, любви и раздать конфет.;Come sapevate che ero io? Volevo solo donare abbracci, affetto e tanti dolcetti.;Como sabia que era eu? Só queria espalhar abraços, amor e alguns doces.;You're weird;Tuhafsın;Tu es bizarre;Qué raro eres;変わり者め;이상하군.;你真是捉摸不透;你真是捉摸不透;Ihr seid schräg;Странный ты;Che strano che sei;Você é estranho;;;;;;;;;;;;;You will have to pay;Bedelini ödeyeceksin;Tu vas payer;Vas a tener que pagar por esto;責任を取れ;책임지게.;你得付钱;你得付錢;Dafür werdet Ihr bezahlen;Придется заплатить;Dovrai pagare;Terá que pagar;;;;;;;;;;;;;
415;executioner;I can't execute myself, can I? So I will just carry on.;Kendi kendimi infaz edemem, değil mi? Deam edeyim bu durumda.;Je vais pas m'exécuter moi-même, si ? Donc je vais continuer.;No voy a ejecutarme yo mismo, ¿no? Así pues, continúo.;自分を処刑することはできません。+ですから、やめるつもりはありません。;저 자신을 처형할 수는 없지요. 그러니 그만 둘 생각은 없습니다.;我不能给自己行刑，对吧？+所以我还是要继续当行刑人的。;我不能給自己行刑，對吧？+所以我還是要繼續當行刑人的。;Ich kann mich schlecht selbst hinrichten, oder? Also mache ich einfach weiter.;Я же не могу сам себя казнить? Так что я, пожалуй, не стану.;Ora, non posso giustiziare me stesso, no? Dunque continuerò.;Não posso executar a mim mesmo, então continuarei.;;;;;;;;;;;;;;;;;;;;;;;;;;;;;;;;;;;;;;;;;;;;;;;;;
416;queen;My family laughs at the size of our castle. We should build a bigger palace!;Ailem kalemizin boyutuna gülüyor. Daha büyük bir saray inşa edelim!;Ma famille rit de la taille de notre château. Nous devrions en construire un plus grand !;Mi familia se burla del tamaño de nuestro castillo. ¡Deberíamos construir uno más grande!;故郷の親族は、この城が小さいと言って+ばかにしています。+もっと大きなお城を建てましょう！;고향의 친척이 이 성이 작다며 절 무시합니다.  더 큰 성을 건설해요!;我的家族嘲笑我们的城堡太小。+我们应该建一所更大的皇宫！;我的家族嘲笑我們的城堡太小。+我們應該建一所更大的皇宮！;Meine Familie lacht über die Größe unserer Burg. Wir sollten einen größeren Palast bauen!;В моей семье смеются над размерами нашего замка. Нужно построить дворец побольше!;La mia famiglia ride delle dimensioni di questo castello. Dovremmo costruire un palazzo più imponente!;Minha família zomba do tamanho do nosso castelo. Vamos construir um palácio maior!;;;;;;;;;;;;;;;;;;;;;;;;;;;;;;;;;;;;;;;;;;;;;;;;;
417;nobleman;You are so clever my Lord, you are an example to all of us.;Lordum pek zekisiniz, hepimize örnek oluyorsunuz.;Vous êtes si doué Monseigneur, vos vertus sont un exemple pour chacun d'entre nous.;Sois tan listo, Señor Mío... Vuestras virtudes son un ejemplo para cada uno de nosotros.;陛下は大変賢い。+陛下はわれわれの手本です。;폐하는 매우 현명하십니다. 저희의 본보기죠.;您真是太聪明了，陛下。+您是我们所有人的榜样。;您真是太聰明了，陛下。+您是我們所有人的榜樣。;Ihr seid so klug, Majestät, Ihr seid uns allen ein Beispiel.;Вы так умны, милорд, мы все берем с вас пример.;Siete così intelligente, Sire, un esempio per tutti noi.;Sábio senhor, és um exemplo para todos nós.;;;;;;;;;;;;;;;;;;;;;;;;;Get to the point;Özet geç;Venez-en au fait;Al grano, por favor;用件を言え;용건을 말하게.;有话快说;有話快說;Kommt zur Sache;Давайте к делу;Venite al punto;Fale logo;;;;;;;;;;;;;
418;nobleman;I have a request. We gained a large mountainous land on the Eastern border. Would you consider giving it to me?;Bir ricam olacaktı. Doğu sınırında genişçe bir dağ arazisi kazandık. Bunu bana vermeyi düşünür müydünüz?;J'ai une requête. Nous avons envahi une grande région montagneuse dans l'Est. Puis-je en être le gouverneur ?;Tengo una petición. Hemos invadido una gran región montañosa en el Este. ¿Puedo ser el gobernador?;実は陛下にお願いがあるのです。+東の国境付近に広がる広大な山岳地帯が、+わが国のものとなりました。+そこを私の領地にしていただきたい。;사실 폐하에게 부탁이 있습니다.  동쪽 국경 부근에 펼쳐진 광대한 산악지대를  저희가 점령했습니다. 그곳을 제 영지로 주십시오.;我有一个请求。+我们在东部边境的山区获得了一大片土地，+您能考虑让我治理么？;我有一個請求。+我們在東部邊境的山區獲得了一大片土地，+您能考慮讓我治理麼？;Ich habe eine Bitte. Würdet Ihr mir die große, gebirgige Gegend an der Ostgrenze als Lehen geben?;У меня просьба. Мы захватили обширную территорию в горах у восточной границы. Может, отдадите ее мне?;Abbiamo ottenuto una vasta terra montuosa ai confini orientali. Prendereste in considerazione l'ipotesi di darla a me?;Tenho um pedido. Adquirimos terras montanhosas nas fronteiras do leste. Pode dá-las a mim?;;;;;;;;;;;;;;;;;;;;;;;;;;;;;;;;;;;;;;;;;;;;;;;;;
419;diplomat;The mountainous region near the Eastern border is unlawful and unruly.;Doğu sınırına yakın olan dağlık bölge düzensiz ve usulsüz.;La région montagneuse à l'Est accepte mal l'autorité de Votre Altesse.;La región montañosa del Este acepta mal la autoridad de Vuestra Alteza.;東の国境付近の山岳地帯は、+無法者がはびこり荒れ果てております。;동쪽 국경 부근의 산악지대는 무법자가 횡행하여 황폐합니다.;东部边境附近的山区+是个既不遵守法律又不听规矩的地区。;東部邊境附近的山區+是個既不遵守法律又不聽規矩的地區。;Die gebirgige Gegend an der Ostgrenze ist unruhig und gesetzlos.;В горном регионе у восточной границы царит беззаконие и бушуют беспорядки.;La regione montuosa vicino al confine orientale mal accetta l'autorità di Vostra Maestà.;A região montanhosa perto da fronteira leste é perigosa e desregrada.;What are the options?;Seçeneklerimiz neler?;Que faire ?;¿Y qué hacemos?;策はあるか？;방법은 있는지?;有什么选择呢？;有什麼選擇呢？;Was können wir tun?;И какие у нас варианты?;Che facciamo?;Há opções?;;;;;;;;;;;;;I don't care;Umrumda değil;Je m'en fiche;Me resbala;捨て置け;내버려 둬.;我不关心;我不關心;Ist mir egal;Мне все равно;Non me ne importa;Não ligo;;;;;;;;;;;;;
420;merchant;We could appoint <nobleman> to govern that region. And make him pay for the privilege.;O bölgeyi yönetmesi için <nobleman> atanabilir. Bu ayrıcalığın karşısında da bedelini öder.;Nous pourrions demander à <nobleman> de prendre la tête de la région. Et lui faire payer ce privilège.;Podríamos pedirle a <nobleman> que gobierne la región. Y hacerle pagar por el privilegio.;<nobleman>を領主に任命し、+あの地を治めさせてはいかがでしょう？+むろん、それなりの対価も支払わせます。;<nobleman>을 영주로 임명하여 그 땅을 다스리게 하시겠습니까? 물론 그만한 대가도 지불한다는군요.;我们可以任命<nobleman>去管理那个山区。+让他定期上贡就好了。;我們可以任命<nobleman>去管理那個山區。+讓他定期上貢就好了。;Wir könnten <nobleman> als Regenten einsetzen. Und ihn für das Privileg bezahlen lassen.;<nobleman> может быть назначен правителем этого региона. А вы потребуете с него плату за это.;Potremmo demandare a <nobleman> il governo della regione. E fargli pagare il privilegio.;Podemos nomear <nobleman> como governador. E fazê-lo pagar pelo privilégio.;;;;;;;;;;;;;;;;;;;;;;;;;;;;;;;;;;;;;;;;;;;;;;;;;
421;nobleman;I accept Sire. It's a great honor to bring your rule to that savage country.;Kabul ediyorum, Efendim. Bu vahşi topraklara hakimiyetinizi getirmek büyük bir şereftir.;J'accepte Sire. C'est un grand honneur d'être votre représentant dans cette région indomptée.;Acepto Señor. Es un gran honor ser vuestro representante en esta región inhóspita.;謹んでお受けいたします。+未開の地を陛下の名代として+治めることができ、光栄の至りです。;삼가 받들겠습니다.  미개척지를 폐하의 이름으로 다스릴 수 있어 영광스럽습니다.;我同意了，陛下。+能够把您的规矩+带去那个蛮荒的乡下，+我感到十分荣幸。;我同意了，陛下。+能夠把您的規矩+帶去那個蠻荒的鄉下，+我感到十分榮幸。;Einverstanden, Majestät. Es ist eine große Ehre, Eure Herrschaft in dieses wilde Land zu bringen.;Я согласен, сир. Для меня великая честь править в этой дикой стране.;Accetto, Maestà. È un grande onore portare la vostra legge in quella terra selvaggia.;Eu aceito, senhor. Será uma honra levar seu governo a um território selvagem.;Be strong;Metin ol;Soyez dur;Mano dura;厳しく治めろ;엄격히 통치하게.;手段要强硬;手段要強硬;Seid stark;Будьте жестким;Siate forte;Seja firme;;;;;;;;;;;;;Be fair;Adil ol;Soyez juste;Sed justo;公平に治めろ;공평하게 하게.;一定要公平;一定要公平;Seid gerecht;Будьте справедливым;Siate giusto;Seja justo;;;;;;;;;;;;;
422;diplomat;Thanks to <nobleman>'s actions, the mountainous region is now corrupt as well as unruly.;<nobleman> ve eylemleri sayesinde, dağlık bölge artık hem usulsüz hem de yozlaşmış.;Grâce aux actions de <nobleman>, la région de l'Est est maintenant corrompue en plus d'être dangereuse. ;Gracias a <nobleman>, la región del Este está ahora no solo corrupta sino también asalvajada.;<nobleman>に治めさせた結果、+山岳地帯には不正がはびこり、+ますます荒れ果ててしまいました。;<nobleman>에게 산악지대를 맡긴 결과  비리도 만연하고 황폐하기 짝이 없군요.;多亏<nobleman>的治理，+山区现在既腐败又难以控制。;多虧<nobleman>的治理，+山區現在既腐敗又難以控制。;Dank <nobleman> ist die gebirgige Gegend jetzt korrupt und gefährlich.;<nobleman> привел регион к тому, что обстановка накалилась и теперь там правит коррупция.;Grazie alle azioni di <nobleman>, la regione montuosa non è più solo insubordinata, ma anche corrotta.;Graças a <nobleman>, a região montanhosa se tornou corrupta e desregrada.;That was quick;Amma hızlı oldu;Ça n'a pas tardé;No ha tardadomucho;あっという間だったな…;순식간이군...;真是动作迅速;真是動作迅速;Das ging ja schnell;Быстро он;Non ha perso tempo;Que rápido;;;;;;;;;;;;;Call him back;Geri çağırın;Rappelez-le;Llamadle;やつを呼び戻せ;불러들여라.;召回他;召回他;Ruft ihn zurück;Отозвать его;Richiamatelo;Faça-o retornar;;;;;;;;;;;;;
423;general;<nobleman> is at the head of a large horde of half-bandits. Should I send the army?;<nobleman> genişçe bir haydut ordusuna liderlik ediyor. Orduyu göndereyim mi?;<nobleman> est à la tête d'une importante cohorte de soldats à moitié bandits. Dois-je envoyer l'armée ?;<nobleman> está a la cabeza de una horda de soldados bandidos. ¿Debo enviar las tropas?;現在<nobleman>は、+大規模な山賊団の頭目として+君臨しております。兵を派遣しますか？;현재 <nobleman>은 대규모 산적단의 우두머리로 군림하고 있습니다. 군사를 파견하시겠습니까?;<nobleman>现在是一个大强盗部落的头头，+我们要派军队镇压吗？;<nobleman>現在是一個大強盜部落的頭頭，+我們要派軍隊鎮壓嗎？;<nobleman> steht an der Spitze einer großen Banditenhorde. Soll ich die Armee entsenden?;<nobleman> теперь возглавляет орду головорезов. Послать армию?;<nobleman> è a capo di una grossa orda di mezzi banditi. Devo mandare l'esercito?;<nobleman> lidera uma horda de bandidos. Deseja enviar o exército?;;;;;;;;;;;;;;;;;;;;;;;;;;;;;;;;;;;;;<i>After that decision, chaos ensued in the Eastern baronies, again.</i> ;<i>Bu kararın ardından, Doğu baronluklarında yeniden kaos hakim.</i>;<i>Suite à cette décision, le chaos envahit les baronnies de l'Est, à nouveau.</i>;<i>Después de esta decisión, el caos invade de nuevo los ducados del este.</i>;<i>王の判断の結果、+東部は再び混乱に陥った。</i>;<i>왕의 판단 결과 동부는 다시 혼란에 빠졌다. </i>;<i>（这次决议之后，+混乱很快就再次降临了东部男爵领。）</i>;<i>（這次決議之後，+混亂很快就再次降臨了東部男爵領。）</i>;<i>Nach dieser Entscheidung brach in den Baronien des Ostens wieder Chaos aus.</i>;<i>Это решение привело к тому, что Восточные баронства снова погрузились в хаос.</i>;<i>In seguito a questa decisione, il caos dilaga nuovamente nelle baronie dell'Est.</i>;<i>Depois da decisão, o caos se reinstaurou nas fronteiras do leste.</i>;
424;nobleman;I surrender! Let me live and I will tell you where the bandits' treasure is.;Teslim oluyorum! Canımı bağışlayn, size haydutların hazinesinin nerede olduğunu söyleyeyim.;Je me rends ! Laissez-moi vivre et je vous dirai où se trouve le trésor des bandits.;¡Me rindo! Dejadme vivir y os diré dónde se encuentra el tesoro de los bandidos.;降伏します、陛下！+命をお助けくださるなら、+山賊の宝のありかを教えましょう。;항복하겠습니다, 폐하!  목숨만 살려주신다면 산적의 보물이 있는 곳을 알려드리지요.;我投降！+放我一条生路，+我会告诉您强盗的宝藏在哪。;我投降！+放我一條生路，+我會告訴您強盜的寶藏在哪。;Ich ergebe mich! Lasst mich am Leben, und ich sage Euch, wo der Schatz der Banditen ist.;Я сдаюсь! Сохраните мне жизнь и я скажу, где сокровища бандитов.;Mi arrendo! Lasciatemi vivere e Vi rivelerò dove si trova il tesoro dei banditi.;Eu me rendo! Deixe-me viver, e eu direi onde os bandidos guardam o tesouro.;;;;;;;;;;;;;<i>It was apparently a very small treasure.</i>;<i>Meğer pek küçük bir hazineymiş.</i>;<i>C'était un tout petit trésor.</i>;<i>Era un tesoro muy pequeño.</i>;<i>宝は、ほんのわずかだった。</i>;<i>보물은 보잘 것 없는 수준이었다. </i>;<i>（显然这笔财富数额不大。）</i>;<i>（顯然這筆財富數額不大。）</i>;<i>Offenbar war es ein sehr kleiner Schatz.</i>;<i>Не самое большое сокровище.</i>;<i>Si trattava di un tesoro molto piccolo.</i>;<i>Era um tesouro bem pequeno, aparentemente.</i>;;;;;;;;;;;;;;;;;;;;;;;;;
425;queen;You don't even care about your people.;Halkın umrunda bile değil.;Vous vous fichez pas mal de votre peuple.;A vos el pueblo os importa un comino.;陛下には、民を守ろうというお気持ちは+おありですか？;폐하께서는 백성을 전혀 신경쓰지 않으시는군요.;您甚至不关心您的子民。;您甚至不關心您的子民。;Euer Volk ist Euch doch völlig gleichgültig.;Тебе плевать даже на свой народ.;Non ve ne importa nulla del Vostro popolo.;Você nem liga para o povo.;;;;;;;;;;;;;;;;;;;;;;;;;;;;;;;;;;;;;;;;;;;;;;;;;
426;queen;And that's it? That's everything you have to say on the subject?;Bu kadar mı? Bu konuda söyleyeceklerin bitti mi?;C'est tout ce que vous avez à dire sur le sujet ?;¿Eso es todo lo que tenéis que decir al respecto?;それだけ？他に言うことはないのですか？;그것 뿐이십니까? 따로 하실 말은 없으시고?;就是这样？+这就是您在这个问题上要说的一切吗？;就是這樣？+這就是您在這個問題上要說的一切嗎？;Und das ist alles? Mehr habt Ihr zu dem Thema nicht zu sagen?;И все? Тебе больше по делу нечего сказать?;Tutto qui? È tutto quello che avete da dire a riguardo?;É só isso que você tem a dizer?;;;;;;;;;;;;;;;;;;;;;;;;;State affairs;Devlet işleri;Affaires d'état;Asuntos de Estado;政治に口を出すな;정치에 끼어들지 말게.;国家事务;國家事務;Staatsangelegenheiten;Государственные дела;Affari di stato;São assuntos do governo;;;;;;;;;;;;;
427;executioner;I would like to spend some time studying horticulture at the school.;Okulda biraz zaman geçirip bahçıvanlık öğrenmek isterim.;Je voudrais pouvoir étudier l'horticulture à l'école.;Me gustaría estudiar horticultura en el colegio.;しばらく休暇をいただけませんか。+学校で園芸を学びたいのです。;잠시 휴가를 주십시오. 학교에서 원예를 배우고 싶습니다.;我想花些时间去学校学习园艺。;我想花些時間去學校學習園藝。;Ich würde gern für einige Zeit Gartenbau an der Schule studieren.;Я хочу пойти в школу учиться на садовода.;Mi piacerebbe avere la possibilità di frequentare la scuola per studiare orticoltura.;Eu queria estudar horticultura na escola.;;;;;;;;;;;;;;;;;;;;;;;;;;;;;;;;;;;;;;;;;;;;;;;;;
428;farmer;My Lord, the wolves are eating our children. Can we hunt them?;Lordum, kurtlar çocuklarımızı yutuyor. Kurtları avlayabilir miyiz?;Monseigneur, les loups dévorent nos enfants. Pouvons-nous les chasser ?;Señor, los lobos se comen a nuestros hijos. ¿Podemos darles caza?;子供たちが狼に襲われています。+われわれで退治してもよろしいでしょうか。;아이들이 늑대에게 습격당하고 있습니다.  저희가 퇴치해도 되겠습니까?;陛下，那群恶狼正在吃掉我们的子民。+我们能去猎杀它们吗？;陛下，那群惡狼正在吃掉我們的子民。+我們能去獵殺它們嗎？;Majestät, die Wölfe fressen unsere Kinder. Dürfen wir sie jagen?;Милорд, волки пожирают наших детей. Мы можем начать на них охоту?;Mio Signore, i lupi divorano i nostri bambini. Possiamo cacciarli?;Senhor, lobos estão atacando as crianças. Podemos caçá-los?;I will hunt them myself!;Hepsini kendim avlayacağım!;Je m'en occupe !;Ya me encargo yo;余が退治してやろう！;짐이 직접 몰아내지!;我要亲手捕猎他们！;我要親手捕獵他們！;Ich werde sie selbst jagen!;Я лично этим займусь!;Darò loro la caccia personalmente!;Eu mesmo os caçarei!;;;;;;;;;;;;;You're bluffing;Yalan söylüyorsun;Vous bluffez;Os estáis tirando un farol;どうせはったりであろう;허풍 떨지 말게.;你在唬人;你在唬人;Das täuscht Ihr doch nur vor;Ты преувеличиваешь;State bluffando;É um blefe;;;;;;;;;;;;;
429;farmer;The river Drop is dry again. We should build a dam.;Damla nehri yine kurumuş. Baraj inşa etmeliyiz.;La rivière Goutte est à nouveau à sec. Nous devrions construire un barrage.;El río Gota está seco otra vez. Deberíamos construir un pantano.;しずく川がまた干上がってしまいました。+どうかダムを建設してください。;물방울 강이 또 말라 버렸습니다. 댐을 건설해야 합니다.;多普河又干涸了。+我们应该建个大坝。;多普河又乾涸了。+我們應該建個大壩。;Der Tropfenfluss ist wieder ausgetrocknet. Wir sollten einen Damm bauen.;Река Капля снова пересохла. Нам нужно построить плотину.;Il torrente Goccia è di nuovo asciutto. Dobbiamo costruire una diga.;O rio Pingo secou. Deveríamos construir uma barragem.;;;;;;;;;;;;;;;;;;;;;;;;;;;;;;;;;;;;;;;;;;;;;;;;;
430;diplomat;This dam will limit the Viking's access to water. Are you sure you want to proceed?;Bu baraj, Vikinglerin suya erişimini kısıtlayacak. Devam etmek istediğinizden emin misiniz?;Ce barrage va limiter l'accès en eau des Vikings. Êtes-vous sûr de vouloir le construire ?;Este pantano va a limitar el acceso de los vikingos al agua. ¿Estáis seguro de querer construirlo?;ダムを建設すれば、+バイキングは川を移動できなくなります。+本当によろしいですか？;댐을 건설하면 바이킹들이 강을 이용할 수 없게 됩니다. 계속하시겠습니까?;大坝会影响维京人获取用水。+您确定要建大坝吗？;大壩會影響維京人獲取用水。+您確定要建大壩嗎？;Durch diesen Damm werden die Wikinger weniger Wasser haben. Wollt Ihr wirklich fortfahren?;Плотина перекроет викингам воду. Вы уверены, что хотите это сделать?;Questa diga limiterà l'accesso dei Vichinghi all'acqua. Siete sicuro di voler procedere?;Essa barragem limitará o acesso dos vikings à água. Deseja construir mesmo assim?;;;;;;;;;;;;;;;;;;;;;;;;;;;;;;;;;;;;;;;;;;;;;;;;;
431;farmer;We found gold in the river bed! What do you want to do with the income?;Nehir yatağında altın bulduk! Bu parayı ne yapalım?;On a trouvé de l'or dans le lit de la rivière ! Qu'est ce qu'on en fait ?;¡Hemos encontrado agua en el lecho del río! ¿Qué hacemos con él?;川底から砂金がとれました！+陛下、臨時収入ですよ！;강바닥에서 사금을 채취했습니다!  폐하, 이 수입으로 무엇을 하시겠나이까?;我们在河床下发现了黄金！+您打算用这笔收入做什么？;我們在河床下發現了黃金！+您打算用這筆收入做什麼？;Wir haben Gold im Flussbett gefunden! Was soll mit den Einkünften geschehen?;Мы нашли золото на дне реки! Что будем делать с доходом?;Abbiamo trovato l'oro nel letto del fiume! Cosa volete farne?;Encontramos ouro na bacia do rio! O que fazer com a renda?;Let's share it;Paylaşalım;Partageons;Compartámosla;皆で分けよ;모두에게 나누어주게.;我们共同分享;我們共同分享;Teilen wir sie uns;Разделим его;Condividiamolo;Vamos compartilhar;;;;;;;;;;;;;It's mine!;Benim!;C'est à moi !;¡Es toda mía!;すべて余のものだ！;모두 짐의 것이다!;是我的！;是我的！;Alles meins!;Он принадлежит мне!;Tutto mio!;É minha!;;;;;;;;;;;;;
432;farmer;A new farming technique has considerably improved the harvest! What do you want to do with this income?;Yeni bir çiftçilik tekniği sayesinde hasat arttı! Bu gelirle ne yapmak istersiniz?;Une nouvelle technique agricole a considérablement amélioré la récolte. On a plein de sous.;Una nueva técnica agrícola ha mejorado considerablemente la cosecha. Nos sobra el dinero.;最新の農耕技術のおかげで、+今年は大豊作でした！+余ったお金はどうしましょう？;최신 농업기술 덕택에 올해는 풍작이었습니다!  여유분은 어떻게 할까요?;一项新农业技术显著地提升了收成！+您打算用这笔收入做什么？;一項新農業技術顯著地提升了收成！+您打算用這筆收入做什麼？;Durch neue landwirtschaftliche Methoden hatten wir eine bessere Ernte! Was soll mit den Einkünften geschehen?;Новые сельскохозяйственные технологии значительно увеличили урожайность! Что делать с доходом?;Una nuova tecnica agricola sta migliorando considerevolmente i raccolti! Cosa volete fare del guadagno?;Uma nova técnica de plantio melhorou nossa colheita! O que fazer com a renda?;Let's share it;Paylaşalım;Partageons;Compartámoslo;皆で分けよ;모두에게 나누어주게.;我们共同分享;我們共同分享;Teilen wir sie uns;Разделим его;Condividiamolo;Vamos compartilhar;;;;;;;;;;;;;It's mine!;Benim!;C'est à moi !;¡Es todo mío!;すべて余のものだ！;모두 짐의 것이다!;是我的！;是我的！;Alles meins!;Он принадлежит мне!;Tutto mio!;É minha!;;;;;;;;;;;;;
433;nobleman;People think you're a good King! We should tax them more.;Halkımız sizin iyi bir Kral olduğunuzu düşünüyor! Onlardan daha fazla vergi alalım.;Les gens pensent que vous êtes un bon Roi ! Nous devrions augmenter leurs impôts.;¡La gente cree que sois un buen rey! Deberíamos subir los impuestos.;陛下は国民に愛されています。+増税のチャンスですよ。;폐하는 국민에게 사랑받고 계십니다. 증세할 기회입니다.;人民认为您是个好国王！+我们应当向他们征更多的税。;人民認為您是個好國王！+我們應當向他們征更多的稅。;Die Leute halten Euch für einen guten König! Wir sollten die Steuern erhöhen.;Народ считает, что вы хороший король! Нужно повысить налоги.;Il popolo vi reputa un buon Re! Dovremmo imporre meno tasse.;As pessoas gostam de você como Rei! Aumente os impostos!;;;;;;;;;;;;;;;;;;;;;;;;;;;;;;;;;;;;;;;;;;;;;;;;;
434;farmer;The miners are refusing to dig in the mine. They want a raise.;Madenciler maden kazmayı reddediyor. Maaş artışı istiyorlarmış.;Les mineurs refusent de creuser plus profondément. Ils veulent être augmentés.;Los mineros se niega a cavar más profundo. Exigen un aumento.;鉱山の作業員たちが賃上げを要求し、+働こうとしません。;광산 노동자들이 임금인상을 요구하며 파업중입니다.;矿工拒绝继续在矿井里挖矿了，+他们想要涨工资。;礦工拒絕繼續在礦井裏挖礦了，+他們想要漲工資。;Die Bergleute weigern sich, tiefer zu graben. Sie wollen mehr Geld.;Шахтеры отказываются спускаться в шахту. Они хотят прибавки.;I minatori si rifiutano di scavare oltre. Vogliono un aumento.;Os mineradores não querem trabalhar. Eles pedem aumento.;;;;;;;;;;;;;;;;;;;;;;;;;;;;;;;;;;;;;;;;;;;;;;;;;
435;monk;A fine company of your drunken soldiers ransacked an abbey. We want justice!;Birtakım sarhoş askerleriniz bir manastırı talan etti. Adalet istiyoruz!;Une bande de vos maudits soldats a mis à sac une abbaye. Nous voulons que justice soit faite !;Algunos de vuestros soldados han saqueado la abadía. ¡Exigimos justicia!;酔った兵士たちが修道院を襲い、+金目の物を奪っていきました。+陛下、しかるべき制裁を！;술취한 군인들이 수도원을 습격해 황금눈의 보물을 빼앗아갔습니다. 폐하, 합당한 벌을 내려 주십시오!;一大群喝得醉醺醺的士兵洗劫了修道院。+正义何在？！;一大群喝得醉醺醺的士兵洗劫了修道院。+正義何在？！;Ein heiteres Grüppchen Eurer betrunkenen Soldaten hat ein Kloster geplündert. Wir wollen Gerechtigkeit!;Пьяная компания ваших солдат разорила аббатство. Мы хотим правосудия!;Una distinta compagnia di soldati ubriachi ha saccheggiato un'Abbazia. Vogliamo giustizia!;Um pelotão de soldados bêbados saqueou uma abadia. Queremos justiça!;;;;;;;;;;;;;;;;;;;;;;;;;;;;;;;;;;;;;;;;;;;;;;;;;
436;merchant;The goldsmiths of the capital created a cartel to organize their trade. They want your approval.;Başkentin altın kuyumcuları, mesleklerinin örgütlenmesi için bir ticari birlik kurmuşlar. Onayınızı istiyorlar.;Les orfèvres de la capitale ont créé un cartel pour organiser le commerce. Ils veulent votre accord.;Los orfebres de la capital han creado un consorcio para organizar el comercio. Solicitan nuestra aprobación.;王都の金細工師たちが、商売を+円滑に行うために商業協定を結びました。+あとは陛下に承認をいただくだけです。;수도의 금세공사들이 장사를 원활히 하기 위해 상업협정을 맺었습니다. 폐하가 승인만 해주시면 됩니다.;首都的金匠建立了一个垄断联盟来管理他们的交易。+他们希望得到您的批准。;首都的金匠建立了一個壟斷聯盟來管理他們的交易。+他們希望得到您的批准。;Die Goldschmiede der Hauptstadt haben zur Bündelung des Handels ein Kartell gegründet. Seid Ihr einverstanden?;Столичные ювелиры создали картель для торговли. Они просят вашего одобрения.;Gli orafi della capitale hanno istituito un cartello per organizzare i loro commerci. Vogliono la Vostra approvazione.;Os ourives da capital criaram um cartel para organizar o comércio e querem aprovação.;;;;;;;;;;;;;;;;;;;;;;;;;;;;;;;;;;;;;;;;;;;;;;;;;
437;minstrel;We need money to organize the annual Spring festival. It will be amazing this year.;Yıllık Bahar festivalinin düzenlenmesi için paraya ihtiyacımız var. Bu yıl inanılmaz olacak.;Nous avons besoin d'argent pour organiser le festival du printemps. Il promet d'être fantastique, cette année !;Necesitamos dinero para organizar el festival de primavera. ¡Este año va a ser estupendo!;陛下、春祭りの予算をいただけますか？+今年は例年にも増して+楽しいお祭りになりますよ！;폐하, 봄 축제 예산을 배정해 주시겠습니까?  올해는 예년보다 더욱 즐거운 축제가 될 것입니다!;我们需要更多钱来组织春日庆典。+今年的庆典一定非常令人惊艳。;我們需要更多錢來組織春日慶典。+今年的慶典一定非常令人驚豔。;Wir brauchen Geld, um das jährliche Frühlingsfest zu veranstalten. Dieses Jahr wird es wundervoll!;Нам нужны деньги на Весенний фестиваль. В этом году он будет великолепен.;Ci serve denaro per organizzare l'annuale festival di primavera. Quest'anno sarà fantastico.;Precisamos de dinheiro para organizar o festival da primavera. Será fantástico!;;;;;;;;;;;;;;;;;;;;;;;;;;;;;;;;;;;;;;;;;;;;;;;;;
438;general;A group of people have become enraged and are now hunting witches. Are we allowed to kill if necessary?;Birtakım kişiler öfkelendi ve şimdi de cadı avlıyorlar. Gerekirse öldürmeye izin var mı?;Les habitants d'un quartier de la capitale sont devenus fous et chassent les sorcières. Devons-nous faire usage la force ?;Unos vecinos de la capital se han enfurecido y están cazando brujas. ¿Hace falta recurrir a la fuerza?;一部の民が暴徒化し、+魔女狩りを行っています。+必要とあらば殺してもかまいませんか？;일부 백성이 폭도가 되어 마녀사냥을 하고 있습니다.  필요한 경우 사살해도 되겠습니까?;人们陷入愤怒，正在追猎女巫。+必要的话，我们要准许他们的杀戮吗？;人們陷入憤怒，正在追獵女巫。+必要的話，我們要准許他們的殺戮嗎？;Ein paar wütende Städter machen Jagd auf Hexen. Dürfen wir tödliche Gewalt einsetzen, falls nötig?;Группа людей впала в ярость и охотится на ведьм. Мы можем убивать при необходимости?;Un gruppo di persone inferocite sta dando la caccia alle streghe. Siamo autorizzati a uccidere, se necessario?;Um grupo de pessoas se enfureceu e está caçando bruxas. Podemos matar, caso necessário?;;;;;;;;;;;;;;;;;;;;;;;;;;;;;;;;;;;;;;;;;;;;;;;;;
439;doctor;Apparently this derangement was caused by rye grain poisoning. Should we burn our stocks?;Görünüşe bakılırsa bu akıl hastalığı çadar tahılı zehirlenmesinden kaynaklanmış. Erzaklar yakılsın mı?;Apparemment, cette folie collective est dûe à un empoisonnement du seigle. Faut-il brûler nos réserves ?;Parece que esta locura colectiva se debe a un envenenamiento por centeno. ¿Quemamos nuestras reservas?;民が暴徒化した原因は、+ライ麦の食中毒ですな。+備蓄食糧を焼却処分しますか？;백성이 폭도가 된 원인은 호밀 식중독이군요. 비축해둔 식량을 소각하시겠습니까?;显然，这次狂乱是黑麦中毒造成的。+我们应该烧掉库存吗？;顯然，這次狂亂是黑麥中毒造成的。+我們應該燒掉庫存嗎？;Die Ursache des Aufruhrs war wohl vergifteter Roggen. Sollen wir unsere Getreidevorräte verbrennen?;Очевидно, это помешательство вызвано заражением ржи. Сжечь запасы?;A quanto pare questa improvvisa follia è dovuta ad avvelenamento da segale. Dobbiamo bruciare le scorte?;Aparentemente, a loucura foi causada por intoxicação por centeio. Melhor queimar a safra?;;;;;;;;;;;;;<i>With your stock depleted, there's a reasonable chance your people will starve in the following years.</i>;<i>Erzaklarınız tükendiğinden, halkınızın yakın gelecekte aç kalması ihtimali yüksek.</i>;<i>Sans réserves de seigle, il est probable que votre peuple meure de faim dans les années à venir.</i>;<i>Sin reservas de centeno, es muy probable que vuestro pueblo muera en los próximos años.</i>;<i>食糧の備蓄がなくなった。この先数年は、+民が餓死するリスクが上がるだろう。</i>;<i>비축해둔 식량이 사라졌다. 앞으로 몇 년간 백성이 기근에 처할 위험이 증가할 것이다. </i>;<i>（由于你的粮食储备已经耗尽，+你的臣民有很大几率+在接下来数年将遭受饥荒。）</i>;<i>（由於你的糧食儲備已經耗盡，+你的臣民有很大幾率+在接下來數年將遭受饑荒。）</i>;<i>Ohne Vorräte besteht das Risiko, dass Euer Volk in den kommenden Jahren verhungert.</i>;<i>С исчезновением запасов выросла угроза голода населения в грядущие годы.</i>;<i>Con le scorte decimate, c'è una verosimile possibilità che il Vostro popolo morirà di fame negli anni successivi.</i>;<i>Com o estoque esgotado, há chances de o povo passar fome nos próximos anos.</i>;;;;;;;;;;;;;<i>The poisoning spread and became difficult to control.</i>;<i>Zehirlenme yayıldı ve hakim olması güç bir hal aldı.</i>;<i>L'empoisonnement s'étendit et devint difficile à contrôler.</i>;<i>El envenenamiento se propaga y es muy difícil de controlar.</i>;<i>食中毒の被害は拡大し、+手に負えなくなった。</i>;<i>식중독의 피해가 확대되어 걷잡을 수 없게 되었다. </i>;<i>（中毒事件开始扩散，+事态几近失去控制。）</i>;<i>（中毒事件開始擴散，+事態幾近失去控制。）</i>;<i>Die Vergiftung breitet sich aus und ist schwer einzudämmen.</i>;<i>Заражение распространилось и практически вышло из-под контроля.</i>;<i>L'avvelenamento si diffonde e diventa difficile da controllare.</i>;<i>A intoxicação se espalhou e saiu do controle.</i>;
440;anyone;The people are looking for a scapegoat. They have killed the priest and the general!;Halk günah keçisi arıyor. Rahip ile generali öldürdüler!;Les gens cherchent un responsable ! Ils ont tué le prêtre et le général !;¡La gente busca responsables! ¡Han asesinado al cura y al general!;民は今回の騒ぎを引き起こした責任者として、+国の要人を次々とやり玉に挙げています。+すでに司祭と将軍が殺されました！;백성은 이번 소동을 책임질 희생양을 찾고 있습니다.  이미 사제와 장군이 살해당했습니다!;这些人正在找一只替罪羊。+他们已经杀掉了神父和将军！;這些人正在找一只替罪羊。+他們已經殺掉了神父和將軍！;Jetzt suchen die Leute nach Schuldigen. Sie haben den Priester und den General getötet!;Теперь люди ищут, кто будет за это отвечать. Они убили священника и генерала!;Il popolo è in cerca di un capro espiatorio. Hanno ucciso il sacerdote e il generale!;O povo procura um responsável. Eles mataram o sacerdote e o general!;Send the army!;Orduyu gönderin!;Envoyez l'armée;Enviad el ejército;兵を派遣せよ！;병력을 파견하라!;派遣军队！;派遣軍隊！;Entsendet die Armee!;Послать армию!;Inviate l'esercito!;Envie o exército!;;;;;;;;;;;;;Close the gates!;Kapıları kapatın!;Fermez les portes du château;Cerrad las puertas del castillo;城門を封鎖せよ！;성문을 봉쇄하라!;关上大门！;關上大門！;Schließt die Burgtore!;Закрыть ворота!;Chiudete le porte del castello!;Feche os portões!;;;;;;;;;;;;;
441;farmer;The harvest is a nightmare, people are famished. Please Sire, decrease the taxes.;Hasat berbat, halk açlıktan ölüyor. Lütfen Efendim, vergileri azaltın.;La récolte est un désastre, le peuple est affamé. Je t'en prie Mon Roi, baisse les impôts ou nous mourrons.;La cosecha es un infierno, el pueblo está hambriento. Os lo ruego Mi Rey, bajad los impuestos o moriremos.;今年はひどい凶作で、民は皆飢えています。+どうか税を軽くしてください。;올해는 심한 흉년으로 백성들이 굶주리고 있습니다.  세금을 낮추십시오.;今年的粮食产量低得简直像场噩梦，+人民都快饿死了。+求您了陛下，少收点税吧。;今年的糧食產量低得簡直像場噩夢，+人民都快餓死了。+求您了陛下，少收點稅吧。;Die Ernte war schrecklich, die Leute hungern. Bitte senkt die Steuern, Majestät!;Урожай ужасный, люди голодают. Сир, умоляю, снизьте налоги.;Il raccolto è un disastro, la gente è affamata. Vi prego Sire, diminuite le tasse.;A colheita foi terrível, e o povo passa fome. Senhor, diminua os impostos.;;;;;;;;;;;;;;;;;;;;;;;;;How dare you!;Ne cüret!;Comment oses-tu ?;¿Cómo te atreves?;厚かましい！;뻔뻔하군!;你怎么敢！;你怎麼敢！;Wie könnt Ihr es wagen!;Да как ты смеешь!;Come osi!;Como ousa!;;;;;;;;;;;;;
442;farmer;We found some gold in the mines. Should we try to dig deeper?;Madende bir miktar altın bulduk. Daha derinlere kazmaya çalışalım mı?;Nous avons trouvé de l'or dans les mines. Devons-nous continuer à creuser plus profondément ?;Hemos encontado oro en las minas. ¿Seguimos cavando más abajo?;鉱山で金が見つかりました。+さらに深く掘ってみますか？;광산에서 금이 발견되었습니다. 더 깊이 파 볼까요?;我们在矿井里找到了一些金子。+要往深处再挖点吗？;我們在礦井裏找到了一些金子。+要往深處再挖點嗎？;In den Minen sind wir auf Gold gestoßen. Sollen wir tiefer graben?;Мы нашли золото в шахтах. Копать глубже?;Abbiamo trovato dell'oro nelle miniere. Dobbiamo scavare più a fondo?;Encontramos ouro nas minas. Devemos cavar mais fundo?;;;;;;;;;;;;;;;;;;;;;;;;;;;;;;;;;;;;;;;;;;;;;;;;;
443;farmer;While digging for gold we found the entrance of a strange crypt. A very scary one with ghostly voices and foul smells.;Altın kazısı esnasında tuhaf bir mahzenin girişini bulduk. Mahzen çok korkunç, ruhani sesler ve kötü kokular var.;En creusant pour trouver de l'or nous avons découvert une crypte. Elle est lugubre, elle sent le souffre et résonne des cris des damnés.;Cavando en busca de oro hemos descubierto una cripta. Una muy inquietante, de olor infame, en la que resuenan los gritos de los condenados.;金を探して掘り進んでいたら、+怪しい地下墓所の入り口を見つけました。+中から不気味な声はするし、臭いし…+見るからに恐ろしげな場所なのですが…;금맥을 찾던 중 수상한 지하묘소의 입구를 발견했습니다.  안에서 섬뜩한 소리가 들리고, 냄새가 고약하고...  그냥 보기에도 무시무시한 곳입니다.;在挖金子的时候我们找到了一个奇怪地穴的入口。+地穴里声音诡谲、恶臭四溢，非常可怕。;在挖金子的時候我們找到了一個奇怪地穴的入口。+地穴裏聲音詭譎、惡臭四溢，非常可怕。;Beim Graben nach Gold fanden wir eine seltsame Gruft. Geisterhafte Stimmen und üble Gerüche machen uns Angst.;В поисках золота мы наткнулись на вход в странную крипту. Жуткую, с призрачным шепотом и скверным запахом.;Scavando in cerca di oro abbiamo rinvenuto l'ingresso a una strana cripta. Molto inquietante, con voci spettrali e odori disgustosi.;Ao procurar mais ouro, encontramos a entrada de uma cripta. Escutamos vozes fantasmagóricas de dentro dela...;I will go!;Kendim gideceğim!;J'y vais !;¡Allá voy!;余が入ってみよう！;짐이 가 보겠네!;我会领头进入！;我會領頭進入！;Ich werde hingehen!;Я пойду!;Andrò io!;Eu irei!;;;;;;;;;;;;;Close that right away;Hemen kapatın;Fermez ça tout de suite;Cerradla immediatamente;ただちに封鎖しろ;즉시 봉쇄하라.;快把入口关上;快把入口關上;Versiegelt sie sofort!;Срочно закройте ее.;Chiudetela subito;Feche-a agora mesmo;;;;;;;;;;;;;
444;nobleman;My Lord... <i>(whispering)</i> Would you be interested in a bold enterprise?;Lordum... <i>(fısıldayarak)</i> Cüretkar bir girişim ilginizi çeker miydi?;Monseigneur... <i>(chuchotant)</i> Seriez-vous intéressé par une affaire audacieuse ?;Mi Señor... <i>(susurrando)</i> ¿Estaríais interesado en emprender una empresa audaz?;陛下…ここだけの話ですが…+「事業」に出資されませんか？+当たれば大儲けですよ。;폐하... 저희끼리 하는 이야기인데... "사업"에 투자하시겠습니까?  잘 되면 대박입니다.;陛下……+<i>（窃窃私语）</i>+您会对有风险的计划感兴趣吗？;陛下……+<i>（竊竊私語）</i>+您會對有風險的計畫感興趣嗎？;Majestät ... <i>(flüstert)</i> Wärt Ihr an einem gewagten Geschäft interessiert?;Милорд… <i>(шепотом)</i> Дерзкое дело не интересует?;Mio Signore… <i>(sussurrando)</i> Potrebbe interessarvi un'impresa coraggiosa?;Senhor... <i>(sussurrando)</i> Que tal embarcar em um empreendimento ousado?;;;;;;;;;;;;;;;;;;;;;;;;;;;;;;;;;;;;;;;;;;;;;;;;;
445;nobleman;We could invest in the slave trade. I can guarantee it will keep the treasury afloat.;Köle ticaretine yatırım yapabiliriz. Hazineye katkıda bulunacağını garanti edebilirim.;Nous pourrions investir dans le commerce des esclaves. Je peux vous garantir que le trésor ne sera plus jamais vide.;Podríamos invertir en el comercio de esclavos. Puedo garantizaros que el tesoro de la corona no estará vacío nunca más.;奴隷貿易に出資しましょう。+国庫が潤うこと間違いなしです。;노예무역에 투자하시죠. 국고를 가득 채울 수 있을 겁니다.;我们可以投资奴隶贸易。+我能保证这会让财政部常年有盈余。;我們可以投資奴隸貿易。+我能保證這會讓財政部常年有盈餘。;Wir könnten in den Sklavenhandel investieren. Ich garantiere, dann wären wir immer flüssig.;Мы можем вложиться в работорговлю. Гарантирую, это удержит нашу казну на плаву.;Potremmo investire nel commercio di schiavi. Garantisco che il tesoro non sarà mai più vuoto.;Podemos investir na escravidão... eu garanto que o dinheiro será bem-vindo.;As long as I don't know the details;Ayrıntıları anlatma yeter;Tant que je ne connais pas les détails;Siempre y cuando no me molestes con los detalles;まあ、出資するだけなら…;글쎄, 투자하기만 하는 거라면...;只要我不必被琐事困扰就好;只要我不必被瑣事困擾就好;Solange ich keine Details höre;Пока я не знаю подробностей.;Sempre che non debba sapere i dettagli;Só não quero saber os detalhes;;;;;;;;;;;;;;;;;;;;;;;;;;;;;;;;;;;;;
446;merchant;I visited one of the slave ships. It's... unbearable.;Köle gemilerinden birini ziyaret ettim. Hiç... dayanılacak gibi değil.;Je suis allé sur l'un des vaisseaux négriers. C'est... insoutenable.;He visitado uno de los barcos de esclavos. Es... insoportable.;奴隷船を視察して参りました…+あのような非道な事業、+私はとても看過できません…;노예선을 시찰하고 왔습니다... 그렇게 잔인한 사업은 할 수 없어요...;我参观了一艘奴隶船。+真的是……难以忍受。;我參觀了一艘奴隸船。+真的是……難以忍受。;Ich war auf einem der Sklavenschiffe. Es ist ... unerträglich.;Я побывал на одном из рабовладельческих кораблей. Это… невыносимо.;Ho fatto visita a una nave di schiavi. È… intollerabile.;Eu visitei um navio de escravos. É inaceitável.;I will stop the trade;Köleliği durduracağım;Je vais arrêter le commerce;Voy a detenerel comercio;奴隷貿易から手を引こう;노예무역에서 손을 떼지.;我会停止贸易;我會停止貿易;Ich stelle den Handel ein;Я остановлю торговлю;Fermerò il commercio;Abolirei a escravidão;;;;;;;;;;;;;But it's profitable;Ama kazançlı;Mais ça rapporte;Sigue siendo rentable;儲かるのだから仕方ない;돈벌이니까 어쩔 수 없지.;但是这有利可图;但是這有利可圖;Aber es ist profitabel;Но это выгодно;Ma è redditizio;Mas é lucrativo;<i><merchant> leaves the court shortly afterwards and never comes back.</i>;<i><merchant> çok geçmeden saraydan ayrılıp bir daha asla dönmüyor.</i>;<i><merchant> quitta la cour peu après cet incident et ne revint jamais.</i>;<i>Poco después de este incidente <merchant> abandona la corte para siempre.</i>;<i><merchant>は宮廷を去り、+二度と戻ることはなかった。</i>;<i><merchant>은 궁궐을 떠났고 다시 돌아갈 수 없었다. </i>;<i>（<merchant>不久便离开了宫廷，+再也没有回来。）</i>;<i>（<merchant>不久便離開了宮廷，+再也沒有回來。）</i>;<i><merchant> verlässt den Hof wenig später und kehrt nie mehr zurück.</i>;<i><merchant> вскоре покидает двор и больше не возвращается.</i>;<i>Dopo poco tempo, <merchant> lascia la corte. Non tornerà mai più.</i>;<i><merchant> deixa a corte e nunca mais volta.</i>;
447;executioner;There are too many people to execute! I need help from the army.;İnfaz edilecek çok fazla kişi var! Ordudan yardıma ihtiyacım var.;Il y a trop de condamnés à mort ! J'ai besoin de l'aide de l'armée !;¡Hay demasiados condenados a muerte! ¡Necesito ayuda del Ejército!;死刑囚が多すぎます！+兵にも処刑を手伝わせてください。;사형수가 너무 많습니다! 병사들도 처형을 돕게 하십시오.;有太多人需要处决了！+我需要军队的帮助。;有太多人需要處決了！+我需要軍隊的幫助。;So viele Leute müssen hingerichtet werden! Ich brauche die Hilfe der Armee.;Слишком многих нужно казнить! Мне требуется помощь армии.;Ci sono troppe persone da giustiziare! Mi serve l'aiuto dell'esercito.;Há muitas pessoas para executar! Preciso da ajuda do exército.;;;;;;;;;;;;;;;;;;;;;;;;;;;;;;;;;;;;;;;;;;;;;;;;;
448;executioner;There has been a massive breakout from the prison. We need to organize a search party.;Hapishaneden toplu firar yaşandı. Bir arama ekibi kurmalıyız.;De nombreux prisonniers se sont évadés de la prison. Organisons une battue.;Ha habido una invasión masiva de presos. Organicemos una batida.;牢から大勢の囚人が脱走しました。+捜索隊を出してください。;감옥에서 죄수가 많이 탈출했습니다. 수색대를 보내야만 합니다.;刚刚发生了一场大规模越狱。+我们需要组织一支搜查队。;剛剛發生了一場大規模越獄。+我們需要組織一支搜查隊。;Im Gefängnis gab es einen großen Ausbruch. Wir müssen einen Suchtrupp organisieren.;Произошел массовый побег из тюрьмы. Нужно организовать розыск.;C'è stata un'evasione di massa dalla prigione. Dobbiamo organizzare battute di ricerca.;Houve uma fuga em massa da prisão. Precisamos de uma equipe de busca.;;;;;;;;;;;;;;;;;;;;;;;;;;;;;;;;;;;;;;;;;;;;;;;;;
449;farmer;Cereals are very cheap these days my Lord. You should adjust the price of bread.;Bugünlerde tahıl fiyatları pek ucuz, Lordum. Ekmeğin fiyatını düzenleyin.;Les céréales sont très abordables en ce moment, Monseigneur. Nous devrions modifier le prix du pain.;Los cereales están muy asequibles en este momento Mi Señor. Deberíamos reajustar el precio del pan.;穀物の値段が安すぎます。+パンを値上げしてください。;곡물 가격이 너무 쌉니다. 빵 가격을 인상해 주십시오.;陛下，这年头谷物实在是太便宜了。+你应该随之调整面包的价格。;陛下，這年頭穀物實在是太便宜了。+你應該隨之調整麵包的價格。;Getreide ist derzeit sehr billig, Majestät. Ihr solltet den Brotpreis anpassen.;Зерно сильно подешевело, милорд. Нужно регулировать цену на хлеб.;I cereali sono molto economici in questi giorni, Sire. Dovrebbe modificare il prezzo del pane.;Cereais estão muito baratos atualmente. O senhor deveria ajustar o preço do pão.;Raise it slightly;Biraz arttırın;Augmentez-le un peu;Aumentadlo un poco;少しだけ値上げしよう;가격을 조금 올려 보지.;稍微上调价格;稍微上調價格;Hebt ihn leicht an;Поднимите немного;Alzatelo leggermente;Aumente um pouco;;;;;;;;;;;;;Double it!;İki katına çıkarın!;Doublez-le !;¡Duplicadlo!;2倍にしよう！;2배로 하세!;加价一倍！;加價一倍！;Verdoppelt ihn!;Удвойте!;Raddoppiatelo;Dobre!;;;;;;;;;;;;;
450;farmer;Your people are starving my Lord, the price of bread is too high.;Halkınız açlıktan ölüyor, Lordum, ekmeğin fiyatı fazla yüksek.;Vos gens sont au bord de la famine Votre Altesse. Le prix du pain est trop haut !;Vuestro pueblo está al borde de la hambruna, Vuestra Alteza. ¡El pan está demasiado caro!;陛下、パンの値段が高すぎて、+民は皆飢えています。;폐하, 빵 가격이 너무 높아서 모든 백성이 굶주리고 있습니다.;陛下，你的人民快要饿死了，+面包太贵了。;陛下，你的人民快要餓死了，+麵包太貴了。;Euer Volk verhungert, Majestät! Der Brotpreis ist zu hoch.;Ваш народ голодает, милорд, цена на хлеб слишком высока.;Il popolo sta morendo, Maestà, il prezzo del pane è troppo alto.;O povo passa fome, senhor. O preço do pão está alto demais.;Reduce it by 50%;%50 azaltın;Réduisez-le de 50%;Reducidlo 50%;半額にしよう;반값으로 하세.;价格下调一半;價格下調一半;Senkt ihn um 50%;Снизить наполовину;Riducetelo del 50%;Reduza em 50%;;;;;;;;;;;;;;;;;;;;;;;;;;;;;;;;;;;;;
451;nobleman;Your people are eating too much, they are fat and lazy. You should raise the price of bread.;Halkınız çok yiyor, tembel ve şişko oldular. Ekmeğin fiyatını artırın.;Le peuple mange trop. Les gens sont gros et paresseux. Vous devriez augmenter le prix du pain.;El pueblo come demasiado, están gordos y son perezosos. Deberíais aumentar el precio del pan.;民は食べ過ぎでブクブク太り、+怠けてばかりいます。+パンを値上げしましょう。;백성들이 과식으로 인해 비만으로 드러누워 있습니다.  빵 가격을 인상합시다.;你的人民吃得太多了，+他们又胖又懒。你应该调高面包的价格。;你的人民吃得太多了，+他們又胖又懶。你應該調高麵包的價格。;Euer Volk isst zu viel, es wird fett und faul. Ihr solltet den Brotpreis erhöhen.;Ваши люди слишком много едят, они разжирели и обленились. Нужно повышать цену на хлеб.;Il vostro popolo mangia troppo, sono tutti grassi e pigri. Dovreste alzare il prezzo del pane.;O povo está comendo demais. Eles estão gordos e preguiçosos. Aumente o preço do pão.;Double it!;İki katına çıkarın!;Doublez-le !;¡Duplicadlo!;2倍にしよう！;2배로 하세!;加价一倍！;加價一倍！;Verdoppelt ihn!;Удвойте!;Raddoppiatelo!;Dobre-o!;;;;;;;;;;;;;;;;;;;;;;;;;;;;;;;;;;;;;
452;nobleman;My Liege, we are under attack! Beggars are invading our streets!;Hükümdarım, saldırı altındayız! Dilenciler sokaklarımızı sarmış durumda!;Votre Altesse, on nous attaque ! Les mendiants envahissent nos rues et nos maisons !;¡Vuestra Alteza, nos atacan! ¡Los mendigos invaden nuestras calles y nuestras casas!;陛下！貧しい者たちが暴徒と化し、+街を襲っています！;폐하! 가난한 사람들이 폭도가 되어 도시를 습격하고 있습니다!;陛下，我们受到袭击了！+乞丐正在涌入我们的街道！;陛下，我們受到襲擊了！+乞丐正在湧入我們的街道！;Herr, wir werden angegriffen! Bettler dringen in unsere Straßen vor!;Сеньор, на нас напали! Бродяги наводнили улицы!;Vostra Altezza, siamo sotto attacco! I mendicanti hanno invaso le strade!;Meu suserano, estamos sob ataque! Mendigos invadiram as ruas!;Throw them out!;Kovun hepsini!;Jetez-les dehors;Expulsadles;つまみ出せ！;몰아내게!;将他们驱逐出去！;將他們驅逐出去！;Werft sie raus!;Вышвырнуть их!;Cacciateli via!;Expulse-os!;;;;;;;;;;;;;Let them be;Ne halleri varsa görsünler;Laissez-les;Dejadles;やらせておけ;좋을 대로 하게 두게.;随他们去;隨他們去;Lasst sie in Ruhe;Не трогайте их;Lasciateli fare;Deixe-os;;;;;;;;;;;;;
453;farmer;The harvest has been fantastic my Lord!;Hasat müthişti, Lordum!;La moisson est excellente, cette année !;¡La cosecha es magnífica este año!;陛下！今年は豊作でした！;폐하! 올해는 풍작이었습니다!;陛下，今年的粮食收成特别好！;陛下，今年的糧食收成特別好！;Die Ernte war fantastisch, Majestät!;Урожай просто сказочный, милорд!;Il raccolto è stato eccellente, Maestà!;A colheita foi fantástica, senhor!;Feed the people;Halkı besleyin;Nourrissez la population;Alimentad al pueblo;民に食糧を;백성들에게 음식을 주게.;将粮食分与人民;將糧食分與人民;Gebt dem Volk zu essen;Накормите народ;Sfamate la gente;Alimente o povo;;;;;;;;;;;;;Feed the army;Orduyu besleyin;Nourrissez l'armée;Alimentad al ejército;兵に食糧を;병사에게 식량을 주게.;供给军队;供給軍隊;Gebt dem Heer zu essen;Накормите армию;Sfamate l'esercito;Alimente o exército;;;;;;;;;;;;;
454;farmer;The mines are full of gold my Lord!;Madenler altın dolu, Lordum!;Les mines sont remplies d'or Monseigneur !;¡Las minas están llenas de oro, Señor Mío!;陛下、鉱山で金がザクザクとれます！;폐하, 광산에서 엄청난 금맥을 발견했습니다!;矿井里到处都是金子！陛下！;礦井裏到處都是金子！陛下！;Die Minen sind voller Gold, Majestät!;Шахты полны золота, милорд!;Le miniere sono colme di oro, Sire!;As minas estão cheias de ouro!;We are rich!;Zengin olduk!;Nous sommes riches !;¡Somos ricos!;これで国が豊かになる！;이제 부강한 국가가 되었군!;我们发达了！;我們發達了！;Wir sind reich!;Мы богаты!;Siamo ricchi!;Estamos ricos!;;;;;;;;;;;;;I'm rich!;Zengin oldum!;Je suis riche !;¡Soy rico!;これで余の懐が潤う！;이제 나도 부자로군!;我发财了！;我發財了！;Ich bin reich!;Я богат!;Sono ricco!;Estou rico!;;;;;;;;;;;;;
455;farmer;An explosion in the mine has killed at least a hundred people! Should we continue to dig?;Madendeki bir patlamada en az yüz kişi öldü! Kazmaya devam edelim mi?;Une explosion dans la mine a provoqué la mort d'une centaine de personnes ! Devons-nous continuer à creuser ?;Una explosión en una mina ha matado al menos a cien personas. ¿Seguimos cavando?;鉱山の爆発事故で、+少なくとも100人が命を落としました！+まだ採掘を続けるおつもりですか…？;광산 폭발사고로 적어도 100명이 목숨을 잃었습니다! 그래도 채금을 계속하시겠습니까?;矿井里发生了一起爆炸，伤亡人数已逾百！+我们还要继续挖掘么？;礦井裏發生了一起爆炸，傷亡人數已逾百！+我們還要繼續挖掘麼？;Eine Explosion in der Mine hat mindestens hundert Leute getötet! Sollen wir weitergraben?;Взрыв в шахте убил не менее сотни людей! Продолжить ли нам копать?;Un'esplosione nelle miniere ha ucciso almeno un centinaio di persone! Dobbiamo continuare a scavare?;Uma explosão na mina matou pelo menos cem pessoas! Devemos continuar cavando?;;;;;;;;;;;;;;;;;;;;;;;;;;;;;;;;;;;;;;;;;;;;;;;;;
456;farmer;These wolves are driving me crazy! Tonight I burn the forest!;Bu kurtlar beni deli ediyor! Bu gece ormanı yakacağım!;Ces loups me rendent dingue ! Ce soir, c'est décidé, je brûle la forêt !;¡Los lobos me vuelven loco! ¡Esta noche pienso quemar el bosque!;もう狼に襲われるのはたくさんだ！+今夜、森を焼き払ってやるッ！;아직도 늑대가 공격해 오잖아! 오늘 밤 숲을 태워 버리겠어!;这些狼要把我逼疯了！+今晚我要烧了这片森林！;這些狼要把我逼瘋了！+今晚我要燒了這片森林！;Diese Wölfe machen mich verrückt! Heute Nacht brenne ich den Wald ab!;Эти волки меня с ума сведут! Этой ночью я сожгу весь лес!;Questi lupi mi stanno facendo impazzire! Stanotte brucio la foresta!;Os lobos estão me enlouquecendo! Eu queimarei a floresta!;;;;;;;;;;;;;;;;;;;;;;;;;Stop him;Yakalayın;Arrêtez-le;Detenedle;その者を止めろ;그 자를 막아라.;阻止他;阻止他;Haltet ihn auf;Остановить его;Fermatelo;Impeça-o;;;;;;;;;;;;;
457;general;He's escaped!;Kaçtı!;Il s'est échappé !;¡Se ha escapado!;取り逃がしました！;도망갔습니다!;他逃跑了！;他逃跑了！;Er ist entkommen!;Он сбежал!;È scappato!;Ele fugiu!;You really are quite useless;Gerçekten bir işe yaramıyorsunuz;Vous ne servez vraiment à rien;No servís para nada;役立たずめ;정말 도움이 안 되는군.;你简直一无是处;你簡直一無是處;Ihr Nichtsnutz!;От тебя никакого толка;Non siete di alcuna utilità;Você é inútil;;;;;;;;;;;;;Never mind;Boş verin;Tant pis;¡Qué lástima!;まあよい…;상관 없어.;算了;算了;Macht nichts;Забудь…;Non importa;Deixe para lá;;;;;;;;;;;;;
458;farmer>werewolf;<i>Late at night...</i> Sire! It's me, <farmer>. Something terrible has happened.;<i>Gecenin geç saatlerinde...</i> Efendim! Benim, <farmer>. Korkunç bir şey oldu.;<i>Tard dans la nuit...</i> Sire ! C'est moi, <farmer>. Il est arrivé quelque chose de terrible.;<i>Bien entrada la noche...</i> ¡Señor! Soy yo, <farmer>. Algo terrible acaba de ocurrir.;<i>（その夜…）+</i>陛下！私です、<farmer>です！+ひどい目に遭いました！;<i>(그날 밤...)</i> 폐하! 접니다, <farmer>입니다!  끔찍한 일이 일어났습니다!;<i>（深夜……）</i>+陛下！是我，<farmer>。+有些不好的事情发生了。;<i>（深夜……）</i>+陛下！是我，<farmer>。+有些不好的事情發生了。;<i>Spät nachts ...</i> Herr! Ich bin es, <farmer>. Etwas Furchtbares ist geschehen.;<i>Поздно ночью…</i> Сир! Это я, <farmer>. Случилось кое-что ужасное.;<i>Nel bel mezzo della notte...</i> Sire! Sono io, <farmer>. È accaduta una cosa terribile.;<i>Tarde da noite...</i> Senhor! Sou eu, <farmer>. Algo terrível aconteceu.;I can see that;Orası belli;Je vois ça;Ya lo veo;そのようだな;그런 것 같군.;显而易见;顯而易見;Das sehe ich;Вижу;Lo vedo;Percebe-se;;;;;;;;;;;;;No sh** Sherlock;Hadi canım?;Sans blague;;予想通りの展開だ…;예상대로의 전개다...;废话 蠢货;廢話 蠢貨;Ach was, Sherlock;Да ладно, Шерлок?;Ma non mi dire;Não me diga!;;;;;;;;;;;;;
459;farmer>werewolf;I don't feel too bad actually. I feel strong... and hungry!;Aslında çok da kötü hissetmiyorum. Güçlü hissediyorum... ve aç!;Je me sens plutôt bien, ma foi. J'ai l'impression d'être plus fort... et j'ai faim !;En realidad no me siento tan mal. Me siento fuerte... ¡y hambriento!;ですが…思いのほか、よい気分です。+力がみなぎって…腹がペコペコだ！;하지만... 그리 기분이 나쁘지는 않군요.  힘이 넘치고... 배가 몹시 고픕니다!;事实上我并不觉得太糟。+我感觉自己浑身都是劲……但也很饿！;事實上我並不覺得太糟。+我感覺自己渾身都是勁……但也很餓！;Eigentlich fühle ich mich nicht übel. Ziemlich stark ... und hungrig!;Не так уж плохо я себя чувствую. Я силен… и голоден!;Non sto poi così male in effetti. Mi sento forte… e affamato!;Eu não me sinto mal. Eu me sinto forte... e com muita fome!;Be free;Keyfine bak;Tu es libre;Sed libre;好きにしろ;마음대로 하게.;释放他;釋放他;Macht, was Ihr wollt;Действуй;Sei libero;Liberte-se;<i>Shortly afterwards many sheep and some peasants disappear.</i>;<i>Çok geçmeden bolca koyun ve birkaç köylü ortadan kayboluyor.</i>;<i>Peu après, plusieurs moutons et quelques paysans disparurent.</i>;<i>Al poco tiempo, muchas ovejas y algunos campesinos desaparecen.</i>;<i>それからまもなく、+多くの羊と数名の農民が姿を消した。</i>;<i>그리고 곧 많은 양과 수많은 농민이 사라졌다. </i>;<i>（不一会儿，+许多羊连同几个农民+一并消失了。）</i>;<i>（不一會兒，+許多羊連同幾個農民+一併消失了。）</i>;<i>Wenig später verschwinden viele Schafe und einige Bauern.</i>;<i>Вскоре исчезают некоторые крестьяне и много овец.</i>;<i>Poco dopo, molte pecore e alcuni pastori scompaiono.</i>;<i>Pouco tempo depois, camponeses e ovelhas começam a desaparecer.</i>;Keep it under control;Kendine hakim ol;Tâche de te contrôler;Conservad el control;自制しろ;자제하게.;控制住他;控制住他;Haltet es unter Kontrolle;Держи это под контролем;Mantieni il controllo;Controle-se;<i>But a monk and a couple of soldiers disappear 'inexplicably' afterwards.</i>;<i>Çok geçmeden bir keşiş ve birkaç asker "açıklanamaz bir biçimde" ortadan kayboluyor.</i>;<i>Seuls un moine et quelques soldats disparurent inexplicablement peu après.</i>;<i>Un monje y varios soldados desaparecen inexplicablemente poco después.</i>;<i>その後、1人の修道士と+数名の兵士たちが、+“謎の”失踪を遂げた。</i>;<i>그 후, 수도사 1명과 병사 여럿이 "알 수 없는 이유로" 실종되었다. </i>;<i>（有位僧侣连同几个士兵+蹊跷地消失了。）</i>;<i>（有位僧侶連同幾個士兵+蹊蹺地消失了。）</i>;<i>Nur ein Mönch und einige Soldaten verschwinden "auf unerklärliche Weise".</i>;<i>«Таинственным образом» исчезает монах и пара солдат.</i>;<i>Dopo poco tempo, un frate e alcuni soldati scompaiono "inspiegabilmente".</i>;<i>Somente um monge e dois soldados desaparecem “misteriosamente” depois disso.</i>;
460;werewolf;Would you introduce me to a certain gentleman of your court who shares, I hear, my bestial tendencies? ;Duyduğuma göre, sarayınızda yabani eğilimlerimi paylaşan bir bey varmış, bizi tanıştırır mısınız?;Me feriez-vous l'honneur de me présenter à un certain gentilhomme de votre cour qui partage, me dit-on, mes tendances animales ?;¿Me haríais el favor de presentarme a un caballero de vuestra corte que, según he oído, comparte mi aspecto animal?;このお城には、私と同じ“獣的特徴”を+お持ちの殿方がいらっしゃるとか。+ぜひご紹介いただけませんか？;이 성에는 저처럼 "짐승과 같은 특징"을 가지고 계신 분이 계십니까?  꼭 소개해 주시겠습니까?;您能把我介绍给宫廷里的那位绅士吗？+我听说，就是能与我互享兽性的那一位。;您能把我介紹給宮廷裏的那位紳士嗎？+我聽說，就是能與我互享獸性的那一位。;Stellt Ihr mich einem gewissen Herrn Eures Hofes vor? Wie ich hörte, teilt er meine tierischen Neigungen?;Вы не представите меня джентльмену из вашего двора, который, по слухам, разделяет мои зверские наклонности?;Potreste presentarmi un certo gentleman che siede nella vostra corte e condivide, così ho sentito dire, le mie tendenze animalesche?;Pode apresentar-me a um membro da sua corte que, ouvi dizer, compartilha de minhas tendências bestiais?;;;;;;;;;;;;;;;;;;;;;;;;;;;;;;;;;;;;;;;;;;;;;;;;;
461;farmer>werewolf;M'Lord. It's going to eat me. Sure of it, I am.;Lordum. Beni yiyecek. Bundan eminim.;Monseigneur, elle va me manger, j'en suis sûr. Protégez-moi.;Señor Mío. Me va a comer. Estoy seguro. Protegedme.;どうかご勘弁を…！+そいつに食われてしまいます！+ひいぃぃ！おっかねえ…！;부디 용서해 주십시오...! 녀석에게 먹혀 버리겠습니다!  히이이익! 이제 못 버티겠어...!;陛下。它会吃掉我的。+我确定！它会把我吃掉的。;陛下。它會吃掉我的。+我確定！它會把我吃掉的。;Majestät, sie will mich sicher auffressen. Beschützt mich!;Млорд. Оно точно сожрет меня. Точнее некуда.;Mio Signore. Mi mangerà di certo. Proteggetemi.;Senhor. Eu serei devorado. Sei que serei.;;;;;;;;;;;;;;;;;;;;;;;;;Don't be such a wimp;Bu kadar ödlek olma;Quelle chiffe molle;No seáis flojo;しっかりしろ;정신 차리게나.;别这么胆小;別這麼膽小;Seid nicht so ein Feigling;Хватит ныть, тряпка;Non fare lo smidollato;Não seja covarde;;;;;;;;;;;;;
462;werewolf;I'm so thrilled to make your acquaintance Master <farmer>. I'm a woman of quality looking for a friend.;Sizinle tanıştığıma pek sevindim, <farmer> Efendi. Bendeniz, dost arayan vasıflı bir hanımım.;Je suis ravie de faire votre connaissance, Maître <farmer>. Je suis une femme de qualité, bien seule dans ma condition.;Estoy encantado de conoceros, señor <farmer>. Soy una dama de alcurnia en busca de amistad.;お目にかかれて光栄ですわ、<farmer>様。+私は気立てのよい女です。+いつか仲間に出会えると信じておりました。;만나뵙게 되어 영광입니다, <farmer> 님. 전 괜찮은 여성이어요.  친구를 찾고 있지요.;很高兴有缘与您相识，<farmer>老爷。+小女子闭月羞花，诚征一友。;很高興有緣與您相識，<farmer>老爺。+小女子閉月羞花，誠征一友。;Freut mich, Euch kennen zu lernen, Meister <farmer>. Ich bin eine Frau mit Klasse und suche einen Freund.;Я так рада познакомиться с вами, Мастер <farmer>. Я знатная дама, что ищет друга.;Sono felice di fare la vostra conoscenza, Maestro <farmer>. Sono una donna piena di qualità, in cerca di un amico.;É um enorme prazer conhecê-lo, mestre <farmer>. Sou uma mulher de garbo, procurando um amigo.;Com'on Sir <farmer>;Geliniz <farmer> Efendi;Allez, Maître <farmer>;Vamos señor <farmer>;さあ、遠慮するな、+<farmer>公よ;자, 사양 말게, <farmer> 공.;过来吧，<farmer>先生;過來吧，<farmer>先生;Na los, Meister <farmer>;Пойдемте, Сир <farmer>;Avanti, signor <farmer>;Vamos lá, Sor <farmer>;;;;;;;;;;;;;Meet him outside;Dışarıda buluşun;Discutez dehors;Hablad fuera;2人とも、続きは外でやれ;둘 다 밖에서 만나게나.;在外面见他;在外面見他;Trefft Euch draußen mit ihm;Встретить его снаружи;Discutetene fuori di qui;Encontre-o do lado de fora;;;;;;;;;;;;;
463;farmer>werewolf;My Lord, we want to marry. I found the wolf of my life. Will you bless us?;Lordum, evlenmek istiyoruz. Hayatımın kurdunu buldum. Evliliğimize onay verir misiniz?;Monseigneur, nous allons nous marier. J'ai trouvé la louve de ma vie. Acceptez-vous de bénir notre union ?;Señor Mío, vamos a casarnos. He encontrado a la loba de mi vida. ¿Vais a bendecir nuestra unión?;陛下、私は運命の狼と出会いました。+彼女と結婚したい。+祝福してくださいますか？;폐하, 저는 운명의 늑대와 만났습니다. 그녀와 결혼하고 싶습니다.  축복해 주시겠습니까?;陛下，我们想结婚。+我找到了自己的真命天狼。+您会祝福我们么？;陛下，我們想結婚。+我找到了自己的真命天狼。+您會祝福我們麼？;Majestät, wir wollen heiraten. Ich habe die Wölfin meines Lebens gefunden. Gebt Ihr uns Euren Segen?;Милорд, мы хотим пожениться. Я нашел волка всей своей жизни. Вы благословите нас?;Mio Signore, vogliamo sposarci. Ho trovato la lupa della mia vita. Ci accordate la Vostra benedizione?;Senhor, queremos nos casar. Achei o lobo da minha vida. Temos sua bênção?;;;;;;;;;;;;;;;;;;;;;;;;;;;;;;;;;;;;;;;;;;;;;;;;;
464;diplomat;The folks of a remote village are teaching their children to spit on the King's men. Should we make an example?;Uzaklardaki bir köyün halkı çocuklarına Kralın adamlarına tükürmeyi öğretiyormuş. Aleme ibret olması için cezalandıralım mı?;Les habitants d'un village lointain incitent leurs enfants à cracher sur les hommes du Roi. Devons-nous intervenir pour l'exemple ?;Los habitantes de un pueblo lejano enseñan a los niños a escupir sobre los hombres del Rey. ¿Les damos su merecido?;辺境の村では、陛下に仕える者には+唾を吐けと子供に教えているようです。+処罰しますか？;변방의 마을에서 폐하를 섬기는 자에게는 침을 뱉으라고 아이들에게 가르친다는군요. 본보기를 보여줄까요?;一个偏远乡村的住民正在教他们的孩子+向国王派来的使者啐唾沫。+我们要不要罚一儆百？;一個偏遠鄉村的住民正在教他們的孩子+向國王派來的使者啐唾沫。+我們要不要罰一儆百？;In einem entlegenen Dorf lehrt man die Kinder, Männer des Königs anzuspucken. Statuieren wir ein Exempel?;Народ из дальней деревни учит своих детей плеваться в людей Короля. Не подать ли им пример?;I popoli di un villaggio remoto stanno insegnando ai propri figli a sputare in faccia agli uomini del Re. Dobbiamo intervenire in modo esemplare?;O povo de uma aldeia remota está ensinando as crianças a cuspir nos homens do rei. Quer fazer deles um exemplo?;;;;;;;;;;;;;;;;;;;;;;;;;;;;;;;;;;;;;;;;;;;;;;;;;
465;anyone;The estuary of the river Drop is a dangerous swamp for travellers. We should sanitize the whole area.;Damla nehrinin ağzı, yolcular için tehlikeli bir bataklığa dönüşmüş. Tüm bölgeyi temizlemeliyiz.;L'estuaire de la rivière Goutte est un dangereux marais pour les voyageurs. Il faudrait assainir toute la région.;El delta del río Gota es una marisma peligrosa para los viajeros. Haría falta sanear toda la región.;しずく川の河口付近には、+危険な沼地が広がっています。+あの一帯を消毒しましょう。;물방울 강 하구 부근에는 위험한 습지가 펼쳐져 있습니다. 그 일대를 소독합시다.;对旅行者来说，+多普河口的沼泽非常危险。+我们应该净化整个区域。;對旅行者來說，+多普河口的沼澤非常危險。+我們應該淨化整個區域。;Die Mündung des Tropfenflusses ist ein Sumpfgebiet und gefährlich für Reisende. Wir sollten es säubern.;Устье реки Капля — опасное болото для путников. Нам нужно хорошенько его почистить.;L'estuario del torrente Goccia è una pericolosa palude per i viaggiatori. Dobbiamo sanare l'intera area.;A foz do rio Pingo é um pântano perigoso para viajantes. Deveríamos limpar a região.;;;;;;;;;;;;;;;;;;;;;;;;;;;;;;;;;;;;;;;;;;;;;;;;;
466;anyone;You should organize a curfew. The streets of the capital are not safe at night!;Geceleri sokağa çıkma yasağı ilan edin. Gece olunca başkent sokakları güvenli değil!;Nous devrions instaurer un couvre-feu. La nuit, les rues de la capitale ne sont pas sûres !;Deberíamos establecer un toque de queda. ¡Las calles de la capital son muy inseguras durante la noche!;夜の王都は危険です。+夜間の外出を禁じましょう。;밤의 수도는 위험합니다. 야간 외출을 금지해야 합니다.;你应该实行宵禁。+首都的街道在晚上并不安全！;你應該實行宵禁。+首都的街道在晚上並不安全！;Verhängt eine Ausgangssperre. Auf den Straßen der Hauptstadt ist es nachts nicht sicher!;Нужно установить комендантский час. Улицы столицы опасны по ночам!;Dovreste imporre un coprifuoco. Le strade della capitale non sono sicure durante la notte!;Instaure um toque de recolher. As ruas da capital não são seguras de noite!;;;;;;;;;;;;;;;;;;;;;;;;;;;;;;;;;;;;;;;;;;;;;;;;;
467;executioner;We should create a Museum of Science to collect all living creatures. I can help in my spare time.;Bir Bilim Müzesi açıp tüm canlı varlıkları toplayalım. Boş vaktimde yardımcı olabilirim.;Vous devriez créer un Musée des Sciences pour constituer le catalogue du vivant. Je peux y consacrer un peu de mon temps libre.;Deberíais crear un museo de ciencias para mostrar la vida en toda su variedad. Puedo ayudaros en mi tiempo libre.;科学博物館を設立して、この世に存在する+すべての生物を集めましょう。+私も空いた時間に手伝います。;과학 박물관을 설립하여 세상에 존재하는 모든 생물을 모읍시다.  저도 시간이 나면 도움을 드리겠습니다.;我们应该建一座+汇集世间所有活物的科学博物馆。+我能在空闲的时候帮忙。;我們應該建一座+彙集世間所有活物的科學博物館。+我能在空閒的時候幫忙。;Wir sollten ein Naturkundemuseum einrichten und Exemplare aller Lebewesen sammeln. Ich kann dort aushelfen.;Нужно создать Музей Естественных Наук, чтобы коллекционировать разных тварей. Могу помочь в свободное время.;Dovremmo creare un Museo della Scienza per raccogliere tutte le creature viventi. Posso dare una mano nel tempo libero.;Deveríamos criar um museu de ciência para coletar todo tipo de criatura. Posso ajudar no meu tempo livre.;;;;;;;;;;;;;;;;;;;;;;;;;;;;;;;;;;;;;;;;;;;;;;;;;
468;farmer;The river Drop is flooding a large part of the country! We need help from the Church and the Army!;Damla nehri ülkenin büyük bir kısmında sele sebep oldu! Kilise ve Ordudan yardım gerekiyor!;La rivière Goutte est en train d'inonder une grande partie du royaume ! Il nous faut l'aide de l'armée et de l'Église !;El río Gota está inundando gran parte de nuestro reino. ¡Necesitamos la ayuda del Ejército y de la Iglesia!;しずく川が氾濫して、国中に洪水の+被害が出ています！教会と軍も、+救援活動に手を貸してください！;물방울 강이 범람하여 전국에 홍수 피해가 생겼습니다! 교회와 군대 모두 구호활동을 도와주세요!;多普河泛滥成灾，+这个国家的大半领土已经被水淹没了！+我们需要教会和军队的帮助！;多普河氾濫成災，+這個國家的大半領土已經被水淹沒了！+我們需要教會和軍隊的幫助！;Der Tropfenfluss überflutet große Teile des Landes! Wir brauchen Hilfe von der Kirche und der Armee!;Река Капля затапливает большую часть страны! Нам нужна помощь Церкви и Армии!;Il torrente Goccia sta allagando una vasta zona del Paese! Abbiamo bisogno dell'aiuto della Chiesa e dell'esercito!;O rio Pingo está alagando os campos! Precisamos da Igreja e do Exército!;;;;;;;;;;;;;;;;;;;;;;;;;;;;;;;;;;;;;;;;;;;;;;;;;
469;anyone;Long live the King! You're turning 50 years old today!;Kralımız çok yaşa! Bugün 50 yaşına bastınız!;Vive le Roi ! Vous fêtez vos cinquante ans aujourd'hui !;¡Viva el Rey! ¡Hoy cumplís cincuenta años!;おめでとうございます！+今日は陛下の50歳の誕生日です！;경하드립니다! 오늘은 폐하의 50번째 생신이십니다!;国王万岁！+今天是陛下 50 周年诞辰！;國王萬歲！+今天是陛下 50 周年誕辰！;Lang lebe der König! Heute werdet Ihr 50 Jahre alt!;Слава Королю! Сегодня вам исполняется 50 лет!;Lunga vita al Re! Oggi festeggiate 50 anni!;Vida longa ao Rei! Você faz 50 anos hoje!;;;;;;;;;;;;;;;;;;;;;;;;;Don't tell me;Hiç başlama;Je sais;Ya lo sé;うれしくもない…;별로 안 기쁘게만...;别跟我说这个;別跟我說這個;Seid bloß still;Молчите;Lo so già;Não me diga;;;;;;;;;;;;;
470;witch;I would like to open a couple of shops for my wares and charms.;Mal ve efsunlarım için birkaç dükkan açmak istiyorum.;Je voudrais ouvrir quelques boutiques de potions et de charmes.;Me gustaría abrir una tienda para vender mis pociones y conjuros.;陛下、お店を開いてもよろしいでしょうか。+私が作った護符などを売りたいのです。;폐하, 가게를 열어도 좋을까요. 제가 만든 부적을 팔고 싶습니다.;我想开个店卖些我的小玩意和护身符。;我想開個店賣些我的小玩意和護身符。;Ich möchte ein paar Läden für meine Tränke und Amulette eröffnen.;Я бы хотела открыть пару лавок с моими товарами и заклинаниями.;Vorrei aprire un paio di negozi per le mie pozioni e i miei ninnoli.;Quero abrir algumas lojas para vender meus itens e talismãs.;;;;;;;;;;;;;;;;;;;;;;;;;;;;;;;;;;;;;;;;;;;;;;;;;
471;homunculus;You're getting old but I like your company. I have a potion that will make you look ten years younger.;Yaşlanıyorsun varlığın hoşuma gidiyor. Seni on yaş daha genç gösterecek bir iksirim var.;Vous vieillissez, mais j'apprécie votre compagnie. J'ai ici une potion qui peut vous rajeunir de dix ans.;Os estáis haciendo viejo pero me place vuestra compañía. Aquí tengo una poción que os va a rejuvenecer diez años.;お前はずいぶんと年を取ったな。+だが、もうしばらく俺につきあってもらいたい。+10歳若く見える薬をやろう。;그대는 꽤나 나이 들었군. 하지만 좀더 함께하고 싶은걸.  10살 젊어 보이는 약을 주지.;您越来越老了，但是我喜欢有您相伴。+我这有瓶药水能让您看起来年轻 10 岁。;您越來越老了，但是我喜歡有您相伴。+我這有瓶藥水能讓您看起來年輕 10 歲。;Ihr werdet alt, aber ich mag Eure Gesellschaft. Ich habe einen Trank, der Euch um zehn Jahre verjüngen kann.;Ты стареешь, но мне нравится твоя компания. У меня есть зелье, которое сделает тебя на 10 лет моложе.;Vi state facendo vecchio, ma apprezzo la vostra compagnia. Ho una pozione che vi farà sembrare dieci anni più giovane.;Você está envelhecendo, mas gosto da sua companhia. Tenho uma poção que o rejuvenescerá dez anos.;;;;;;;;;;;;;;;;;;;;;;;;;;;;;;;;;;;;;;;;;;;;;;;;;
472;witch;I could build a hospital to prevent a surge of epidemics.;Salgın hastalıkların hızla yayılmasını engellemek için bir hastane inşa edebilirim.;Je pourrais construire un hôpital pour limiter les conséquences des futures épidémies.;Podría construir un hospital para limitar las consecuencias de futuras epidemias.;私の主導で診療所を運営すれば、+伝染病の流行を+防ぐことができるでしょう。;저는 진료소를 지어 역병이 유행하는 것을 막을 수 있습니다.;我可以创办一家医院来预防传染病疯狂传播。;我可以創辦一家醫院來預防傳染病瘋狂傳播。;Ich könnte ein Hospital eröffnen, um die Folgen künftiger Seuchen zu begrenzen.;Я могла бы построить госпиталь, чтобы предотвратить рост эпидемии.;Potrei costruire un ospedale per prevenire l'insorgere di epidemie.;Posso construir um hospital para prevenir epidemias.;;;;;;;;;;;;;;;;;;;;;;;;;What about the doctor?;Ya hekim?;Et le docteur ?;¿Y el doctor?;うちの医師ではだめなのか？;우리 의사는 안 되는가?;那医生怎么办呢？;那醫生怎麼辦呢？;Was ist mit dem Doktor?;А как насчет врачевателя?;E il dottore?;E o médico?;;;;;;;;;;;;;
473;doctor;Sire! Your urine smells like rhododendrons this morning. You should avoid riding for a while.;Efendim! Bu sabah idrarınız ormangülü gibi kokuyor. Bir süre at binmeyin.;Sire ! Votre urine sent le rhododendron ce matin. Vous devriez éviter de chevaucher pendant quelques temps.;¡Señor! Vuestra orina huele a azalea esta mañana. Deberíais evitar el cabalgar durante un tiempo.;陛下！今朝の陛下の尿は、+シャクナゲのような臭いがします。+当分は馬での外出はお控えを。;폐하! 오늘 아침 폐하의 소피에서 진달래 같은 냄새가 납니다. 당분간은 말을 타고 행차하시는 건 삼가십시오.;陛下！+您今早的尿液闻起来像杜鹃花。+最近最好少骑马。;陛下！+您今早的尿液聞起來像杜鵑花。+最近最好少騎馬。;Majestät! Euer Urin riecht heute Morgen nach Rhododendron. Ihr solltet für eine Weile nicht reiten.;Сир! Ваша моча пахнет рододендронами нынче утром. Лучше вам пока не ездить верхом.;Sire! La Vostra urina puzza di rododendro questa mattina. Dovreste evitare di andare a cavallo per un po'.;Senhor! Sua urina está cheirando a rodendro. Evite cavalgar por enquanto.;;;;;;;;;;;;;;;;;;;;;;;;;;;;;;;;;;;;;;;;;;;;;;;;;
474;witch;Do I really have to tell you why the doctor can't run the hospital?;Hastanenin başına neden hekimin geçemeyeceğini söylememe gerek yok, değil mi?;Dois-je vraiment vous expliquer pour quelles raisons le docteur ne peut pas diriger l'hôpital ?;¿De verdad tengo que explicaros por qué el doctor no puede dirigir el hospital?;あの医師に診療所の所長が務まらない理由、+本当にご説明する必要がありますか？;의사가 진료소를 운영할 수 없는 이유를 제가 정말 설명해야 하나요?;真的需要我来告诉您+为什么御医不能经营医院么？;真的需要我來告訴您+為什麼御醫不能經營醫院麼？;Muss ich Euch wirklich sagen, warum der Doktor das Hospital nicht leiten kann?;Неужели тебе нужно объяснять, почему врачеватель не может управлять больницей?;Devo davvero dirvi per quale motivo il dottore non può gestire l'ospedale?;Preciso mesmo dizer por que o doutor não pode administrar um hospital?;;;;;;;;;;;;;;;;;;;;;;;;;;;;;;;;;;;;;;;;;;;;;;;;;
475;witch;I didn't intend to. So about the hospital?;Öyle bir niyetim yoktu. Peki, ya hastane?;Je n'en avais pas l'intention. Donc, à propos de cet hôpital ?;No era mi intención. ¿Entonces qué pasa con lo del hospital?;今のは皮肉です。+診療所を開いてもよろしくて？;그럴 의도가 없었어요. 어쨌든 진료소를 열어도 되나요?;我本来不打算说。+所以有关医院的事？;我本來不打算說。+所以有關醫院的事？;Ich hatte es nicht vor. Also, was ist mit dem Hospital?;Я и не собиралась. Так что там насчет больницы?;Non era mia intenzione. Quindi, per quanto riguarda l'ospedale?;Não era o que eu queria. E o hospital?;;;;;;;;;;;;;;;;;;;;;;;;;;;;;;;;;;;;;;;;;;;;;;;;;
476;anyone;I found blue and brown mushrooms in the forest. The blue one seems edible.;Ormanda mavi ve kahverengi mantarlar buldum. Mavi olan yenilebilir gibi duruyor.;J'ai trouvé un champignon bleu et un brun dans la forêt. Le bleu me paraît comestible.;He encontrado en el bosque un champiñón azul y otro marrón. El azul parece comestible.;森で青いキノコと茶色いキノコを見つけました。+青いほうは食べられるようです。;숲에서 푸른 버섯과 갈색 버섯을 발견했습니다.  파란 버섯은 먹을 수 있는 것 같습니다.;我在森林里发现一蓝一褐两种蘑菇。+蓝色那种看起来可以食用。;我在森林裏發現一藍一褐兩種蘑菇。+藍色那種看起來可以食用。;Ich habe im Wald blaue und braune Pilze gefunden. Der blaue scheint essbar zu sein.;Я нашел синий и коричневый гриб в лесу. Синий кажется съедобным.;Ho trovato funghi blu e marroni nella foresta. Quello blu sembra commestibile.;Encontrei cogumelos azuis e marrons na floresta. O azul parece comestível.;Give it to me;Ver bakalım;Donnez-le moi;Dádmelo;食べてみよう;먹어 보겠네.;给我吧;給我吧;Gebt ihn mir;Дай сюда;Datemelo;Dê para mim;;;;;;;;;;;;;No thanks;Yok, sağ ol;Non merci;No gracias;いらぬ;필요 없네.;不用了，谢谢;不用了，謝謝;Nein danke;Нет, спасибо;No, grazie;Não, obrigado;;;;;;;;;;;;;
477;witch;The people of a western village are afraid of goblins. Who should take care of this?;Bir batı köyündeki halk goblinlerden korkuyor. Bununla kim ilgilensin?;Les habitants d'un village de l'ouest ont peur des gobelins. Qui doit s'en charger ? ;Los habitantes de un pueblo del Oeste tienen miedo de los duendes. ¿Quién se va a encargar?;西の村の民が、+小鬼に襲われると言っておびえています。+この件、誰が対処すべきとお考えですか？;서쪽 마을의 백성이 고블린의 습격을 두려워하고 있습니다. 이건 누가 처리해야 하지요?;西部村庄的人民畏惧哥布林。+要让谁来处理这件事？;西部村莊的人民畏懼哥布林。+要讓誰來處理這件事？;In einem westlichen Dorf hat man Angst vor Kobolden. Wer soll sich um die Sache kümmern?;Люди из западной деревни боятся гоблинов. Кто об этом позаботится?;Gli abitanti dei villaggi occidentali hanno paura dei goblin. Chi se ne occupa?;O povo de uma aldeia a oeste está com medo dos goblins. Quem deveria cuidar disso?;You;Sen;Vous;Vos;そなたが対応にあたれ;그대가 처리하게.;你;你;Ihr;Ты;Voi;Você;;;;;;;;;;;;;The Church;Kilise;L'Église;La Iglesia;教会に任せよ;교회에 일임하지.;教堂;教堂;Die Kirche;Церковь;La Chiesa;A Igreja;;;;;;;;;;;;;
478;anyone;My lord, a good doctor just saved the life of my nephew. He is a bit of a magician. He is here now...;Lordum, iyi bir hekim az önce yeğenimin hayatını kurtardı. Biraz büyücü kendisi. İşte geliyor...;Monseigneur, un docteur vient de sauver la vie de mon neveu. Il est un peu magicien. Il est ici...;Mi Señor, un médico acaba de salvar la vida de mi sobrino. Es una especie de mago. Está aquí...;陛下、腕のいい医師が、甥の命を+救ってくれました。あの男は魔術にも+明るいようです。お会いになりますか？;폐하, 솜씨 좋은 의사가 조카의 목숨을 구해주었습니다.  마술도 좀 아는 것 같습니다. 만나 보시겠습니까?;陛下，有位好医生刚刚救了我外甥的命。+他药到病除简直出神入化。+现在他在这……;陛下，有位好醫生剛剛救了我外甥的命。+他藥到病除簡直出神入化。+現在他在這……;Majestät, ein Doktor hat das Leben meines Neffen gerettet, fast wie durch Zauberei. Er ist jetzt hier ...;Милорд, один хороший доктор спас жизнь моему племяннику. Он немного волшебник, и он сейчас здесь…;Mio Signore, un bravo dottore ha appena salvato la vita a mio nipote. È anche un po' mago. È qui ora…;Senhor, um bom médico salvou a vida do meu sobrinho. Ele conhece feitiços e está por aqui...;Let him in;Bırakın gelsin;Faites-le entrer;Hacedle entrar;通せ;들여보내게.;请他进来;請他進來;Lasst ihn herein;Впустить его;Fatelo entrare;Deixe-o entrar;;;;;;;;;;;;;I'm busy;İşim gücüm var;Je suis occupé;Estoy ocupado;そんな暇はない;그럴 여유는 없다.;我没空;我沒空;Ich bin beschäftigt;Я занят;Sono occupato;Não posso;;;;;;;;;;;;;
479;nun;I'm <nun>, the headmistress of the new school. Help us nurture the young souls! ;Adım <nun>, yeni okulun müdiresi benim. Gençleri terbiye etmemize yardım edin!;Je suis <nun>, la directrice de la nouvelle école. Aidez-nous à épanouir ces jeunes âmes !;Soy <nun>, la directora de la nueva escuela. ¡Ayudadnos a elevar estas jóvenes almas!;私は<nun>。+新たに開校した学校の+校長を務めております。+どうか、子供たちの学びの場にご援助を！;저는 <nun>입니다. 새로 개교한 학교 교장이지요.  어린 아이들의 교육에 도움을 주십시오!;我是<nun>，新学校的女校长。+帮助我们塑造年轻人的秉性吧！;我是<nun>，新學校的女校長。+幫助我們塑造年輕人的秉性吧！;Ich bin <nun>, die Rektorin der neuen Schule. Helft uns, die jungen Seelen zu fördern!;Я — <nun>, директриса новой школы. Помогите нам воспитать юные умы!;Sono <nun>, la direttrice della nuova scuola. Aiutateci a coltivare le giovani anime!;Eu sou <nun>, a diretora da nova escola. Ajude-nos a cuidar de nossos infantes!;;;;;;;;;;;;;;;;;;;;;;;;;;;;;;;;;;;;;;;;;;;;;;;;;
480;bird;<i>The message says: I am offering you the services of a master spy. Signed: P.</i>;<i>Mesajda şöyle yazıyor: Size usta bir casusun hizmetlerini teklif ediyorum. İmza: P.</i>;<i>Le message dit : je vous offre les services d'un maître espion. Signé: P.</i>;<i>El mensaje dice: os ofrezco los servicios de un espía maestro. Firmado: P.</i>;<i>文にはこう記されている…+「私は熟練の密偵。+これより、陛下にお仕えします。Pより」</i>;<i>이런 문장이 적혀 있다. "저는 숙련된 밀정입니다. 폐하를 모시겠습니다. P 드림.</i>;<i>信上写道：+我将首席间谍的服务赠予你。+签名：P。</i>;<i>信上寫道：+我將首席間諜的服務贈予你。+簽名：P。</i>;<i>Die Nachricht lautet: Ich biete Euch die Dienste eines Meisterspions an. Gezeichnet: P.</i>;<i>В сообщении говорится: «Предлагаю вам услуги искусного шпиона». Подпись: П.</i>;<i>Il messaggio dice: Vi offro i servigi di una spia professionista. Firmato: P.</i>;<i>A mensagem diz: Ofereço-lhe os serviços de um mestre espião. Assinado: P.</i>;;;;;;;;;;;;;;;;;;;;;;;;;;;;;;;;;;;;;;;;;;;;;;;;;
481;doctor;I'm a doctor, alchemist, poisoner. I can handle life for you. Or death, occasionally.;Bendeniz bir hekim, simyacı, zehir ustasıyım. Sizin için yaşam kurtarabilirim. Veya zaman zaman ölüme de sebep olabilirim.;Je suis docteur, alchimiste et empoisonneur. Je peux me charger de défendre la vie en votre nom. Ou la mort.;Soy médico, alquimista y envenenador. Me puedo hacer cargo de la vida... o de la muerte.;私は医術に通じており、錬金術と毒薬の知識も+持ち合わせてございます。命を救うだけでなく、+必要とあらば死をもたらすことも+可能でございます。;저는 의술에 능통하며, 연금술과 독약 지식도 있습니다.  생명을 구할 수도 있고 필요하시다면 죽음을 가져올 수도 있습니다.;我是医生，炼金术师和制毒师。+我能为您操控生命，间或死亡。;我是醫生，煉金術師和制毒師。+我能為您操控生命，間或死亡。;Ich bin Doktor, Alchemist, Giftmischer. Ich kann für das Leben Sorge tragen. Oder auch für den Tod.;Я — врачеватель, алхимик, отравитель. От вашего имени я могу защищать жизнь. Или смерть, по ситуации.;Sono dottore, alchimista, avvelenatore. Posso occuparmi della vita per voi. O della morte.;Sou um médico, alquimista e estudo venenos. Posso cuidar da vida. E da morte também.;Glad to have you;Gelmene sevindim;Bienvenue;Bienvenido;歓迎しよう;환영하지.;很高兴有你在此;很高興有你在此;Schön, dass Ihr hier seid;Ты очень пригодишься;Benvenuto;Bem-vindo;;;;;;;;;;;;;Focus on the life part;Yaşam kurtar sen;Concentrez-vous sur la vie;Concentráos en la vida;命を救うほうに専念せよ;생명을 구하는 쪽에 전념하게.;做好你的医生本分;做好你的醫生本分;Konzentriert Euch aufs Leben;Сосредоточимся на жизни;Concentratevi sulla vita;Concentre-se na vida;;;;;;;;;;;;;
482;anyone;I met a strange lady well versed in the ancient arts of plants and dreams. Would you like to meet her?;Kadim bitki ve rüya sanatlarında pek bilgili tuhaf bir hanımla karşılaştım. Onunla tanışmak ister misiniz?;J'ai rencontré une femme mystérieuse maîtrisant aussi bien l'art des plantes que celui des rêves. Voulez-vous la voir ?;Me he encontrado con una mujer misteriosa y docta, tanto las artes de las plantas, como en las de los sueños. ¿Queréis conocerla?;先日、不思議な女性に出会いました。+いにしえより伝わる、植物と夢に関する+知識を持つ女です。お会いになりますか？;얼마 전 이상한 여자를 만났습니다. 고대의 식물과 꿈에 관한 지식을 가진 여자입니다. 만나 보시겠습니까?;我遇上一位怪女人，+精通植物与梦的古典艺术。+想见见她么？;我遇上一位怪女人，+精通植物與夢的古典藝術。+想見見她麼？;Mir ist eine seltsame Frau begegnet, die sich mit Pflanzenkunde und Träumen auskennt. Möchtet Ihr sie treffen?;Я встретил женщину, сведущую в древнем искусстве растений и снов. Хотите с ней встретиться?;Ho incontrato una strana donna che conosce a fondo le antiche arti delle piante e dei sogni. Volete incontrarla?;Conheci uma estranha dama conhecedora de plantas e sonhos. Quer conhecê-la?;;;;;;;;;;;;;;;;;;;;;;;;;;;;;;;;;;;;;;;;;;;;;;;;;
483;witch;I'm <witch>. I can help you understand the laws of nature and the limits of humankind.;Adım <witch>. Tabiat kanunları ile insanlığın sınırlarını anlamanıza yardım edebilirim.;Je suis <witch>. Je peux vous aider à comprendre les lois infinies de la nature, comme les limites de l'humanité.;Soy <witch>. Puedo ayudaros a comprender tanto las leyes infinitas de la naturaleza como vuestra propia humanidad.;私は<witch>。+自然のことわりと、人の力の限界について、+ご興味がおありでしたら、お教えいたします。;저는 <witch>입니다. 자연의 법칙과 인간의 한계에 대해 흥미가 있으시다면 알려드리지요.;我是<witch>。+我能帮助你了解自然法则+以及人类的极限。;我是<witch>。+我能幫助你瞭解自然法則+以及人類的極限。;Ich bin <witch>. Ich kann Euch helfen, die Gesetze der Natur und die Grenzen des Menschen zu verstehen.;Я — <witch>. Я могу помочь вам понять законы природы и границы человечества.;Io sono <witch>. Posso aiutarvi a comprendere le leggi della natura e i limiti del genere umano.;Sou <witch>. Posso ajudá-lo a entender as leis da natureza e os limites da humanidade.;That sounds useful;Faydalı olabilirsin;Ça a l'air utile;Éso siempre viene bien;それは助かる;정말 고맙군.;听起来十分有用;聽起來十分有用;Das klingt nützlich;Кажется, ты будешь полезна;Sembra utile;Parece útil;;;;;;;;;;;;;Be discreet;Kendini belli etme;Soyez discrète;Sed discreta;図に乗るな;우쭐대지 말게.;保持谨慎;保持謹慎;Seid diskret;Будь осторожна;Siate discreta;Seja discreta;;;;;;;;;;;;;
484;doctor;My King, it seems your army has very poor hygiene. We should spend a bit on this problem.;Kralım, görünüşe bakılırsa ordunuz pek hijyenik değil. Bu soruna biraz vakit ayıralım.;Monseigneur, votre armée a une piètre hygiène. Nous devrions consacrer un peu d'argent à ce problème.;Señor Mío, vuestras tropas tienen una higiene nefasta. Deberíamos invertir un poco de dinero en este asunto.;陛下、兵舎の衛生状態はひどいものです。+予算を割いて対策をとられるべきかと…;폐하, 병영의 위생상태가 심각합니다. 예산을 할당해 대책을 세우십시오.;陛下，您军队的卫生状况似乎不容乐观。+我们应该花点钱来改善这个问题。;陛下，您軍隊的衛生狀況似乎不容樂觀。+我們應該花點錢來改善這個問題。;Mein König, offenbar ist die Hygiene in Eurer Armee sehr schlecht. Dafür sollten wir mehr Geld aufwenden.;Мой Король, кажется, ваша армия не следит за гигиеной. Нужно потратить немного денег на решение этой проблемы.;Mio Re, sembra che al vostro esercito manchino le basi dell'igiene personale. Dovremmo investire del denaro per questo problema.;Meu Rei, parece que o exército tem pouca higiene. Deveríamos cuidar desse problema.;;;;;;;;;;;;;;;;;;;;;;;;;;;;;;;;;;;;;;;;;;;;;;;;;
485;doctor;There's nothing wrong with this room. I have to conduct my experiments somewhere!;Bu odada sorun morun yok. Deneylerimi bir yerde yapmam gerek!;Il n'y a rien de mystérieux dans cette pièce. Il faut bien que je réalise mes expériences quelque part !;No hay nada extraño en esta habitación... ¡En algún sitio tendré que llevar a cabo mis experimentos!;私の部屋には、やましいものなど+ひとつもございません。+医術に実験はつきものです！;제 방에는 수상한 것은 하나도 없습니다.  의술 실험은 필수적입니다!;这房间没什么问题。+毕竟我得有地方做实验啊！;這房間沒什麼問題。+畢竟我得有地方做實驗啊！;An diesem Raum gibt es nichts auszusetzen. Irgendwo muss ich meine Experimente ja durchführen!;С этой комнатой все в порядке. Мне нужно место для проведения моих экспериментов!;Non c'è niente di male in questa stanza. Devo pur condurre i miei esperimenti da qualche parte!;Não há nada de errado nessa sala. Preciso conduzir meus experimentos em algum lugar.;At least be discreet;En azından belli etme;Soyez discret;Sed discreto;今後はこっそりやるように;이제부터는 몰래 하게.;请务必保持谨慎;請務必保持謹慎;Seid wenigstens diskret;Только осторожно;Siate discreto;Tenha discrição;;;;;;;;;;;;;Not anymore;Artık yok;Plus maintenant;Ya no;今後は一切禁止する;앞으로는 일체 금지하네.;再也不用了;再也不用了;Schluss damit!;Уже нет;Non più;Acabou;;;;;;;;;;;;;
486;doctor;I would like to conduct new research on weapons and warfare. Will you help?;Silahlar ve savaş hakkında yeni bir araştırma gerçekleştirmek istiyorum. Yardım eder misiniz?;Je voudrais mener des recherches sur les armes et la guerre. Acceptez-vous de m'aider ?;Me gustaría investigar acerca de las armas de guerra. ¿Me ayudaríais?;武器と戦術に関する新たな実験に+着手したいのですが、+ご援助いただけますか？;무기와 전술에 대한 새로운 실험에 착수하고자 합니다. 지원해 주시겠습니까?;我想进行有关武器和军械的研究。+您能否提供一些帮助？;我想進行有關武器和軍械的研究。+您能否提供一些幫助？;Ich möchte neue Forschungen zu Waffen und Kriegskunst betreiben. Unterstützt Ihr mich?;Я бы хотел провести новое исследование оружия и военного дела. Вы поможете?;Vorrei condurre delle nuove ricerche su armi e guerre. Mi aiuterete?;Gostaria de pesquisar sobre novas armas e táticas de guerra. O senhor poderia ajudar?;;;;;;;;;;;;;;;;;;;;;;;;;;;;;;;;;;;;;;;;;;;;;;;;;
487;doctor;I would like to conduct new research on the fabled transmutation of lead into gold. Could you finance me?;Kurşunun altına dönüşmesi efsanesi hakkında yeni bir araştırma gerçekleştirmek istiyorum. Bana sermaye sağlar mısınız?;Je crois pouvoir réaliser le rêve de tout alchimiste, la transformation de plomb en or. J'ai besoin de votre aide !;Creo que voy a poder llevar a cabo el sueño de cualquier alquimista: la transformación del plomo en oro.;かの有名な、鉛を黄金に変える実験に+着手したいのですが、+資金をご援助いただけますか？;납을 황금으로 바꾸는 실험에 착수하고자 합니다.  지원해 주시겠습니까?;我想进行传说中用铅炼金的研究。+您能资助我么？;我想進行傳說中用鉛煉金的研究。+您能資助我麼？;Ich möchte der sagenhaften Umwandlung von Blei in Gold nachgehen. Finanziert Ihr die Forschungen?;Я бы хотел провести новое исследование легендарного превращения свинца в золото. Вы дадите мне денег?;Vorrei condurre delle nuove ricerche sulla leggendaria trasformazione del piombo in oro. Mi finanzierete?;Gostaria de pesquisar sobre a lendária transformação de chumbo em ouro. O senhor poderia financiar?;;;;;;;;;;;;;;;;;;;;;;;;;;;;;;;;;;;;;;;;;;;;;;;;;
488;doctor;While doing my research I designed a rather clever way to distil alcohol. I would like to share the revenue.;Araştırma yaparken alkol damıtmanın pek zekice bir yolunu buldum. Geliri paylaşmak isterim.;Au cours de mes recherches, j'ai découvert une nouvelle méthode pour distiller l'alcool. Partageons ce revenu !;A lo largo de mis investigaciones, he descubierto un nuevo método para destilar el alcohol... ¡Compartamos los beneficios!;実験中に、アルコールを効率よく+蒸留する方法を発見しました。+収益の一部は陛下にもお渡しします。;실험 중 알코올을 효율적으로 증류하는 방법을 발견했습니다.  수익의 일부는 폐하에게도 드리지요.;在研究过程中，+我设计出一种极其高明的酒精提纯方法。+我愿意与您分享因此获得的收入。;在研究過程中，+我設計出一種極其高明的酒精提純方法。+我願意與您分享因此獲得的收入。;Beim Forschen bin ich auf eine neue Methode gestoßen, Alkohol zu destillieren. Den Gewinn möchte ich teilen.;Пока я проводил свои опыты, я открыл отличный способ перегонки алкоголя. Готов разделить доход.;Nel corso delle mie ricerche ho scoperto un metodo piuttosto ingegnoso per distillare l'alcool. Vorrei condividerne i profitti.;Durante a pesquisa, descobri uma maneira inteligente de destilar álcool. Gostaria de compartilhar os ganhos.;;;;;;;;;;;;;;;;;;;;;;;;;;;;;;;;;;;;;;;;;;;;;;;;;
489;anyone;I heard strange noises in the castle last night. We should have more guards patrolling!;Dün gece kalede tuhaf sesler duydum. Daha fazla muhafız devriye gezmeli!;J'ai entendu des bruits inquiétants dans le château, la nuit dernière. Renforcez la garde !;Anoche escuché una serie de ruidos inquietantes en el castillo. ¡Reforzad la guardia!;昨晩、城内で怪しい物音がしました…+巡回の兵士の数を増やすべきです！;지난 밤 성내에서 이상한 소리가 났습니다.  순회 병사의 수를 늘려야 합니다!;昨晚我听到城堡中传来了奇怪的声响。+我们需要更多巡逻卫兵！;昨晚我聽到城堡中傳來了奇怪的聲響。+我們需要更多巡邏衛兵！;Letzte Nacht habe ich merkwürdige Geräusche in der Burg gehört. Es sollten mehr Wachen patrouillieren!;Я слышал странный шум в замке прошлой ночью. Нам нужно усилить патруль!;Ho sentito degli strani rumori nel castello, l'altra notte. Dobbiamo avere più pattuglie!;Escutei barulhos estranhos no castelo durante a noite. Precisamos de mais guardas!;;;;;;;;;;;;;;;;;;;;;;;;;;;;;;;;;;;;;;;;;;;;;;;;;
490;doctor;My research is not working... should I carry on?;Araştırmam işe yaramıyor... Devam etmeli miyim?;Mes recherches ne sont pas concluantes... dois-je continuer ?;Mis investigaciones no son concluyentes... ¿Podría continuar?;研究は行き詰まっております…+このまま続けてもよろしいでしょうか？;연구가 진척되지 않습니다만... 계속 진행해도 되겠습니까? ;我的研究没取得什么成效……+我还要继续吗？;我的研究沒取得什麼成效……+我還要繼續嗎？;Meine Forschung hat noch nichts ergeben ... soll ich sie weiterführen?;Мое исследование не продвигается… стоит ли мне продолжать?;La mia ricerca non sta dando frutti… Devo continuare?;A pesquisa não produziu resultados. Devo continuar?;;;;;;;;;;;;;;;;;;;;;;;;;;;;;;;;;;;;;;;;;;;;;;;;;
491;priest;<doctor> is conducting ungodly experiments. His very presence in this court is blasphemy!;<doctor>, günahkar deneyler gerçekleştiriyor. Bu saraydaki varlığı dine küfürdür!;<doctor> se livre à des expériences impies. Sa présence même au sein de la cour est un blasphème !;<doctor> está realizando experimentos impíos. ¡Su sola presencia en el seno de nuestra corte es una blasfemia!;<doctor>が+行っている実験は、神の教えに反しております。+あの男が宮仕えしていること自体が、+神への冒涜です！;<doctor>가 실시하는 실험은 신의 가르침에 어긋납니다.  그 자가 궁에 있는 것 자체가 신성모독입니다!;<doctor>正在进行渎神的实验。+他能在宫廷里出现，简直是对神明的亵渎！;<doctor>正在進行瀆神的實驗。+他能在宮廷裏出現，簡直是對神明的褻瀆！;<doctor> betreibt gottlose Experimente. Schon seine Anwesenheit bei Hofe ist Blasphemie!;<doctor> проводит безбожные эксперименты. Само его присутствие при дворе — богохульство!;<doctor> sta guidando esperimenti empi. La sua stessa presenza in questa corte è blasfemia!;<doctor> está conduzindo pesquisas nefastas. A presença dele nessa corte é uma blasfêmia!;;;;;;;;;;;;;;;;;;;;;;;;;;;;;;;;;;;;;;;;;;;;;;;;;
492;priest;The divine tribunal arrested <doctor>. Will you sign his condemnation?;<doctor> ilahi mahkeme tarafından tutuklandı. Mahkumiyet kararını imzalar mısınız?;Le tribunal de Dieu a arrêté <doctor>. Allez-vous signer sa condamnation ?;El tribunal de Dios ha detenido a <doctor>. ¿Vais a firmar su condena?;<doctor>は+異端審問にかけられることになりました。+有罪宣告書にご署名いただけますか。;<doctor>가 종교재판에 회부되었습니다.  유죄선고서에 서명하시겠습니까?;神圣法庭逮捕了<doctor>。+您要签署他的定罪状么？;神聖法庭逮捕了<doctor>。+您要簽署他的定罪狀麼？;Das Tribunal Gottes hat <doctor> festgenommen. Unterzeichnet Ihr seine Verurteilung?;<doctor> взят под стражу во имя божественного правосудия. Вы подпишете его обвинение?;Il tribunale divino ha arrestato <doctor>. Firmerete la sua condanna?;O tribunal divino prendeu <doctor>. Você assinará a condenação?;;;;;;;;;;;;;;;;;;;;;;;;;No, release him;Hayır, bırakın;;No, soltadle;だめだ。釈放しろ;안 되네. 석방하라.;不，放了他;不，放了他;Nein, lasst ihn frei;Нет, освободите его;No, lasciatelo andare;Não, liberte-o;;;;;;;;;;;;;
493;monk;The Doctor is conducting ungodly experiments in a hidden room. He must be stopped!;Hekim gizli bir odada günahkar deneyler gerçekleştiriyor. Durdurulmalı!;Votre Docteur réalise des expériences hérétiques dans une pièce secrète. Il faut l'arrêter !;Vuestro doctor está llevando acabo experimentos heréticos en una habitación secreta. ¡Hay que detenerle!;陛下がひいきにされているあの医師は、+隠し部屋で神の教えに反する実験を+行っています。すぐにやめさせてください！;폐하께서 편애하는 그 의사는  숨겨진 방에서 신의 가르침에 반하는 실험을 하고 있습니다.  그만두게 하십시오!;御医正在密室里进行着邪恶的实验。+一定要阻止他！;御醫正在密室裏進行著邪惡的實驗。+一定要阻止他！;Der Doktor betreibt gottlose Experimente in einem vorborgenen Raum. Das muss enden!;Врачеватель проводит безбожные опыты в тайной комнате. Его нужно остановить!;Il Dottore sta guidando esperimenti empi in una stanza segreta. Deve essere fermato!;O médico está conduzindo experimentos nefastos em uma sala secreta. Impeça-o!;;;;;;;;;;;;;;;;;;;;;;;;;I'm well aware of that...;Bunun farkındayım...;Je suis tout à fait au courant...;Estoy perfectamente enterado;すべて承知の上だ…;모두 미리 알고 있었지...;这件事我非常清楚……;這件事我非常清楚……;Ich weiß darüber Bescheid ...;Я в курсе…;Ne sono ben consapevole…;Estou ciente disso...;;;;;;;;;;;;;
494;doctor;I created a machine that prints! ;Basım yapan bir cihaz icat ettim!;J'ai créé une machine qui imprime !;¡He creado una máquina que imprime!;紙に文字を印刷する機械を発明しました！;종이에 문자를 인쇄하는 기계를 발명했습니다!;我造出了一台印刷机！;我造出了一臺印刷機！;Ich habe eine Maschine erfunden, die druckt!;Я создал печатную машину!;Ho creato una macchina che stampa!;Eu criei uma máquina de impressão!;Well done!;Tebrikler!;Bravo !;¡Bien!;あっぱれだ！;훌륭하다!;太棒了！;太棒了！;Gut gemacht!;Отличная работа!;Ben fatto!;Muito bem!;;;;;;;;;;;;;This is the devil's machine;Şeytan icadı bu;C'est l'œuvre du Diable;Es obra del Diablo;これは悪魔の装置だ;이건 악마의 장치다.;这是恶魔的机器;這是惡魔的機器;Das ist das Werk des Teufels;Это станок дьявола;È un'opera del diavolo;Essa máquina é do diabo;;;;;;;;;;;;;
495;nobleman;This printing machine is amazing. I could publish your memoirs!;Bu basım cihazı müthiş. Yaşam öykünüzü yayınlayabilirim!;Cette machine à imprimer est exceptionnelle. Je pourrais publier vos mémoires !;Esta máquina de imprimir es excepcional. ¡Ahora podré publicar vuestras memorias!;このすばらしい印刷機を使って、+陛下の伝記を出版いたしましょう！;이 훌륭한 인쇄기를 사용하여 폐하의 전기를 출판합시다!;这台印刷机令人惊叹。+我能用它出版您的回忆录！;這臺印刷機令人驚歎。+我能用它出版您的回憶錄！;Diese Druckmaschine ist erstaunlich. Ich könnte Eure Memoiren veröffentlichen!;Этот печатный станок — просто чудо. Я бы мог опубликовать ваши мемуары!;Questa macchina per la stampa è fantastica. Potrei pubblicare le vostre memorie!;Essa máquina de impressão é fantástica! Posso publicar suas memórias!;;;;;;;;;;;;;;;;;;;;;;;;;Who would write them?;Peki kim yazacak?;Qui les écrira ?;¿Quién las escribirá?;誰が書くのだ？;누가 쓰는가?;那谁来执笔呢？;那誰來執筆呢？;Wer würde sie schreiben?;А кто будет их писать?;E chi le scriverebbe?;Quem as escreveriam?;;;;;;;;;;;;;
496;nobleman;We can hire one of our useless students to do the writing, we have plenty.;Yazma işini bir işe yaramaz öğrencilerimize yaptırırız, bolca var.;Nous pourrions embaucher un étudiant pour écrire. On en a plein et ils ne servent à rien.;Podríamos contratar a un estudiante para escribir. Tenemos chavales a puñados… y no sirven para nada.;暇な学生を雇えば済むことです。+掃いて捨てるほどおりますから。;한가한 학생을 고용해서 쓰라고 하지요. 그런 학생은 많으니까요.;我们能在那群无能的学生里雇出一人来写作，+毕竟我们有那么多没用的学生。;我們能在那群無能的學生裏雇出一人來寫作，+畢竟我們有那麼多沒用的學生。;Das kann irgendein nutzloser Student machen, davon haben wir genügend.;Можно нанять одного из наших бесполезных учеников, у нас их много.;Possiamo assumere uno dei nostri inutili studenti per occuparsi della scrittura, ne abbiamo a bizzeffe.;Podemos contratar um de nossos estudantes inúteis para escrever. Temos muitos.;Good idea;Güzel fikir;Bonne idée;Buena idea;名案だ;명안이군.;好主意;好主意;Gute Idee;Отлично придумано;Bella idea;Boa ideia;<i>The book was an amazing success but <nobleman> takes time to pay your regal royalties.</i>;<i>Kitap inanılmaz bir başarıydı ama <nobleman> kraliyete düşen telif hakkı payını ödemekte gecikiyor.</i>;<i>Le livre fut un succès immense mais <nobleman> prit sont temps pour vous payer vos royales royalties.</i>;<i>El libro fue un éxitazo pero <nobleman> se toma su tiempo para pagaros los derechos.</i>;<i>伝記は飛ぶように売れたが、+<nobleman>は+印税をなかなか払わなかった。</i>;<i>전기는 불티나게 팔렸지만 <nobleman>은 로열티를 좀처럼 지불하지 않았다. </i>;<i>（这本书取得了巨大成功，+但<nobleman>耗费了+一些时间来偿还版税。）</i>;<i>（這本書取得了巨大成功，+但<nobleman>耗費了+一些時間來償還版稅。）</i>;<i>Das Buch ist ein gewaltiger Erfolg, aber mit dem Bezahlen der Tantiemen lässt <nobleman> sich Zeit.</i>;<i>Книга имела огромный успех, но <nobleman> не может выплатить ваш королевский гонорар сразу.</i>;<i>Il buco è stato un enorme successo, ma <nobleman> si prende il suo tempo per pagarvi i regali diritti.</i>;<i>O livro foi um sucesso, mas <nobleman> demora para pagar seus royalties.</i>;I will write them myself;Kendim yazarım;Je vais les écrire moi-même;Las voy a escribir yo mismo;余が書こう;짐이 쓰지.;我会来亲自执笔;我會來親自執筆;Ich schreibe es selbst;Я сам их напишу;Le scriverò io stesso;Eu mesmo escreverei;<i>You wrote your memoirs, but it was not a great success.</i>;<i>Kendi yaşam öykünüzü yazdınız ama pek başarılı olmadı.</i>;<i>Vous avez réussi à finir l'écriture de vos mémoires, mais ce ne fut pas un grand succès.</i>;<i>Por fin termináis de escribir vuestras memorias, aunque la verdad es que... no tienen mucho éxito.</i>;<i>王は自伝を執筆したが、+あまり売れなかった。</i>;<i>왕은 자서전을 집필했지만 그다지 팔리지 않았다. </i>;<i>（你决定亲自执笔写下回忆录，+但你的作品并未广受欢迎。）</i>;<i>（你決定親自執筆寫下回憶錄，+但你的作品並未廣受歡迎。）</i>;<i>Ihr schreibt Eure Memoiren, aber sie werden kein großer Erfolg.</i>;<i>Вы написали свои мемуары, но книга не имела успеха.</i>;<i>Scrivete le vostre memorie, ma non hanno grande successo.</i>;<i>Você escreveu suas memórias, mas não foi um grande sucesso.</i>;
497;nobleman;My Lord! Here are your royalties for your memoirs! All 5% of them.;Lordum! Yaşam öykünüzün telif hakkı ücretiniz! Toplam %5.;Monseigneur ! Voici les royalties de vos mémoires ! La totalité des 5%.;¡Señor! ¡He aquí los derechos de vuestras memorias! En total 5%.;陛下、伝記の印税を持って参りました！+売り上げの5%でございます。;폐하, 전기의 로열티를 가지고 왔습니다! 매출의 5%입니다.;陛下！这是您回忆录的版税！+全部收入的 5% 。;陛下！這是您回憶錄的版稅！+全部收入的 5% 。;Majestät! Hier sind die Tantiemen für Eure Memoiren! Die ganzen 5%.;Милорд! Вот ваш гонорар за мемуары! Все 5%!;Mio Signore! Ecco i diritti d'autore sulle Vostre memorie! Tutto quanto il 5%.;Senhor! Aqui está sua parte do pagamento das suas memórias! Todos os 5%!;;;;;;;;;;;;;;;;;;;;;;;;;You're a crook;Sahtekarsın;Vous êtes un escroc;Sois una escoria;このペテン師め;이 사기꾼.;你是个骗子;你是個騙子;Ihr seid ein Gauner;Ну ты и мошенник;Furfante;Seu trapaceiro;<i><executioner> tortured <nobleman> and exceptionally, seemed to enjoy it.</i>;<i><nobleman> işkenceye maruz kaldı. İşkenceci <executioner> bundan zevk almış gibi duruyordu.</i>;<i><executioner> tortura <nobleman> et sembla apprécier, pour une fois.</i>;<i><executioner> tortura a <nobleman> y parece que disfruta, por fin.</i>;<i><executioner>は+<nobleman>を拷問にかけた。+その様子はいつになく楽しげだった。</i>;<i><executioner>은 <nobleman>을 고문했다. 그 어느 때보다 즐거운 모습이었다. </i>;<i>（<executioner>+折磨了<nobleman>，+还乐在其中。）</i>;<i>（<executioner>+折磨了<nobleman>，+還樂在其中。）</i>;<i><executioner> foltert <nobleman> und scheint es ausnahmsweise zu genießen.</i>;<i> <nobleman> был подвергнут пыткам, а <executioner> получил исключительное удовлетворение.</i>;<i><executioner> torturò <nobleman> e, per una volta, sembrò divertirsi.</i>;<i><executioner> torturou <nobleman> e pareceu gostar.</i>;
498;doctor;Look at the strange thing I created last week while messing around with alchemy and dark arts.;Geçen hafta simya ve karanlk sanatlarla uğraşırken yarattığım bu tuhaf şeye bakın.;Sire ! Regardez ce que j'ai créé la semaine dernière en tripatouillant les mystères alchimiques avec la magie noire.;¡Hey Señor! Mirad lo que he creado la semana pasada mientras mezclaba los misterios alquímicos con la magia negra.;先週、錬金術と黒魔術を+あれこれ試しておりましたところ、+偶然こんなものができあがりました。;지난주 연금술과 흑마술을 이것저것 시도하던 중  우연히 이런 것이 완성되었습니다.;看看这奇怪的东西，+这是我上周摆弄炼金术和黑魔法时创造的。;看看這奇怪的東西，+這是我上周擺弄煉金術和黑魔法時創造的。;Seht, was ich letzte Woche Seltsames erschaffen habe, als ich mit Alchemie und dunklen Künsten herumpfuschte.;Посмотрите, какую странную штуку я создал на прошлой неделе, пока разбирался с алхимией и темными искусствами.;Date un'occhiata alla strana cosa che ho creato la settimana scorsa mentre pasticciavo con alchimia e arti oscure.;Veja o que eu criei semana passada quando mexia com alquimia e as artes ocultas.;Brilliant;Muhteşem;Magnifique;Estupendo;すばらしい;훌륭하군.;太好了;太好了;Beeindruckend;Превосходно;Magnifico;Brilhante;;;;;;;;;;;;;Not worrying at all;Hiç endişe etmiyorum;Pas inquiétant du tout;No me preocupa en absoluto;余は興味がない;짐은 관심이 없네.;这一点也不令人担忧;這一點也不令人擔憂;Gar nicht beunruhigend;Не волнует;Per nulla inquietante;Nada preocupante;;;;;;;;;;;;;
499;doctor;It's a vase.;Bu bir vazo.;C'est un vase.;Es un vaso.;ツボです。;항아리입니다.;这是个瓶子。;這是個瓶子。;Es ist eine Vase.;Это ваза.;È un vaso.;É um vaso.;Brilliant;Muhteşem;Magnifique;Estupendo;すばらしい;훌륭하군.;太好了;太好了;Beeindruckend;Превосходно;Magnifico;Brilhante;;;;;;;;;;;;;Supposed to be running a kingdom here...;Güya krallık yönetiyorum...;J'ai un royaume à diriger, moi...;Tengo un reino que gobernar...;国政に役立つのか…？;국정에 도움이 되는가...?;我应该去治理国家……;我應該去治理國家……;Ich leite hier ein Königreich;Я, вроде как, страной правлю…;Avrei un Regno da mandare avanti qua…;Tenho um reino para cuidar...;;;;;;;;;;;;;
500;homunculus>closed;<i>It doesn't say anything, it's a vase.</i>;<i>Bir şey demiyor, vazo bu.</i>;<i>Il ne dit rien, c'est un vase.</i>;<i>No dice nada, es un vaso.</i>;<i>返事がない。ただのツボだ。</i>;<i>대답이 없다. 그냥 항아리다. </i>;<i>它一言不发，+它就是个瓶子。</i>;<i>它一言不發，+它就是個瓶子。</i>;<i>Es sagt nichts. Es ist eine Vase.</i>;<i>Это ничего не означает, это ваза.</i>;<i>Non dice niente, è un vaso.</i>;<i>Não é nada além de um vaso.</i>;Brilliant;Muhteşem;Magnifique;Estupendo;すばらしい;훌륭하군.;太好了;太好了;Beeindruckend;Превосходно;Magnifico;Brilhante;;;;;;;;;;;;;<i>Knock</i>;<i>Vazoya tıklat</i>;<i>Frapper</i>;<i>Golpear</i>;<i>（ツボをたたいてみる）</i>;<i>항아리를 두드려 본다.</i>;<i>（敲门）</i>;<i>（敲門）</i>;<i>Dagegen klopfen</i>;<i>Стукнуть</i>;<i>Bussare</i>;<i>Bater</i>;;;;;;;;;;;;;
501;homunculus>closed;Liar...;Yalancı...;Menteur...;Mentiroso...;うそつきめ…;거짓말 치기는...;骗子……;騙子……;Lügner ...;Лжец…;Bugiardo…;Mentiroso...;What???;Ne???;Quoi???;¿Quééé?;なッ…！？;뭣...! ?;什么？？？;什麼？？？;Was???;Что???;Cosa???;O quê?!;;;;;;;;;;;;;How dare you!;Ne cüret!;Comment oses-tu ?;¿Cómo te atreves?;無礼者！;무례한 놈!;你怎么敢！;你怎麼敢！;Wie könnt Ihr es wagen!;Как ты смеешь!;Come osi?;Como ousa!;;;;;;;;;;;;;
502;homunculus>closed;Not you, the Doctor. He's a liar. He found me in Lamascus, he didn't create me.;Sen değil, Hekim. Yalan söylüyor. Beni kendisi yaratmadı, Çam'da buldu.;Pas vous, le Docteur. C'est un menteur. Il m'a trouvé à Lamascus, il ne m'a pas créé.;No usted, Doctor. Él es un mentiroso. Me encontró en Lamasco, no soy creación suya.;お前のことではない。+その医者がうそつきだと言っているのだ。+そいつは俺をラマスクスで見つけた。+自分で創ったわけではない。;아니, 너 말고. 그 의사가 거짓말쟁이라고.  그 녀석은 나를 라마스쿠스에서 찾아냈어. 만든 건 아냐.;没说你，我在说御医。+他是个骗子。+他是在拉马士革发现我的，他根本没有创造出我。;沒說你，我在說御醫。+他是個騙子。+他是在拉馬士革發現我的，他根本沒有創造出我。;Nicht Ihr, der Doktor. Er ist ein Lügner. Er hat mich in Lamaskus entdeckt und nicht erschaffen.;Не ты, а Доктор. Он лжет. Он нашел меня в Ламаске, он не создавал меня.;Non Voi, il Dottore. È un bugiardo. Mi ha trovato a Lamasco, non mi ha creato.;Não você. O médico. Ele mentiu. Encontrou-me em Lamascus, não me criou.;What are you?;Nesin sen?;Qu'est ce que tu es ?;¿Qué eres?;そなたは、なんなのだ？;그대는 누군가?;你究竟是什么？;你究竟是什麼？;Was seid Ihr?;Что ты такое?;Cosa sei tu?;O que é você?;;;;;;;;;;;;;Who are you?;Kimsin sen?;Qui es-tu ?;¿Quién eres?;そなたは、誰だ？;그대는 누구인가?;你是谁？;你是誰？;Wer seid Ihr?;Кто ты?;Chi sei tu?;Quem é você?;;;;;;;;;;;;;
503;homunculus>closed;A question so vast it verges on nonsense. Come back with the Frozen Blood and I may find an answer.;Bu soru öylesine geniş ki, neredeyse saçma olacak. Donmuş Kanı bulup gelirsen sana bir cevabım olabilir.;Une question si vaste quelle en est ridicule. Reviens avec le Sang Gelé et je t'apporterai peut-être une réponse.;Una pregunta tan amplia como ridícula. Vuelve con la Sangre Helada y te daré una respuesta.;その質問は茫漠としすぎていて、意味がない。+「凍れる血」を手に入れたら、+また俺を訪ねるがいい。+その問いの答えもわかるだろう。;질문이 너무 애매해서 의미가 없군. "얼어붙은 피"를 손에 넣으면 다시 나에게 찾아와. 그 질문의 대답도 알 수 있을 거야.;一个如此宏大以至于基本上是废话的问题。+把霜冻之血带回来，我或许能找到答案。;一個如此宏大以至於基本上是廢話的問題。+把霜凍之血帶回來，我或許能找到答案。;Eine so gewaltige Frage grenzt an Unfug. Bringt mir das Gefrorene Blut, dann finde ich vielleicht eine Antwort.;Вопрос настолько философский, что почти бессмысленный. Возвращайся с Морозной кровью и, быть может, я отвечу.;Una domanda così vasta da virare nell'assurdità. Tornate con il Sangue congelato e potrei trovare una risposta.;Uma pergunta tão ampla que beira o absurdo. Traga o Sangue Congelado, e eu responderei.;Brilliant;Muhteşem;Magnifique;Estupendo;すばらしい;훌륭하군.;太好了;太好了;Beeindruckend;Превосходно;Magnifico;Brilhante;;;;;;;;;;;;;;;;;;;;;;;;;;;;;;;;;;;;;
504;homunculus;How would you describe the movements of your soul?;Ruhunun hareketlerini nasıl tasvir ederdin?;Comment décrirais-tu les mouvements de ton âme ?;¿Cómo describirías los movimientos de tu alma?;お前はどんな魂の持ち主だ？;너는 어떤 영혼의 소유자지?;请问你会如何描述自己灵魂的运动状态呢？;請問你會如何描述自己靈魂的運動狀態呢？;Wie würdet Ihr die Regungen Eurer Seele beschreiben?;Как бы вы описали порывы своей души?;Come descrivereste i movimenti della vostra anima?;Como você descreveria os movimentos da sua alma?;Combative and open;Saldırgan ve açık;Combatifs et ouverts;Combativos y abiertos;好戦的かつ開放的;호전적이고 개방적이다.;心胸开阔且斗志旺盛;心胸開闊且鬥志旺盛;Als kampflustig und offen;Свободные и воинственные;Combattivi e aperti;Belicosos e abertos;;;;;;;;;;;;;Sensible and changing;Mantıklı ve değişken;Raisonnables et changeants;Razonables y mudables;思慮深く、柔軟;사려 깊고 유연하다.;清醒而多变;清醒而多變;Als vernünftig und wechselhaft;Разумные и переменчивые;Sensibili e mutevoli;Sensíveis e alternados;;;;;;;;;;;;;
505;homunculus;What are the values of a good King?;İyi bir Kralın sahip olması gereken erdemler nedir?;Que sont les vertus d'un bon Roi ?;¿Cuales son las virtudes de un buen rey?;名君とは？;훌륭한 왕의 자질은 무엇이라 생각해?;对一位好国王来说，+什么最宝贵？;對一位好國王來說，+什麼最寶貴？;Was sind die Tugenden eines guten Königs?;Каковы достоинства хорошего Короля?;Quali sono le qualità di un buon Re?;Quais são os valores de um bom rei?;Mine;Bende ne varsa o;Les miennes;Las mías;余のことだ;바로 짐을 일컫는 말이다.;我的品质;我的品質;Meine;Мои;Le mie;Os meus;;;;;;;;;;;;;Overrated;Abartılıyorlar;Surévaluées;Sobrevaloradas;美化されすぎだ;너무 미화되었군.;高估了;高估了;Überbewertet;Переоцененные;Sono sopravvalutate;Supervalorizados;;;;;;;;;;;;;
506;homunculus;Is the happiness of your people a sensible goal?;En mantıklı amacın halkının mutluluğu mudur?;Le bonheur de votre peuple est-il un but raisonnable ?;¿Es la felicidad de vuestro pueblo un objetivo razonable?;国民の幸せは、王として追求すべき目標か？;국민의 행복은 왕으로서 추구해야 할 목표인가?;让你的人民拥有幸福+对你来说是一个合理的目标吗？;讓你的人民擁有幸福+對你來說是一個合理的目標嗎？;Ist das Glück Eures Volkes ein vernünftiges Ziel?;Счастье ваших подданных — разумная цель?;La felicità del vostro popolo è un obiettivo rilevante?;A felicidade do seu povo é um objetivo importante?;An aspiration;Büyük arzumdur;Une aspiration plutôt;Una aspiración más bien;なにより大切なことだ;무엇보다 중요하다.;是我的志向所在;是我的志向所在;Es ist mein Bestreben;Стремлюсь к этому;Un'aspirazione;É uma inspiração;;;;;;;;;;;;;It depends;Değişir;Ça dépend;Depende;時と場合による;때와 장소에 따라 다르지.;这得看情况;這得看情況;Kommt darauf an ...;Смотря как посмотреть;Dipende;Depende;;;;;;;;;;;;;
507;witch;I can teach you a few things about white magic.;Size ak büyü hakkında bir şeyler öğretebilirim.;Je peux vous apprendre à maîtriser la magie blanche.;Puedo enseñaros a dominar la magia blanca.;陛下に白魔術の手ほどきをしてさしあげましょう。;폐하께 백마술의 기초를 가르쳐 드리지요.;我可以教你一些关于白魔法的事。;我可以教你一些關於白魔法的事。;Ich kann Euch ein paar Dinge über weiße Magie beibringen.;Я могу научить вас кое-чему из белой магии.;Posso insegnarvi un paio di cose sulla magia bianca.;Posso ensinar algumas coisas sobre magia branca.;;;;;;;;;;;;;;;;;;;;;;;;;;;;;;;;;;;;;;;;;;;;;;;;;
508;witch;But first you have to prove worthy of my time.;Ama önce vaktime değeceğini kanıtlamanız gerekiyor.;Mais d'abord vous devez me prouver que je ne perds pas mon temps avec vous.;Pero para empezar debéis demostrarme que no pierdo el tiempo con vos.;でもその前に、陛下にその価値があるか、+試させていただきます。;하지만 그 전에 폐하께 자질이 있는지 시험해 보겠어요.;但首先你必须证明这值得我花费时间。;但首先你必須證明這值得我花費時間。;Aber zuerst müsst Ihr beweisen, dass Ihr meine Zeit wert seid.;Но сначала нужно убедиться, что не зря потрачу время.;Prima dovrete dimostrare di essere degno del mio tempo, però.;Mas antes, você deve provar que vale meu tempo.;;;;;;;;;;;;;;;;;;;;;;;;;;;;;;;;;;;;;;;;;;;;;;;;;
509;witch;Pronounce the holy word "Zgando" in the Eastern fashion.;Kutsal "Zgando" sözcüğünü Doğu dilinde söyle.;Prononcez le mot sacré "Zgando" à la manière de l'Est.;Pronunciad la palabra sagrada "Zgando" con el acento del Este.;聖なる言葉「Zgando」を、+東部の発音で読んでみてください。;거룩한 말씀 "Zgando"를 동부 발음으로 읽어보십시오.;用东方流行的方式发出圣言“Zgando”的音。;用東方流行的方式發出聖言“Zgando”的音。;Sprecht das heilige Wort "Zgando" nach Art des Ostens aus.;Произнесите святое слово «Згандо» на восточный манер.;Pronunciate la sacra parola "Zgando" con l'accento dell'Est.;Pronuncie a palavra sagrada “Zgando” no idioma do leste.;Zlamwo;Zlamwo;Zlamwo;Zlamwo;ズラムウォ;즐람워;兹兰姆沃;茲蘭姆沃;Zlamwo;Зламво;Zlamwo;Zlamwo;<i>That was not the right answer.</i>;<i>Doğru cevap bu değildi.</i>;<i>Ce n'était pas la bonne réponse.</i>;<i>No era la buena respuesta.</i>;<i>不正解だった。</i>;<i>오답이었다. </i>;<i>（这不是正确答案。）</i>;<i>（這不是正確答案。）</i>;<i>Das war nicht die richtige Antwort.</i>;<i>Это неверный ответ.</i>;<i>Non era la risposta giusta.</i>;<i>Resposta errada.</i>;Ahboep;Ahboep;Ahboep;Ahboep;アーボエプ;아보에프.;阿波厄普;阿波厄普;Ahboep;Абуп;Ahboep;Ahboep;;;;;;;;;;;;;
510;witch;Well done. Now what would you like to learn?;Aferin. Şimdi, ne öğrenmek istersiniz?;Bravo. Cette formalité remplie, que voulez-vous apprendre ?;Muy bien. Una vez cumplida esta formalidad, ¿qué queréis aprender?;正解ですわ。では、どんな魔術をお望みですか？;정답입니다. 그럼, 어떤 마술를 원하십니까?;干得漂亮。+现在你想学些什么？;幹得漂亮。+現在你想學些什麼？;Gut gemacht. Also, was möchtet Ihr lernen?;Отлично. Чему бы вы хотели научиться?;Ben fatto. Cosa vorreste apprendere?;Muito bem. O que deseja aprender?;I don't know;Bilmiyorum;Je ne sais pas;No lo sé;わからない;모른다.;我不知道;我不知道;Ich weiß nicht;Я не знаю;Non lo so;Não sei;;;;;;;;;;;;;I have changed my mind;Fikrimi değiştirdim;J'ai changé d'avis;He cambiado de opinión;気が変わった;마음이 바뀌었다.;我改变主意了;我改變主意了;Ich hab's mir anders überlegt;Я передумал;Ho cambiato idea;Mudei de ideia;;;;;;;;;;;;;
511;witch;Sorry, that's all I've got for now.;Üzgünüm, elimde olanlar böyle.;Pardon, mais c'est tout ce que j'ai pour le moment.;Lo siento, es todo lo que tengo de momento.;今お教えできるのは、それだけですわ。;지금 가르쳐드릴 수 있는 것은 그걸 뿐입니다.;抱歉，+那是我现在拥有的全部了。;抱歉，+那是我現在擁有的全部了。;Tut mir leid, mehr habe ich erst einmal nicht.;Простите, больше мне нечего сейчас предложить.;Mi dispiace, per ora è tutto.;Desculpe-me. Não posso fazer mais nada.;;;;;;;;;;;;;;;;;;;;;;;;;Never mind;Boş ver;Tant pis;Pues peor para mí;もうよい;이제 됐네.;算了;算了;Macht nichts;Забудь…;Non importa;Deixe para lá;;;;;;;;;;;;;
512;witch;A way to tempt fate?;Ölüme meydan okumanın bir yolunu mu?;Un moyen de tenter le destin ?;¿Una manera de tentar al destino?;運命を手玉に取る術？;운명을 마음대로 바꿀 방법이요?;蔑视命运的方法？;蔑視命運的方法？;Wie man das Schicksal versucht?;Способ испытать судьбу?;Un modo per tentare il destino?;Tentar o destino?;;;;;;;;;;;;;;;;;;;;;;;;;Something else?;Başka?;Quelque chose d'autre ?;¿Alguna cosa más?;他には？;또 없나?;还有别的吗？;還有別的嗎？;Weitere Vorschläge?;Что-то еще?;Qualcos'altro?;Algo mais?;;;;;;;;;;;;;
513;bird;<i><bird>, 18</i>;<i><bird>, 18</i>;<i><bird>, 18</i>;<i><bird>, 18</i>;<i><bird>、18</i>;<i><bird>, 18</i>;<i><bird>，18</i>;<i><bird>，18</i>;<i><bird>, 18</i>;<i><bird>, 18</i>;<i><bird>, 18</i>;<i><bird>, 18</i>;LIKE;BEĞEN;LIKE;LIKE;イイネ！;마음에 드네!;喜欢;喜歡;LIKE;ДА;MI PIACE;CURTIR;;;;;;;;;;;;;NOPE;HAYIR;NOPE;NOPE;パス;다음.;不;不;NOPE;НЕТ;NON MI PIACE;NÃO;;;;;;;;;;;;;
514;witch;A way to find love?;Aşk bulmanın bir yolunu mu?;Un moyen de trouver l'amour ?;¿Una manera de encontrar el amor?;運命のひとを見つける術？;운명의 사랑을 찾는 방법이요?;找到爱情的方法？;找到愛情的方法？;Wie man die Liebe findet?;Способ отыскать любовь?;Un modo per trovare l'amore?;Encontrar amor?;;;;;;;;;;;;;;;;;;;;;;;;;Something else?;Başka?;Quelque chose d'autre ?;¿Alguna cosa más?;他には？;또 없나?;还有别的吗？;還有別的嗎？;Weitere Vorschläge?;Что-то еще?;Qualcos'altro?;Algo mais?;;;;;;;;;;;;;
515;witch;Tinderelo Tendirola! Now you have to make a choice.;Tinderelo Tendirola! Şimdi kararınızı vermeniz gerek.;Tinderelo Tendirola! Faites un choix !;¡Tinderelo Tendirola! ¡Ahora tenéis que elegir!;ティンダーレーロー、ティンダーローラー…+さあ陛下、お選びください。;틴더렐로 텐디롤라! 자. 이제 선택하십시오.;美人不可左拥右抱！+现在您必须做出选择。;美人不可左擁右抱！+現在您必須做出選擇。;Tinderelo Tendirola! Jetzt müsst Ihr eine Wahl treffen.;Тиндерело Тендирола! Теперь нужно сделать выбор.;Tinderelo Tendirola! Ora dovete fare una scelta.;Tinderelo Tendirola! Você precisa escolher!;;;;;;;;;;;;;;;;;;;;;;;;;What choice?;Ne seçimi?;Quel choix ?;¿Qué elijo?;選ぶ…？;선택...?;什么选择？;什麼選擇？;Was für eine Wahl?;Какой выбор?;Che scelta?;Quem será?;;;;;;;;;;;;;
516;lady;<i><lady>, 19</i>;<i><lady>, 19</i>;<i><lady>, 19</i>;<i><lady>, 19</i>;<i><lady>、19</i>;<i><lady>, 19</i>;<i><lady>，19</i>;<i><lady>，19</i>;<i><lady>, 19</i>;<i><lady>, 19</i>;<i><lady>, 19</i>;<i><lady>, 19</i>;LIKE;BEĞEN;LIKE;LIKE;イイネ！;마음에 드네!;喜欢;喜歡;LIKE;ДА;MI PIACE;CURTIR;;;;;;;;;;;;;NOPE;HAYIR;NOPE;NOPE;パス;다음.;不;不;NOPE;НЕТ;NON MI PIACE;NÃO;;;;;;;;;;;;;
517;courtesan;<i><courtesan>, 24</i>;<i><courtesan>, 24</i>;<i><courtesan>, 24</i>;<i><courtesan>, 24</i>;<i><courtesan>、24</i>;<i><courtesan>, 24</i>;<i><courtesan>，24</i>;<i><courtesan>，24</i>;<i><courtesan>, 24</i>;<i><courtesan>, 24</i>;<i><courtesan>, 24</i>;<i><courtesan>, 24</i>;LIKE;BEĞEN;LIKE;LIKE;イイネ！;마음에 드네!;喜欢;喜歡;LIKE;ДА;MI PIACE;CURTIR;;;;;;;;;;;;;NOPE;HAYIR;NOPE;NOPE;パス;다음.;不;不;NOPE;НЕТ;NON MI PIACE;NÃO;;;;;;;;;;;;;
518;queen;<i><queen>, 35</i>;<i><queen>, 35</i>;<i><queen>, 35</i>;<i><queen>, 35</i>;<i><queen>、35</i>;<i><queen>, 35</i>;<i><queen>，35</i>;<i><queen>，35</i>;<i><queen>, 35</i>;<i><queen>, 35</i>;<i><queen>, 35</i>;<i><queen>, 35</i>;LIKE;BEĞEN;LIKE;LIKE;イイネ！;마음에 드네!;喜欢;喜歡;LIKE;ДА;MI PIACE;CURTIR;;;;;;;;;;;;;NOPE;HAYIR;NOPE;NOPE;パス;다음.;不;不;NOPE;НЕТ;NON MI PIACE;NÃO;;;;;;;;;;;;;
519;painter;<i><painter>, 22</i>;<i><painter>, 22</i>;<i><painter>, 22</i>;<i><painter>, 22</i>;<i><painter>、22</i>;<i><painter>, 22</i>;<i><painter>，22</i>;<i><painter>，22</i>;<i><painter>, 22</i>;<i><painter>, 22</i>;<i><painter>, 22</i>;<i><painter>, 22</i>;LIKE;BEĞEN;LIKE;LIKE;イイネ！;마음에 드네!;喜欢;喜歡;LIKE;ДА;MI PIACE;CURTIR;;;;;;;;;;;;;NOPE;HAYIR;NOPE;NOPE;パス;다음.;不;不;NOPE;НЕТ;NON MI PIACE;NÃO;;;;;;;;;;;;;
520;foreign_princess;<i><foreign_princess>, 21</i>;<i><foreign_princess>, 21</i>;<i><foreign_princess>, 21</i>;<i><foreign_princess>, 21</i>;<i><foreign_princess>、21</i>;<i><foreign_princess>, 21</i>;<i><foreign_princess>，21</i>;<i><foreign_princess>，21</i>;<i><foreign_princess>, 21</i>;<i><foreign_princess>, 21</i>;<i><foreign_princess>, 21</i>;<i><foreign_princess>, 21</i>;LIKE;BEĞEN;LIKE;LIKE;イイネ！;마음에 드네!;喜欢;喜歡;LIKE;ДА;MI PIACE;CURTIR;;;;;;;;;;;;;NOPE;HAYIR;NOPE;NOPE;パス;다음.;不;不;NOPE;НЕТ;NON MI PIACE;NÃO;;;;;;;;;;;;;
521;nun;<i><nun>, 28</i>;<i><nun>, 28</i>;<i><nun>, 28</i>;<i><nun>, 28</i>;<i><nun>、28</i>;<i><nun>, 28</i>;<i><nun>，28</i>;<i><nun>，28</i>;<i><nun>, 28</i>;<i><nun>, 28</i>;<i><nun>, 28</i>;<i><nun>, 28</i>;LIKE;BEĞEN;LIKE;LIKE;イイネ！;마음에 드네!;喜欢;喜歡;LIKE;ДА;MI PIACE;CURTIR;;;;;;;;;;;;;NOPE;HAYIR;NOPE;NOPE;パス;다음.;不;不;NOPE;НЕТ;NON MI PIACE;NÃO;;;;;;;;;;;;;
522;executioner;<i><executioner>, 42</i>;<i><executioner>, 42</i>;<i><executioner>, 42</i>;<i><executioner>, 42</i>;<i><executioner>、42</i>;<i><executioner>, 42</i>;<i><executioner>，42</i>;<i><executioner>，42</i>;<i><executioner>, 42</i>;<i><executioner>, 42</i>;<i><executioner>, 42</i>;<i><executioner>, 42</i>;LIKE;BEĞEN;LIKE;LIKE;イイネ！;마음에 드네!;喜欢;喜歡;LIKE;ДА;MI PIACE;CURTIR;;;;;;;;;;;;;NOPE;HAYIR;NOPE;NOPE;パス;다음.;不;不;NOPE;НЕТ;NON MI PIACE;NÃO;;;;;;;;;;;;;
523;witch;I didn't find anyone suitable.;Uygun birisini bulamadım.;Je n'ai trouvé personne qui vous convienne.;No he encontrado a nadie que os convenga.;ふさわしいお相手が見つかりませんでした。;어울리는 상대를 찾을 수 없군요.;我没找到合适人选。;我沒找到合適人選。;Ich habe niemand Passenden gefunden.;Никто из них мне не по душе.;Non ho trovato nessuno di adatto.;Não achei ninguém ideal.;Try again;Yine dene;Réessayez;Intentadlo de nuevo;もう一度探せ;다시 찾아오게.;再试试;再試試;Versucht es nochmal;Попробовать снова;Riprovate;Tente de novo;;;;;;;;;;;;;I will die alone;Yalnız öleceğim;Je mourrai seul;Moriré en soledad;余は一生、独り身だ…;짐은 평생 독신이야...;我会孤独终老;我會孤獨終老;Ich werde allein sterben;Я умру в одиночестве;Morirò solo;Morrerei só;;;;;;;;;;;;;
524;witch;It's a match! You and <lover> have liked each other.;Eşleştiniz! Siz ve <lover> birbirinizden hoşlandınız.;It's a match! Vous et <lover> avez indiqué que vous vous plaisez.;¡Combinación perfecta! Vos y <lover> os gustáis.;マッチング成立ですわ！+<lover>も+陛下のことを「イイネ」と申しております。;짝이 맞았군요. <lover>도 폐하를 마음에 들어하고 있습니다.;天造地设的一对！+你和<lover>彼此爱慕。;天造地設的一對！+你和<lover>彼此愛慕。;Das passt! Ihr und <lover> mögt einander offenbar.;Чудесная пара! Вы и <lover> понравились друг другу.;Combinazione trovata! Voi e <lover> vi siete piaciuti a vicenda.;Deu certo! Você e <lover> se curtiram!;;;;;;;;;;;;;;;;;;;;;;;;;;;;;;;;;;;;;;;;;;;;;;;;;
525;witch;A way to learn happiness?;Mutluluğu keşfetmenin bir yolunu mu?;Un moyen d'apprendre le bonheur ?;¿Una manera de aprender a ser feliz?;幸せを知る術？;행복해지는 방법이요?;获得快乐的方法？;獲得快樂的方法？;Wie man glücklich wird?;Способ найти счастье?;Un modo per apprendere la felicità?;Um caminho para felicidade?;;;;;;;;;;;;;;;;;;;;;;;;;Something else?;Başka?;Quelque chose d'autre ?;¿Alguna cosa más?;他には？;또 없나?;还有别的吗？;還有別的嗎？;Weitere Vorschläge?;Что-то еще?;Qualcos'altro?;Algo mais?;;;;;;;;;;;;;
526;witch;Why would you need a spell for that? Happiness is neither a trick nor a trinket.;Bunun için büyüye ihtiyaç mı var? Mutluluk ne numara, ne de ıvır zıvırdır.;Pourquoi voudriez-vous un sort pour cela ? Le bonheur n'est ni un tour de magie ni une incantation.;¿Por qué querríais un encantamiento para eso? La felicidad no es ningún truco de magia.;それなら、魔術など必要ありませんわ。+幸せは術で呼び寄せるものでも、+宝石のように身につけるものでもありません。;그건 행복은 마술로 불러올 수 있는 것도 아니고  보석처럼 몸에 지닐 수 있는 것도 아닙니다.;为什么你会需要一个关于快乐的魔咒？+快乐既非花招也非琐物。;為什麼你會需要一個關於快樂的魔咒？+快樂既非花招也非瑣物。;Warum sollte man dafür einen Zauber brauchen? Glück ist kein Hexenwerk.;Разве для этого нужны заклинания? Счастье — не колдовской трюк и не безделушка.;Perché desiderate un incantesimo per quello? La felicità non è un trucco o un ciondolo.;Por que precisaria de um feitiço para isso? Felicidade não é um truque.;;;;;;;;;;;;;;;;;;;;;;;;;;;;;;;;;;;;;;;;;;;;;;;;;
527;witch;I can't give you happiness, but maybe I can remove something that makes you unhappy.;Sizi mutlu edemem, ama belki sizi mutsuz eden bir şeyi kaldırabilirim.;Je ne peux vous donner le bonheur, mais je peux vous débarrasser d'une chose qui vous rend malheureux.;No puedo daros la felicidad, pero tal vez puedo eliminar aquello que os hace infeliz.;私は陛下に幸せをもたらすことはできませんが、+ご不満の種を取りのぞくことは可能です。;저는 폐하께 행복을 가져다 드릴 수는 없지만  불만의 씨앗을 제거할 수는 있죠.;我无法给予你快乐，+但我或许能为你带走一些让你不快乐的东西。;我無法給予你快樂，+但我或許能為你帶走一些讓你不快樂的東西。;Ich kann Euch nicht glücklich machen, aber vielleicht etwas beseitigen, das Euch unglücklich macht.;Я не могу дать вам счастье. Но, возможно, я могу убрать то, что делает вас несчастным.;Non posso darvi la felicità, ma forse posso rimuovere una delle cause della vostra infelicità.;Não posso garantir felicidade, mas posso remover algo que o deixa infeliz.;The Queen!;Kraliçe!;La Reine !;¡La Reina!;王妃だ！;왕비다!;皇后！;皇后！;Die Königin!;Королеву!;La Regina!;A Rainha!;;;;;;;;;;;;;The Crown!;Taç!;La couronne !;¡La corona!;この王冠だ！;이 왕관이다!;皇冠！;皇冠！;Die Krone!;Корону!;La corona!;A Coroa!;;;;;;;;;;;;;
528;end>dead_king_classic;<i>No one saw you again after that day. Only your crown remained.</i>;<i>O günden itibaren kimse sizi görmedi. Geriye sadece tacınız kaldı.</i>;<i>Personne ne vous vit plus après ce jour. On ne retrouva que votre couronne.</i>;<i>Nadie volvió a veros después de aquel día. Solo vuestra corona fue encontrada.</i>;<i>その日以降、王の姿を見た者はいない。+あとには王冠だけが残されていた。</i>;<i>그날 이후 왕의 모습을 본 사람은 없다. 왕관만이 남아 있었다. </i>;<i>（那天之后再没人见过你。+只剩下王冠留在原地。）</i>;<i>（那天之後再沒人見過你。+只剩下王冠留在原地。）</i>;<i>Nach diesem Tag werdet Ihr nie mehr gesehen. Nur Eure Krone bleibt zurück.</i>;<i>И с тех пор вас никто больше не видел. От вас осталась только корона.</i>;<i>Da quel giorno, nessuno più vi vide. Di Voi restò solo la corona.</i>;<i>Ninguém viu você novamente. Somente sua coroa restou.</i>;;;;;;;;;;;;;;;;;;;;;;;;;;;;;;;;;;;;;;;;;;;;;;;;;
529;witch;Good then... because you're not married.;Güzel, o zaman... çünkü evli değilsiniz.;Alors ça tombe bien... parce que vous n'êtes pas marié.;Entonces... porque no estáis casado.;それはよかった…+だって陛下は、ご結婚されていませんものね。;그거 다행이군요... 왜냐하면 폐하께서는 결혼하지 않으셨으니까요.;那很好……+因为你没结婚。;那很好……+因為你沒結婚。;Das trifft sich gut ... weil Ihr nicht verheiratet seid.;Хорошо… потому что вы не женаты.;Bene… perché Voi non siete sposato.;Bom... porque você não é casado.;;;;;;;;;;;;;;;;;;;;;;;;;;;;;;;;;;;;;;;;;;;;;;;;;
530;witch;Are you sure?;Emin misiniz?;Vous êtes sûr ?;¿Estáis seguro?;本当によろしいのですね？;정말로 괜찮나요?;你确定？;你確定？;Seid Ihr sicher?;Вы уверены?;Ne siete sicuro?;Tem certeza?;;;;;;;;;;;;;<i>The Queen leaves unexpectedly, with most of the court. You don't feel particularly happy about that.</i>;<i>Kraliçe beklenmedik bir biçimde, sarayın büyük bir kısmıyla birlikte, ayrılıyor. Bu konuda pek mutlu hissetmiyorsunuz.</i>;<i>La Reine quitte précipitamment la cour avec sa suite. Vous ne vous sentez pas spécialement plus heureux.</i>;<i> La Reina abandona la corte con su séquito inmediatamente. Esto no os hace especialmente feliz.</i>;<i>王妃は突然、城を去った。+家臣の大半も彼女と共に去り、+王は大いに不満を感じた。</i>;<i>왕비는 갑자기 성을 떠났다. 신하들 대부분도 왕비와 함께 떠나 왕은 불만스러웠다. </i>;<i>（皇后出人意料地带着+大部分皇室成员离开了。+你对此感到恼羞成怒。）</i>;<i>（皇后出人意料地帶著+大部分皇室成員離開了。+你對此感到惱羞成怒。）</i>;<i>Die Königin reist unerwartet ab, zusammen mit einem Großteil des Hofes. Richtig glücklich seid Ihr darüber nicht.</i>;<i>Королева неожиданно уехала, а с ней — почти все придворные. Вы не очень-то счастливы.</i>;<i>La Regina se ne va all'improvviso, con la maggior parte della corte. Non ne siete particolarmente entusiasta.</i>;<i>A Rainha saiu sem explicações, com grande parte da corte. Você não se sente feliz com isso.</i>;;;;;;;;;;;;;;;;;;;;;;;;;
531;witch;A way to trick the devil?;Şeytanı kandırmanın bir yolunu mu?;Une manière de jouer un tour au démon ?;¿Una forma de jugarle una pasada al diablo?;悪魔を欺く術？;악마를 속이는 방법이요?;骗过恶魔的方法？;騙過惡魔的方法？;Wie man den Teufel betrügt?;Способ обмануть дьявола?;Un modo per ingannare il diavolo?;Enganar o diabo?;;;;;;;;;;;;;;;;;;;;;;;;;Something else?;Başka?;Quelque chose d'autre ?;¿Alguna cosa más?;他には？;또 없나?;还有别的吗？;還有別的嗎？;Weitere Vorschläge?;Что-то еще?;Qualcos'altro?;Algo mais?;;;;;;;;;;;;;
532;witch;<i><witch> tosses white knucklebones in the air.</i> I see six numbers: 1043, 683, 1214, 842, 1432 and 1669.;<i><witch> havaya beyaz beştaşlar fırlatıyor.</i> Altı sayı görüyorum: 1043, 683, 1214, 842, 1432 ve 1669.;<i><witch> jette des osselets blanchâtres en l'air.</i> Je vois six chiffres: 1043, 683, 1214, 842, 1432 et 1669.;<i><witch> tira unos huesecillos blancos al aire.</i> Veo seis números: 1043, 683, 1214, 842, 1432 y 1669.;<i><witch>は白い骨を+宙に放った。</i>「6つの数字が見えますわ…+1043、683、1214、842、1432、+そして1669」。;<i><witch>는 흰 뼈를 공중에 던졌다. </i> 숫자가 6개 보이는군요... 1043, 683, 1214, 842, 1432, 1669.;<i><witch>将一节白色关节骨抛向空中。</i>+我看到 6 个数字：+1043、683、1214、+842、1432 和 1669 。;<i><witch>將一節白色關節骨拋向空中。</i>+我看到 6 個數字：+1043、683、1214、+842、1432 和 1669 。;<i><witch> wirft weiße Würfelknochen.</i> Ich sehe sechs Zahlen: 1043, 683, 1214, 842, 1432 und 1669.;<i><witch> бросает белые костяшки в воздух.</i> Я вижу шесть чисел: 1043, 683, 1214, 842, 1432 и 1669.;<i><witch> lancia degli ossicini bianchi in aria.</i> Vedo sei numeri: 1043, 683, 1214, 842, 1432 e 1669.;<i><witch> joga os ossos ao ar.</i> Vejo seis números: 1.043, 683, 1.214, 842, 1.432 e 1.669.;Ok...;Tamam...;Ah...;Ah...;うむ…;음...;好吧...;好吧...;Aha ...;Ладно…;Ah…;Tudo bem...;;;;;;;;;;;;;Not helpful;Yardımcı olmuyorsun;C'est tout ?;¿Éso es todo?;意味不明だ;의미를 알 수 없군.;并没有帮助;並沒有幫助;Nicht sehr hilfreich;Не помогло;Non molto d'aiuto;Não ajudou;;;;;;;;;;;;;
533;witch;I have a gift for you. But it has a price, you will have to prove to me you're a worthy King.;Size bir hediyem var. Ama bir bedeli var, bana buna layık bir Kral olduğunuzu kanıtlamalısınız.;J'ai un cadeau pour vous. Mais il a un prix : vous allez devoir me prouver que vous êtes un bon roi.;Un regalo para vos. Pero hay un precio bastante elevado: vais a tener que demostrarme que sois un rey valiente.;陛下に贈り物がございます。+ただし、ただで差し上げるわけには参りません。+それを受け取るにふさわしい王だと、+私に証明してくださいまし。;폐하께 드릴 선물이 있습니다. 하지만 공짜는 아닙니다.  그것을 받을 만한 자격을 제게 증명해 보이십시오.;我有礼物给你。+但并非毫无条件，+你得向我证明你这个国王配得上我的礼物。;我有禮物給你。+但並非毫無條件，+你得向我證明你這個國王配得上我的禮物。;Ich habe ein Geschenk für Euch. Aber es hat einen Preis: Zeigt mir, dass Ihr ein würdiger König seid.;У меня есть подарок для вас. Но у него есть цена. Вам нужно будет доказать мне, что вы достойны быть Королем.;Ho un dono per Voi, ma ha un prezzo. Dovrete dimostrarmi di essere un Re meritevole.;Tenho um presente, mas ele tem um preço. Você precisa me provar que é um rei digno.;;;;;;;;;;;;;;;;;;;;;;;;;;;;;;;;;;;;;;;;;;;;;;;;;
534;witch;Govern 15 years with the ailments of old age and we will talk again.;15 yıl boyunca ihtiyarlığın rahatsızlıklarıyla hüküm sürün, sonra yine konuşacağız.;Survivez 15 ans à l'exercice du pouvoir avec les maux du grand âge et nous reparlerons.;Sobrevivid 15 años al ejercicio del poder con los achaques de la edad y volveremos a hablar.;15年間、老いの衰えに耐えながら+国をお治めください。+それができたら、贈り物を持って参りましょう。;15년간 노쇠함을 이기고 국가를 통치해 주십시오.  그러면 선물을 가져오지요.;在衰老年迈的状态下治理国家 15 年，+之后我们会再聊一次的。;在衰老年邁的狀態下治理國家 15 年，+之後我們會再聊一次的。;Regiert 15 Jahre lang mit den Leiden des Alters, und wir reden nochmal.;Правьте 15 лет, страдая от старческих болезней, а потом мы снова поговорим.;Governate per 15 anni soffrendo dei malanni della vecchiaia e poi ne riparleremo.;Governe 15 anos com os males da idade e nós conversaremos novamente.;;;;;;;;;;;;;;;;;;;;;;;;;;;;;;;;;;;;;;;;;;;;;;;;;
535;witch;ONE MINUTE.;BİR DAKİKA.;UNE MINUTE.;UN MINUTO.;少々お待ちを！;잠시만 기다리세요!;最后一分钟。;最後一分鐘。;EINEN MOMENT.;ОДНУ МИНУТУ.;UN MINUTO.;UM MINUTO.;;;;;;;;;;;;;<i><witch> waves her hands and suddenly your infirmity is gone.</i>;<i><witch> bir el hareketi yapıyor ve bir anda hastalığınız kayboluyor.</i>;<i><witch> fait un geste de la main et soudainement votre infirmité disparaît.</i>;<i><witch> hace un gesto con la mano y al instante vuestro malestar desaparace.</i>;<i><witch>が手を振ると、+突然耳がよく聞こえるようになった。</i>;<i><witch>가 손을 흔드니 갑자기 귀가 잘 들렸다. </i>;<i>（<witch>手一挥，+你的疾病便消失无踪了。）</i>;<i>（<witch>手一揮，+你的疾病便消失無蹤了。）</i>;<i><witch> winkt mit der Hand und plötzlich sind Eure Gebrechen verschwunden.</i>;<i><witch> делает взмах рукой, и ваша немощность исчезает.</i>;<i><witch> agita le mani e all'improvviso la malattia scompare.</i>;<i><witch> agita as mãos, e sua enfermidade se vai de uma hora para outra.</i>;No shouting;Bağırmak yok;Ne criez pas;No gritéis;大きな声を出すでない;큰 소리를 내지 말게.;不准大声喧哗;不准大聲喧嘩;Schreit nicht so;Не кричать;Non urlate;Não grite;<i><witch> waves her hands and suddenly your infirmity is gone.</i>;<i><witch> bir el hareketi yapıyor ve bir anda hastalığınız kayboluyor.</i>;<i><witch> fait un geste de la main et soudainement votre infirmité disparaît.</i>;<i><witch> hace un gesto con la mano y al instante vuestro malestar desaparace.</i>;<i><witch>が手を振ると、+突然耳がよく聞こえるようになった。</i>;<i><witch>가 손을 흔드니 갑자기 귀가 잘 들렸다. </i>;<i>（<witch>手一挥，+你的疾病便消失无踪了。）</i>;<i>（<witch>手一揮，+你的疾病便消失無蹤了。）</i>;<i><witch> winkt mit der Hand und plötzlich sind Eure Gebrechen verschwunden.</i>;<i><witch> делает взмах рукой, и ваша немощность исчезает.</i>;<i><witch> agita le mani e all'improvviso la malattia scompare.</i>;<i><witch> agita as mãos, e sua enfermidade se vai de uma hora para outra.</i>;
536;witch;You did it. You survived my curse. Now choose a gift.;Başardınız. Lanetimden kurtuldunuz. Şimdi bir hediye seçin.;Vous avez réussi. Vous avez survécu à ma malédiction. Maintenant choisissez un cadeau.;Lo habéis conseguido. Habéis sobrevivido a una maldición. Ahora elegid un regalo.;陛下は呪いに苦しみながらも、+15年間立派に国を治めました。+約束通り、お好きな贈り物をお選びください。;폐하는 저주에 시달리면서도 15년간 훌륭하게 나라를 다스렸습니다. 약속대로 원하는 선물을 선택하십시오.;你做到了。+你熬过了我的诅咒。+现在挑选一份礼物吧。;你做到了。+你熬過了我的詛咒。+現在挑選一份禮物吧。;Ihr habt es geschafft. Ihr habt meinen Fluch überlebt. Jetzt wählt ein Geschenk.;Вы сделали это, вы вынесли мое проклятие. Выбирайте подарок.;Ce l'avete fatta. Siete sopravvissuto alla mia maledizione. Ora scegliete un dono.;Você conseguiu. Sobreviveu à maldição. Escolha um presente.;<i>A red and cold ruby</i>;<i>Kırmızı ve soğuk bir yakut</i>;<i>Un rubis rouge et froid au toucher</i>;<i>Un rubí escarlata, helado al tacto</i>;<i>（赤く冷たいルビー）</i>;<i>빨간색 차가운 루비.</i>;<i>（一块冰冷的红宝石）</i>;<i>（一塊冰冷的紅寶石）</i>;<i>Einen roten, kalten Rubin</i>;<i>Красный холодный рубин</i>;<i>Un rubino rosso e freddo</i>;<i>Um rubi vermelho e frio</i>;;;;;;;;;;;;;<i>A golden crown</i>;<i>Altın bir taç</i>;<i>Une couronne d'or</i>;<i>Una corona de oro</i>;<i>（黄金の王冠）</i>;<i>황금 왕관.</i>;<i>（一个黄金王冠）</i>;<i>（一個黃金王冠）</i>;<i>Eine goldene Krone</i>;<i>Золотая корона</i>;<i>Una corona d'oro</i>;<i>Uma coroa dourada</i>;;;;;;;;;;;;;
537;homunculus>closed;You found the Frozen Blood... I know you did.;Donmuş Kanı buldun... Bulduğunu biliyorum.;Vous avez trouvé le Sang Gelé... Je le sais.;Habéis encontrado la Sangre Helada... Lo sé.;ついに「凍れる血」を手に入れたな…+俺にはわかるぞ。;"얼어붙은 피"를 구했구나. 해낼 줄 알았어.;你找到了霜冻之血……+我知道你做到了。;你找到了霜凍之血……+我知道你做到了。;Ihr habt das Gefrorene Blut gefunden ... Ich wusste es.;Ты нашел Морозную кровь… Я знаю.;Avete trovato il Sangue congelato… Lo so.;Você encontrou o Sangue Congelado... eu sei que sim.;;;;;;;;;;;;;<i>You put the ruby in the vase. It dissolves immediately and reveals...</i>;<i>Yakutu vazoya koyuyorsunuz. Anında çözünüyor ve ortaya çıkan şey...</i>;<i>Vous mettez le rubis dans le vase. Il se dissout instantanément et révèle...</i>;<i>Metéis un rubí en la urna. Se disuelve al instante, revelando...</i>;<i>王はルビーをツボの中に入れた。+宝石はたちまち溶け去り、+謎の生物が姿を現す…</i>;<i>왕은 루비를 항아리 안에 넣었다. 보석은 금새 녹아 사라지고 수수께끼의 생물이 모습을 드러냈다...</i>;<i>（你将红宝石放入了花瓶。+它立即分解，原形毕现……）</i>;<i>（你將紅寶石放入了花瓶。+它立即分解，原形畢現……）</i>;<i>Ihr legt den Rubin in die Vase. Er löst sich sofort auf und zum Vorschein kommt ...</i>;<i>Вы кладете рубин в вазу. Он тут же растворяется, и оказывается…</i>;<i>Adagiate il rubino nel vaso. Si dissolve e immediatamente rivela...</i>;<i>Você coloca o rubi no vaso. Ele se dissolve e revela...</i>;;;;;;;;;;;;;;;;;;;;;;;;;
538;homunculus;That's better.;Böylesi daha iyi.;Ah... ça va mieux.;Ah... Ahora mejor.;これでよし…;좋아...;这样好多了。;這樣好多了。;Schon besser.;Так-то лучше.;Meglio.;Agora sim.;Who are you?;Kimsin sen?;Qui es-tu ?;¿Quién eres?;そなたは誰だ？;그대는 누구인가?;你是谁？;你是誰？;Wer seid Ihr?;Кто ты?;Chi sei?;Quem é você?;;;;;;;;;;;;;Who are you?;Kimsin sen?;Qui es-tu ?;¿Quién eres?;そなたは誰だ？;그대는 누구인가?;你是谁？;你是誰？;Wer seid Ihr?;Кто ты?;Chi sei?;Quem é você?;;;;;;;;;;;;;
539;homunculus;Names are irrelevant, they only enslave their owners with a tantalizing but questionable sense of identity.;İsimler önemli değil. Umut veren ama şüpheli bir kimlik hissi sunup sahiplerini tutsak ederler.;Les noms sont vides, ils ne font qu'enfermer leurs porteurs dans une attirante mais hasardeuse sensation d'identité.;Los nombres están vacíos, no hacen más que encerrar a sus dueños en una prometedora pero dudosa sensación de identidad.;名前などに意味はない。+名はその持ち主に、いかにも意味ありげな+自己認識という枷をはめる。それだけだ。;이름 따위는 상관 없어.  이름은 그 주인에게 의미있어 보이는  자기인식이라는 족쇄를 끼울 뿐이지. 그것 뿐이야.;名字无关紧要，+它们只是在用诱人却不可靠的认同感+奴役他们的所有者。;名字無關緊要，+它們只是在用誘人卻不可靠的認同感+奴役他們的所有者。;Namen sind irrelevant, sie binden ihre Träger nur an ein verlockendes, aber fragwürdiges Identitätsgefühl.;Имена неуместны, они делают своих владельцев рабами соблазнительного, но спорного чувства индивидуальности.;I nomi sono irrilevanti, servono solo a rendere chi li porta schiavi di un attraente quanto discutibile senso d'identità.;Nomes são irrelevantes. Eles apenas escravizam os donos a um senso de identidade questionável.;What are you?;Nesin sen?;Qu'est ce que tu es ?;¿Qué eres?;そなたは、なんなのだ？;그대는 누군가?;你究竟是什么？;你究竟是什麼？;Was seid Ihr?;Что ты такое?;Cosa sei?;O que é você?;;;;;;;;;;;;;Stop here;Dur bakalım;Assez;Basta;もうよい;이제 됐네.;打住;打住;Genug jetzt;Прекрати;Basta così!;Pare;;;;;;;;;;;;;
540;homunculus;I'm the pure idea of a man. An alchemic wonder created by a wise scientist from an age long forgotten.;Ben insan olma düşüncesinin saf haliyim. Nice zaman evvel unutulmuş bir çağın bilge bir bilim insanının simya mucizesiyim.;Je suis la pure idée d'un être humain. Un miracle alchimique créé par le plus grand sage d'une époque oubliée.;Soy la idea pura del ser humano. Un milagro alquimista creado por el mayor sabio de una época olvidada.;俺は、ある人間の純然たる思考より生まれた。+記憶のかなたに埋もれた時代に、+偉大なる科学者が錬金術により生み出した、+奇跡のたまものだ。;나는 어떤 인간의 순수한 생각으로부터 태어났어.  기억의 저편에 묻힌 시대에  위대한 과학자가 연금술을 통해 만들어 낸 기적이지.;我是一位人类的纯粹意识。+是那被遗忘已久的年代，+一位睿智的科学家创造出的炼金奇迹。;我是一位人類的純粹意識。+是那被遺忘已久的年代，+一位睿智的科學家創造出的煉金奇跡。;Ich bin die reine Idee eines Menschen. Ein Wunder, das ein Weiser in längst vergessenen Zeiten erschuf.;Я — безупречный проект человека, алхимическое чудо, созданное мудрым ученым из стародавних времен.;Io sono l'idea pura di un uomo. Una meraviglia di alchimia creata da un saggio scienziato in un'età da tempo dimenticata.;Sou a pura ideia de um homem. Uma maravilha alquímica criada por um sábio de uma era esquecida.;How pure?;Nasıl saf?;Pure ?;¿Cómo de pura?;純然？;순수하다고?;有多纯粹？;有多純粹？;Wie rein?;Насколько безупречный?;Pura quanto?;O quão puro você é?;;;;;;;;;;;;;Stop here;Dur bakalım;Assez;Basta;もうよい;이제 됐네.;打住;打住;Genug jetzt;Прекрати;Basta così!;Pare;;;;;;;;;;;;;
541;homunculus;I'm the closest any being could be to a pure spirit. A perfect mind because of an impossibly weak body.;Benim kadar saf ruha yakın başka bir varlık yoktur. İnanılmaz güçsüz bir beden yüzünden mükemmel bir zihin.;Je suis l'entité la plus proche de ce que pourrait être un "pur esprit". Une conscience parfaite à cause d'un corps imparfait.;Soy lo más parecido a un espíritu puro. Una conciencia perfecta consecuencia de un cuerpo imperfecto.;そうだ。この世に存在するあらゆるものと+比較して、俺は純然たる魂に最も近い存在。+普通ならありえぬほど肉体がもろいからこそ、+俺の魂は完ぺきなのだ。;그래. 세상에 존재하는 모든 것으로 비교하면  나는 단순한 영혼에 가장 가까운 존재야.  육체가 아주 쇠약하기 때문에 내 영혼은 완벽해.;我在世间万物当中，最为接近纯粹精神。+是因肉体极度虚弱而涌现出的完美思想。;我在世間萬物當中，最為接近純粹精神。+是因肉體極度虛弱而湧現出的完美思想。;Näher kann ein Wesen einem reinen Geist nicht kommen. Ein klarer Verstand wegen eines schwächlichen Körpers.;Я ближе, чем кто бы то ни был, к чистоте духа. Мой дух совершенен, благодаря невозможно слабому телу.;Sono quanto di più simile a uno spirito puro un essere vivente potrà mai aspirare a essere. Una mente perfetta grazie a un corpo impossibilmente debole.;Sou o que há de mais próximo de um espírito puro. Uma mente perfeita sem o fardo de um corpo fraco.;It does make sense;Aslında mantıklı;Je comprends;Entiendo;なるほど、一理ある;과연, 일리 있군.;确实有道理;確實有道理;Das ergibt Sinn;Это логично;Ha senso;Faz sentido;;;;;;;;;;;;;It doesn't make sense;Mantıklı durmuyor;Je ne comprends pas;No lo entiendo;意味がわからぬ;무슨 소리인가.;这不可能;這不可能;Das ergibt keinen Sinn;Это не имеет смысла;Non ha alcun senso;Não faz sentido;;;;;;;;;;;;;
542;homunculus;Does it? I question the very fabric of your reality and it doesn't bother you?;Öyle mi? Gerçekliğinin temelini sorguluyorum ve bu seni rahatsız etmiyor mu?;Vraiment ? J'interroge le tissu même de votre réalité et ça ne vous dérange pas plus que ça ?;¿En serio? ¿Yo cuestiono el tejido mismo de vuestra identidad y no os molesta en absoluto?;そうか？俺はお前が生きる世界のことわりを+揺るがしかねない存在なのだぞ？+不安を感じないのか？;그래? 난 네가 사는 세계의 근간을 뒤흔들 수도 있는 존재인데  상관 없다고? 불안하지 않아?;真的吗？+我对构成你所处现实的基石抱有怀疑，+这难道不会让你感到烦扰吗？;真的嗎？+我對構成你所處現實的基石抱有懷疑，+這難道不會讓你感到煩擾嗎？;Wirklich? Ich stelle die Grundbestandteile Eurer Realität in Frage, und das beunruhigt Euch nicht?;Правда? Я сомневаюсь в самой материи вашей реальности, а тебя это не интересует?;Davvero? Io metto in discussione la materia stessa della Vostra realtà e la cosa non vi disturba?;Faz? Eu questiono o sentido da sua realidade e isso não lhe incomoda?;Yes it does;Evet ediyor;Si;Sí;感じる;조금은 그렇네.;这的确困扰着我;這的確困擾著我;Doch;Интересует;Sì;Incomoda;;;;;;;;;;;;;No it doesn't;Hayır etmiyor;Non;No;感じぬ;그렇지 않네만.;这并不困扰我;這並不困擾我;Nein;Нет, не интересует;No;Não incomoda;;;;;;;;;;;;;
543;homunculus;What does? Your Kingdom? Your power? Your choices?;Ne rahatsız eder? Krallığın mı? Gücün mü? Kararların mı?;Qu'est ce qui vous dérange ? Votre royaume ? Votre pouvoir ? Vos choix ?;¿Qué es lo que os molesta? ¿Vuestro reino? ¿Vuestro poder? ¿Vuestras elecciones?;お前は、何に不安を感じる？+お前の国か？お前の権力か？+それとも、お前が取る選択か？;너는 무엇이 불안하지? 너의 나라야? 너의 권력? 아니면 너의 선택?;什么让你变成这样？+你的王国？你的权利？+还是你的选择？;什麼讓你變成這樣？+你的王國？你的權利？+還是你的選擇？;Was denn sonst? Euer Königreich? Eure Macht? Eure Entscheidungen?;А что имеет смысл? Ваше Королевство? Ваша власть? Ваши решения?;Che cosa allora? Il Vostro Regno? Il Vostro potere? Le Vostre scelte?;O que lhe incomoda? Seu reino? Seu poder? Suas escolhas?;But they are mine;Yine de hepsi benim;Mais ils m'appartiennent;Pero si son míos;それらはすべて、+余の思いのままだ;하지만 그 모두가 짐의 마음대로다.;但它们都属于我;但它們都屬於我;Das alles ist immerhin mein;Но они же мои;Ma mi appartengono;Mas são meus;;;;;;;;;;;;;I don't know;Bilmiyorum;Je ne sais pas;No lo sé;わからぬ;모른다.;我不知道;我不知道;Ich weiß nicht;Я не знаю;Non lo so;Não sei;;;;;;;;;;;;;
544;dog;Wouf! Wifwifwif! Wouf!;Hav! Havhavhav! Hav!;Ouaf ! ouifouifouif ! Ouf !;¡Guau! ¡Guauuuuu! ¡Guau!;ワン！ウ～！ワンワン！;왕! 왕왕! 멍멍!;汪！呜呜呜！汪！;汪！嗚嗚嗚！汪！;Wuff! Wifwifwif! Wuff!;Гав! Тяф-тяф-тяф! Гав!;Wof! Wofwofwof! Wof!;Au! Au, au!;I agree;Bence de;Je suis d'accord;Estoy de acuerdo;うむ、そうだな;그래, 알았어.;我同意;我同意;Einverstanden;Согласен;Sono d'accordo;Concordo;;;;;;;;;;;;;Sit!;Otur!;Assis !;¡Sienta!;お座り！;앉아!;坐下！;坐下！;Sitz!;Сидеть!;Seduto!;Senta!;;;;;;;;;;;;;
545;dog;Waouf! waouf! <i>(<dog> invites you to follow him)</i>;Hav! Hav! <i>(<dog> onu takip etmenizi istiyor)</i>;Ouaouf ! Ouaouf ! <i>(<dog> vous invite à le suivre)</i>;¡Guau! ¡Guauuu! <i>(<dog> os invita a seguirle)</i>;ウワン！ウワン！+<i>（<dog>は王についてきてほしいようだ）</i>;왈! 왈! <i>(<dog>은(는) 왕에게 따라오라는 것 같다.)</i>;汪！汪！+<i>（<dog>邀请你跟着它）</i>;汪！汪！+<i>（<dog>邀請你跟著它）</i>;Wuff! Wuff! <i>(<dog> möchte, dass Ihr ihm folgt)</i>;Гав! Гав! <i>(<dog> зовет пойти за собой)</i>;Waf! Waf! <i>(<dog> Vi invita a seguirlo)</i>;Au! Au! <i>(<dog> quer que você o siga)</i>;All right, all right;Tamam, tamam;D'accord, d'accord;Vale, vale;よしよし、わかった…;그래, 그래, 알았어...;行行行;行行行;Also gut, also gut;Хорошо, хорошо…;Va bene, va bene;Tudo bem, calma;;;;;;;;;;;;;Sit!;Otur!;Assis !;¡Sienta!;お座り！;앉아!;坐下！;坐下！;Sitz!;Сидеть!;Seduto!;Senta!;;;;;;;;;;;;;
546;dog;Grrrr.. Waouf! <i>(<dog> brings you to the forest)</i>;Hrrr... Hav! <i>(<dog> sizi ormana getiriyor)</i>;Grrr.. Ouaouf ! <i>(<dog> vous amène dans la forêt)</i>;¡Guau! <i>(<dog> os invita a seguirle</i>;ウ～…ウワンッ！<i>+（<dog>は森に入ろうとしている）</i>;왕... 왕! <i>(<dog>은(는) 숲에 들어가려 한다.)</i>;咕嗷……汪！+<i>（<dog>把你带进了森林）</i>;咕嗷……汪！+<i>（<dog>把你帶進了森林）</i>;Grrrr ... Wuff! <i>(<dog> bringt Euch in den Wald)</i>;Гр-р-р-р… Гав! <i>(<dog> ведет вас в лес)</i>;Grrrr… Waf! <i>(<dog> Vi porta nella foresta)</i>;Grrr... Au! <i>(<dog> leva você à floresta)</i>;Be nice!;Yaramazlık yok!;Sois gentil !;¡Sé bueno!;いい子にしなさい！;얌전히 굴어!;听话！;聽話！;Sei brav!;Будь послушным!;Sii bravo!;Calma!;;;;;;;;;;;;;No, not there!;Hayır, orası olmaz!;Non, pas ici !;¡No, aquí no!;そっちはダメだ！;그쪽은 안 돼!;不，不是那里！;不，不是那裏！;Nein, nicht hierhin!;Нет, не сюда!;No, non qui!;Aí não!;;;;;;;;;;;;;
547;dog;Waf... Gnn... Waf <i>(<dog> stops in front a bright orange mushroom)</i>;Hav... Hrr... Hav <i>(<dog> açık turuncu bir mantarın önünde duruyor)</i>;Ouaf... Gnnnr... Ouaf <i>(<dog> s'arrête devant un magnifique champignon orange)</i>;Guau... Grrrr... Guau <i>(<dog> se para delante de un magnífico champiñón naranja)</i>;ワフワフ…クゥン…ワン！<i>+（<dog>は、鮮やかなだいだい色をした+キノコの前で立ち止まった）</i>;킁킁킁... 왕! 왕! <i>(<dog>은(는) 밝은 주황색 버섯 앞에서 멈춰 섰다.)</i>;汪……呜嗯……汪+<i>（<dog>停在了一个亮橙色的蘑菇前）</i>;汪……嗚嗯……汪+<i>（<dog>停在了一個亮橙色的蘑菇前）</i>;Waff ... Gnn ... Waff <i>(<dog> bleibt vor einem leuchtend orangefarbenen Pilz stehen)</i>;Гав… Гр-р… Гав <i>(<dog> останавливается перед ярким оранжевым грибом)</i>;Waf… Gnn… Waf <i>(<dog> si ferma davanti a un fungo di un brillante arancione)</i>;Au... Grrr... Au <i>(<dog> para na frente de um cogumelo laranja)</i>;<i>Eat the mushroom</i>;<i>Mantarı yiyin</i>;<i>Manger le champignon</i>;<i>Comer el champiñón</i>;<i>（キノコを食べる）</i>;<i>버섯을 먹는다.</i>;<i>（吃下蘑菇）</i>;<i>（吃下蘑菇）</i>;<i>Den Pilz essen</i>;<i>Съесть гриб</i>;<i>Mangiare il fungo</i>;<i>Comer o cogumelo</i>;;;;;;;;;;;;;<i>Go back to the castle</i>;<i>Kaleye geri dönün</i>;<i>Rentrer au château</i>;<i>Volver al castillo</i>;<i>（城に戻る）</i>;<i>성으로 돌아간다.</i>;<i>（返回城堡）</i>;<i>（返回城堡）</i>;<i>Zur Burg zurückkehren</i>;<i>Вернуться в замок</i>;<i>Tornare al castello</i>;<i>Voltar para o castelo</i>;;;;;;;;;;;;;
548;dog;Rwaouuw Grouf! <i>(<dog> wants to play)</i>;Havvvvvv hev! <i>(<dog> oyun oynamak istiyor)</i>;Rouaouuuf ! Grrrouf ! <i>(<dog> veut jouer)</i>;¡Guau! ¡Grrrr! <i>(<dog> quiere jugar)</i>;ワオオオォンン！<i>+（<dog>は遊んでほしいようだ）</i>;와오오오옹! <i>(<dog>은(는) 놀아주길 원하는 모양이다.)</i>;嗷呜呜呜，汪！+<i>（<dog>想要玩耍）</i>;嗷嗚嗚嗚，汪！+<i>（<dog>想要玩耍）</i>;Rwauu grwuff! <i>(<dog> möchte spielen)</i>;Р-р-р-а-а-у-у-у гав! <i>(<dog> хочет поиграть)</i>;Rwauu Gruf! <i>(<dog> vuole giocare)</i>;Auuuuu... Au! <i>(<dog> quer brincar)</i>;Here, take that!;Getir hadi!;Ici, attrape !;¡Aquí, toma!;そら、取ってこい！;그래, 가지고 와라!;接住！;接住！;Hier, hol das!;Вот, лови!;Ecco, prendi!;Vá pegar!;;;;;;;;;;;;;No, not that!;Hayır, olmaz!;Non, pas ça !;¡No, éso no!;ダメだ！;안 돼!;不要！;不要！;Nein, nicht das!;Нет, не это!;No, questo no!;Não! Não isso!;;;;;;;;;;;;;
549;dog;Braof! Grrrrrrrrrr <i>(<dog> brings you to a forgotten part of the dungeon)</i>;Hev! Hrrrrrrrrrr <i>(<dog> sizi zindanın unutulmuş bir kısmına getiriyor)</i>;Brrrouaf ! Grrrrrrrrrrr <i>(<dog> vous conduit dans une partie oubliée du donjon)</i>;¡Guau! Grrrrr <i>(<dog> os conduce a una parte recóndita de la mazmorra)</i>;バウッ！ガルルルルルル…<i>+（<dog>は王を、+地下牢の忘れ去られた奥部へと導いた）</i>;왕! 으르르르르릉...  <i>(<dog>은(는) 왕을 지하감옥의 잊혀진 안쪽 부분으로 이끈다.)</i>;嗷呜！咕嗷嗷嗷+<i>（<dog>把你带到地下城中一处被遗忘的地方）</i>;嗷嗚！咕嗷嗷嗷+<i>（<dog>把你帶到地下城中一處被遺忘的地方）</i>;Rrwau! Grrrrrrrrrr <i>(<dog> bringt Euch in einen vergessenen Teil des Verlieses)</i>;Гр-р-ваф! Гр-р-р-р-р-р-р <i>(<dog> ведет вас в заброшенную часть подземелья)</i>;Braof! Grrrrrrrr <i>(<dog>Vi porta in un'area dimenticata della prigione)</i>;Au! Grrrr... <i>(<dog> leva você a uma parte esquecida da masmorra)</i>;<i>Explore further</i>;<i>Daha fazla ilerleyin</i>;<i>Descendre plus bas</i>;<i>Seguir bajando</i>;<i>（奥へ進む）</i>;<i>안쪽으로 나아간다.</i>;<i>（探索更深处）</i>;<i>（探索更深處）</i>;<i>Weiter erkunden</i>;<i>Продвигаться дальше</i>;<i>Scendere di più</i>;<i>Explorar</i>;;;;;;;;;;;;;No, not there!;Hayır, orası olmaz!;Non, pas ici !;¡No, aquí no!;そっちはダメだ！;그쪽은 안 돼!;不，不是那里！;不，不是那裏！;Nein, nicht hierhin!;Нет, не сюда!;No, non qui!;Aí não!;;;;;;;;;;;;;
550;dog;Warf! Warf! <i>(<dog> runs around the castle and brings you back to the throne room)</i>;Hev! Hev! <i>(<dog> kalenin çevresinde dört dönüp sizi yeniden taht odasına getiriyor)</i>;Ouaf Ouaf ! <i>(<dog> court autour du château et vous ramène à la salle du trône)</i>;¡Guau, guau! <i>(<dog> corre alrededor del castillo y os lleva a la sala del trono)</i>;ワンッ！ワンッ！<i>+（<dog>は城のまわりを一周し、+謁見の間に戻ってきた）</i>;왕! 왕! <i>(<dog>은(는) 성 주위를 한 바퀴 돌고 알현실로 돌아왔다.)</i>;汪汪！汪！+<i>（<dog>在城堡附近跑了一会儿，+又将你带回了王座室）</i>;汪汪！汪！+<i>（<dog>在城堡附近跑了一會兒，+又將你帶回了王座室）</i>;Warf! Warf! <i>(<dog> läuft um die Burg herum und bringt Euch in den Thronsaal zurück)</i>;Гаф! Гаф! <i>(<dog> бежит вокруг замка и приводит вас назад в тронный зал)</i>;Warf! Warf! <i>(<dog> corre per il castello e Vi riporta nella sala del trono)</i>;Au! Au! <i>(<dog> corre pelo castelo e leva você de volta à sala do trono)</i>;Sit!;Otur!;Assis !;¡Sienta!;お座り！;앉아!;坐下！;坐下！;Sitz!;Сидеть!;Seduto!;Senta!;;;;;;;;;;;;;No, not there!;Hayır, orası olmaz!;Non, pas ici !;¡No, aquí no!;そっちはダメだ！;그쪽은 안 돼!;不，不是那里！;不，不是那裏！;Nein, nicht hierhin!;Нет, не сюда!;No, non qui!;Aí não!;;;;;;;;;;;;;
551;dog;Wof! Grrrr... <i>(<dog> brings you to a lonely caravan in the marketplace)</i>;Hav! Hrrr... <i>(<dog> sizi pazar alanında ıssız bir kervana getiriyor)</i>;Ouf ! Grrrrr.... <i>(<dog> vous conduit à une caravane isolée sur la place du marché)</i>;Grrrrr ¡Guau! <i>(<dog> os lleva hasta una caravana olvidada en la plaza del mercado)</i>;ワンッ！グルルルル…<i>+（<dog>は王を、+市場の一角にある寂しげな洞窟へと導いた）</i>;왕! 그르르르릉...  <i>(<dog>은(는) 왕을 시장 구석에 있는 쓸쓸한 동굴로 이끌었다.)</i>;汪！咕嗷……+<i>（<dog>把你带到市场上一个孤零零的篷车旁）</i>;汪！咕嗷……+<i>（<dog>把你帶到市場上一個孤零零的篷車旁）</i>;Woff! Grrrr ... <i>(<dog> bringt Euch zu einem einsamen Wohnwagen auf dem Marktplatz)</i>;Вуф! Гр-р-р… <i>(<dog> приводит вас к одинокой повозке на рыночной площади)</i>;Wof! Grrrr… <i>(<dog>Vi porta nei pressi di una carovana isolata nella piazza del mercato)</i>;Au! Grrr... <i>(<dog> leva você até um vagão solitário no mercado)</i>;<i>Enter the caravan</i>;<i>Kervana girin</i>;<i>Entrer dans la caravane</i>;<i>Entrar en la caravana</i>;<i>（洞窟に入る）</i>;<i>동굴에 들어간다.</i>;<i>（进入大篷车）</i>;<i>（進入大篷車）</i>;<i>Den Wagen betreten</i>;<i>Войти в фургон</i>;<i>Entra nella carovana</i>;<i>Entrar no vagão</i>;;;;;;;;;;;;;No, not there!;Hayır, orası olmaz!;Non, pas ici !;¡No, aquí no!;そっちはダメだ！;그쪽은 안 돼!;不，不是那里！;不，不是那裏！;Nein, nicht hierhin!;Нет, не сюда!;No, non qui!;Aí não!;;;;;;;;;;;;;
552;dog;Wawaufff! Waf! <i>(<dog> brings back the ball)</i>;Hevhevhev! Hev! <i>(<dog> topu geri getiriyor)</i>;OuaOuaoufff ! Ouaf ! <i>(<dog> rapporte la balle)</i>;¡Guau! ¡Guau! <i>(<dog> os trae la pelota)</i>;ワンワンワン！ワン！<i>+（<dog>はボールをくわえて戻ってきた）</i>;멍멍! 왕! <i>(<dog>은(는) 공을 물고 돌아왔다.)</i>;汪汪！汪！+<i>（<dog>把球叼了回来）</i>;汪汪！汪！+<i>（<dog>把球叼了回來）</i>;Wawafff! Waff! <i>(<dog> bringt den Ball zurück)</i>;Гав! Вуф! <i>(<dog> приносит назад мячик)</i>;Wawaufff! Waf! <i>(<dog> riporta indietro la palla)</i>;Auuuu, au! Au! <i>(<dog> traz a bola de volta)</i>;Again?;Yine mi?;Encore ?;¿Otra vez?;もう一度か？;다시 한 번?;又来？;又來？;Nochmal?;Опять?;Ancora?;De novo?;;;;;;;;;;;;;Enough!;Yeter!;Assez !;¡Basta!;もうやめだ！;이제 그만 둬!;够了！;夠了！;Genug!;Хватит!;Basta così!;Chega!;;;;;;;;;;;;;
553;dog;Waufff! <i>(<dog> brings back a mysterious letter)</i>;Hevvv! <i>(<dog> gizemli bir mektup getiriyor)</i>;Ouaff ! <i>(<dog> ramène une lettre mystérieuse)</i>;¡Guau! <i>(<dog> os trae una carta misteriosa)</i>;ウワンッ！+<i>（<dog>は謎の手紙をくわえている）</i>;왕왕! <i>(<dog>은(는) 수수께끼의 편지를 물고 왔다.)</i>;汪！+<i>（<dog>带回一封神秘的信件）</i>;汪！+<i>（<dog>帶回一封神秘的信件）</i>;Wafff! <i>(<dog> bringt einen geheimnisvollen Brief zurück)</i>;Ву-у-ф-ф! <i>(<dog> приносит загадочное письмо)</i>;Waufff! <i>(<dog> porta indietro una misteriosa lettera)</i>;Auuuu! <i>(<dog> traz uma carta misteriosa)</i>;<i>Read it</i>;<i>Okuyun</i>;<i>Lire</i>;<i>Leer</i>;<i>（読む）</i>;<i>읽는다.</i>;<i>（读那封信）</i>;<i>（讀那封信）</i>;<i>Ihn lesen</i>;<i>Прочитать</i>;<i>Leggere</i>;<i>Ler</i>;<i>It says: Whatever you hear, the Senator is not your enemy. Signed: P.</i>;<i>Şöyle yazıyor: Ne duyarsanız duyun, Senatör düşmanınız değildir. İmza: P.</i>;<i>Il est écrit: Quoi que vous entendiez, le Sénateur n'est pas votre ennemi. Signé: P.</i>;<i>Está escrito: Oigáis lo que oigáis, el senador no es vuestro enemigo. Firmado: P.</i>;<i>手紙にはこう記されている…+「陛下がなにを耳にされようと、真実はひとつ。+元老院議員は陛下の敵にあらず。Pより」</i>;<i>편지에는 이렇게 적혀 있다... "폐하가 무엇을 들으시든 진실은 하나입니다. 원로원 의원은 폐하의 적이 아닙니다. P로부터."</i>;<i>（上面写道：+无论你听到了什么传闻，+参议员绝对不是你的敌人。签名：P）</i>;<i>（上面寫道：+無論你聽到了什麼傳聞，+參議員絕對不是你的敵人。簽名：P）</i>;<i>Darin steht: Was Ihr auch hört, der Senator ist nicht Euer Feind. Gezeichnet: P.</i>;<i>Написано: «Неважно, что говорят, Сенатор тебе не враг». Подпись: П.</i>;<i>Dice: Qualsiasi cosa sentiate dire, il Senatore non è Vostro nemico. Firmato: P.</i>;<i>Ela diz: O que quer que você ouça, o Senador não é seu inimigo. Assinado: P.</i>;<i>Leave it</i>;<i>Dokunma</i>;<i>Laisser</i>;<i>Dejar</i>;<i>（読まない）</i>;<i>읽지 않는다.</i>;<i>（把信放在那里）</i>;<i>（把信放在那裏）</i>;<i>Ihn liegen lassen</i>;<i>Оставить его</i>;<i>Lasciare lì</i>;<i>Deixá-la</i>;;;;;;;;;;;;;
554;black_bird;<i>The message says: A small village in the Eastern baronies created a golem.</i>;<i>Mesajda şöyle yazıyor: Doğu baronluklarındaki küçük bir köyde bir golem yaratmışlar.</i>;<i>Le message dit: Un petit village dans les baronies de l'Est a réussi à créer un golem.</i>;<i>El mensaje dice: un pueblo pequeño en el condado del Este ha conseguido crear un golem.</i>;<i>文にはこう記されている…+「東部の小さな村の住民が、ゴーレムを創った」</i>;<i>이런 문장이 적혀 있다.  "동쪽 작은 마을의 주민들이 골렘을 만들었다."</i>;<i>信上写道：+东部众男爵领管辖的一个小村庄在制造魔像。</i>;<i>信上寫道：+東部眾男爵領管轄的一個小村莊在製造魔像。</i>;<i>Die Nachricht lautet: Ein kleines Dorf in den Baronien des Ostens hat einen Golem erschaffen.</i>;<i>В сообщении говорится: «В маленькой деревушке в Восточных баронствах создали голема».</i>;<i>Il messaggio dice: Un piccolo villaggio nelle baronie orientali ha creato un golem.</i>;<i>A mensagem diz: Uma pequena aldeia nos territórios do leste criou um golem.</i>;General!;General!;Général !;¡General!;兵を派遣せよ！;병력을 파견하라!;将军！;將軍！;General!;Генерал!;Generale!;General!;;;;;;;;;;;;;No way;Yok artık;Pas possible;No puede ser;ありえん…;말도 안 돼...;没门;沒門;Unmöglich;Быть того не может;Impossibile;Impossível;;;;;;;;;;;;;
555;black_bird;<i>The message says: We have reports of a dragon spreading destruction in the mountains.</i>;<i>Mesajda şöyle yazıyor: Dağlarda yıkıma sebep olan bir ejderhaya dair raporlar aldık.</i>;<i>Le message dit: Il paraît qu'un dragon est en train de faire des ravages dans les montagnes.</i>;<i>El mensaje dice: según los rumores, un dragón destruye todo a su paso por las montañas.</i>;<i>文にはこう記されている…+「山岳地帯でドラゴンの襲撃による被害が+拡大との報告あり」</i>;<i>이런 문장이 적혀 있다.  "산악지대에서 드래곤의 습격으로 인한 피해 확대가 보고되었다."</i>;<i>信上写道：+我们收到龙在山区大肆破坏的报告。</i>;<i>信上寫道：+我們收到龍在山區大肆破壞的報告。</i>;<i>Die Nachricht lautet: Es gibt Berichte, dass ein Drache in den Bergen Zerstörung anrichtet.</i>;<i>В сообщении говорится: «Нам докладывают о драконе, разбушевавшемся в горах».</i>;<i>Il messaggio dice: Abbiamo notizie di un drago che semina distruzione nelle montagne.</i>;<i>A mensagem diz: Temos notícias de um dragão espalhando destruição nas montanhas.</i>;General!;General!;Général !;¡General!;兵を派遣せよ！;병력을 파견하라!;将军！;將軍！;General!;Генерал!;Generale!;General!;;;;;;;;;;;;;That's crap;Saçmalık;Je n'en crois pas un mot;No me creo ni una palabra;たわごとだ;말도 안 되는 소리다.;简直胡说八道;簡直胡說八道;So ein Blödsinn;Чушь собачья;Fesserie;Mentira;;;;;;;;;;;;;
556;black_bird;<i>The message says: A kraken has been seen on the shores of the Kingdom. Fishermen are terrified.</i>;<i>Mesajda şöyle yazıyor: Krallığın kıyılarında bir kraken görülmüş. Balıkçılar korku içinde.</i>;<i>Le message dit: Un kraken a été vu au large de plusieurs villages du Nord. Les pêcheurs sont terrorisés.</i>;<i>El mensaje dice: un kraken ha sido avistado en los pueblos del Norte. Los pescadores están aterrorizados.</i>;<i>文にはこう記されている…+「王国領の海岸でクラーケンが目撃され、+漁師たちはおびえている」</i>;<i>이런 문장이 적혀 있다.  "왕국령 해안에서 크라켄이 목격되어 어부들을 위협하고 있다."</i>;<i>信上写道：+有人在王国海岸看到海怪出没。渔民十分恐慌。</i>;<i>信上寫道：+有人在王國海岸看到海怪出沒。漁民十分恐慌。</i>;<i>Die Nachricht lautet: Ein Krake wurde an den Ufern des Königreichs gesichtet. Die Fischer haben Angst.</i>;<i>В сообщении говорится: «У берегов королевства видели кракена. Рыболовы в ужасе».</i>;<i>Il messaggio dice: Un kraken è stato avvistato sulle coste del Regno. I pescatori sono terrorizzati.</i>;<i>A mensagem diz: Um kraken foi visto na costa do reino. Os pescadores estão aterrorizados.</i>;General!;General!;Général !;¡General!;兵を派遣せよ！;병력을 파견하라!;将军！;將軍！;General!;Генерал!;Generale!;General!;;;;;;;;;;;;;Let's pray;Dua edelim;Prions;Recemos;祈るのだ;기도하세.;我们祈祷吧;我們祈禱吧;Lasst uns beten;Помолимся;Preghiamo;Oremos;;;;;;;;;;;;;
557;fortune_teller;I see the philosopher enclosed in the heart of the crusade.;Kutsal seferin ortasında kapana kısılmış bir filozof görüyorum.;Je vois le philosophe enfermé au cœur de la croisade.;Veo al filósofo encerrado en el corazón de la cruzada.;聖戦の渦中に囚われた、賢者の姿が見えます…;성전 중에 사로잡힌 현자의 모습이 보입니다...;我留意到哲学家那封信件里+满满的圣战之心。;我留意到哲學家那封信件裏+滿滿的聖戰之心。;Ich sehe den Philosophen, eingeschlossen ins Herz des Kreuzzugs.;Я вижу философа в самом сердце крестового похода.;Vedo il filosofo chiuso nel cuore della crociata.;Vejo o filósofo envolvido com o coração da cruzada.;Of course;Elbette;Bien sûr;Sí, claro;そうか;그런가?;当然;當然;Natürlich;Само собой;Naturalmente;É claro;;;;;;;;;;;;;I don't;Ben görmüyorum;Pas moi;Pues yo no;余には見えぬ;내게는 보이지 않아.;我没看到;我沒看到;Ich nicht;А я — нет;Io no;Eu não;;;;;;;;;;;;;
558;fortune_teller;Your wife is secretly in love with someone else.;Eşiniz gizlice bir başkasına aşık.;Votre femme est secrètement amoureuse d'un autre.;Vuestra mujer está enamorada de otro.;王妃様は密かに別の方に想いを寄せています。;왕비님이 다른 분과 사랑에 빠지셨군요.;您的妻子暗地里爱上了别人。;您的妻子暗地裏愛上了別人。;Eure Frau liebt insgeheim einen anderen.;Ваша жена втайне влюблена в кого-то другого.;Vostra moglie è segretamente innamorata di un altro.;Sua esposa está apaixonada por outro.;Who?;Kim?;Qui ?;¿Quién?;誰にだ？;누구랑?;谁？;誰？;Wen?;В кого?;Chi?;Quem?;;;;;;;;;;;;;You lie!;Yalancısın!;Tu mens !;¡Mientes!;うそをつくな！;거짓말하지 마!;你骗人！;你騙人！;Ihr lügt!;Ты лжешь!;Tu menti!;Mentira!;;;;;;;;;;;;;
559;fortune_teller;Fear the black bird. It won't bring any good news.;Kara kuştan korkun. İyi haber getirmeyecek.;Craignez l'oiseau noir. Il ne portera jamais de bonnes nouvelles.;Temed al pájaro negro. Nunca os traerá buenas noticias.;黒歌鳥にはご注意を。+凶報しかもたらしませぬゆえ。;검은 새를 조심하십시오. 나쁜 소식만을 가져옵니다.;畏惧黑鸟吧。+它不会给你带来任何好消息。;畏懼黑鳥吧。+它不會給你帶來任何好消息。;Fürchtet den schwarzen Vogel. Er wird nie gute Neuigkeiten bringen.;Бойтесь черной птицы. Она не принесет хороших вестей.;Temete l'uccello nero. Porterà cattive notizie.;Tema o pássaro negro. Ele não trará boas notícias.;;;;;;;;;;;;;;;;;;;;;;;;;;;;;;;;;;;;;;;;;;;;;;;;;
560;fortune_teller;One of your decisions will kill thousands of innocents.;Seçimlerinizden biri binlerce masum kişiyi öldürecek.;Une de vos décisions va entraîner la mort de milliers d'innocents.;Una de vuestras decisiones traerá la muerte a miles de inocentes.;陛下のご決断のひとつが、+幾千もの罪なき人命を奪うでしょう。;폐하의 결정 중 하나가 수천의 무고한 인명을 죽일 것입니다.;你的一个决定会害死成千上万的无辜民众。;你的一個決定會害死成千上萬的無辜民眾。;Eine Eurer Entscheidungen wird Tausenden von Unschuldigen den Tod bringen.;Одно из ваших решений убьет тысячи невинных.;Una delle Vostre decisioni ucciderà migliaia di innocenti.;Uma de suas decisões matará milhares de inocentes.;Which one?;Hangisi?;Laquelle ?;¿Cuál de ellas?;どの決断だ？;어떤 결정인가?;哪一个抉择？;哪一個抉擇？;Welche?;Которое?;Quale?;Qual?;;;;;;;;;;;;;;;;;;;;;;;;;;;;;;;;;;;;;
561;fortune_teller;I see a thousand boats full of tall and burly men.;Uzun ve kaslı erkeklerle dolu binlerce tekne görüyorum.;Je vois des milliers de bateaux chargés d'hommes grands et forts.;Veo miles de barcos llenos de hombres fornidos.;幾千隻もの船が見えます。+いずれにも屈強そうな男たちが+大勢乗っています。;수천 척의 배가 보입니다.  모두 몸집 커다란 남자들이 가득 타고 있습니다.;我看到千艘满载魁梧战士的船。;我看到千艘滿載魁梧戰士的船。;Ich sehe tausend Boote, voll mit großen, kräftigen Männern.;Я вижу тысячи кораблей с высокими и крепкими мужами.;Vedo migliaia di navi piene di uomini alti e massicci.;Vejo mil barcos cheios de homens fortes.;General!;General!;Général !;¡General!;兵を派遣せよ！;병력을 파견하라!;将军！;將軍！;General!;Генерал!;Generale!;General!;;;;;;;;;;;;;We all have our fantasies;Herkes hayal kurar;Chacun ses fantasmes;Cada uno con sus fantasías;想像するのは自由だ;상상하는 것은 자유지.;我们都有各自的幻想;我們都有各自的幻想;Jeder hat seine Hirngespinste;Мало ли о чем мы фантазируем;Tutti abbiamo le nostre fantasie;Todos temos nossos desejos;;;;;;;;;;;;;
562;fortune_teller;Don't tell me! I see... ;Konuşmayın! Gördüğüm şey...;Ne me dis rien ! Je vois...;¡No me digas nada! Veo...;…なにもおっしゃらずに！+私には見える…;...아무 말씀도 하지 마세요! 제게는 보입니다...;别告诉我！+我看见了……;別告訴我！+我看見了……;Sagt nichts! Ich sehe ...;Не говорите мне! Я вижу…;Non ditemelo! Io vedo…;Não me diga! Eu vejo...;A King?;Bir Kral mı?;Un Roi ?;¿Un rey?;王か？;왕인가?;一个国王？;一個國王？;Einen König?;Короля?;Un Re?;Um rei?;;;;;;;;;;;;;A nobleman?;Bir soylu mu?;Un noble ?;¿Un noble?;諸侯か？;제후인가?;一个贵族？;一個貴族？;Einen Adligen?;Дворянина?;Un nobile?;Um nobre?;;;;;;;;;;;;;
563;fortune_teller;Full of glory and regal composure. In front of him lay...;Görkemli ve şahane bir duruşu var. Karşısında ise...;D'un maintien altier, fort de sa gloire. Devant lui, il y a... ;Lleno de gloria y real compostura. Frente a sí yace...;威厳に満ち、堂々とした居住まいの男…+その前方に見えるのは…;위엄으로 가득하고 당당한 남자... 그 앞에 보이는 것은...;意气风发，镇定自如。+在他面前躺着……;意氣風發，鎮定自如。+在他面前躺著……;Ruhmreich und von majestätischer Gelassenheit. Vor ihm liegt ...;Исполненного величия и королевского хладнокровия. Перед ним…;Pieno di gloria e dalla regale postura. Davanti a lui giace…;Cheio de glória e postura real. Na frente dele há...;A dog?;Bir köpek mi?;Un chien ?;¿Un perro?;犬？;개?;一只狗？;一只狗？;Ein Hund?;Собака?;Un cane?;Um cão?;;;;;;;;;;;;;Ruins?;Harabeler mi?;Des ruines ?;¿Unas ruinas?;廃虚？;폐허?;一座废墟？;一座廢墟？;Eine Ruine?;Руины?;Una rovina?;Ruínas?;;;;;;;;;;;;;
564;fortune_teller;With red eyes and a smirk. Here he comes again! The Devil!;Gözleri kızıl, ağzı ise sırıtıyor. İşte yine geliyor! Şeytan!;Avec des yeux rouges et une grimace. Le voilà à nouveau ! Le démon !;Con los ojos rojos y una sonrisa. ¡Ahí está de nuevo! ¡El demonio!;赤い瞳と含み笑い。+彼は再び現れる…+悪魔が再び訪れる！;붉은 눈동자와 웃음. 그가 다시 옵니다... 악마가 다시 나타날 겁니다!;带着猩红双眼和假笑。+他又回来了！恶魔！;帶著猩紅雙眼和假笑。+他又回來了！惡魔！;Mit roten Augen und einem Grinsen. Da ist er wieder! Der Teufel!;С красными глазами и ухмылкой на губах. Он придет вновь! Дьявол!;Con occhi rossi e un sorrisetto. Eccolo che torna! Il Diavolo!;Com olhos vermelhos e um sorriso. Aí vem ele! O Diabo!;Carry on!;Devam et!;Continue !;¡Continúa!;続けよ！;계속하라!;继续说！;繼續說！;Macht weiter!;Продолжай!;Continua!;Continue!;;;;;;;;;;;;;Enough;Yeter;Assez;Basta;もうよい;이제 됐네.;够了;夠了;Genug;Достаточно;Basta;Chega;;;;;;;;;;;;;
565;fortune_teller;At the end of all things, the Islander will play his role.;Her şeyin sonunda, Adalı kendisine düşen rolü yerine getirecek.;À la fin de toutes choses, l'Ilien va jouer un rôle.;Al final, el isleño va a jugar su papel.;すべてが終わりを迎えるとき、+島の民がお役に立つでしょう。;모든 것이 끝을 맞이할 때 섬의 백성이 그 역할을 할 것입니다.;在万物终结之时，+岛民会尽其所职。;在萬物終結之時，+島民會盡其所職。;Schlussendlich wird der Insulaner seine Rolle spielen.;В конце концов, Островитянин сыграет свою роль.;Alla fine di tutto, l'isolano farà la sua parte.;No final de tudo, o homem da ilha cumprirá o papel dele.;Carry on!;Devam et!;Continue !;¡Continúa!;続けよ！;계속하라!;继续说！;繼續說！;Macht weiter!;Продолжай!;Continua!;Continue!;;;;;;;;;;;;;Enough;Yeter;Assez;Basta;もうよい;이제 됐네.;够了;夠了;Genug;Достаточно;Basta;Chega;;;;;;;;;;;;;
566;fortune_teller;Full of glory and regal composure. In front of him lay...;Görkemli ve şahane bir duruşu var. Karşısında ise...;D'un maintien altier, fort de sa gloire. Devant lui, il y a... ;Lleno de gloria y real compostura. Frente a sí yace...;威厳に満ち、堂々とした居住まいの男…+その前方に見えるのは…;위엄으로 가득하고 당당한 남자... 그 앞에 보이는 것은...;意气风发，镇定自如。+在他面前躺着……;意氣風發，鎮定自如。+在他面前躺著……;Ruhmreich und von majestätischer Gelassenheit. Vor ihm liegt ...;Исполненного величия и королевского хладнокровия. Перед ним…;Pieno di gloria e dalla regale postura. Davanti a lui giace…;Cheio de glória e postura real. Na frente dele há...;A sword?;Bir kılıç mı?;Une épée ?;¿Una espada?;剣？;검?;一把剑？;一把劍？;Ein Schwert?;Меч?;Una spada?;Uma espada?;;;;;;;;;;;;;A woman?;Bir kadın mı?;Une femme ?;¿Una mujer?;女？;여자?;一个女人？;一個女人？;Eine Frau?;Женщина?;Una donna?;Uma mulher?;;;;;;;;;;;;;
567;fortune_teller;Bright and shiny. Forged from earth with fire, water and acid.;Cilalı ve parlak. Ateş, su ve asitle topraktan dövülmüş.;Lumineuse et acérée. Forgée de la terre avec le feu, l'eau et l'acide.;Luminosa y resplandeciente. Forjada entre la tierra y el fuego, el agua y el ácido.;まぶしく輝くその刃。+土を炎と水と酸にて鍛えし剣なり…;눈부시게 빛나는 그 날. 흙을 불, 물, 강산으로 단련한 검...;明亮又耀眼。+从泥土、火焰、水和酸中锻造而出。;明亮又耀眼。+從泥土、火焰、水和酸中鍛造而出。;Hell und glänzend. Geschmiedet aus Erde und Feuer, Wasser und Säure.;Яркий и сверкающий. Выкованный из земли, огня, воды и кислоты.;Luminosa e scintillante. Forgiata dalla terra con fuoco, acqua e acido.;Brilhante e limpa. Forjada da terra com fogo, água e ácido.;Carry on!;Devam et!;Continue !;¡Continua!;続けよ！;계속하라!;继续说！;繼續說！;Macht weiter!;Продолжай!;Continua!;Continue!;;;;;;;;;;;;;Enough;Yeter;Assez;Basta;もうよい;이제 됐네.;够了;夠了;Genug;Достаточно;Basta;Chega;;;;;;;;;;;;;
568;fortune_teller;She's quite nude and she's holding... Oh no, I can't look at that.;Ziyadesiyle çıplak ve elinde ise... Ah, yok, buna bakamam.;Elle est presque nue et tient dans sa main... Oh non, je ne veux pas voir ça.;Está más bien desnuda y tiene en la mano... Oh no, no puedo mirar algo así...;女は一糸まとわぬ姿で…その両腕に抱くのは…+ああ、これは私の見てはならぬものです！;여자는 실오라기 하나 걸치지 않은 모습으로...  그 두 팔에 안은 것은... 아, 이건 제가 보아서는 안 되겠군요!;她几乎全裸，手里还拿着……+噢不，我看不下去了。;她幾乎全裸，手裏還拿著……+噢不，我看不下去了。;Sie ist recht unbekleidet und hält ... Oh nein, das kann ich nicht sehen.;Она обнажена и держит… О, нет, я не могу смотреть на это.;È pressoché nuda e regge… Oh no, non posso guardare questa cosa.;Ela está nua e seguran... não, não posso olhar!;Carry on!;Devam et!;Continue !;¡Continua!;続けよ！;계속하라!;继续说！;繼續說！;Macht weiter!;Продолжай!;Continua!;Continue!;;;;;;;;;;;;;Enough;Yeter;Assez;Basta;もうよい;이제 됐네.;够了;夠了;Genug;Достаточно;Basta;Chega;;;;;;;;;;;;;
569;fortune_teller;She's hurt and her sorrows taste of blood.;Yaralanmış, tasalarında kan tadı var.;Elle est blessée et son chagrin a le goût du sang.;Está herida y sus penas tienen sabor a sangre.;彼女は傷ついている…+彼女の悲しみは、血の味がします…;그녀는 상처를 입었습니다... 그녀의 슬픔에서는 피 맛이 느껴집니다...;她受了伤+而且她的血满是悲伤的味道。;她受了傷+而且她的血滿是悲傷的味道。;Sie ist verletzt und ihre Sorgen schmecken nach Blut.;Она ранена, и у ее горя вкус крови.;È ferita e i suoi rimpianti hanno il sapore del sangue.;Ela está ferida e seus lamentos têm gosto de sangue.;Carry on!;Devam et!;Continue !;¡Continua!;続けよ！;계속하라!;继续说！;繼續說！;Macht weiter!;Продолжай!;Continua!;Continue!;;;;;;;;;;;;;Enough;Yeter;Assez;Basta;もうよい;이제 됐네.;够了;夠了;Genug;Достаточно;Basta;Chega;;;;;;;;;;;;;
570;fortune_teller;Laying dead on the floor, the mark of secrets on his forehead.;Yerde uzanmış, ölmüş, alnında sırların izi var.;Repose mort sur le sol, la marque des secrets sur son front.;Reposa sin vida en el suelo, la marca de sus secretos sobre su frente.;息絶え、横たわる男の額には、+秘密の印が刻まれています…;숨이 끊겨 누워있는 남자의 이마에는 비밀의 표시가 새겨져 있습니다...;他的尸体躺在地板上，+额头上印着神秘的标记。;他的屍體躺在地板上，+額頭上印著神秘的標記。;Tot am Boden liegend, das Zeichen von Geheimnissen auf der Stirn.;Мертвый лежит на полу, с метками тайн на лбу.;Giace a terra senza vita, il marchio dei segreti sulla fronte.;Morto no chão, com marcas de segredos na testa.;Carry on!;Devam et!;Continue !;¡Continua!;続けよ！;계속하라!;继续说！;繼續說！;Macht weiter!;Продолжай!;Continua!;Continue!;;;;;;;;;;;;;Enough;Yeter;Assez;Basta;もうよい;이제 됐네.;够了;夠了;Genug;Достаточно;Basta;Chega;;;;;;;;;;;;;
571;fortune_teller;Rich of money but poor of taste. He talks to...;Parası bol, zevki yok. Konuştuğu kişi..;Riche d'argent mais pauvre de goût. Il parle à...;Abundante en dinero pero pobre en gusto. Habla con...;懐は豊かだがセンスには乏しい…+その男が言葉を交わす相手は…;재산은 많지만 취향은 빈곤한... 그 남자가 말을 주고받는 상대는...;腰缠万贯但品味很烂。+和他对话的人是……;腰纏萬貫但品味很爛。+和他對話的人是……;Reich an Geld, aber arm an Geschmack. Er spricht mit ...;У него много золота, но мало вкуса. Он говорит с…;Ricco di denaro, ma povero di gusto. Parla con…;Rico de dinheiro e pobre de gosto. Ele fala com...;A hooded figure?;Başlıklı birisi mi?;Une personne invisible ?;¿Una persona invisible?;フードをかぶった人物？;후드를 쓴 자?;一个戴兜帽的身影？;一個戴兜帽的身影？;Einer verhüllten Gestalt?;Фигурой в капюшоне?;Una figura incappucciata?;Uma figura encapuzada?;;;;;;;;;;;;;A bird?;Bir kuş mu?;Un oiseau ?;¿Un pájaro?;鳥？;새?;一只鸟？;一只鳥？;Einem Vogel?;С птицей?;Un uccello?;Uma ave?;;;;;;;;;;;;;
572;fortune_teller;The Senator!;Senatör!;Le Sénateur !;¡El senador!;…元老院議員！;...원로원 의원입니다!;议员！;議員！;Der Senator!;С Сенатором!;Il Senatore!;O Senador!;Carry on!;Devam et!;Continue !;¡Continua!;続けよ！;계속하라!;继续说！;繼續說！;Macht weiter!;Продолжай!;Continua!;Continue!;;;;;;;;;;;;;Enough;Yeter;Assez;Basta;もうよい;이제 됐네.;够了;夠了;Genug;Достаточно;Basta;Chega;;;;;;;;;;;;;
573;fortune_teller;Beware the black bird, it never brings you good news.;Kara kuştan korkun. İyi haber getirmeyecek.;Méfie-toi de l'oiseau noir, il n'apporte jamais de bonnes nouvelles.;No te fíes del pájaro negro, nunca trae buenas noticias.;黒歌鳥にはご注意を。+凶報しかもたらしませぬゆえ。;검은 새를 조심하십시오. 나쁜 소식만을 가져옵니다.;小心黑鸟，+它从来不会带来好消息。;小心黑鳥，+它從來不會帶來好消息。;Nehmt Euch in Acht vor dem schwarzen Vogel, er bringt Euch nie gute Neuigkeiten.;Опасайтесь черной птицы, она никогда не принесет вам хороших новостей.;Attenzione all'uccello nero, non porta mai buone notizie.;Cuidado com o pássaro negro. Ele não trará boas notícias.;Carry on!;Devam et!;Continue !;¡Continua!;続けよ！;계속하라!;继续说！;繼續說！;Macht weiter!;Продолжай!;Continua!;Continue!;;;;;;;;;;;;;Enough;Yeter;Assez;Basta;もうよい;이제 됐네.;够了;夠了;Genug;Достаточно;Basta;Chega;;;;;;;;;;;;;
574;fortune_teller;That will be 600 gold pieces.;Borcunuz 600 altın.;Ce sera 600 pièces d'or.;Serán 600 monedas de oro.;しめて600ゴールドになります。;도합 600 골드입니다.;这需要花费 600 金币。;這需要花費 600 金幣。;Das macht 600 Goldstücke.;С вас 600 золотых монет.;Fanno 600 pezzi d'oro.;São 600 peças de ouro.;;;;;;;;;;;;;;;;;;;;;;;;;No, you're a crook;Hayır, sen bir sahtekarsın;Escroc;Escoria;断る。このペテン師め;사절한다. 이 사기꾼.;不，你是个骗子;不，你是個騙子;Nein, Ihr seid ein Gauner;Это просто мошенничество!;No, sei una truffatrice;Não, você é um vigarista;;;;;;;;;;;;;
575;ghost;Are you the young <*King*>?;Genç <*Kral*> sen misin?;Es-tu le jeune <*Roi*> ?;¿Eres tú el joven <*Rey*>?;お前が、若き<*王*>か？;그대가 젊은 <*왕*>인가?;你就是那位年轻的<*国王*>吗？;你就是那位年輕的<*國王*>嗎？;Seid Ihr der junge <*König*>?;Ты — молодой <*Король*>?;Siete il giovane <*Re*>?;Você é o jovem <*Rei*>?;;;;;;;;;;;;;;;;;;;;;;;;;;;;;;;;;;;;;;;;;;;;;;;;;
576;ghost;I only talk to the King. If you're not the King, I'm going back to sleep.;Ben sadece Kral ile konuşurum. Eğer Kral sen değilsen, o vakit uykuya dönüyorum.;Je ne parle qu'au Roi. Si tu n'es pas le Roi, je retourne me coucher.;Yo solo hablo con el rey. Si no eres él, ve a acostarte.;王以外に用はない。+お前が王でないのなら、+われは再び眠りにつこう。;왕 이외에 용무는 없다.  네가 왕이 아니라면 나는 다시 잠이나 자러 가지.;我只和国王说话。+如果你不是国王，+那我就要回去睡觉了。;我只和國王說話。+如果你不是國王，+那我就要回去睡覺了。;Ich rede nur mit dem König. Wenn Ihr nicht der König seid, gehe ich wieder schlafen.;Я буду говорить только с королем. Если ты не король, я пойду обратно спать.;Io parlo solo con il Re. Se non siete il Re, me ne torno a dormire.;Eu só falarei com o rei. Se você não é o rei, voltarei a dormir.;Good night;İyi geceler;Bonne nuit;Buenas noches;そうするがよい;그렇게 하게.;晚安;晚安;Gute Nacht;Спокойной ночи;Buonanotte;Boa noite;<i>The spirit looks at you thoughtfully then disappears. You enter the throne room.</i>;<i>Ruh size dikkatlice bakıyor, sonra da kayboluyor. Taht odasına giriyorsunuz.</i>;<i>L'esprit vous regarde en silence puis disparaît. Vous entrez dans la salle du trône.</i>;<i>El espíritu os mira en silencio y desaparece. Entráis en la sala del trono.</i>;<i>亡霊は王をまじまじと見つめ、姿を消した。+王は謁見の間に入っていった。</i>;<i>망령은 왕을 물끄러미 바라보다 사라졌다. 왕은 알현실에 들어갔다. </i>;<i>（幽灵若有所思地看了看你，+便消失了。+你步入王座室。）</i>;<i>（幽靈若有所思地看了看你，+便消失了。+你步入王座室。）</i>;<i>Der Geist sieht Euch nachdenklich an und verschwindet. Ihr kehrt in den Thronsaal zurück.</i>;<i>Призрак смотрит на вас задумчиво, затем исчезает. Вы входите в тронный зал.</i>;<i>Lo spirito Vi osserva pensoso, poi scompare. Entrate nella sala del trono.</i>;<i>O espírito olha para você de forma pensativa e desaparece. Você entra na sala do trono.</i>;I am the King;Kral benim;Je suis le Roi;Soy el Rey;余は王である;짐이 왕이다.;我就是国王;我就是國王;Ich bin der König;Я — Король;Sono io il Re;Eu sou o rei;;;;;;;;;;;;;
577;ghost;So you're the one who usurped my throne and sent me to this dungeon to rot for eternity?;Tahtımı gasp eden, ebediyen çürümem için beni bu zindana yollayan sen misin?;Alors c'est toi qui as usurpé mon trône et m'as envoyé pourrir dans ce donjon pour l'éternité ?;¿Así que tú eres el que me ha enviado a pudrirme en esta mazmorra?;では、われより王位を簒奪し、+われをこの地下牢に閉じ込め、+永久に出られぬようにしたのは、お前だな？;그럼 내 왕위를 찬탈하고  이 지하감옥에 가두어 영원히 나오지 못하게 한 게 너구나?;所以你就是那位篡夺我的王位，+并将我打到这个地下城中，+害我永世不得超生的人？;所以你就是那位篡奪我的王位，+並將我打到這個地下城中，+害我永世不得超生的人？;Ihr habt mich also vom Thron verdrängt und für alle Zeiten in dieses Verlies geschickt?;Значит, это ты забрал мой трон и отправил меня вечно гнить в подземелье?;Quindi siete Voi ad aver usurpato il mio trono e avermi spedito a marcire per l'eternità in questa prigione?;Então foi você que usurpou meu trono e me enviou para essa masmorra para todo o sempre?;Yes...;Evet...;Oui...;Sí...;そうだ…;그렇다...;是的……;是的……;Ja ...;Да…;Sì;Sim...;;;;;;;;;;;;;No...;Hayır...;Non...;No...;違う…;아냐...;不……;不……;Nein ...;Нет…;No…;Não...;;;;;;;;;;;;;
578;ghost;Well... you're in charge of the mess now, good luck with that. They're all pretty crazy, you will see.;Peki... Artık karmaşanın başında sen varsın. Kolay gelsin. Hepsi delidir, sen de göreceksin.;Enfin... Tu es en charge du boxon maintenant, bonne chance. Ils sont tous un peu fous, tu verras.;Bueno... Ahora estás al cargo del cotarro, buena suerte. Están todos bastante locos, ya verás.;いずれにせよ、+今後はお前がすべてを取り仕切ってゆくのだ。+せいぜい力を尽くすがよい。+どいつもこいつも、いかれた連中ばかりだからな。;어쨌든 그 난리통을 물려받은 게 너로구만. 열심히 힘 내봐.  이놈도 저놈도 제정신인 놈이 없으니까.;好吧……你现在管着这烂摊子呢，祝你好运。+他们都很疯狂，你会见识到的。;好吧……你現在管著這爛攤子呢，祝你好運。+他們都很瘋狂，你會見識到的。;Nun ... Jetzt habt Ihr den Schlamassel am Hals, viel Glück damit. Die sind alle ziemlich verrückt, wisst Ihr?;Что ж… вот и расхлебывай теперь, удачи. Они все чокнутые, вот увидишь.;Bene… ora il casino è tutto vostro da gestire, buona fortuna. Sono tutti mezzi matti, vedrete.;Bem... agora é sua responsabilidade, boa sorte. Eles são loucos. Você verá.;Who?;Kim?;Qui ?;¿Quién?;誰の話だ？;누구 이야기인가?;谁？;誰？;Wer?;Кто?;Chi?;Quem?;;;;;;;;;;;;;What?;Ne?;Quoi ?;¿Cómo?;なんの話だ？;무슨 소린가?;什么？;什麼？;Was?;Что?;Cosa?;O quê?;;;;;;;;;;;;;
771;ghost;Just try to keep a balance between the four powers to keep your head on its shoulders.;Kelleni kaybetmemek için dört kuvveti dengede tutmaya çalış yeter.;Essaye juste de maintenir l'équilibre entre les quatre pouvoirs et peut-être que tu garderas la tête sur les épaules.;Intenta mantener el equilibrio entre los cuatros poderes y tal vez conserves tu cabeza sobre los hombros.;長生きしたくば、4つの勢力の均衡を保ち、+うまくやりくりせよ。;그저 4가지 세력의 균형을 맞추려고 노력해 봐.  그러면 어깨에서 목이 날아가지는 않을 거야.;为了让脑袋能多在你的肩膀上待会儿，+尽力保持四股势力间的平衡吧。;為了讓腦袋能多在你的肩膀上待會兒，+盡力保持四股勢力間的平衡吧。;Versucht einfach, ein Gleichgewicht zwischen den vier Mächten zu wahren, um Euren Kopf zu behalten.;Попытайся удержаться между четырьмя силами, чтобы твоя голова осталась на плечах.;Cercate solo di mantenere un equilibrio tra i quattro poteri e forse potreste conservare la testa sulle spalle.;Mantenha o equilíbrio entre os quatro poderes para continuar com a cabeça no lugar.;;;;;;;;;;;;;<i>The spirit looks at you thoughtfully then disappears. You enter the courtroom.</i>;<i>Ruh size dikkatlice bakıyor, sonra da kayboluyor. Taht odasına giriyorsunuz.</i>;<i>L'esprit vous regarde en silence puis disparaît. Vous entrez dans la salle du trône.</i>;<i>El espíritu os mira en silencio y desaparece. Entráis en la sala del trono.</i>;<i>亡霊は王をまじまじと見つめ、姿を消した。+王は謁見の間に入っていった。</i>;<i>망령은 왕을 물끄러미 바라보다 사라졌다. 왕은 알현실에 들어갔다. </i>;<i>（幽灵若有所思地看着你，+然后消失了。+你进入了法庭。）</i>;<i>（幽靈若有所思地看著你，+然後消失了。+你進入了法庭。）</i>;<i>Der Geist sieht Euch nachdenklich an und verschwindet. Ihr kehrt in den Thronsaal zurück.</i>;<i>Призрак смотрит на вас задумчиво, затем исчезает. Вы входите в зал суда.</i>;<i>Lo spirito Vi osserva pensoso, poi scompare. Entrate nell'aula di giustizia.</i>;<i>O espírito olha para você de forma pensativa e desaparece. Você entra na sala do trono.</i>;;;;;;;;;;;;;<i>The spirit looks at you thoughtfully then disappears. You enter the throne room.</i>;<i>Ruh size dikkatlice bakıyor, sonra da kayboluyor. Taht odasına giriyorsunuz.</i>;<i>L'esprit vous regarde en silence puis disparaît. Vous entrez dans la salle du trône.</i>;<i>El espíritu os mira en silencio y desaparece. Entráis en la sala del trono.</i>;<i>亡霊は王をまじまじと見つめ、姿を消した。+王は謁見の間に入っていった。</i>;<i>망령은 왕을 물끄러미 바라보다 사라졌다. 왕은 알현실에 들어갔다. </i>;<i>（幽灵若有所思地看了看你，+便消失了。+你步入王座室。）</i>;<i>（幽靈若有所思地看了看你，+便消失了。+你步入王座室。）</i>;<i>Der Geist sieht Euch nachdenklich an und verschwindet. Ihr kehrt in den Thronsaal zurück.</i>;<i>Призрак смотрит на вас задумчиво, затем исчезает. Вы входите в тронный зал.</i>;<i>Lo spirito Vi osserva pensoso, poi scompare. Entrate nella sala del trono.</i>;<i>O espírito olha para você de forma pensativa e desaparece. Você entra na sala do trono.</i>;
579;ghost;Are you the young King?;Genç Kral sen misin?;Es-tu le jeune Roi ?;¿Tu eres el joven rey?;お前が、若き王か？;그대가 젊은 왕인가?;你就是那位年轻的国王吗？;你就是那位年輕的國王嗎？;Seid Ihr der junge König?;Ты — молодой Король?;Siete il giovane Re?;Você é o jovem rei?;;;;;;;;;;;;;;;;;;;;;;;;;Not again...;Yine mi...;Vous vous répétez;Ay, que pesado...;いいかげんにしてくれ…;적당히 하게...;又来了……;又來了……;Nicht schon wieder ...;Только не это…;Non di nuovo…;De novo não...;;;;;;;;;;;;;
580;ghost;Ha ha, just kidding. I know we've been through this already. That's our curse, see?;Ha ha, şakaydı. Bunu daha önce de yaptık, farkındayım. Lanetimiz bu işte, anlıyor musun?;Ha ha, je rigole. Je sais que nous sommes déjà passés par là. C'est notre malédiction, tu comprends ?;Ja, ja, estoy de broma. Ya sé que ésto ya lo hemos vivido. Es nuestra maldición, ¿entiendes?;ハハハ…からかっただけだ。わかっている。+何年か前にも、同じやりとりをしたな。+それがわれわれにかけられた呪いなのだ。;하하하... 농담이여. 알고 있어. 전에도 이런 대화를 했지.  그게 우리에게 걸린 저주일세.;哈哈，玩笑而已。+我知道我们都经历过一遍了。+这就是我们的诅咒，明白没？;哈哈，玩笑而已。+我知道我們都經歷過一遍了。+這就是我們的詛咒，明白沒？;Ha ha, war nur ein Scherz. Ich weiß, das haben wir schon durch. Das ist unser Fluch, versteht Ihr?;Ха-ха, я шучу. Я знаю, мы уже через это проходили. Это — наше проклятие, понимаешь?;Ah ah, scherzo. So che ci siamo già passati. Vedete? Questa è la nostra maledizione.;Brincadeira! Eu sei que já passamos por isso! É nossa maldição!;I'm not sure...;Emin değilim...;Je ne suis pas sûr...;No estoy seguro...;よくわからぬ…;잘 모르겠군...;我不太懂……;我不太懂……;Ich bin nicht sicher ...;Я в этом не уверен…;Non ne sono certo…;Não sei...;;;;;;;;;;;;;I don't understand;Anlamıyorum;Je ne comprends pas;No entiendo nada;どういうことだ…;무슨 말인가...;我不明白;我不明白;Nein;Я не понимаю;Non capisco;Não entendo;;;;;;;;;;;;;
581;ghost;We will remember each and every King of this dynasty. Every compromise, every death, for ages...;Bu hanedanın her Kralını hatırlayacağız. Verilen her tavizi, her ölümü, çağlarca...;Nous nous souviendrons de tous les Rois de cette dynastie. Chaque compromis, chaque mort, pour les siècles des siècles.;Nos acordaremos de todos los reyes de esta dinastía. Cada decisión, cada muerte, por los siglos de los siglos.;われわれは、この王朝のすべての王の記憶を+持ち続ける。歴代の王たちがどんな決断を下し、+どんな最期を迎えたか、すべてな。;우리는 이 왕조의 모든 왕의 기억을 계속 지니게 돼.  역대 왕들이 어떤 결단을 내렸고 어떤 최후를 맞이했는지, 모두 말이지.;我们会记住这一王朝的每任国王。+记住他们每一次妥协、每一次死亡，久不忘怀……;我們會記住這一王朝的每任國王。+記住他們每一次妥協、每一次死亡，久不忘懷……;Wir werden uns an jeden einzelnen König dieser Dynastie erinnern, jeden Kompromiss, jeden Tod, auf ewig ...;Мы будем помнить каждого Короля из этой династии. Каждое соглашение, каждую смерть, вечно…;Noi ci ricorderemo di ciascun Re e della sua dinastia. Ogni compromesso, ogni morte, nei secoli dei secoli.;Nós lembraremos de todos os reis dessa dinastia. Cada compromisso, cada morte, por eras...;But...;Ama...;Mais...;Pero...;そんな…;말도 안 돼...;但是...;但是...;Aber ...;Но…;Ma…;Mas...;;;;;;;;;;;;;How...;Nasıl...;Comment...;O sea que...;ありえぬ…;말도 안 돼...;怎么做到的……;怎麼做到的……;Wie ...;Как…;Come…;Como...;;;;;;;;;;;;;
582;ghost;It is said that only the Devil will allow us to blissfully forget the cursed Kings, but does he even exist?;Lanetli Kralları unutmamızı sadece Şeytan'ın sağlayabileceği söyleniyor. Peki ya Şeytan gerçekten var mı?;Il est dit que seul le démon peut nous libérer du poids demesuré des Rois maudits, mais existe-t-il ?;Se dice que solo el Diablo puede liberarnos del peso desmesurado de los Reyes Malditos, pero… ¿Existe realmente?;聞くところによると、呪われた王たちの記憶から+解放されたければ、悪魔の力を借りるしか+ないというが…そもそも悪魔など+存在すると思うか？;들리는 소문에 의하면 저주받은 왕들의 기억에서 해방되려면  악마의 힘을 빌려야만 한다던데...  애초에 악마 같은 게 있다고 생각해?;据说只有恶魔能让我们愉快地忘掉+那些受诅咒的国王，+但是他当真存在吗？;據說只有惡魔能讓我們愉快地忘掉+那些受詛咒的國王，+但是他當真存在嗎？;Es heißt, nur der Teufel werde uns die verfluchten Könige vergessen lassen, aber existiert er überhaupt?;Говорят, что лишь Дьявол позволит нам благополучно забыть проклятых Королей, но существует ли он вообще?;Si dice che solo il Diavolo ci permetterà di dimenticare beatamente i Re maledetti, ma esiste davvero?;Dizem que somente o Diabo nos permitirá esquecer dos reis amaldiçoados, mas ele existe?;Yes he does;Evet var;Oui, il existe;Sí, existe;存在する;존재한다.;他的确存在;他的確存在;Ja, das tut er;Да;Sì, esiste;Existe;;;;;;;;;;;;;No he doesn't;Hayır yok;Non, il n'existe pas;No, no existe;存在しない;그런 건 없네.;不，他并不存在;不，他並不存在;Nein, tut er nicht;Нет;No, non esiste;Não existe;;;;;;;;;;;;;
583;ghost;That's an interesting thought. Maybe he does. Maybe we will find him eventually.;İlginç. Belki de vardır. Belki nihayetinde onu bulacağızdır.;C'est une croyance intéressante. Peut-être. Et peut-être que nous le trouverons.;Es una creencia interesante. Tal vez. Tal vez lo encontremos.;ほう…そうかもしれぬな。いつかわれわれも、+悪魔と対峙するときが来るかもしれぬ。;흐음... 그럴지도 모르지.  언젠가 우리도 악마와 맞설 때가 올지도 몰라.;有趣的想法。+或许他真的存在。+或许我们最终会找到他。;有趣的想法。+或許他真的存在。+或許我們最終會找到他。;Ein interessanter Gedanke. Vielleicht. Vielleicht werden wir ihn irgendwann finden.;Интересная мысль. Может, и существует. Может, мы наконец его найдем.;Un pensiero interessante. Forse sì. Forse un giorno lo troveremo.;É um pensamento interessante. Talvez exista. Talvez o encontremos algum dia...;;;;;;;;;;;;;<i>The spirit slowly drifts away...</i>;<i>Ruh yavaşça kayboluyor...</i>;<i>L'esprit vous regarde en silence puis disparaît.</i>;<i>El espíritu os mira en silencio y desaparece.</i>;<i>亡霊はゆっくりと遠ざかっていった…</i>;<i>망령은 천천히 멀어져 갔다...</i>;<i>（幽灵慢悠悠地飘散而去...）</i>;<i>（幽靈慢悠悠地飄散而去...）</i>;<i>Der Geist schwebt langsam davon ...</i>;<i>Призрак медленно уплывает…</i>;<i>Lo spirito si allontana lentamente...</i>;<i>O espírito desaparece lentamente...</i>;;;;;;;;;;;;;<i>The spirit slowly drifts away...</i>;<i>Ruh yavaşça kayboluyor...</i>;<i>L'esprit vous regarde en silence puis disparaît.</i>;<i>El espíritu os mira en silencio y desaparece.</i>;<i>亡霊はゆっくりと遠ざかっていった…</i>;<i>망령은 천천히 멀어져 갔다...</i>;<i>（幽灵慢悠悠地飘散而去...）</i>;<i>（幽靈慢悠悠地飄散而去...）</i>;<i>Der Geist schwebt langsam davon ...</i>;<i>Призрак медленно уплывает…</i>;<i>Lo spirito si allontana lentamente...</i>;<i>O espírito desaparece lentamente...</i>;
584;ghost;That's an interesting lack of faith. I would love to be free though.;İnançsızlığın ilginç. Lanetten kurtulmayı çok isterim, gerçi.;C'est un intéressant manque de foi. Et pourtant j'aimerais bien être libéré.;Curiosa falta de fe. Y sin embargo me gustaría ser liberado.;なるほど、お前はあまり信心深くはないようだ。+だが私は、いつか自由の身に+なりたいと願っている。;과연, 그대는 그리 신앙심이 깊지는 않구먼.  하지만 나는 언젠가 자유의 몸이 되고 싶다네.;这是个有意思的无神论说法。+尽管我也希望获得自由。;這是個有意思的無神論說法。+儘管我也希望獲得自由。;Ein interessanter Mangel an Glauben. Ich wäre jedoch gerne frei.;О, вы не верите. Интересно. А мне бы хотелось быть свободным.;Un'interessante mancanza di fede. Però mi piacerebbe essere libero.;Sua falta de fé é interessante. Mas eu adoraria ser livre.;Me too;Ben de;Moi aussi;Y a mí también;余も、そう願う;나도 그러길 바란다.;我也如此;我也如此;Ich auch;И мне;Anche a me;Eu também;<i>The spirit slowly drifts away...</i>;<i>Ruh yavaşça kayboluyor...</i>;<i>L'esprit vous regarde en silence puis disparaît.</i>;<i>El espíritu os mira en silencio y desaparece.</i>;<i>亡霊はゆっくりと遠ざかっていった…</i>;<i>망령은 천천히 멀어져 갔다...</i>;<i>（幽灵慢悠悠地飘散而去...）</i>;<i>（幽靈慢悠悠地飄散而去...）</i>;<i>Der Geist schwebt langsam davon ...</i>;<i>Призрак медленно уплывает…</i>;<i>Lo spirito si allontana lentamente...</i>;<i>O espírito desaparece lentamente...</i>;Not me;Ben istemem;Pas moi;Pues a mí no;余は、そうは思わぬ;짐은 그리 생각지 않네.;我可不这样想;我可不這樣想;Ich nicht;А мне — нет;A me no;Eu não;<i>The spirit slowly drifts away...</i>;<i>Ruh yavaşça kayboluyor...</i>;<i>L'esprit vous regarde en silence puis disparaît.</i>;<i>El espíritu os mira en silencio y desaparece.</i>;<i>亡霊はゆっくりと遠ざかっていった…</i>;<i>망령은 천천히 멀어져 갔다...</i>;<i>（幽灵慢悠悠地飘散而去...）</i>;<i>（幽靈慢悠悠地飄散而去...）</i>;<i>Der Geist schwebt langsam davon ...</i>;<i>Призрак медленно уплывает…</i>;<i>Lo spirito si allontana lentamente...</i>;<i>O espírito desaparece lentamente...</i>;
585;ghost;The last visit of the Devil is approaching young King. Are we ready? Will we prevail?;Şeytan'ın son ziyareti yaklaşıyor, genç Kral. Hazır mıyız? Kurtulacak mıyız?;La dernière visite du démon approche, jeune Roi. Es-tu prêt ? Allons-nous l'emporter ?;La última visita del Diablo se acerca, joven rey. ¿Estás listo? ¿Conseguiremos derrotarle?;若き王よ、悪魔の最後の訪問が近づいている。+準備はよいか？+われらは、あやつを欺けるか？;젊은 왕이여, 악마의 최후의 방문이 다가오고 있다네.  준비는 되었나? 우리는 악마를 속일 수 있을까?;距恶魔最后一次造访+越来越近了，年轻的国王。+我们准备好了么？我们能获胜么？;距惡魔最後一次造訪+越來越近了，年輕的國王。+我們準備好了麼？我們能獲勝麼？;Der letzte Besuch des Teufels naht, junger König. Sind wir bereit? Werden wir siegen?;Близится последний визит Дьявола к молодому Королю. Готовы ли мы? Одержим ли мы победу?;L'ultima visita del Diavolo si avvicina, giovane Re. Siamo pronti? Prevarremo?;A última visita do Diabo está próxima, jovem rei. Estamos prontos para prevalecer?;;;;;;;;;;;;;<i>The spirit slowly drifts away...</i>;<i>Ruh yavaşça kayboluyor...</i>;<i>L'esprit vous regarde en silence puis disparaît.</i>;<i>El espíritu os mira en silencio y desaparece.</i>;<i>亡霊はゆっくりと遠ざかっていった…</i>;<i>망령은 천천히 멀어져 갔다...</i>;<i>（幽灵慢悠悠地飘散而去...）</i>;<i>（幽靈慢悠悠地飄散而去...）</i>;<i>Der Geist schwebt langsam davon ...</i>;<i>Призрак медленно уплывает…</i>;<i>Lo spirito si allontana lentamente...</i>;<i>O espírito desaparece lentamente...</i>;;;;;;;;;;;;;<i>The spirit slowly drifts away...</i>;<i>Ruh yavaşça kayboluyor...</i>;<i>L'esprit vous regarde en silence puis disparaît.</i>;<i>El espíritu os mira en silencio y desaparece.</i>;<i>亡霊はゆっくりと遠ざかっていった…</i>;<i>망령은 천천히 멀어져 갔다...</i>;<i>（幽灵慢悠悠地飘散而去...）</i>;<i>（幽靈慢悠悠地飄散而去...）</i>;<i>Der Geist schwebt langsam davon ...</i>;<i>Призрак медленно уплывает…</i>;<i>Lo spirito si allontana lentamente...</i>;<i>O espírito desaparece lentamente...</i>;
586;ghost;The Devil is coming one last time this century. It's our chance!;Şeytan bu yüzyılda son bir kez gelecek. Fırsat bu fırsat!;Le démon viendra te rendre une dernière visite à la fin de ce siècle. C'est notre chance !;El Diablo vendrá a hacerte una visita al final de este siglo. ¡Es nuestra oportunidad!;今世紀、悪魔が再び姿を現すであろう。+これが最後のチャンスだ！;이번 세기 악마가 다시 한 번 모습을 나타낼 거야.  이게 마지막 기회라고!;这是恶魔在本世纪最后一次造访了。+我们的机会来了！;這是惡魔在本世紀最後一次造訪了。+我們的機會來了！;Der Teufel kommt in diesem Jahrhundert ein letztes Mal. Das ist unsere Chance!;Дьявол придет в последний раз за этот век. Это наш шанс!;Il Diavolo arriverà un'ultima volta per questo secolo. È la nostra opportunità!;O Diabo virá uma última vez neste século. É a nossa chance!;;;;;;;;;;;;;<i>The spirit slowly drifts away...</i>;<i>Ruh yavaşça kayboluyor...</i>;<i>L'esprit vous regarde en silence puis disparaît.</i>;<i>El espíritu os mira en silencio y desaparece.</i>;<i>亡霊はゆっくりと遠ざかっていった…</i>;<i>망령은 천천히 멀어져 갔다...</i>;<i>（幽灵慢悠悠地飘散而去...）</i>;<i>（幽靈慢悠悠地飄散而去...）</i>;<i>Der Geist schwebt langsam davon ...</i>;<i>Призрак медленно уплывает…</i>;<i>Lo spirito si allontana lentamente...</i>;<i>O espírito desaparece lentamente...</i>;;;;;;;;;;;;;<i>The spirit slowly drifts away...</i>;<i>Ruh yavaşça kayboluyor...</i>;<i>L'esprit vous regarde en silence puis disparaît.</i>;<i>El espíritu os mira en silencio y desaparece.</i>;<i>亡霊はゆっくりと遠ざかっていった…</i>;<i>망령은 천천히 멀어져 갔다...</i>;<i>（幽灵慢悠悠地飘散而去...）</i>;<i>（幽靈慢悠悠地飄散而去...）</i>;<i>Der Geist schwebt langsam davon ...</i>;<i>Призрак медленно уплывает…</i>;<i>Lo spirito si allontana lentamente...</i>;<i>O espírito desaparece lentamente...</i>;
587;general;My Lord, what about a bit of fencing? I'm a good teacher. Let's bet a bit of money.;Lordum, biraz eskrime ne dersiniz? İyi bir öğretmenimdir. Biraz bahis oynarız.;Monseigneur, et si nous faisions quelques échanges à l'épée ? Je peux vous apprendre des choses. Parions un peu d'argent.;Mi Señor, ¿intercambiamos unos cuantos toques de espada? Puedo enseñaros un par de cosas. Apostemos algo de dinero.;陛下、剣の手合わせでもいかがですかな？+私が指南いたしますので、どちらが勝つか、+賭けをいたしましょう。;폐하, 펜싱이라도 같이 즐길까요?  제가 지도해 드릴 테니 어느 쪽이 이길지 내기하도록 하죠.;陛下，来场击剑怎么样？+我是个好老师。我们来赌点钱吧。;陛下，來場擊劍怎麼樣？+我是個好老師。我們來賭點錢吧。;Majestät, wollt Ihr mit mir fechten? Ich bin ein guter Lehrer. Lasst uns ein wenig Geld setzen.;Милорд, не хотите ли немного пофехтовать? Я — хороший наставник. Давайте сделаем небольшие ставки.;Mio Signore, che ne dite di due tiri di scherma? Sono un buon insegnante. Scommettiamo del denaro.;Senhor, que tal um duelo? Sou um bom professor de esgrima. Vamos apostar.;En garde!;Gardını al!;En garde !;¡En guardia!;いざ、勝負！;자, 승부를 내 !;来决斗吧！;來決鬥吧！;En garde!;Защищайтесь!;In guardia!;En garde!;;;;;;;;;;;;;;;;;;;;;;;;;;;;;;;;;;;;;
588;general;You won my Lord, beginner's luck! Do you want to know how to improve?;Kazandınız Lordum, acemi şansı! Nasıl daha iyi olacağınızı öğrenmek ister misiniz?;Vous avez gagné Monseigneur ! Beau jeu ! Puis-je vous suggérer quelques pistes d'amélioration ?;¡Habéis ganado Señor! ¡Buen juego! Me gustaría haceros un par de sugerencias para ayudaros a mejorar.;陛下の勝ちです。+いわゆるビギナーズラックですな！+上達のコツを伝授いたしましょうか？;폐하의 승리입니다. 이게 바로 "초보자의 행운"이라는 것이로군요! 실력을 향상시킬 방법을 알려드릴까요?;陛下，您赢了，但这只是新手的好运罢了！+您想知道怎么变强吗？;陛下，您贏了，但這只是新手的好運罷了！+您想知道怎麼變強嗎？;Ihr habt gewonnen, Majestät. Anfängerglück! Wollt Ihr wissen, wie Ihr Euch verbessern könnt?;Вы победили, милорд, новичкам везет! Хотите знать, как стать еще искусней?;Avete vinto, Sire, la fortuna del principiante! Volete sapere come migliorarvi?;Você venceu, meu senhor! Sorte de principiante! Deseja melhorar?;;;;;;;;;;;;;;;;;;;;;;;;;;;;;;;;;;;;;;;;;;;;;;;;;
589;general;You will do better next time. Do you want to know how to improve?;Gelecek sefer daha iyi oynarsınız. Nasıl daha iyi olacağınızı öğrenmek ister misiniz?;Vous y arriverez mieux la prochaine fois. Je peux vous donner quelques conseils.;La próxima vez lo conseguiréis. Os puedo dar algunos consejos.;まあ、初めてですからそんなものですよ。+上達のコツを伝授いたしましょうか？;흐음, 처음엔 다 그런 겁니다. 실력을 향상시킬 방법을 알려드릴까요?;下次您会做得更好。+您想知道怎么进步吗？;下次您會做得更好。+您想知道怎麼進步嗎？;Nächstes Mal macht Ihr es besser. Soll ich Euch ein paar Ratschläge geben?;Повезет в следующий раз, милорд. Хотите научиться?;La prossima volta andrà meglio. Volete sapere come migliorarvi?;Você se sairá melhor na próxima. Deseja melhorar?;;;;;;;;;;;;;;;;;;;;;;;;;;;;;;;;;;;;;;;;;;;;;;;;;
590;general;Fencing depends on your choices. Attack is bright and explosive, while defense is cunning and deceitful.;Eskrim seçimlerinize bağlıdır. Saldırı görkemli ve yok edici, savunma ise kurnazca ve kandırıcıdır.;L'escrime dépend de vos choix. L'attaque est brillante et explosive, et la défense est rusée et trompeuse.;La esgrima es una cuestión de elecciones. El ataque es brillante y explosivo, mientras que la defensa es astuta y embustera.;勝負の行方は、陛下の選択にかかっております。+攻撃技は、一瞬の隙を突く豪快な技。+防御技は、敵の裏をかく巧妙な技です。;승부의 행방은 폐하의 선택에 달려 있습니다.  공격기술은 순간의 빈틈을 파고 드는 호쾌한 기술. 방어기술은 적의 허를 찌르는 교묘한 기술입니다.;根据您的选择来决定击剑方式。+进攻是直接且暴力的，+而防守则是狡猾又巧诈的。;根據您的選擇來決定擊劍方式。+進攻是直接且暴力的，+而防守則是狡猾又巧詐的。;Beim Fechten müsst Ihr gut abwägen. Der Angriff ist explosiv und klar, die Verteidigung listig und tückisch.;Фехтование зависит от вашего выбора. Атака должна быть блестящей и напористой, а защита — хитрой и коварной.;La scherma si basa sulle scelte. L'attacco è brillante ed esplosivo, la difesa è scaltra e ingannevole.;Esgrima é um esporte de escolhas. O ataque é explosivo, e a defesa é sagaz e ardilosa.;Carry on;Devam et;Continuez;Continuad;続けよ;계속해 보게.;继续;繼續;Fahrt fort;Продолжай;Continuate;Continue;;;;;;;;;;;;;That's enough;Bu kadar yeter;Assez;Basta;もうよい;이제 됐네.;够了;夠了;Das genügt;Достаточно;Basta così;Chega;;;;;;;;;;;;;
591;general;If you defend, you gain a chance to trigger a special move the following turn.;Savunursanız, sonraki turda özel bir hamle yerine getirme şansınız olur.;Quand vous vous défendez, vous avez une chance de déclencher une attaque spéciale au tour suivant.;Cuando defendéis, tenéis la oportunidad de comenzar un ataque en el turno siguiente.;防御技を選択すると、次のターンで必殺技を+発動するチャンスが訪れます。;방어기술을 선택하면 다음 턴에서 필살기를 발동할 수 있습니다.;如果你选择防御，+你将在下一回合有机会触发一次特殊行动。;如果你選擇防禦，+你將在下一回合有機會觸發一次特殊行動。;Wenn Ihr Euch verteidigt, habt Ihr eine Chance, in der folgenden Runde eine Spezialtechnik auszulösen.;Если вы защищаетесь, у вас появляется шанс использовать особый прием.;Se vi difendete, ottenete la possibilità di innescare una mossa speciale nel turno successivo.;Ao defender, você ganha a chance de desencadear um golpe especial no próximo turno.;Carry on;Devam et;Continuez;Continuad;続けよ;계속해 보게.;继续;繼續;Fahrt fort;Продолжай;Continuate;Continue;;;;;;;;;;;;;That's enough;Bu kadar yeter;Assez;Basta;もうよい;이제 됐네.;够了;夠了;Das genügt;Достаточно;Basta così;Chega;;;;;;;;;;;;;
592;general;Look at your opponent, you will learn new thrusts and tricks that way.;Rakibinize bakın, böylece yeni hücumlar ve numaralar öğrenirsiniz.;Regardez votre adversaire, vous apprendrez ainsi de nouveaux coups et bottes.;Observad a vuestro adversario, aprenderéis muchísimos trucos de esta manera.;敵の動きをよく観察すれば、+新たな技を習得できるでしょう。;적의 움직임을 잘 관찰하면 새로운 기술을 습득할 수 있습니다.;盯紧对手，+你将从中学会新的剑技和花招。;盯緊對手，+你將從中學會新的劍技和花招。;Seht Euch Euren Gegner an, denn so könnt Ihr neue Stöße und Finten erlernen.;Смотрите на своего противника, и тогда вы узнаете новые приемы и выпады.;Guardate il Vostro avversario, in questo modo imparerete nuovi affondi e trucchetti.;Olhe para o oponente e aprenda novos golpes e truques.;Thank you;Teşekkür ederim;Merci;Gracias;よくわかった;잘 알았다.;谢谢你;謝謝你;Vielen Dank;Спасибо;Grazie;Agradeço;;;;;;;;;;;;;Let's try again;Yine deneyelim;Essayons à nouveau;Intentémoslo de nuevo;もう一度、勝負だ;다시 승부하자.;我们再来试试;我們再來試試;Versuchen wir's nochmal;Попробуем снова;Riproviamo;Vamos novamente;;;;;;;;;;;;;
593;general;I'm going to attack you.;Size saldıracağım.;Je vais vous attaquer.;Os ataco.;次は、攻撃技を使いますよ…！;다음에는 제가 공격합니다, 폐하...!;我要进攻了。;我要進攻了。;Ich werde Euch jetzt angreifen.;Я буду нападать.;Ora Vi attacco.;Eu vou atacá-lo.;You will try;Denersin;Vous allez essayer;Intentadlo;望むところだ;원하던 바다.;你大可尝试;你大可嘗試;Ihr werdet es versuchen;Попытайся;Ci proverete;Você pode tentar;;;;;;;;;;;;;When is that?;Ne zaman?;Quand ça ?;¿Hoy o mañana?;さっさとしろ;빨리 하지.;什么时候？;什麼時候？;Wann genau?;Когда это?;Quando?;Quando?;;;;;;;;;;;;;
594;general;All is fair in love and war.;Aşkta ve savaşta her şey mübahtır.;Tout est permis en amour et à la guerre.;En el amor y en la guerra, todo vale.;色恋沙汰と戦は、勝ちさえすればよいのです！;사랑과 전쟁에서는 이기기만 하면 되는 겁니다!;在爱情与战争中，+一切都是公平的。;在愛情與戰爭中，+一切都是公平的。;In der Liebe und im Krieg ist alles erlaubt.;В любви и на войне все средства хороши.;In guerra e in amore tutto è concesso.;No amor e na guerra vale tudo.;Except you;Sen hariç;Sauf vous;Menos tú;そなたは例外だ;그대는 예외다.;唯你除外;唯你除外;Euch nicht;Это нечестно;Eccetto tu;Menos você;;;;;;;;;;;;;Words...;Boş sözler;Ce sont des mots...;Palabras, palabras...;確かに…;분명 그렇군...;言语……;言語……;Bloße Worte ...;Это все слова…;Parole…;Palavras...;;;;;;;;;;;;;
595;general;This one will be difficult to parry, be careful.;Bu seferkini savuşturmak daha zor olacak, dikkatli olun.;Ce coup- là va être difficile à parer. Ça va faire mal.;Este golpe va a ser difícil de esquivar. Os va a doler.;次の攻撃はよけられませんよ。お覚悟を。;이번 공격은 피하실 수 없을 겁니다. 각오하시길.;这次攻击很难被格挡，请小心。;這次攻擊很難被格擋，請小心。;Dieser Stoß ist schwer zu parieren, also gebt Acht.;Это будет трудно парировать, будьте осторожны.;Questa sarà difficile da parare, fate attenzione.;Essa será difícil de defender, cuidado.;You too;Sen de;J'en tremble;Estoy temblando;そっくりそのまま返そう;고스란히 돌려주지.;你可也得小心;你可也得小心;Ihr auch;Ты тоже;Anche tu;Você também;;;;;;;;;;;;;I wish;Keşke;J'aimerais bien;Ya me gustaría;フンッ！;흥!;我倒希望这样;我倒希望這樣;Na hoffentlich;Хотел бы я;Mi piacerebbe;Quem me dera;;;;;;;;;;;;;
596;general;Now I'm going to defend.;Şimdi ben savunacağım.;Maintenant je vais me défendre;Ahora voy a defenderme.;次は防御をします…！;이제 제가 방어할 겁니다.;现在，我要开始防御了。;現在，我要開始防禦了。;Jetzt werde ich mich verteidigen.;Теперь я буду защищаться.;Ora mi difendo.;Agora vou defender.;You what?;Öyle mi?;Ce n'est pas ce que vous faisiez?;¿Pero no era éso lo que hacíais?;なんでもよいわ;무엇이든 좋네.;你要干蛤？;你要幹蛤？;Ach, jetzt erst?;Что ты будешь делать?;Tu cosa?;Você vai?;;;;;;;;;;;;;Scary;Çok korktum;Imparable;Imparable;ハハ…それは恐ろしい;하하... 그거 무섭군.;真吓人;真嚇人;Furchteinflößend;Как страшно;Spaventoso;Assustador;;;;;;;;;;;;;
597;anyone;You're moving so sloooowwwlly. This is never going to end.;Çoook yavaş hareket ediyorsunuz. Bu iş bitmez.;Vous vous déplacez trop lentement... On n'en finira jamais.;Os desplazáis tan lentamente... Así no acabaremos nunca.;なんとトロい…+こんな調子では、+いつになったら勝負がつくやら…;그렇게 한가로이 움직여서야 승부가 나질 않아요.;你的脚步……真是太慢……了。+这简直没完没了了。;你的腳步……真是太慢……了。+這簡直沒完沒了了。;Ihr seid so laaaangsam. Das wird ja nie enden.;Вы двигаетесь так ме-е-е-едленно. Так мы никогда не закончим.;Vi muovete trooooppo lentamente. Non finiremo mai.;Você está tão devagar! Isso nunca vai acabar!;Never!;Asla!;Jamais !;¡Jamás!;黙れ！;닥치게!;永远不会！;永遠不會！;Nie!;Никогда!;Mai!;Nunca!;;;;;;;;;;;;;I'm enjoying the moment;Ben eğleniyorum;Je savoure l'instant;Estoy saboreando el momento;じっくり+楽しませてもらおう;천천히 즐기겠네.;我很享受此刻;我很享受此刻;Ich genieße den Augenblick;Я наслаждаюсь моментом;Mi godo il momento;Estou aproveitando o momento;;;;;;;;;;;;;
598;anyone;You look like a reckless worm trying to fight an eagle.;Kartalla savaşmaya çalışan gözü kara bir kurtçuğa benziyorsunuz.;Tu n'es qu'un ver de terre assez téméraire pour s'attaquer à un aigle.;No eres más que un gusano. Eso sí, lo suficientemente temerario como para atacar un águila.;それは、鷹のくちばしに必死に抗う+イモムシのマネ…？;독수리와 필사적으로 싸우려는 애벌레 같군요.;你只是在螳臂当车。;你只是在螳臂擋車。;Ihr wirkt wie ein leichtsinniger Wurm, der gegen einen Adler zu kämpfen versucht.;Вы похожи на безрассудного червяка, который пытается победить орла.;Sembrate un verme avventato che cerca di combattere un'aquila.;Você parece um canário tentando derrotar uma águia.;Really a small partridge;Minik bir keklik aslında;Plutôt une petite pintade;Bueno, más bien una perdiz;鷹というより、+ウズラのひなだな;독수리가 아니고 메추리 아닌가.;倒不如说是只小松鸡;倒不如說是只小松雞;Eher ein kleines Rebhuhn;Точнее, на куропатку;Piuttosto una piccola pernice;Uma perdiz, na verdade;;;;;;;;;;;;;With a sword;Kılıçla;Avec une épée;Con una espada;そうとも+剣を帯びたイモムシだ！;그러지. 검으로 말이야!;手握宝剑;手握寶劍;Mit einem Schwert;С мечом;Con una spada;Com uma espada;;;;;;;;;;;;;
599;anyone;Your breath is a better weapon than that toothpick of yours.;Nefesiniz, elinizdeki kürdandan daha etkili bir silah.;Ton haleine est une meilleure arme que ce misérable cure-dent.;Tu aliento es mejor arma que ese palillo de pacotilla.;そんな爪楊枝のような剣で戦うより、+そのクサい息を吹きかけたほうが+効くのでは…？;그렇게 이쑤시개 같이 찔러대느니 차라리 입김이 세겠군요.;你的口臭比你手里那根牙签厉害多了。;你的口臭比你手裏那根牙籤厲害多了。;Euer Mund ist eine bessere Waffe als der Zahnstocher, den Ihr da haltet.;Твоя вонь изо рта скорее убьет кого-нибудь, чем вот эта зубочистка.;Il Vostro alito è un'arma migliore di quello stuzzicadenti.;Seu bafo me afeta mais que esse florete.;Are you sure? Come closer;Emin misin? Yaklaş bakalım;En es-tu si sûr ? Approche.;¿Estás seguro? Acércate;試してみるか？+もっと近くへ来い;시험해 볼까? 더 가까이 오게.;你确定？凑近闻闻;你確定？湊近聞聞;Sicher? Dann kommt doch her;Уверен? Подойди-ка поближе;Sicuro? Vieni più vicino;Tem certeza? Venha mais perto;;;;;;;;;;;;;It will be worse after I eat you;Seni yedikten sonra daha kötü olacak;Imagine, après t'avoir mangé;Imaginate cuando te coma;そなたを食えば+さらにクサくなろうな;그대를 먹으면 더할 텐데.;我吃掉你后口臭恐怕更严重;我吃掉你後口臭恐怕更嚴重;Angst, gefressen zu werden?;Завоняет, когда я тебя сожру!;Immaginate dopo che vi avrò mangiato;E depois que eu devorar você?;;;;;;;;;;;;;
600;anyone;Mind the pointy bit of your sword... I don't want you to cut yourself before I can skewer you.;Kılıcınızın keskin kısmına dikkat edin... Ben sizi doğramadan kendinizi kesmenizi istemem.;Attention au bout pointu de ton épée... Je ne voudrais pas que tu te coupes, avant que je t'embroche.;Cuidado con la punta de tu espada... No quiero que te cortes antes de que te convierta en una brocheta.;なんと危なっかしい剣さばき…+見ているこっちがヒヤヒヤする…;검은 조심해서 다루십시오. 제가 폐하를 찌르기도 전에 혼자 다쳐서야 곤란하지요.;注意你的剑尖……+我可不希望你在被我串起来之前先伤到自己。;注意你的劍尖……+我可不希望你在被我串起來之前先傷到自己。;Vorsicht mit der spitzen Seite Eures Schwerts ... Schneidet Euch nicht, bevor ich Euch durchbohren kann.;Помни, где у твоего меча острый конец… Не хочу, чтобы ты поранился прежде, чем я тебя проткну.;Fate attenzione alla punta della Vostra spada… Non voglio che vi facciate male prima che io riesca a infilzarvi.;Cuidado com a ponta da espada... não quero vê-lo se cortando.;You mean this bit?;Bu kısmına mı?;Tu parles de ce bout-là ?;¿Te refieres a esta punta?;そなたで切れ味を試してみよう;그대로 검을 시험해 보지.;你是说你的剑尖？;你是說你的劍尖？;Meint Ihr diese Seite?;Вот этот конец?;Intendi questa punta?;Essa ponta aqui?;;;;;;;;;;;;;Glad you care so much;Bu kadar umursamana sevindim;Tant d'attention me touche;Me alegra que seas tan atento;気遣いに感謝する;걱정해주어 고맙네.;真劳您费心啊;真勞您費心啊;Eure Sorge rührt mich;Рад, что ты так беспокоишься;Sono commosso dalla premura;Você se importa tanto;;;;;;;;;;;;;
601;anyone;<i>You feel <anyone> is plotting something...</i>;<i><anyone> bir şeyler planlıyor gibi hissediyorsunuz...</i>;<i>Vous sentez <anyone> préparer quelque chose...</i>;<i>Sentís que <anyone> está tramando algo...</i>;<i><anyone>は+なにかを準備しているようだ…</i>;<i>무언가를 준비하고 있는 <anyone>...</i>;<i>（你发觉<anyone>在密谋着什么……）</i>;<i>（你發覺<anyone>在密謀著什麼……）</i>;<i>Ihr spürt, dass <anyone> etwas vorbereitet ...</i>;<i>Вы чувствуете, что <anyone> что-то замышляет…</i>;<i>Avete la sensazione che <anyone> stia tramando qualcosa...</i>;<i>Você sente que <anyone> está preparando algo...</i>;Now I'm scared;Şimdi korktum;J'ai peur;Tengo miedito;はっはっは…これは恐ろしい！;하하하... 무섭군!;我可真害怕呀;我可真害怕呀;Jetzt bekomme ich Angst;Теперь мне страшно;Ora ho paura;Agora estou com medo;;;;;;;;;;;;;Hello?;Merhaba?;Hello ?;¿Hola?;どうした…？;무슨 일인가...?;你好？;你好？;Hallo?;Эй?;Ehilà?;Olá?;;;;;;;;;;;;;
602;anyone;<i><anyone> stares intently at you.</i>;<i><anyone> dikkatle size bakıyor.</i>;<i><anyone> vous regarde intensément.</i>;<i><anyone> os mira con intensidad.</i>;<i><anyone>は+王に熱い視線を注いでいる。</i>;<i>왕에게 뜨거운 시선을 보내는 <anyone>. </i>;<i>（<anyone>聚精会神地看着你。）</i>;<i>（<anyone>聚精會神地看著你。）</i>;<i><anyone> starrt Euch aufmerksam an.</i>;<i><anyone> внимательно смотрит на вас.</i>;<i><anyone> Vi fissa attentamente.</i>;<i><anyone> olha para você intensamente.</i>;Are you ok?;İyi misin?;Est-ce que ça va ?;¿Estás bien?;大丈夫か？;괜찮은가?;你还好吗？;你還好嗎？;Alles in Ordnung?;Все хорошо?;Tutto bene?;Tudo bem?;;;;;;;;;;;;;You look pale;Solgun duruyorsun;Tu es pâlot;Estás pálido;顔色が悪いぞ;안색이 안 좋은데.;你看起来苍白无力;你看起來蒼白無力;Ihr seht blass aus;Лицо бледное;Siete pallido;Você parece pálido;;;;;;;;;;;;;
603;anyone;You will dance in hell.;Cehennemde yeriniz var.;Tu vas danser en enfer.;Vas a bailar en el infierno.;よほど地獄に落ちたいようで…;지옥에서 춤추시지요.;你将在地狱中起舞。;你將在地獄中起舞。;Ihr werdet in der Hölle tanzen.;Потанцуешь в аду;Danzerete all'inferno!;Você dançará no inferno.;With you I will;Senin de yanımda;Avec toi pour l'éternité;Contigo para siempre;そなたも道連れだ;그대와 함께라면 기꺼이 춤추지.;我会与你共舞;我會與你共舞;Mit Euch!;С тобой — запросто;Con te;Com você;;;;;;;;;;;;;And I will laugh too;Keyfim de yerinde olacak;Et je chanterai aussi;Y también a cantar;余に+恐るるものはなし！;유쾌하군!;我还会哈哈大笑;我還會哈哈大笑;Und dabei lachen;И посмеюсь заодно;E canterò anche;E rirei também;;;;;;;;;;;;;
604;anyone;Did you try selling these impressive brushing skills of yours?;Bu etkileyici fırçalama yeteneklerinizi satmaya çalıştınız mı?;Tu as essayé de vendre cette impressionnante technique de balayage aléatoire ? ;¿Has intentado vender esta impresionante técnica de barrido?;それは、ほうきがけの素振り…？;지금 빗자루질 자랑하십니까. 청소 하나는 잘 하시나 보군요.;你有没有试过出售你这些+令人印象深刻的刷牙技巧？;你有沒有試過出售你這些+令人印象深刻的刷牙技巧？;Habt Ihr mal versucht, mit dieser beeindruckenden Kehrtechnik Geld zu verdienen?;Никогда не пытался подзаработать на своем исключительном умении махать метлой?;Avete provato a fare soldi con questa impressionante abilità di spazzolamento?;Você já pensou em ganhar dinheiro com essa sua capacidade de errar?;I will dust you!;Seni toz ederim!;Je vais te dépoussiérer;Te voy a desempolvar;そなたも掃き捨ててやる！;그대도 함께 쓸어 버리지!;我要为你掸掸灰！;我要為你撣撣灰！;Jetzt kostet ihr Staub!;Я тебя в порошок сотру!;Ti spolvero!;Eu mostrarei o erro!;;;;;;;;;;;;;Yes, I made a fortune;Evet, zengin oldum;Oui et j'ai fait fortune;Sí, y me he forrado;笑っていられるのも+今のうちだ;모두가 부러워할 거야!;是的，我还靠它发了一笔财;是的，我還靠它發了一筆財;Ja, so bin ich reich geworden;Я сделал на этом состояние;Sì, ho fatto fortuna;Sim, já ganhei muito;;;;;;;;;;;;;
605;anyone;Where did you learn that move? The hospital?;Bu hamleyi nerede öğrendiniz? Hastanede mi?;Où as-tu appris ce mouvement ? À l'hôpital ?;¿Dónde aprendiste ese movimiento? ¿En el hospital?;それは、診療所で習った体操…？;그 기술은 어디서 배웠나요? 진료소?;你在哪学会那个招数的？+医院吗？;你在哪學會那個招數的？+醫院嗎？;Wo habt Ihr diese Technik erlernt? Im Hospital?;Где ты научился этому приему? В больнице?;Dove avete imparato questa mossa? In ospedale?;Onde você aprendeu esse golpe, no hospital?;With a pretty nurse, yes;Yanımda güzel bir hemşire vardı, evet;Avec une jolie infirmière;Con una linda enfermera;美しい看護師が+手ほどきしてくれた;아름다운 간호사가 알려 주더군!;是啊，与一位漂亮护士学的;是啊，與一位漂亮護士學的;Mit einer hübschen Pflegerin;С хорошенькой медсестрой;Sì, con una bella infermiera;Sim, com uma bela enfermeira;;;;;;;;;;;;;It's called "Black death";Buna "Kara Ölüm" derler;Ça s'appelle la "Peste Noire";Se llama "la Peste Negra";「黒き死」という技だ！;그러지. "검은 죽음"이라는 기술이다!;这招叫做“黑死病”;這招叫做“黑死病”;Sie heißt "Schwarzer Tod";Он называется «Черная смерть»;Si chiama "Morte nera"!;Chama-se “peste negra”;;;;;;;;;;;;;
606;anyone;Your mother would be proud of your knitting skills.;Anneniz görse örgü yeteneklerinizden gurur duyardı.;Ta mère doit être fière de ce don pour le tricot.;Tu madre debe de estar orgullosa de tus aptitudes para la el punto de cruz.;それは、母親から手ほどきされた、+編み物のまねごと…？;지금 뜨개질 하십니까? 대비마마께서 뿌듯해 하시겠군요.;你妈咪会为你织毛衣的技术自豪的。;你媽咪會為你織毛衣的技術自豪的。;Eure Mutter wäre stolz auf Eure Strickkünste.;Твоя мамочка гордилась бы твоим умением вязать.;Vostra madre sarebbe così fiera di questo talento per il punto croce.;Sua mãe se orgulharia da sua habilidade de tricotar.;You will make a nice jumper;Senden güzel kazak olur;Tu vas faire un joli pull;Contigo me haría un jersey muy lindo;そなたもセーターに+してやろう;그대도 점퍼로 만들어 주지.;把你织成一件套头衫也不错;把你織成一件套頭衫也不錯;Ihr werdet ein netter Pulli;Из тебя выйдет хороший джемпер;Con te si farebbe un bel maglione;Você será um ótimo gorro;;;;;;;;;;;;;Not my mother;Benimki değil;Pas ma mère;Mi madre no;母上の悪口は許さぬ;어마마마를 욕되게는 하지 말게.;我母亲可不会;我母親可不會;Nicht meine Mutter;Только не моя мамочка;Non mia madre;Não só a minha;;;;;;;;;;;;;
607;anyone;We discovered the entrance of a crypt under the castle!;Kalenin altındaki bir mahzenin girişini keşfettik!;Nous avons découvert l'entrée d'une crypte sous le château !;¡Hemos descubierto la entrada a una cripta bajo el castillo!;陛下、城の地下にある+墓所への入り口を見つけました！;폐하, 성 지하에 있는 묘소의 입구를 발견했습니다!;我们在城堡下面发现了一处地穴入口！;我們在城堡下麵發現了一處地穴入口！;Unter der Burg haben wir den Eingang zu einer Gruft entdeckt!;Мы нашли вход в крипту под замком!;Abbiamo scoperto l'ingresso di una cripta sotto il castello!;Descobrimos a entrada de uma cripta sob o castelo!;I'm going in!;İçeri giriyorum!;J'y vais !;¡Allá voy!;余が入ってみよう！;짐이 가 보겠네!;我要进去了！;我要進去了！;Ich werde sie betreten!;Я иду туда!;Vado!;Eu irei!;;;;;;;;;;;;;;;;;;;;;;;;;;;;;;;;;;;;;
608;dungeon>air_arsenic;<i>The air is lighter but smells of sickness.</i>;<i>Hava daha hafif ama hastalık kokulu.</i>;<i>L'air est plus léger mais a une odeur de vomi.</i>;<i>El aire es más ligero pero huele a vómito.</i>;<i>どこからかそよ風が吹いてくるが、+胸の悪くなる臭いがする。</i>;<i>어디선가 기분 나쁜 냄새가 나는 바람이 불어 온다. </i>;<i>（空气没那么浑浊了，+但还是有股恶臭味。）</i>;<i>（空氣沒那麼渾濁了，+但還是有股惡臭味。）</i>;<i>Die Luft ist milder, aber sie riecht nach Erbrochenem.</i>;<i>Воздух здесь свежее, но мерзко пахнет.</i>;<i>L'aria è più leggera, ma puzza di vomito.</i>;<i>O ar é leve, mas cheira a doença.</i>;<i>Use Air door</i>;<i>Hava kapısından gir</i>;<i>Passer la porte Air</i>;<i>Cruzar la puerta de aire</i>;<i>（「風の扉」に入る）</i>;<i>"바람의 문"으로 들어간다.</i>;<i>（进入空气之门）</i>;<i>（進入空氣之門）</i>;<i>Lufttür benutzen</i>;<i>Выбрать дверь Воздуха</i>;<i>Varcare la porta Aria</i>;<i>Usar a porta de ar</i>;;;;;;;;;;;;;<i>Use Arsenic door</i>;<i>Arsenik kapısından gir</i>;<i>Passer la porte Arsenic</i>;<i>Cruzar la puerta de arsénico</i>;<i>（「ヒ素の扉」に入る）</i>;<i>"비소의 문"으로 들어간다.</i>;<i>（进入砷之门）</i>;<i>（進入砷之門）</i>;<i>Arsentür benutzen</i>;<i>Выбрать дверь Мышьяка</i>;<i>Varcare la porta Arsenico</i>;<i>Usar porta de arsênico</i>;;;;;;;;;;;;;
609;end>dead_king_dungeon;<i>Did you find your way out of the dungeon? Maybe, but your power is no more and a new King is on the rise.</i>;<i>Zindandan çıkış yolunu buldunuz mu? Belki, ama artık güç sizde değil, yeni bir Kral başta.</i>;<i>Avez-vous trouvé la sortie du donjon ? Peut-être, mais votre pouvoir est en lambeaux alors qu'un nouveau Roi monte sur le trône.</i>;<i>¿Habéis encontrado la salida de la mazmorra? Tal vez, pero vuestro poder está acabado y un nuevo rey está en camino.</i>;<i>王は地下牢から脱出できたのか…+それは誰にもわからない。+ともあれ、現王は失脚し、+新たな王が玉座に就いた。</i>;<i>왕이 지하감옥에서 탈출할 수 있었는지... 그것은 아무도 모른다. 여하튼, 현재 왕은 실각하고 새로운 왕이 왕좌에 올랐다. </i>;<i>（你最后发现离开地牢的道路了吗？+或许吧，但你已经不再掌控王权，+新王已经登基了。）</i>;<i>（你最後發現離開地牢的道路了嗎？+或許吧，但你已經不再掌控王權，+新王已經登基了。）</i>;<i>Wo ist der Weg aus dem Verlies? Vielleicht ist Eure Macht dahin und ein neuer König besteigt den Thron.</i>;<i>Нашел выход из подземелья? Возможно, но власть уже не принадлежит тебе, новый Король набирает силу.</i>;<i>Avete trovato una via per uscire dalla prigione? Forse, ma il Vostro potere è agli sgoccioli e un nuovo Re si staglia all'orizzonte.</i>;<i>Você encontrou o caminho para a masmorra? Talvez, mas você não tem mais poder, e um novo rei surgiu.</i>;What...;Ne...;Je...;;なにィッ…！;뭐라고...!;什么...;什麼...;Was ...;Что…;Che…;O que...;;;;;;;;;;;;;What...;Ne...;Je...;;なにィッ…！;뭐라고...!;什么...;什麼...;Was ...;Что…;Cosa…;O quê...;;;;;;;;;;;;;
610;dungeon>air_arsenic;<i>The air is lighter but smells of sickness.</i>;<i>Hava daha hafif ama hastalık kokulu.</i>;<i>L'air est plus léger mais a une odeur de vomi.</i>;<i>El aire es más ligero pero huele a vómito.</i>;<i>どこからかそよ風が吹いてくるが、+胸の悪くなる臭いがする。</i>;<i>어디선가 기분 나쁜 냄새가 나는 바람이 불어 온다. </i>;<i>（空气没那么浑浊了，+但还是有股恶臭味。）</i>;<i>（空氣沒那麼渾濁了，+但還是有股惡臭味。）</i>;<i>Die Luft ist milder, aber sie riecht nach Erbrochenem.</i>;<i>Воздух здесь свежее, но пахнет рвотой.</i>;<i>L'aria è più leggera, ma puzza di vomito.</i>;<i>O ar é leve, mas cheira a doença.</i>;<i>Use Air door</i>;<i>Hava kapısından gir</i>;<i>Passer la porte Air</i>;<i>Cruzar la puerta de aire</i>;<i>（「風の扉」に入る）</i>;<i>"바람의 문"으로 들어간다.</i>;<i>（进入空气之门）</i>;<i>（進入空氣之門）</i>;<i>Lufttür benutzen</i>;<i>Выбрать дверь Воздуха</i>;<i>Varcare la porta Aria</i>;<i>Usar a porta de ar</i>;;;;;;;;;;;;;<i>Use Arsenic door</i>;<i>Arsenik kapısından gir</i>;<i>Passer la porte Arsenic</i>;<i>Cruzar la puerta de arsénico</i>;<i>（「ヒ素の扉」に入る）</i>;<i>"비소의 문"으로 들어간다.</i>;<i>（进入砷之门）</i>;<i>（進入砷之門）</i>;<i>Arsentür benutzen</i>;<i>Выбрать дверь Мышьяка</i>;<i>Varcare la porta Arsenico</i>;<i>Usar porta de arsênico</i>;;;;;;;;;;;;;
611;dungeon>neutre_feu;<i>The walls are dark and sooty.</i>;<i>Duvarlar kararmış ve kirlenmiş.</i>;<i>Les murs sont froids et maculés de cendres.</i>;<i>Los muros están fríos y ennegrecidos. </i>;<i>壁は黒くすすけている。</i>;<i>벽은 검게 그을려 있다. </i>;<i>（墙面被煤烟弄得乌黑。）</i>;<i>（牆面被煤煙弄得烏黑。）</i>;<i>Die Wände sind dunkel und rußig.</i>;<i>Стены здесь темные и покрыты сажей.</i>;<i>I muri sono neri come il carbone.</i>;<i>As paredes são escuras e empoeiradas.</i>;<i>Use Neutral door</i>;<i>Nötr kapıdan gir</i>;<i>Passer la porte Neutre</i>;<i>Cruzar la puerta neutra</i>;<i>（「中性の扉」に入る）</i>;<i>"중성의 문"으로 들어간다.</i>;<i>（进入中性之门）</i>;<i>（進入中性之門）</i>;<i>Neutrale Tür benutzen</i>;<i>Выбрать дверь Нейтрала</i>;<i>Varcare la porta Neutrale</i>;<i>Usar a porta neutra</i>;;;;;;;;;;;;;<i>Use Fire door</i>;<i>Ateş kapısından gir</i>;<i>Passer la porte Feu</i>;<i>Cruzar la puerta de fuego</i>;<i>（「火の扉」に入る）</i>;<i>"불의 문"으로 들어간다.</i>;<i>（进入烈火之门）</i>;<i>（進入烈火之門）</i>;<i>Feuertür benutzen</i>;<i>Выбрать дверь Огня</i>;<i>Varcare la porta Fuoco</i>;<i>Usar a porta de fogo</i>;;;;;;;;;;;;;
612;dungeon>neutre_feu;<i>The walls are dark and sooty.</i>;<i>Duvarlar kararmış ve kirlenmiş.</i>;<i>Les murs sont froids et maculés de cendres.</i>;<i>Los muros están fríos y ennegrecidos. </i>;<i>壁は黒くすすけている。</i>;<i>벽은 검게 그을려 있다. </i>;<i>（墙面被煤烟弄得乌黑。）</i>;<i>（牆面被煤煙弄得烏黑。）</i>;<i>Die Wände sind dunkel und rußig.</i>;<i>Стены здесь темные и покрыты сажей.</i>;<i>I muri sono neri come il carbone.</i>;<i>As paredes são escuras e empoeiradas.</i>;<i>Use Neutral door</i>;<i>Nötr kapıdan gir</i>;<i>Passer la porte Neutre</i>;<i>Cruzar la puerta neutra</i>;<i>（「中性の扉」に入る）</i>;<i>"중성의 문"으로 들어간다.</i>;<i>（进入中性之门）</i>;<i>（進入中性之門）</i>;<i>Neutrale Tür benutzen</i>;<i>Выбрать дверь Нейтрала</i>;<i>Varcare la porta Neutrale</i>;<i>Usar a porta neutra</i>;;;;;;;;;;;;;<i>Use Fire door</i>;<i>Ateş kapısından gir</i>;<i>Passer la porte Feu</i>;<i>Cruzar la puerta de fuego</i>;<i>（「火の扉」に入る）</i>;<i>"불의 문"으로 들어간다.</i>;<i>（进入烈火之门）</i>;<i>（進入烈火之門）</i>;<i>Feuertür benutzen</i>;<i>Выбрать дверь Огня</i>;<i>Varcare la porta Fuoco</i>;<i>Usar a porta de fogo</i>;<i>The room opens on a dark corridor full of corroded air. You hear a series of loud noises as if you were in the center of a giant machine.</i>;<i>Oda, çürümüş kokulu havayla dolu karanlık bir koridora açılıyor. Sanki devasa bir cihazın merkezindeymişsiniz gibi yüksek sesler duyuyorsunuz.</i>;<i>La pièce débouche sur un corridor d'ombres et de terreur. Vous entendez des craquements, comme si vous étiez au centre d'une immense machinerie.</i>;<i>La sala da a un pasillo de sombras tenebrosas. Percibís una serie de ruidos extraños, como si estuviéseis en el corazón mismo de una sala de máquinas.</i>;<i>すえた臭いの充満した暗い廊下を+進んだ先に、ひとつの部屋があった。+大きな騒音がひっきりなしに聞こえる。+まるで巨大な装置の+中心にいるようだ。</i>;<i>썩은 냄새가 물씬 풍기는 어두운 복도를 나아가니 방이 하나 있었다. 큰 소음이 자꾸 들린다. 마치 거대한 장치의 중심에 있는 것 같다. </i>;<i>（屋子处在一个弥漫着+腐朽空气的黑暗走廊。+你听到了一串嘈杂的声响，+仿佛自己正置身于+一个庞大的机器当中。）</i>;<i>（屋子處在一個彌漫著+腐朽空氣的黑暗走廊。+你聽到了一串嘈雜的聲響，+仿佛自己正置身於+一個龐大的機器當中。）</i>;<i>Ihr kommt in einen dunklen Gang mit abgestandener Luft. Laute Geräusche sind zu hören, wie im Innern einer riesigen Maschine.</i>;<i>За дверью открывается темный коридор, в воздухе пахнет ржавчиной. Вы слышите громкие звуки, как будто вокруг вас работает огромный механизм.</i>;<i>La stanza si affaccia su un corridoio buio, colmo di aria ossidata. Sentite una serie di suoni assordanti, come se Vi trovaste al centro di un'enorme macchina.</i>;<i>O quarto dá acesso a um corredor escuro com ar corrosivo. Você escuta barulhos, como se estivesse no centro de uma máquina gigante.</i>;
613;dungeon>arsenic_salt;<i>You feel nauseous and your mouth is dry.</i>;<i>Mideniz bulanıyor ve ağzınız kuruyor.</i>;<i>Vous êtes sur le point de vomir, votre bouche est sèche.</i>;<i>Estáis a punto de vomitar, vuestra boca se reseca.</i>;<i>吐き気を感じた。+口の中の水分が失われていく。</i>;<i>메스꺼움이 느껴지고 입안이 바싹 마른다. </i>;<i>（你感觉想吐而且你的嘴很干。）</i>;<i>（你感覺想吐而且你的嘴很幹。）</i>;<i>Euch ist übel und Euer Mund ist trocken.</i>;<i>Во рту пересохло, а к горлу подступает тошнота.</i>;<i>Vi si secca la bocca e avete la nausea.</i>;<i>Você sente náusea e sua boca está seca.</i>;<i>Use Arsenic door</i>;<i>Arsenik kapısından gir</i>;<i>Passer la porte Arsenic</i>;<i>Cruzar la puerta de arsénico</i>;<i>（「ヒ素の扉」に入る）</i>;<i>"비소의 문"으로 들어간다.</i>;<i>（进入砷之门）</i>;<i>（進入砷之門）</i>;<i>Arsentür benutzen</i>;<i>Выбрать дверь Мышьяка</i>;<i>Varcare la porta Arsenico</i>;<i>Usar porta de arsênico</i>;;;;;;;;;;;;;<i>Use Salt door</i>;<i>Tuz kapısından gir</i>;<i>Passer la porte Sel</i>;<i>Cruzar la puerta de sal</i>;<i>（「塩の扉」に入る）</i>;<i>"소금의 문"으로 들어간다.</i>;<i>（进入盐之门）</i>;<i>（進入鹽之門）</i>;<i>Salztür benutzen</i>;<i>Выбрать дверь Соли</i>;<i>Varcare la porta Sale</i>;<i>Usar a porta de sal</i>;;;;;;;;;;;;;
614;dungeon>gold_mercure;<i>The walls are ornate with discreet alchemists' runes.</i>;<i>Duvarlar gizemli simyacı rünleriyle süslü.</i>;<i>Les murs sont ornés de discrètes runes alchimiques.</i>;<i>Los muros están discretamente decorados con runas de alquimista./</i>;<i>壁には、錬金術の記号とおぼしき+質素な装飾が刻まれている。</i>;<i>벽에는 연금술의 상징으로 보이는 소박한 장식이 새겨져 있다. </i>;<i>（墙面被考究的炼金符文装饰得十分华丽。）</i>;<i>（牆面被考究的煉金符文裝飾得十分華麗。）</i>;<i>Die Wände sind mit unauffälligen alchemistischen Runen geschmückt.</i>;<i>На стенах можно разглядеть алхимические руны.</i>;<i>I muri sono decorati con discrete rune di alchimisti.</i>;<i>As paredes são ornadas com discretas runas de alquimistas.</i>;<i>Use Gold door</i>;<i>Altın kapısından gir</i>;<i>Passer la porte Or</i>;<i>Cruzar la puerta de oro</i>;<i>（「金の扉」に入る）</i>;<i>"황금의 문"으로 들어간다.</i>;<i>（进入黄金之门）</i>;<i>（進入黃金之門）</i>;<i>Goldtür benutzen</i>;<i>Выбрать дверь Золота</i>;<i>Varcare la porta Oro</i>;<i>Usar a porta de ouro</i>;;;;;;;;;;;;;<i>Use Mercury door</i>;<i>Cıva kapısından gir</i>;<i>Passer la porte Mercure</i>;<i>Cruzar la puerta de mercurio</i>;<i>（「水銀の扉」に入る）</i>;<i>"수은의 문"으로 들어간다.</i>;<i>（进入水银之门）</i>;<i>（進入水銀之門）</i>;<i>Quecksilbertür benutzen</i>;<i>Выбрать дверь Ртути</i>;<i>Varcare la porta Mercurio</i>;<i>Usar a porta de mercúrio</i>;;;;;;;;;;;;;
615;dungeon>secret_gold;<i>You feel very lucky.</i>;<i>Çok şanslı hissediyorsunuz.</i>;<i>Vous sentez que votre chance s'apprête à tourner.</i>;<i>Sentís que vuestra suerte está a punto de cambiar.</i>;<i>幸運に味方されている気がする。</i>;<i>행운의 여신이 미소짓고 있는 것 같다. </i>;<i>（你感觉很幸运。）</i>;<i>（你感覺很幸運。）</i>;<i>Ihr fühlt, dass Ihr großes Glück habt.</i>;<i>Вы чувствуете, что удача вам улыбается.</i>;<i>Vi sentite molto fortunato.</i>;<i>Você se sente com sorte.</i>;<i>Break the wall</i>;<i>Duvarı kır</i>;<i>Casser le mur</i>;<i>Romper el muro</i>;<i>（壁を壊す）</i>;<i>벽을 부순다.</i>;<i>（打破墙壁）</i>;<i>（打破牆壁）</i>;<i>Die Wand einreißen</i>;<i>Разбить стену</i>;<i>Rompere il muro</i>;<i>Quebrar a parede</i>;;;;;;;;;;;;;<i>Use Gold door</i>;<i>Altın kapısından gir</i>;<i>Passer la porte Or</i>;<i>Cruzar la puerta de oro</i>;<i>（「金の扉」に入る）</i>;<i>"황금의 문"으로 들어간다.</i>;<i>（进入黄金之门）</i>;<i>（進入黃金之門）</i>;<i>Goldtür benutzen</i>;<i>Выбрать дверь Золота</i>;<i>Varcare la porta Oro</i>;<i>Usar a porta de ouro</i>;;;;;;;;;;;;;
616;dungeon>secret_gold;<i>You feel very lucky.</i>;<i>Çok şanslı hissediyorsunuz.</i>;<i>Vous sentez que votre chance s'apprête à tourner.</i>;<i>Sentís que vuestra suerte está a punto de cambiar.</i>;<i>幸運に味方されている気がする。</i>;<i>행운의 여신이 미소짓고 있는 것 같다. </i>;<i>（你感觉很幸运。）</i>;<i>（你感覺很幸運。）</i>;<i>Ihr fühlt, dass Ihr großes Glück habt.</i>;<i>Вы чувствуете, что удача вам улыбается.</i>;<i>Vi sentite molto fortunato.</i>;<i>Você se sente com sorte.</i>;<i>Break the wall</i>;<i>Duvarı kır</i>;<i>Casser le mur</i>;<i>Romper el muro</i>;<i>（壁を壊す）</i>;<i>벽을 부순다.</i>;<i>（打破墙壁）</i>;<i>（打破牆壁）</i>;<i>Die Wand einreißen</i>;<i>Разбить стену</i>;<i>Rompere il muro</i>;<i>Quebrar a parede</i>;;;;;;;;;;;;;<i>Use Gold door</i>;<i>Altın kapısından gir</i>;<i>Passer la porte Or</i>;<i>Cruzar la puerta de oro</i>;<i>（「金の扉」に入る）</i>;<i>"황금의 문"으로 들어간다.</i>;<i>（进入黄金之门）</i>;<i>（進入黃金之門）</i>;<i>Goldtür benutzen</i>;<i>Выбрать дверь Золота</i>;<i>Varcare la porta Oro</i>;<i>Usar a porta de ouro</i>;;;;;;;;;;;;;
617;dungeon>secret_wall;<i>The wall is crumbling, with a strange murky smell.</i>;<i>Tuhaf ve kasvetli bir kokuyla, duvar çöküyor.</i>;<i>Le mur s'effrite en libérant une odeur boueuse.</i>;<i>Los muros se desmoronan, liberando un olor turbio.</i>;<i>壁は崩れかけており、+あたりにはどんよりとした悪臭が+ただよっている。</i>;<i>벽은 무너졌고 근처에는 악취가 난다. </i>;<i>（这面墙摇摇欲坠，+还散发着浑浊的臭味。）</i>;<i>（這面牆搖搖欲墜，+還散發著渾濁的臭味。）</i>;<i>Die Wand zerbröckelt, und ein morastiger Geruch breitet sich aus.</i>;<i>Дверь крошится, издавая странный запах нечистот.</i>;<i>Il muro è fatiscente e emana uno strano odore fangoso.</i>;<i>A parede está se desfazendo com um estranho cheiro de mofo.</i>;<i>Break the wall</i>;<i>Duvarı kır</i>;<i>Casser le mur</i>;<i>Romper el muro</i>;<i>（壁を壊す）</i>;<i>벽을 부순다.</i>;<i>（打破墙壁）</i>;<i>（打破牆壁）</i>;<i>Die Wand einreißen</i>;<i>Разбить стену</i>;<i>Rompere il muro</i>;<i>Quebrar a parede</i>;;;;;;;;;;;;;<i>Turn around</i>;<i>Geri dön</i>;<i>Faire demi-tour</i>;<i>Dar media vuelta</i>;<i>（引き返す）</i>;<i>되돌아간다.</i>;<i>（转身）</i>;<i>（轉身）</i>;<i>Umkehren</i>;<i>Развернуться</i>;<i>Tornare indietro</i>;<i>Virar-se</i>;;;;;;;;;;;;;
618;dungeon>eau_acide;<i>The atmosphere is damp and acrid.</i>;<i>Hava rutubetli ve buruk.</i>;<i>L'atmosphère de la pièce est humide et âcre.</i>;<i>La atmósfera en la sala es húmeda y está enrarecida.</i>;<i>このあたりは湿気が多く、刺激臭がする。</i>;<i>이 근처는 습기가 많고 자극적인 냄새가 난다. </i>;<i>（这里的空气潮湿又刺鼻。）</i>;<i>（這裏的空氣潮濕又刺鼻。）</i>;<i>Das Klima in diesem Raum ist beißend feucht.</i>;<i>Воздух сырой и едкий. </i>;<i>L'atmosfera è umida e acre.</i>;<i>A atmosfera é úmida e acre.</i>;<i>Use Water door</i>;<i>Su kapısından gir</i>;<i>Passer la porte Eau</i>;<i>Cruzar la puerta de agua</i>;<i>（「水の扉」に入る）</i>;<i>"물의 문"으로 들어간다.</i>;<i>（进入水之门）</i>;<i>（進入水之門）</i>;<i>Wassertür benutzen</i>;<i>Выбрать дверь Воды</i>;<i>Varcare la porta Acqua</i>;<i>Usar a porta de água</i>;;;;;;;;;;;;;<i>Use Acid door</i>;<i>Asit kapısından gir</i>;<i>Passer la porte Acide</i>;<i>Cruzar la puerta de ácido</i>;<i>（「酸の扉」に入る）</i>;<i>"산성의 문"으로 들어간다.</i>;<i>（进入酸之门）</i>;<i>（進入酸之門）</i>;<i>Säuretür benutzen</i>;<i>Выбрать дверь Кислоты</i>;<i>Varcare la porta Acido</i>;<i>Usar a porta de ácido</i>;;;;;;;;;;;;;
619;dungeon>eau_acide;<i>The atmosphere is damp and acrid.</i>;<i>Hava rutubetli ve buruk.</i>;<i>L'atmosphère de la pièce est humide et âcre.</i>;<i>La atmósfera en la sala es húmeda y está enrarecida.</i>;<i>このあたりは湿気が多く、刺激臭がする。</i>;<i>이 근처는 습기가 많고 자극적인 냄새가 난다. </i>;<i>（这里的空气潮湿又刺鼻。）</i>;<i>（這裏的空氣潮濕又刺鼻。）</i>;<i>Das Klima in diesem Raum ist beißend feucht.</i>;<i>Воздух сырой и едкий.</i>;<i>L'atmosfera è umida e acre.</i>;<i>A atmosfera é úmida e acre.</i>;<i>Use Water door</i>;<i>Su kapısından gir</i>;<i>Passer la porte Eau</i>;<i>Cruzar la puerta de agua</i>;<i>（「水の扉」に入る）</i>;<i>"물의 문"으로 들어간다.</i>;<i>（进入水之门）</i>;<i>（進入水之門）</i>;<i>Wassertür benutzen</i>;<i>Выбрать дверь Воды</i>;<i>Varcare la porta Acqua</i>;<i>Usar a porta de água</i>;;;;;;;;;;;;;<i>Use Acid door</i>;<i>Asit kapısından gir</i>;<i>Passer la porte Acide</i>;<i>Cruzar la puerta de ácido</i>;<i>（「酸の扉」に入る）</i>;<i>"산성의 문"으로 들어간다.</i>;<i>（进入酸之门）</i>;<i>（進入酸之門）</i>;<i>Säuretür benutzen</i>;<i>Выбрать дверь Кислоты</i>;<i>Varcare la porta Acido</i>;<i>Usar a porta de ácido</i>;;;;;;;;;;;;;
620;dungeon>eau_acide;<i>The atmosphere is damp and acrid.</i>;<i>Hava rutubetli ve buruk.</i>;<i>L'atmosphère de la pièce est humide et âcre.</i>;<i>La atmósfera en la sala es húmeda y está enrarecida. </i>;<i>このあたりは湿気が多く、刺激臭がする。</i>;<i>이 근처는 습기가 많고 자극적인 냄새가 난다. </i>;<i>（这里的空气潮湿又刺鼻。）</i>;<i>（這裏的空氣潮濕又刺鼻。）</i>;<i>Das Klima in diesem Raum ist beißend feucht.</i>;<i>Воздух сырой и едкий.</i>;<i>L'atmosfera è umida e acre.</i>;<i>A atmosfera é úmida e acre.</i>;<i>Use Water door</i>;<i>Su kapısından gir</i>;<i>Passer la porte Eau</i>;<i>Cruzar la puerta de agua</i>;<i>（「水の扉」に入る）</i>;<i>"물의 문"으로 들어간다.</i>;<i>（进入水之门）</i>;<i>（進入水之門）</i>;<i>Wassertür benutzen</i>;<i>Выбрать дверь Воды</i>;<i>Varcare la porta Acqua</i>;<i>Usar a porta de água</i>;;;;;;;;;;;;;<i>Use Acid door</i>;<i>Asit kapısından gir</i>;<i>Passer la porte Acide</i>;<i>Cruzar la puerta de ácido</i>;<i>（「酸の扉」に入る）</i>;<i>"산성의 문"으로 들어간다.</i>;<i>（进入酸之门）</i>;<i>（進入酸之門）</i>;<i>Säuretür benutzen</i>;<i>Выбрать дверь Кислоты</i>;<i>Varcare la porta Acido</i>;<i>Usar a porta de ácido</i>;;;;;;;;;;;;;
621;dungeon>eau_acide;<i>What just happened?</i>;<i>Ne oldu böyle?</i>;<i>Qu'est ce qui vient de se passer ?</i>;<i>¿Qué acaba de pasar?</i>;<i>なにが起きた…？</i>;<i>무슨 일이 있었지...? </i>;<i>（刚刚发生了什么？）</i>;<i>（剛剛發生了什麼？）</i>;<i>Was ist da eben passiert?</i>;<i>Что сейчас произошло?</i>;<i>Che è successo?</i>;<i>O que aconteceu?</i>;<i>Use Water door</i>;<i>Su kapısından gir</i>;<i>Passer la porte Eau</i>;<i>Cruzar la puerta de agua</i>;<i>（「水の扉」に入る）</i>;<i>"물의 문"으로 들어간다.</i>;<i>（进入水之门）</i>;<i>（進入水之門）</i>;<i>Wassertür benutzen</i>;<i>Выбрать дверь Воды</i>;<i>Varcare la porta Acqua</i>;<i>Usar a porta de água</i>;;;;;;;;;;;;;<i>Use Acid door</i>;<i>Asit kapısından gir</i>;<i>Passer la porte Acide</i>;<i>Cruzar la puerta de ácido</i>;<i>（「酸の扉」に入る）</i>;<i>"산성의 문"으로 들어간다.</i>;<i>（进入酸之门）</i>;<i>（進入酸之門）</i>;<i>Säuretür benutzen</i>;<i>Выбрать дверь Кислоты</i>;<i>Varcare la porta Acido</i>;<i>Usar a porta de ácido</i>;;;;;;;;;;;;;
622;dungeon>arsenic_secret;<i>A foul laugh chills your bones.</i>;<i>Korkunç bir kahkaha sizi iliklerinize kadar ürpertiyor.</i>;<i>Un rire dément vous glace le sang.</i>;<i>Una risa demente os congela la sangre.</i>;<i>不気味な笑い声がして、背筋が凍りついた。</i>;<i>섬뜩한 웃음소리에 등골이 오싹해진다. </i>;<i>（一阵恶毒的笑声让你不寒而栗。）</i>;<i>（一陣惡毒的笑聲讓你不寒而慄。）</i>;<i>Ein böses Lachen lässt Euer Blut in den Adern gefrieren.</i>;<i>От чьего-то безумного смеха у вас стынет кровь в жилах.</i>;<i>Una folle risata Vi gela il sangue nelle vene.</i>;<i>Uma risada sinistra congela seus ossos.</i>;<i>Use Arsenic door</i>;<i>Arsenik kapısından gir</i>;<i>Passer la porte Arsenic</i>;<i>Cruzar la puerta de arsénico</i>;<i>（「ヒ素の扉」に入る）</i>;<i>"비소의 문"으로 들어간다.</i>;<i>（进入砷之门）</i>;<i>（進入砷之門）</i>;<i>Arsentür benutzen</i>;<i>Выбрать дверь Мышьяка</i>;<i>Varcare la porta Arsenico</i>;<i>Usar porta de arsênico</i>;;;;;;;;;;;;;<i>Break the wall</i>;<i>Duvarı kır</i>;<i>Casser le mur</i>;<i>Romper el muro</i>;<i>（壁を壊す）</i>;<i>벽을 부순다.</i>;<i>（打破墙壁）</i>;<i>（打破牆壁）</i>;<i>Die Wand einreißen</i>;<i>Разбить стену</i>;<i>Rompere il muro</i>;<i>Quebrar a parede</i>;;;;;;;;;;;;;
623;dungeon>arsenic_secret;<i>A foul laugh chills your bones.</i>;<i>Korkunç bir kahkaha sizi iliklerinize kadar ürpertiyor.</i>;<i>Un rire dément vous glace le sang.</i>;<i>Una risa demente os congela la sangre.</i>;<i>不気味な笑い声がして、背筋が凍りついた。</i>;<i>섬뜩한 웃음소리에 등골이 오싹해진다. </i>;<i>（一阵恶毒的笑声让你不寒而栗。）</i>;<i>（一陣惡毒的笑聲讓你不寒而慄。）</i>;<i>Ein böses Lachen lässt Euer Blut in den Adern gefrieren.</i>;<i>От чьего-то безумного смеха у вас стынет кровь в жилах.</i>;<i>Una folle risata Vi gela il sangue nelle vene.</i>;<i>Uma risada sinistra congela seus ossos.</i>;<i>Use Arsenic door</i>;<i>Arsenik kapısından gir</i>;<i>Passer la porte Arsenic</i>;<i>Cruzar la puerta de arsénico</i>;<i>（「ヒ素の扉」に入る）</i>;<i>"비소의 문"으로 들어간다.</i>;<i>（进入砷之门）</i>;<i>（進入砷之門）</i>;<i>Arsentür benutzen</i>;<i>Выбрать дверь Мышьяка</i>;<i>Varcare la porta Arsenico</i>;<i>Usar porta de arsênico</i>;;;;;;;;;;;;;<i>Break the wall</i>;<i>Duvarı kır</i>;<i>Casser le mur</i>;<i>Romper el muro</i>;<i>（壁を壊す）</i>;<i>벽을 부순다.</i>;<i>（打破墙壁）</i>;<i>（打破牆壁）</i>;<i>Die Wand einreißen</i>;<i>Разбить стену</i>;<i>Rompere il muro</i>;<i>Quebrar a parede</i>;;;;;;;;;;;;;
624;dungeon>neutre_terre;<i>The floor is made of malleable earth.</i>;<i>Zemin, yumuşak topraktan yapılmış.</i>;<i>Le sol est couvert d'une terre brune et malléable.</i>;<i>El suelo está cubierto de una tierra oscura y maleable.</i>;<i>足元は土で、ぬかるんでいる。</i>;<i>발이 흙으로 질퍽거린다. </i>;<i>（这里的地板是用可塑粘土制成的。）</i>;<i>（這裏的地板是用可塑粘土製成的。）</i>;<i>Der Boden ist mit weicher Erde bedeckt.</i>;<i>У вас под ногами зыбучий пол.</i>;<i>Il pavimento è fatto di terra malleabile.</i>;<i>O piso é feito de terra maleável.</i>;<i>Use Neutral door</i>;<i>Nötr kapıdan gir</i>;<i>Passer la porte Neutre</i>;<i>Cruzar la puerta neutra</i>;<i>（「中性の扉」に入る）</i>;<i>"중성의 문"으로 들어간다.</i>;<i>（进入中性之门）</i>;<i>（進入中性之門）</i>;<i>Neutrale Tür benutzen</i>;<i>Выбрать дверь Нейтрала</i>;<i>Varcare la porta Neutrale</i>;<i>Usar a porta neutra</i>;;;;;;;;;;;;;<i>Use Earth door</i>;<i>Toprak kapısından gir</i>;<i>Passer la porte Terre</i>;<i>Cruzar la puerta de tierra</i>;<i>（「地の扉」に入る）</i>;<i>"땅의 문"으로 들어간다.</i>;<i>（进入土之门）</i>;<i>（進入土之門）</i>;<i>Erdtür benutzen</i>;<i>Выбрать дверь Земли</i>;<i>Varcare la porta Terra</i>;<i>Usar a porta de terra</i>;;;;;;;;;;;;;
625;dungeon>door_door_dark;<i>You hesitantly touch the walls. There are two exits.</i>;<i>Çekinceyle duvarlara dokunuyorsunuz. İki çıkış var.</i>;<i>Vous tâtonnez en hésitant. Il y a deux sorties.</i>;<i>Tanteáis los muros en busca de una salida.</i>;<i>恐る恐る壁に手を触れた。+出口は2つある。</i>;<i>조심스럽게 벽을 만졌다. 출구는 두 개다. </i>;<i>（你谨慎地触摸着墙。+发现两个出口。）</i>;<i>（你謹慎地觸摸著牆。+發現兩個出口。）</i>;<i>Zögernd berührt Ihr die Wände. Es gibt zwei Ausgänge.</i>;<i>Вы в нерешительности дотрагиваетесь до стен. Здесь есть два выхода.</i>;<i>Dopo un attimo di esitazione, tastate i muri. Ci sono due uscite.</i>;<i>Você toca as paredes com hesitação. Há duas saídas.</i>;<i>Carry on</i>;<i>Devam et</i>;<i>Continuer</i>;<i>Continuar</i>;<i>（そのまま進む）</i>;<i>그대로 진행한다.</i>;<i>（继续）</i>;<i>（繼續）</i>;<i>Weitergehen</i>;<i>Продолжать</i>;<i>Continuare</i>;<i>Continuar</i>;;;;;;;;;;;;;<i>Carry on</i>;<i>Devam et</i>;<i>Continuer</i>;<i>Continuar</i>;<i>（そのまま進む）</i>;<i>그대로 진행한다.</i>;<i>（继续）</i>;<i>（繼續）</i>;<i>Weitergehen</i>;<i>Продолжать</i>;<i>Continuare</i>;<i>Continuar</i>;;;;;;;;;;;;;
626;dungeon>door_wall_dark;<i>You vaguely see a door on the left.</i>;<i>Sol tarafta hayal meyal bir kapı görüyorsunuz.</i>;<i>Vous distinguez vaguement une porte sur la gauche.</i>;<i>Con dificultad distinguís una puerta a vuestra izquierda.</i>;<i>左の扉は暗くてよく見えない。</i>;<i>왼쪽 문은 어두워서 잘 보이지 않는다. </i>;<i>（你隐约看见左边有一扇门。）</i>;<i>（你隱約看見左邊有一扇門。）</i>;<i>Zur Linken könnt Ihr mühsam eine Tür ausmachen.</i>;<i>Вы едва видите дверь слева.</i>;<i>Scorgete vagamente una porta a sinistra.</i>;<i>Você mal vê a porta da esquerda.</i>;<i>Carry on</i>;<i>Devam et</i>;<i>Continuer</i>;<i>Continuar</i>;<i>（そのまま進む）</i>;<i>그대로 진행한다.</i>;<i>（继续）</i>;<i>（繼續）</i>;<i>Weitergehen</i>;<i>Продолжать</i>;<i>Continuare</i>;<i>Continuar</i>;;;;;;;;;;;;;<i>Turn around</i>;<i>Geri dön</i>;<i>Faire demi-tour</i>;<i>Dar media vuelta</i>;<i>（引き返す）</i>;<i>되돌아간다.</i>;<i>（转身）</i>;<i>（轉身）</i>;<i>Umkehren</i>;<i>Развернуться</i>;<i>Tornare indietro</i>;<i>Virar-se</i>;;;;;;;;;;;;;
627;dungeon>wall_door_dark;<i>It seems there's a door on the right, but it's not clear.</i>;<i>Sağda bir kapı var gibi duruyor ama kesin değil.</i>;<i>Vous sentez un faible courant d'air sur votre gauche.</i>;<i>Notáis una leve corriente a vuestra izquierda.</i>;<i>右に扉があるようだが、よく見えない。</i>;<i>오른쪽에 문이 있는 것 같은데 잘 보이지 않는다. </i>;<i>（右边有一扇门依稀可见，+但轮廓模糊。）</i>;<i>（右邊有一扇門依稀可見，+但輪廓模糊。）</i>;<i>Anscheinend ist rechts eine Tür, aber deutlich zu erkennen ist sie nicht.</i>;<i>Кажется, справа тоже есть дверь. Но вы в этом не уверены.</i>;<i>Sembra che a destra ci sia una porta, ma non ne siete sicuro.</i>;<i>Parece que há uma porta à direita, mas não está claro.</i>;<i>Turn around</i>;<i>Geri dön</i>;<i>Faire demi-tour</i>;<i>Dar media vuelta</i>;<i>（引き返す）</i>;<i>되돌아간다.</i>;<i>（转身）</i>;<i>（轉身）</i>;<i>Umkehren</i>;<i>Развернуться</i>;<i>Tornare indietro</i>;<i>Virar-se</i>;;;;;;;;;;;;;<i>Carry on</i>;<i>Devam et</i>;<i>Continuer</i>;<i>Continuar</i>;<i>（そのまま進む）</i>;<i>그대로 진행한다.</i>;<i>（继续）</i>;<i>（繼續）</i>;<i>Weitergehen</i>;<i>Продолжать</i>;<i>Continuare</i>;<i>Continuar</i>;;;;;;;;;;;;;
628;dungeon>wall_wall;<i>It's a dead-end. You need to turn back.</i>;<i>Çıkmaz yol. Geri dönmeniz gerekecek.</i>;<i>Un cul-de-sac. Vous devez faire demi-tour.</i>;<i>Un callejón sin salida. Debéis dar media vuelta.</i>;<i>行き止まりだ。引き返すしかない。</i>;<i>막다른 골목이다. 돌아가야만 한다. </i>;<i>（这是条死路。+回头吧。）</i>;<i>（這是條死路。+回頭吧。）</i>;<i>Eine Sackgasse. Ihr müsst umkehren.</i>;<i>Это тупик. Придется вернуться.</i>;<i>Un vicolo cieco. Dovete tornare indietro.</i>;<i>É um beco sem saída. Você precisa voltar.</i>;<i>Turn around</i>;<i>Geri dön</i>;<i>Faire demi-tour</i>;<i>Dar media vuelta</i>;<i>（引き返す）</i>;<i>되돌아간다.</i>;<i>（转身）</i>;<i>（轉身）</i>;<i>Umkehren</i>;<i>Развернуться</i>;<i>Tornare indietro</i>;<i>Virar-se</i>;;;;;;;;;;;;;<i>Turn around</i>;<i>Geri dön</i>;<i>Faire demi-tour</i>;<i>Dar media vuelta</i>;<i>（引き返す）</i>;<i>되돌아간다.</i>;<i>（转身）</i>;<i>（轉身）</i>;<i>Umkehren</i>;<i>Развернуться</i>;<i>Tornare indietro</i>;<i>Virar-se</i>;;;;;;;;;;;;;
629;skeleton;<i>The skeleton cries or laughs sinisterly. He has a very long sword.</i>;<i>İskelet uğursuzca haykırıyor veya gülüyor. Kılıcı pek uzun.</i>;<i>Le squelette claque des dents de manière sinistre. Il a une très longue épée.</i>;<i>El esqueleto entrechoca sus dientes de manera siniestra. Tiene una espada muy larga.</i>;<i>スケルトンは、鳴き声とも笑い声ともつかぬ+不気味な叫びを上げた。+手にはひときわ長い剣を持っている。</i>;<i>해골은 울음도 웃음도 아닌 섬뜩한 비명을 질렀다.  손에 긴 칼을 쥐고 있다. </i>;<i>（这具骷髅阴恻恻地大叫着，+似哭似笑。+它拿着一把很长的剑。）</i>;<i>（這具骷髏陰惻惻地大叫著，+似哭似笑。+它拿著一把很長的劍。）</i>;<i>Das Skelett schreit oder lacht finster. Es hat ein sehr langes Schwert.</i>;<i>Скелет не то кричит, не то зловеще хохочет. И меч у него очень длинный.</i>;<i>Lo scheletro piange o ride in modo sinistro. Ha una spada molto lunga.</i>;<i>O esqueleto grita ou ri sinistramente. Ele carrega uma espada longa.</i>;<i>Attack</i>;<i>Saldır</i>;<i>Attaquer</i>;<i>Atacar</i>;<i>（戦う）</i>;<i>싸운다.</i>;<i>（攻击）</i>;<i>（攻擊）</i>;<i>Angreifen</i>;<i>Напасть</i>;<i>Attaccare</i>;<i>Atacar</i>;;;;;;;;;;;;;<i>Flee</i>;<i>Kaç</i>;<i>Fuir</i>;<i>Huir</i>;<i>（逃げる）</i>;<i>도망간다.</i>;<i>（逃跑）</i>;<i>（逃跑）</i>;<i>Fliehen</i>;<i>Убежать</i>;<i>Fuggire</i>;<i>Fugir</i>;;;;;;;;;;;;;
630;dungeon>neutre_feu;<i>The walls are dark and sooty.</i>;<i>Duvarlar kararmış ve kirlenmiş.</i>;<i>Les murs sont froids et maculés de cendres.</i>;<i>Los muros están fríos y ennegrecidos.</i>;<i>壁は黒くすすけている。</i>;<i>벽은 검게 그을려 있다. </i>;<i>（墙面被煤烟弄得乌黑。）</i>;<i>（牆面被煤煙弄得烏黑。）</i>;<i>Die Wände sind dunkel und rußig.</i>;<i>Стены здесь темные и покрыты сажей.</i>;<i>I muri sono neri come il carbone.</i>;<i>As paredes são escuras e empoeiradas.</i>;<i>Use Neutral door</i>;<i>Nötr kapıdan gir</i>;<i>Passer la porte Neutre</i>;<i>Cruzar la puerta neutra</i>;<i>（「中性の扉」に入る）</i>;<i>"중성의 문"으로 들어간다.</i>;<i>（进入中性之门）</i>;<i>（進入中性之門）</i>;<i>Neutrale Tür benutzen</i>;<i>Выбрать дверь Нейтрала</i>;<i>Varcare la porta Neutrale</i>;<i>Usar a porta neutra</i>;;;;;;;;;;;;;<i>Use Fire door</i>;<i>Ateş kapısından gir</i>;<i>Passer la porte Feu</i>;<i>Cruzar la puerta de fuego</i>;<i>（「火の扉」に入る）</i>;<i>"불의 문"으로 들어간다.</i>;<i>（进入烈火之门）</i>;<i>（進入烈火之門）</i>;<i>Feuertür benutzen</i>;<i>Выбрать дверь Огня</i>;<i>Varcare la porta Fuoco</i>;<i>Usar a porta de fogo</i>;;;;;;;;;;;;;
631;skeleton;<i>The skeleton corners you!</i>;<i>İskelet sizi köşeye sıkıştırıyor!</i>;<i>Le squelette vous empêche de passer !</i>;<i>¡El esqueleto os impide el paso!</i>;<i>スケルトンに追い詰められた！</i>;<i>해골은 코너에 몰렸다! </i>;<i>（骷髅把你逼到了角落！）</i>;<i>（骷髏把你逼到了角落！）</i>;<i>Das Skelett treibt Euch in die Enge!</i>;<i>Скелет загнал вас в угол!</i>;<i>Lo scheletro Vi mette all'angolo!</i>;<i>O esqueleto bloqueia sua saída!</i>;<i>Attack</i>;<i>Saldır</i>;<i>Attaquer</i>;<i>Atacar</i>;<i>（戦う）</i>;<i>싸운다.</i>;<i>（攻击）</i>;<i>（攻擊）</i>;<i>Angreifen</i>;<i>Напасть</i>;<i>Attaccare</i>;<i>Atacar</i>;;;;;;;;;;;;;<i>Flee</i>;<i>Kaç</i>;<i>Fuir</i>;<i>Huir</i>;<i>（逃げる）</i>;<i>도망간다.</i>;<i>（逃跑）</i>;<i>（逃跑）</i>;<i>Fliehen</i>;<i>Убежать</i>;<i>Fuggire</i>;<i>Fugir</i>;;;;;;;;;;;;;
632;dungeon>wall_wall;<i>It's a dead-end. You need to turn back.</i>;<i>Çıkmaz yol. Geri dönmeniz gerekecek.</i>;<i>Un cul-de-sac. Vous devez faire demi-tour.</i>;<i>Un callejón sin salida. Debéis dar media vuelta.</i>;<i>行き止まりだ。引き返すしかない。</i>;<i>막다른 골목이다. 돌아가야만 한다. </i>;<i>（这是条死路。+回头吧。）</i>;<i>（這是條死路。+回頭吧。）</i>;<i>Eine Sackgasse. Ihr müsst umkehren.</i>;<i>Это тупик. Придется вернуться.</i>;<i>Un vicolo cieco. Dovete tornare indietro.</i>;<i>É um beco sem saída. Você precisa voltar.</i>;<i>Turn around</i>;<i>Geri dön</i>;<i>Faire demi-tour</i>;<i>Dar media vuelta</i>;<i>（引き返す）</i>;<i>되돌아간다.</i>;<i>（转身）</i>;<i>（轉身）</i>;<i>Umkehren</i>;<i>Развернуться</i>;<i>Tornare indietro</i>;<i>Virar-se</i>;;;;;;;;;;;;;<i>Turn around</i>;<i>Geri dön</i>;<i>Faire demi-tour</i>;<i>Dar media vuelta</i>;<i>（引き返す）</i>;<i>되돌아간다.</i>;<i>（转身）</i>;<i>（轉身）</i>;<i>Umkehren</i>;<i>Развернуться</i>;<i>Tornare indietro</i>;<i>Virar-se</i>;;;;;;;;;;;;;
633;dungeon>treasure_chest;<i>A treasure chest!</i>;<i>Bir hazine sandığı!</i>;<i>Un coffre au trésor !</i>;<i>¡Un cofre del tesoro!</i>;<i>宝箱だ！</i>;<i>보물 상자다! </i>;<i>（宝箱！）</i>;<i>（寶箱！）</i>;<i>Eine Schatzkiste!</i>;<i>Сундук с сокровищами!</i>;<i>Un forziere del tesoro!</i>;<i>Um baú de tesouro!</i>;<i>Open it</i>;<i>Aç</i>;<i>Ouvrir</i>;<i>Abrir</i>;<i>（開ける）</i>;<i>연다.</i>;<i>（打开）</i>;<i>（打開）</i>;<i>Öffnen</i>;<i>Открыть его</i>;<i>Aprire</i>;<i>Abrir</i>;;;;;;;;;;;;;<i>Carry on</i>;<i>Devam et</i>;<i>Continuer</i>;<i>Continuar</i>;<i>（そのまま進む）</i>;<i>그대로 진행한다.</i>;<i>（继续）</i>;<i>（繼續）</i>;<i>Weitergehen</i>;<i>Продолжать</i>;<i>Continuare</i>;<i>Continuar</i>;;;;;;;;;;;;;
634;dungeon>treasure_chest;<i>A treasure chest!</i>;<i>Bir hazine sandığı!</i>;<i>Un coffre au trésor !</i>;<i>¡Un cofre del tesoro!</i>;<i>宝箱だ！</i>;<i>보물 상자다! </i>;<i>（宝箱！）</i>;<i>（寶箱！）</i>;<i>Eine Schatzkiste!</i>;<i>Сундук с сокровищами!</i>;<i>Un forziere del tesoro!</i>;<i>Um baú de tesouro!</i>;<i>Open it</i>;<i>Aç</i>;<i>Ouvrir</i>;<i>Abrir</i>;<i>（開ける）</i>;<i>연다.</i>;<i>（打开）</i>;<i>（打開）</i>;<i>Öffnen</i>;<i>Открыть его</i>;<i>Aprire</i>;<i>Abrir</i>;;;;;;;;;;;;;<i>Carry on</i>;<i>Devam et</i>;<i>Continuer</i>;<i>Continuar</i>;<i>（そのまま進む）</i>;<i>그대로 진행한다.</i>;<i>（继续）</i>;<i>（繼續）</i>;<i>Weitergehen</i>;<i>Продолжать</i>;<i>Continuare</i>;<i>Continuar</i>;;;;;;;;;;;;;
635;dungeon>torch;<i>You have found a torch.</i>;<i>Bir meşale buldunuz.</i>;<i>Vous avez découvert une torche.</i>;<i>Habéis descubierto una antorcha.</i>;<i>たいまつを見つけた。</i>;<i>횃불을 찾아냈다. </i>;<i>（你发现了一支火把。）</i>;<i>（你發現了一支火把。）</i>;<i>Ihr habt eine Fackel gefunden.</i>;<i>Вы нашли факел.</i>;<i>Avete trovato una torcia.</i>;<i>Você encontrou uma tocha.</i>;<i>Take it</i>;<i>Al</i>;<i>Prendre</i>;<i>Tomar</i>;<i>（手に取る）</i>;<i>집어든다.</i>;<i>（拿走）</i>;<i>（拿走）</i>;<i>Nehmen</i>;<i>Взять его</i>;<i>Prendere</i>;<i>Pegá-la</i>;<i>As you put your hand on the torch, it evaporates. 'Rubbish' you think, then you see that all the lights are now on in the dungeon.</i>;<i>Eliniz meşaleye değer değmez, buharlaşıyor. 'Saçmalık' diye düşünüyorsunuz, ama sonra artık zindandaki tüm ışıkların yandığını görüyorsunuz.</i>;<i>À peine avez-vous mis la main sur la torche qu'elle disparaît en fumée. 'Génial' pensez-vous, puis vous vous rendez compte que toutes les lumières du donjon sont allumées.</i>;<i>En cuanto tocáis la antorcha, ésta se evapora. 'Genial' pensáis, después os percatáis de que todas las luces de la mazmorra están encendidas.</i>;<i>手を伸ばした途端、+たいまつは消えてなくなった。+「クソッ…」王は毒づいたが、+気づくとダンジョン内の灯が+すべてともっていた。</i>;<i>손을 뻗은 순간 횃불은 사라졌다. 왕은 "젠장..."이라고 말한 순간 지하감옥의 모든 등불이 켜져 있었다. </i>;<i>（当你将手放于火炬之上时，+它却消失了。+“真没用”，+你想道，+紧接着你看见地牢里所有灯都被点亮了。）</i>;<i>（當你將手放於火炬之上時，+它卻消失了。+“真沒用”，+你想道，+緊接著你看見地牢裏所有燈都被點亮了。）</i>;<i>Als Ihr die Fackel berührt, wird sie zu Rauch. "Na toll!", denkt Ihr, da merkt Ihr, dass jetzt alle Lichter im Verlies brennen.</i>;<i>Вы беретесь за факел, и он тут же испаряется. «Чертовщина», думаете вы, но затем замечаете, что огни загорелись везде в подземелье. </i>;<i>Non appena posata la mano sulla torcia, essa scompare. "Che idiozia", pensate, poi vi accorgete che la prigione è ora illuminata.</i>;<i>Quando você segura a tocha, ela se desfaz. “Droga”, você pensa, mas descobre que as luzes da masmorra se acenderam.</i>;<i>Leave it</i>;<i>Dokunma</i>;<i>Laisser</i>;<i>Dejar</i>;<i>（手に取らない）</i>;<i>집어들지 않는다.</i>;<i>（把信放在那里）</i>;<i>（把信放在那裏）</i>;<i>Zurücklassen</i>;<i>Оставить его</i>;<i>Lasciare</i>;<i>Deixá-la</i>;;;;;;;;;;;;;
636;dungeon>key;<i>You have found a key.</i>;<i>Bir anahtar buldunuz.</i>;<i>Vous avez découvert une clé.</i>;<i>Habéis descubierto una llave.</i>;<i>カギを見つけた。</i>;<i>열쇠를 찾아냈다. </i>;<i>（你发现了一把钥匙。）</i>;<i>（你發現了一把鑰匙。）</i>;<i>Ihr habt einen Schlüssel gefunden.</i>;<i>Вы нашли ключ.</i>;<i>Avete trovato una chiave.</i>;<i>Você encontrou uma chave.</i>;<i>Take it</i>;<i>Al</i>;<i>Prendre</i>;<i>Tomar</i>;<i>（手に取る）</i>;<i>집어든다.</i>;<i>（拿走）</i>;<i>（拿走）</i>;<i>Nehmen</i>;<i>Взять его</i>;<i>Prendere</i>;<i>Pegá-la</i>;;;;;;;;;;;;;<i>Leave it</i>;<i>Dokunma</i>;<i>Laisser</i>;<i>Dejar</i>;<i>（手に取らない）</i>;<i>집어들지 않는다.</i>;<i>（把信放在那里）</i>;<i>（把信放在那裏）</i>;<i>Zurücklassen</i>;<i>Оставить его</i>;<i>Lasciare</i>;<i>Deixá-la</i>;;;;;;;;;;;;;
637;dungeon>poison;<i>You have found a potion.</i>;<i>Bir iksir buldunuz.</i>;<i>Vous avez découvert une potion.</i>;<i>Habéis descubierto una poción.</i>;<i>水薬を見つけた。</i>;<i>물약을 찾아냈다. </i>;<i>（你发现了一瓶药水。）</i>;<i>（你發現了一瓶藥水。）</i>;<i>Ihr habt einen Trank gefunden.</i>;<i>Вы нашли зелье.</i>;<i>Avete trovato una pozione.</i>;<i>Você encontrou uma poção.</i>;<i>Drink it</i>;<i>İç</i>;<i>Prendre</i>;<i>Tomar</i>;<i>（飲む）</i>;<i>마신다.</i>;<i>（喝下）</i>;<i>（喝下）</i>;<i>Nehmen</i>;<i>Выпить его</i>;<i>Prendere</i>;<i>Bebê-la</i>;;;;;;;;;;;;;<i>Leave it</i>;<i>Dokunma</i>;<i>Laisser</i>;<i>Dejar</i>;<i>（飲まない）</i>;<i>마시지 않는다.</i>;<i>（把信放在那里）</i>;<i>（把信放在那裏）</i>;<i>Zurücklassen</i>;<i>Оставить его</i>;<i>Lasciare</i>;<i>Deixá-la</i>;;;;;;;;;;;;;
638;dungeon>close_exit;<i>You feel fresh air and see some light behind the door, but it's closed.</i> ;<i>Kapının ardında temiz hava ve gün ışığı görüyorsunuz ama kapı kapatılmış.</i>;<i>Vous sentez de l'air frais et voyez de la lumière passer sous la porte, mais elle est fermée.</i>;<i>Sentís el aire fresco y la luz pasar por debajo de la puerta, pero está cerrada.</i>;<i>この扉の向こうから、新鮮な空気が+流れ込んでくる。わずかに光も見える。+しかし、行く手は閉ざされている。</i>;<i>이 문 너머에서 신선한 공기가 흘러 들어온다.  약간 빛이 보인다. 하지만 앞이 막혀 있다. </i>;<i>（你嗅到新鲜空气的味道，+还看到了从门缝透来的光芒。+但这扇门紧闭着。）</i>;<i>（你嗅到新鮮空氣的味道，+還看到了從門縫透來的光芒。+但這扇門緊閉著。）</i>;<i>Ihr spürt frische Luft und seht Licht hinter dieser Tür, aber sie ist geschlossen.</i>;<i>Вы чувствуете свежий воздух и видите свет за этой дверью, но она закрыта.</i>;<i>Sentite dell'aria fresca e vedete una luce dietro la porta, ma è chiusa.</i>;<i>Você sente ar fresco e vê luz atrás dessa porta, mas ela está fechada.</i>;<i>Kick the door</i>;<i>Kapıyı tekmele</i>;<i>Donner un coup dans la porte</i>;<i>Dar una patada a la puerta</i>;<i>（扉を蹴る）</i>;<i>문을 걷어찬다.</i>;<i>（踹门）</i>;<i>（踹門）</i>;<i>Dagegen treten</i>;<i>Пнуть дверь</i>;<i>Abbattere la porta</i>;<i>Chutar a porta</i>;<i>Your foot hurts.</i>;<i>Ayağınız acıyor.</i>;<i>Vous avez mal au pied.</i>;<i>Os duele el pie.</i>;<i>足が痛んだ。</i>;<i>다리가 아프다. </i>;<i>（你感到脚很疼。）</i>;<i>（你感到腳很疼。）</i>;<i>Euer Fuß tut weh.</i>;<i>Нога теперь болит.</i>;<i>Vi fa male un piede.</i>;<i>Seu pé dói.</i>;<i>Turn around</i>;<i>Geri dön</i>;<i>Faire demi-tour</i>;<i>Dar media vuelta</i>;<i>（引き返す）</i>;<i>되돌아간다.</i>;<i>（转身）</i>;<i>（轉身）</i>;<i>Umkehren</i>;<i>Развернуться</i>;<i>Tornare indietro</i>;<i>Virar-se</i>;;;;;;;;;;;;;
639;dungeon>close_exit;<i>You feel fresh air and see some light behind the door, but it's closed.</i> ;<i>Kapının ardında temiz hava ve gün ışığı görüyorsunuz ama kapı kapatılmış.</i>;<i>Vous sentez de l'air frais et voyez de la lumière passer sous la porte, mais elle est fermée.</i>;<i>Sentís el aire fresco y la luz pasar por debajo de la puerta, pero está cerrada.</i>;<i>この扉の向こうから、新鮮な空気が+流れ込んでくる。わずかに光も見える。+しかし、行く手は閉ざされている。</i>;<i>이 문 너머에서 신선한 공기가 흘러 들어온다.  약간 빛이 보인다. 하지만 앞이 막혀 있다. </i>;<i>（你嗅到新鲜空气的味道，+还看到了从门缝透来的光芒。+但这扇门紧闭着。）</i>;<i>（你嗅到新鮮空氣的味道，+還看到了從門縫透來的光芒。+但這扇門緊閉著。）</i>;<i>Ihr spürt frische Luft und seht Licht hinter dieser Tür, aber sie ist geschlossen.</i>;<i>Вы чувствуете свежий воздух и видите свет за этой дверью, но она закрыта.</i>;<i>Sentite dell'aria fresca e vedete una luce dietro la porta, ma è chiusa.</i>;<i>Você sente ar fresco e vê luz atrás dessa porta, mas ela está fechada.</i>;<i>Open the door with the key</i>;<i>Kapıyı anahtarla aç</i>;<i>Ouvrir avec la clé</i>;<i>Abrir con la llave</i>;<i>（カギを使って+扉を開ける）</i>;<i>열쇠로 문을 연다.</i>;<i>（用钥匙开门）</i>;<i>（用鑰匙開門）</i>;<i>Mit dem Schlüssel öffnen</i>;<i>Открыть дверь ключом</i>;<i>Aprire la porta con la chiave</i>;<i>Abrir com a chave</i>;;;;;;;;;;;;;<i>Turn around</i>;<i>Geri dön</i>;<i>Faire demi-tour</i>;<i>Dar media vuelta</i>;<i>（引き返す）</i>;<i>되돌아간다.</i>;<i>（转身）</i>;<i>（轉身）</i>;<i>Umkehren</i>;<i>Развернуться</i>;<i>Tornare indietro</i>;<i>Virar-se</i>;;;;;;;;;;;;;
640;dungeon>open_exit;<i>You have found the exit to the dungeon!</i>;<i>Zindanın çıkışını buldunuz!</i>;<i>Vous avez découvert la sortie du donjon !</i>;<i>¡Habéis descubierto la salida de la mazmorra! </i>;<i>ダンジョンの出口を見つけた！</i>;<i>지하감옥 출구를 찾아냈다! </i>;<i>（你发现了地牢的出口！）</i>;<i>（你發現了地牢的出口！）</i>;<i>Ihr habt den Ausgang aus dem Verlies gefunden!</i>;<i>Вы нашли выход из подземелья!</i>;<i>Avete trovato l'uscita della prigione!</i>;<i>Você encontrou a saída da masmorra!</i>;<i>Go back to the castle</i>;<i>Kaleye geri dön</i>;<i>Revenir au château</i>;<i>Volver al castillo</i>;<i>（城に戻る）</i>;<i>성으로 돌아간다.</i>;<i>（返回城堡）</i>;<i>（返回城堡）</i>;<i>Zur Burg zurückkehren</i>;<i>Вернуться в замок</i>;<i>Tornare al castello</i>;<i>Voltar para o castelo</i>;;;;;;;;;;;;;<i>Close the door</i>;<i>Kapıyı kapat</i>;<i>Fermer la porte</i>;<i>Cerrar la puerta</i>;<i>（扉を閉じる）</i>;<i>문을 닫는다.</i>;<i>（关上门）</i>;<i>（關上門）</i>;<i>Die Tür schließen</i>;<i>Закрыть дверь</i>;<i>Chiudere la porta</i>;<i>Fechar a porta</i>;<i>So true. It's quite a comfortable dungeon, and there's no one to bother you here.</i>;<i>Çok doğru. Bu zindan pek rahat ve burada sizi rahatsız edecek kimse yok.</i>;<i>Après tout pourquoi pas. C'est un donjon plutôt confortable et ici, il n'y a pas de royaume à gouverner.</i>;<i>Después de todo... ¿por qué no? Esta mazmorra es más bien agradable y al menos aquí no hay que gobernar a nadie..</i>;<i>確かに、この地下牢は快適だ。+ここに独りこもっていれば、+誰にもわずらわされずに済む…</i>;<i>물론 이 지하감옥은 편안하지. 여기에 혼자 틀어박혀 있으면 아무 신경도 안 써도 되고.</i>;<i>（的确如此。+这个地牢安逸舒适，+根本不会有人会前来打搅。）</i>;<i>（的確如此。+這個地牢安逸舒適，+根本不會有人會前來打攪。）</i>;<i>Stimmt ja. Es ist ein gemütliches Verlies, und niemand kann Euch dort behelligen.</i>;<i>А ведь это довольно уютное подземелье, и никто вас здесь не побеспокоит.</i>;<i>Verissimo. Questa è una prigione piuttosto confortevole e non c'è nessuno che disturba.</i>;<i>Verdade. É uma masmorra confortável, e não há ninguém para incomodá-lo aqui.</i>;
641;dungeon>devil_salpetre;<i>You stumble on something and almost fall. You turn around... nothing.</i>;<i>Bir şeye takılıp neredeyse düşüyorsunuz. Arkanızı döndüğünüzde ise... Hiçbir şey yok.</i>;<i>Vous trébuchez sur quelque chose et manquez de tomber. Vous vous retournez, rien.</i>;<i>Os tropezáis con algo y estáis a punto de caeros. Os dais la vuelta, nada.</i>;<i>なにかにつまずき、転びそうになった。+振り返ってみたが、なにもない…</i>;<i>무엇인가에 걸려 넘어질 뻔했다. 돌아보았는데 아무 것도 없다...</i>;<i>（你被什么东西绊了一脚，差点摔倒。+回头一看……却什么也没发现。）</i>;<i>（你被什麼東西絆了一腳，差點摔倒。+回頭一看……卻什麼也沒發現。）</i>;<i>Ihr stolpert über etwas, beinahe fallt Ihr hin. Ihr dreht Euch um ... nichts.</i>;<i>Вы натыкаетесь на что-то и едва не падаете. Оборачиваетесь… пусто.</i>;<i>Inciampate in qualcosa e quasi cadete a terra. Vi voltate… non c'è niente.</i>;<i>Você tropeça em algo e quase cai. Ao virar-se... não há nada.</i>;<i>Use the Devil's door</i>;<i>Şeytanın kapısından gir</i>;<i>Passer la porte Démon</i>;<i>Cruzar la puerta del demonio</i>;<i>（「悪魔の扉」に入る）</i>;<i>"악마의 문"으로 들어간다.</i>;<i>（进入恶魔之门）</i>;<i>（進入惡魔之門）</i>;<i>Teufelstür benutzen</i>;<i>Выбрать дверь Дьявола</i>;<i>Varcare la porta Diavolo</i>;<i>Usar a porta do Diabo</i>;;;;;;;;;;;;;<i>Use Salpetre door</i>;<i>Nitratin kapısından gir</i>;<i>Passer la porte Salpêtre</i>;<i>Cruzar la puerta de salitre</i>;<i>（「硝石の扉」に入る）</i>;<i>"질산칼륨의 문"으로 들어간다.</i>;<i>（进入硝酸钾之门）</i>;<i>（進入硝酸鉀之門）</i>;<i>Salpetertür benutzen</i>;<i>Выбрать дверь Селитры</i>;<i>Varcare la porta Salnitro</i>;<i>Usar a porta de salitre</i>;;;;;;;;;;;;;
642;dungeon>devil_salpetre;<i>The same room, again!</i>;<i>Yine aynı oda, yine!</i>;<i>La même pièce, encore !</i>;<i>¡La misma sala, otra vez!</i>;<i>また同じ部屋だ！</i>;<i>또 같은 방이다! </i>;<i>（又是，又是一样的房间！）</i>;<i>（又是，又是一樣的房間！）</i>;<i>Und wieder der gleiche Raum!</i>;<i>Опять та же комната!</i>;<i>La stessa stanza, di nuovo!</i>;<i>A mesma sala novamente!</i>;<i>Use the Devil's door</i>;<i>Şeytanın kapısından gir</i>;<i>Passer la porte Démon</i>;<i>Cruzar la puerta del demonio</i>;<i>（「悪魔の扉」に入る）</i>;<i>"악마의 문"으로 들어간다.</i>;<i>（进入恶魔之门）</i>;<i>（進入惡魔之門）</i>;<i>Teufelstür benutzen</i>;<i>Выбрать дверь Дьявола</i>;<i>Varcare la porta Diavolo</i>;<i>Usar a porta do Diabo</i>;;;;;;;;;;;;;<i>Use Salpetre door</i>;<i>Nitratin kapısından gir</i>;<i>Passer la porte Salpêtre</i>;<i>Cruzar la puerta de salitre</i>;<i>（「硝石の扉」に入る）</i>;<i>"질산칼륨의 문"으로 들어간다.</i>;<i>（进入硝酸钾之门）</i>;<i>（進入硝酸鉀之門）</i>;<i>Salpetertür benutzen</i>;<i>Выбрать дверь Селитры</i>;<i>Varcare la porta Salnitro</i>;<i>Usar a porta de salitre</i>;;;;;;;;;;;;;
643;dungeon>devil_salpetre;<i>The same room, again!</i>;<i>Yine aynı oda, yine!</i>;<i>La même pièce, encore !</i>;<i>¡La misma sala, otra vez!</i>;<i>また同じ部屋だ！</i>;<i>또 같은 방이다! </i>;<i>（又是，又是一样的房间！）</i>;<i>（又是，又是一樣的房間！）</i>;<i>Und wieder der gleiche Raum!</i>;<i>Опять та же комната!</i>;<i>La stessa stanza, di nuovo!</i>;<i>A mesma sala novamente!</i>;<i>Use the Devil's door</i>;<i>Şeytanın kapısından gir</i>;<i>Passer la porte Démon</i>;<i>Cruzar la puerta del demonio</i>;<i>（「悪魔の扉」に入る）</i>;<i>"악마의 문"으로 들어간다.</i>;<i>（进入恶魔之门）</i>;<i>（進入惡魔之門）</i>;<i>Teufelstür benutzen</i>;<i>Выбрать дверь Дьявола</i>;<i>Varcare la porta Diavolo</i>;<i>Usar a porta do Diabo</i>;<i>You enter a cosy little room with a roaring fire and tea brewing. But suddenly...</i>;<i>Uğuldayan bir ateş ile demlenen çay olan küçük ve samimi bir odaya giriyorsunuz. Sonra aniden...</i>;<i>Vous entrez dans une jolie petite pièce où crépite un feu de cheminée. Du thé attend sur un guéridon. Soudain...</i>;<i>Entráis en una sala acogedora con una chimenea crepitante. Sobre la mesa el té está listo. De repente...</i>;<i>そこは居心地のよさそうな、小さな部屋+だった。暖炉には赤々と火がたかれ、+紅茶のポットが湯気を立てている。+だが、そのとき…</i>;<i>거기에는 기분좋은 작은 방이 있었다. 벽난로에는 빨갛게 불이 들어와 있고 홍차 주전자가 따뜻한 김을 내뿜고 있었다. 하지만 그 때...</i>;<i>（你进入一个温馨舒适的房间，+里面炉火正旺，+炉上烧着一壶茶水。+突然……）</i>;<i>（你進入一個溫馨舒適的房間，+裏面爐火正旺，+爐上燒著一壺茶水。+突然……）</i>;<i>Ihr betretet einen gemütlichen kleinen Raum mit brennendem Kamin und duftendem Tee. Doch plötzlich ...</i>;<i>Вы попадаете в уютную комнатку с пылающим огнем в камине и горячим чайником. Но внезапно…</i>;<i>Entrate in una piccola stanza confortevole con un fuoco crepitante e del tè caldo appena preparato. Improvvisamente...</i>;<i>Você entra em uma salinha aconchegante com uma lareira e chá sobre o fogo. De repente...</i>;<i>Use Salpetre door</i>;<i>Nitratin kapısından gir</i>;<i>Passer la porte Salpêtre</i>;<i>Cruzar la puerta de salitre</i>;<i>（「硝石の扉」に入る）</i>;<i>"질산칼륨의 문"으로 들어간다.</i>;<i>（进入硝酸钾之门）</i>;<i>（進入硝酸鉀之門）</i>;<i>Salpetertür benutzen</i>;<i>Выбрать дверь Селитры</i>;<i>Varcare la porta Salnitro</i>;<i>Usar a porta de salitre</i>;;;;;;;;;;;;;
644;skeleton;You have strawberries!;Yanında çilek var!;Tu as apporté des fraises !;¡Has traído fresas!;イチゴを持っているな！;딸기를 갖고 있군!;你拥有草莓啦！;你擁有草莓啦！;Ihr habt Erdbeeren!;У тебя есть клубничка!;Avete delle fragole!;Você come morangos!;;;;;;;;;;;;;<i>As the Skeleton says these words, you're instantly teleported to the caste.</i>;<i>İskelet bu sözleri söylediğinde, anında kaleye ışınlanıyorsunuz.</i>;<i>Quand le squelette prononce ces mots, vous vous retrouvez instananément téléporté dans le château.</i>;<i>En el momento mismo en que el esqueleto pronuncia esas palabras, os teletransportáis hasta el castillo.</i>;<i>スケルトンがそう叫んだ途端、+王は一瞬で城に戻っていた。</i>;<i>해골이 그렇게 외치자마자 왕은 순식간에 성으로 돌아왔다. </i>;<i>（骷髅开口说话之时，+你立刻被传送到了城堡。）</i>;<i>（骷髏開口說話之時，+你立刻被傳送到了城堡。）</i>;<i>Als das Skelett diese Worte spricht, werdet Ihr augenblicklich in die Burg teleportiert.</i>;<i>Как только Скелет произносит эти слова, вы тут же телепортируетесь в замок.</i>;<i>Non appena lo scheletro pronuncia queste parole, venite teletrasportato nel castello.</i>;<i>Quando o esqueleto fala essas palavras, você é teletransportado para o castelo.</i>;;;;;;;;;;;;;<i>As the Skeleton says these words, you're instantly teleported to the caste.</i>;<i>İskelet bu sözleri söylediğinde, anında kaleye ışınlanıyorsunuz.</i>;<i>Quand le squelette prononce ces mots, vous vous retrouvez instananément téléporté dans le château.</i>;<i>En el momento mismo en que el esqueleto pronuncia esas palabras, os teletransportáis hasta el castillo.</i>;<i>スケルトンがそう叫んだ途端、+王は一瞬で城に戻っていた。</i>;<i>해골이 그렇게 외치자마자 왕은 순식간에 성으로 돌아왔다. </i>;<i>（骷髅开口说话之时，+你立刻被传送到了城堡。）</i>;<i>（骷髏開口說話之時，+你立刻被傳送到了城堡。）</i>;<i>Als das Skelett diese Worte spricht, werdet Ihr augenblicklich in die Burg teleportiert.</i>;<i>Как только Скелет произносит эти слова, вы тут же телепортируетесь в замок.</i>;<i>Non appena lo scheletro pronuncia queste parole, venite teletrasportato nel castello.</i>;<i>Quando o esqueleto fala essas palavras, você é teletransportado para o castelo.</i>;
645;skeleton;My mission is to bring back strawberries to the world. Don't worry, I will help you when you need me.;Görevim çileklerin dünyaya dönmesini sağlamak. Endişelenmeyin, bana ihtiyacın olduğunda sana yardım edeceğim.;Ma mission est de rapporter les fraises dans le monde. Mais je reviendrai t'aider quand tu auras besoin de moi.;Mi misión es traer las fresas al mundo. Pero vendré a ayudarte cuando me necesites.;この世にイチゴを復活させることが、+俺の使命だ。+心配ない。お前が必要とするとき、+俺は力を貸してやる。;세상에 딸기를 부활시키는 것이 나의 사명이다.  걱정 없어. 네가 필요하다면 힘을 빌려 주지.;我的使命就是+重新把草莓带回到到这个世界来。+不必担心，你需要我的时候我就会帮助你。;我的使命就是+重新把草莓帶回到到這個世界來。+不必擔心，你需要我的時候我就會幫助你。;Mein Ziel ist es, der Welt die Erdbeeren zurückzubringen. Keine Sorge, ich helfe Euch, wenn Ihr mich braucht.;Моя миссия — вернуть этому миру клубнику. Не беспокойся, я приду тебе на помощь, когда она тебе понадобится.;La mia missione è riportare le fragole nel mondo. Non preoccupatevi, Vi aiuterò quando ne avrete bisogno.;Minha missão é levar os morangos de volta para o mundo. Não se preocupe, eu o ajudarei como puder.;Wait!;Bekle!;Attends !;¡Espera!;待て！;기다려!;等等！;等等！;Wartet!;Подожди!;Aspetta!;Espere!;<i>The telekinetic Skeleton disappears.</i>;<i>Telekinetik İskelet ortadan kayboluyor.</i>;<i>Le squelette télékinétique disparraît.</i>;<i>El esqueleto telequinético desaparece.</i>;<i>念動力使いのスケルトンは、姿を消した。</i>;<i>염동력을 사용하는 해골은 모습을 감추었다. </i>;<i>（说完，骷髅便消失了。）</i>;<i>（說完，骷髏便消失了。）</i>;<i>Das telekinetische Skelett verschwindet.</i>;<i>Телекинетический скелет исчезает.</i>;<i>Lo scheletro telecinetico scompare.</i>;<i>O esqueleto telecinético desaparece.</i>;How?;Nasıl?;Comment ?;¿Cómo?;どうやって…？;어떻게...?;你怎么做到？;你怎麼做到？;Wie das?;Как?;Come?;Como?;<i>The telekinetic Skeleton disappears.</i>;<i>Telekinetik İskelet ortadan kayboluyor.</i>;<i>Le squelette télékinétique disparraît.</i>;<i>El esqueleto telequinético desaparece.</i>;<i>念動力使いのスケルトンは、姿を消した。</i>;<i>염동력을 사용하는 해골은 모습을 감추었다. </i>;<i>（说完，骷髅便消失了。）</i>;<i>（說完，骷髏便消失了。）</i>;<i>Das telekinetische Skelett verschwindet.</i>;<i>Телекинетический скелет исчезает.</i>;<i>Lo scheletro telecinetico scompare.</i>;<i>O esqueleto telecinético desaparece.</i>;
646;skeleton;Hello alive friend! I will pour the tea! Still no strawberries? ;Merhaba canlı dostum! Sana çay koyayım! Çilek yok mu hâlâ?;Bonjour mon petit ami vivant ! Je vais te servir ton thé. Toujours pas de fraises ? ;¡Buenos días querido amigo con vida! Te voy a servir el té. ¿Sigues sin querer unas fresas?;よく来たな、生者の友よ！+今、紅茶をいれよう。+イチゴは手に入ったか？;잘 왔네, 살아있는 친구! 홍차를 내 주지. 딸기는 손에 넣었나?;你好啊，还活着的朋友！+我会为你倒水沏茶的！+还是没有草莓吗？;你好啊，還活著的朋友！+我會為你倒水沏茶的！+還是沒有草莓嗎？;Hallo, mein lebendiger Freund! Ich schenke Euch Tee ein! Immer noch keine Erdbeeren?;Приветствую, мой живой друг! Налью-ка я чаю! Все еще не нашел клубничку?;Buongiorno, amico vivo! Sto per servire il tè! Ancora niente fragole?;Olá, amigo vivo! Eu servirei o chá. Ainda sem morangos?;;;;;;;;;;;;;;;;;;;;;;;;;;;;;;;;;;;;;<i>You have a nice chat with the Skeleton about politics and cats, then he brings you back to the exit of the dungeon.</i>;<i>İskeletle siyaset ve kediler hakkında güzel bir sohbet ediyorsunuz ve sonra da sizi zindanın çıkışına getiriyor.</i>;<i>Vous discutez longuement de politique et de chats, puis le squelette vous ramène à la sortie du donjon.</i>;<i>Charláis acerca de política y de gatos, luego el esqueleto os lleva hasta la salida de la mazmorra.</i>;<i>王はスケルトンとテーブルにつき、+政治や猫について談笑した。+そののちスケルトンは、+王をダンジョンの出口へと送り届けた。</i>;<i>왕은 해골과 테이블에 앉아 정치와 고양이 이야기를 나누었다. 해골은 왕을 던전의 출구로 데려다 주었다. </i>;<i>（你与骷髅愉快地从政治聊到养猫，+之后他将你带回了地牢的出口。）</i>;<i>（你與骷髏愉快地從政治聊到養貓，+之後他將你帶回了地牢的出口。）</i>;<i>Ihr plaudert mit dem Skelett über Politik und Katzen, dann bringt es Euch zum Ausgang aus dem Verlies.</i>;<i>Вы мило беседуете со Скелетом о политике и кошках, затем он приводит вас к выходу из подземелья.</i>;<i>Chiacchierate amabilmente con lo scheletro di politica e gatti, poi Vi riporta all'uscita della prigione. </i>;<i>Você conversa com o esqueleto sobre política e gatos, e ele o leva de volta à saída da masmorra.</i>;
647;skeleton;I see that you're lying, it's not very nice. ;Yalan söylediğinin farkındayım, hiç hoş değil.;Je vois que tu mens, ce n'est pas très gentil.;Me doy perfecta cuenta de que mientes, y eso no es de buena educación..;うそをつくのは、よくないことだ。;거짓말은 좋지 않네.;我看出你在撒谎，这可不好哦。;我看出你在撒謊，這可不好哦。;Ich sehe, dass Ihr lügt. Das ist nicht nett.;Вижу, что ты лжешь, и это не очень хорошо.;Noto che mentite, non siete molto gentile.;Vejo que você mentiu. Isso não é legal.;;;;;;;;;;;;;;;;;;;;;;;;;;;;;;;;;;;;;;;;;;;;;;;;;
648;skeleton;Here you are! I have been chasing you all over the place. You're fast.;İşte buradasın! Seni kovalayıp durdum ben de. Amma hızlısın.;Te voilà ! Je t'ai couru après dans tout le donjon. Tu es rapide.;¡Ahí estás! Te estaba siguiendo por la mazmorra. Eres bien rápido.;ようやく会えたな！お前を追って、+あちこち駆けずり回ったぞ。+逃げ足の速いやつめ。;드디어 만났군! 너를 쫓아 여기저기 돌아다녔다고. 발 한번 빠르더군.;给你！+我满地追你半天了。+你太快了。;給你！+我滿地追你半天了。+你太快了。;Da seid Ihr ja! Ich bin Euch durch das ganze Verlies gefolgt. Ihr seid schnell.;А вот и ты! Я бегал тут за тобой повсюду. Ты быстрый.;Eccovi qui! Vi ho inseguito dappertutto. Siete veloce.;Aí está! Eu procurei você por todo lugar. Você é rápido.;<i>Attack</i>;<i>Saldır</i>;<i>Attaquer</i>;<i>Atacar</i>;<i>（戦う）</i>;<i>싸운다.</i>;<i>（攻击）</i>;<i>（攻擊）</i>;<i>Angreifen</i>;<i>Напасть</i>;<i>Attaccare</i>;<i>Atacar</i>;;;;;;;;;;;;;<i>Flee</i>;<i>Kaç</i>;<i>Fuir</i>;<i>Huir</i>;<i>（逃げる）</i>;<i>도망간다.</i>;<i>（逃跑）</i>;<i>（逃跑）</i>;<i>Fliehen</i>;<i>Убежать</i>;<i>Fuggire</i>;<i>Fugir</i>;;;;;;;;;;;;;
649;skeleton;Wait! I know you're eager to fight and I would have been happy to oblige in other circumstances.;Dur! Savaşmaya istekli olduğunun farkındayım ve başka koşullar altında ben de isterdim.;Attends ! Je sais que tu as très envie de te battre, et je n'y verrais pas d'inconvénient en d'autres circonstances.;¡Espera! Ya sé que tienes muchas ganas de pelearte, y yo no tendría inconveniente, en otras circunstancias, claro.;待て！俺も戦いたいのはやまやまだが、+ここではやめておこう。;기다려! 나도 싸우고 싶은 마음은 굴뚝같지만 여기서 그만두지.;稍等！+我知道你迫不及待想要战斗，+但我宁愿在其他事情上为你效劳。;稍等！+我知道你迫不及待想要戰鬥，+但我寧願在其他事情上為你效勞。;Wartet! Ich weiß, dass Ihr kämpfen wollt, und unter anderen Umständen würde ich dem gerne nachkommen.;Стой! Я знаю, ты хочешь драться, и при других обстоятельствах я был бы рад оказать тебе услугу.;Aspettate! So che non vedete l'ora di combattere e, in altre circostanze, Vi avrei accontentato volentieri.;Espere! Sei que você quer lutar e eu adoraria conceder esse desejo em outra situação.;How so?;Nasıl yani?;Comment ça ?;¿Y éso?;なぜだ？;왜?;此话怎讲？;此話怎講？;Wieso das?;Как так?;Come mai?;Como?;;;;;;;;;;;;;Why?;Neden?;Pourquoi ?;¿Por qué?;どうして？;왜?;为什么？;為什麼？;Weshalb?;Почему?;Perché?;Por quê?;;;;;;;;;;;;;
650;skeleton;I don't want to mess up the room. This is my place, I hope you like it. Please, take a seat.;Bu odayı dağıtmak istemiyorum. Burası benim yuvam, umarım beğenmişsindir. Otursana, lütfen.;Pas ici. C'est chez moi, j'espère que ça te plaît. Tiens, prends un siège.;Por aquí. Ésta es mi casa, espero que sea de tu agrado. Toma, siéntate.;部屋がめちゃくちゃになる。ここは俺の住み処だ。+なかなかいいところだろう。+さあ、遠慮なく掛けろ。;방이 엉망이 돼. 여기는 내가 사는 데라고. 꽤 괜찮지. 자. 편히 앉아.;我不想弄乱房间。+这就是我的地方，+希望你能喜欢。来，坐下吧。;我不想弄亂房間。+這就是我的地方，+希望你能喜歡。來，坐下吧。;Nicht hier. Das ist mein Zimmer und ich hoffe, es gefällt Euch. Bitte nehmt doch Platz.;Не хочу устраивать бардак в комнате. Это моя обитель, и я надеюсь, она тебе нравится. Присаживайся.;Non voglio rovinare la stanza. Io abito qui, spero Vi piaccia. Prego, accomodatevi.;Não quero bagunçar a sala. Eu moro aqui, espero que goste. Sente-se, por favor.;;;;;;;;;;;;;;;;;;;;;;;;;;;;;;;;;;;;;;;;;;;;;;;;;
651;skeleton;Why so snappy? Is your Kingdom bothering you? Let me help.;Ne bu hazır cevaplık? Krallıkta sorunlar mı var? Yardım ister misin?;Pourquoi es-tu aussi nerveux ? Est-ce que c'est ton royaume qui t'ennuie ? Laisse-moi faire.;¿Por qué estás tan nervioso? ¿Acaso te molesta tu reino? Déjamelo a mí.;ずいぶんイラついているようだな。+国のことで悩みごとか？+よければ俺が相談に乗ろう。;왜 그리 안절부절 못하나?  왕국 때문에 걱정이 돼? 괜찮다면 내가 도와주지.;怎么这样厉声厉气的？+王国的事情烦到你了吗？+瞧瞧看我能不能帮你！;怎麼這樣厲聲厲氣的？+王國的事情煩到你了嗎？+瞧瞧看我能不能幫你！;Warum so bissig? Macht Euer Königreich Euch Sorgen? Lasst mich helfen.;В чем дело? Тебя беспокоит твое Королевство? Позволь мне помочь.;Perché così nervoso? Il Vostro Regno vi dà delle preoccupazioni? Lasciate che Vi aiuti.;Por que você está nervoso? Seu reino o incomoda? Deixe-me ajudar.;;;;;;;;;;;;;;;;;;;;;;;;;;;;;;;;;;;;;;;;;;;;;;;;;
652;skeleton;Do you want some tea? Too bad we don't have any strawberries. They're perfect with tea.;Çay ister misin? Çilek yok ne yazık ki. Çayın yanında çok güzel gider.;Un peu de thé ? Dommage que nous n'ayons pas de fraises. C'est délicieux avec le thé.;¿Un poco de té? Lástima que no tengamos fresas. Son perfectas con el té.;紅茶でもどうだ？イチゴがあれば、+茶請けに最高なんだがな…+手に入らなくて残念だ。;홍차라도 마실랑가? 딸기가 있으면 좋은데...  딸기가 없어서 유감이군.;你要喝茶吗？+很抱歉我们没有草莓。+它们和茶很搭的。;你要喝茶嗎？+很抱歉我們沒有草莓。+它們和茶很搭的。;Möchtet Ihr Tee? Schade, dass wir keine Erdbeeren haben. Sie wären perfekt zum Tee.;Хочешь чаю? Жаль, что у нас нет клубники. С чаем — самое то.;Volete del tè? Peccato non avere delle fragole, vanno a nozze con il tè.;Quer chá? É uma pena não termos morangos, fica ótimo com esse chá.;;;;;;;;;;;;;<i><skeleton> pours you some tea explaining he was a dead Islander enchanted by a powerful mage to guard this dungeon.</i>;<i><skeleton> biraz çay döküp, kendisinin bu zindanı koruması için güçlü bir büyücü tarafından efsunlanan ölü bir Adalı olduğunu anlatıyor.</i>;<i><skeleton> vous verse une tasse de thé en racontant son histoire. C'est un soldat Ilien mort, ensorcelé par un mage puissant pour monter la garde dans ce donjon.</i>;<i><skeleton> os sirve un poco de té mientras os cuenta su historia. Se trata de un difunto soldado Isleño, encantado por un mago para vigilar la mazmorra.</i>;<i><skeleton>は王のカップに紅茶を注ぐと、+身の上話を始めた。生前は島の民だった+が、強力な魔術師に魔法をかけられ、+以来このダンジョンを守っているのだという。</i>;<i><skeleton>은 왕의 컵에 홍차를 부어주고는 자기 이야기를 하기 시작했다. 살아 있을 때는 섬의 백성이었으나 강력한 마술사가 마법을 걸어 버려 그 이후로 지하감옥을 지키고 있다고 한다. </i>;<i>（<skeleton>给你倒了点茶，+向你解释说他生前是个岛民，+被一位强大的法师施下咒语来守卫地牢。）</i>;<i>（<skeleton>給你倒了點茶，+向你解釋說他生前是個島民，+被一位強大的法師施下咒語來守衛地牢。）</i>;<i><skeleton> schenkt Euch Tee ein und erzählt. Er war Insulaner, starb und ein mächtiger Magier machte ihn zur Wache dieses Verlieses.</i>;<i><skeleton> наливает вам чай, рассказывая, что он был мертвым островитянином. Сильный маг заколдовал его, чтобы он охранял подземелье.</i>;<i><skeleton> Vi versa una tazza di tè e racconta la sua storia. È un isolano morto, costretto dall'incantesimo di un potente mago a fare la guardia a questa prigione.</i>;<i><skeleton> lhe serve chá e explica que era um nativo das ilhas que foi encantado por um poderoso mago para vigiar a masmorra.</i>;;;;;;;;;;;;;<i><skeleton> pours himself some tea explaining he was a dead Islander enchanted by a powerful mage to guard this dungeon.</i>;<i><skeleton> biraz çay döküp, kendisinin bu zindanı koruması için güçlü bir büyücü tarafından efsunlanan ölü bir Adalı olduğunu anlatıyor.</i>;<i><skeleton> se verse une tasse de thé en racontant son histoire. C'est un soldat Ilien mort, ensorcelé par un mage puissant pour monter la garde dans ce donjon.</i>;<i><skeleton> os sirve un poco de té mientras os cuenta su historia. Se trata de un difunto soldado Isleño, encantado por un mago poderoso para vigilar la mazmorra.</i>;<i><skeleton>は自分のカップに紅茶を注ぐと、+身の上話を始めた。生前は島の民だった+が、強力な魔術師に魔法をかけられ、+以来このダンジョンを守っているのだという。</i>;<i><skeleton>은 자신의 컵에 홍차를 붓고는 자기 이야기를 하기 시작했다. 살아 있을 때는 섬의 백성이었으나 강력한 마술사가 마법을 걸어 버려 그 이후로 지하감옥을 지키고 있다고 한다. </i>;<i>（<skeleton>边为自己倒上茶，+边解释说+他曾是一名逝世的岛民，+遭一位高强的法师施下法术，+前来看管这座地下城。）</i>;<i>（<skeleton>邊為自己倒上茶，+邊解釋說+他曾是一名逝世的島民，+遭一位高強的法師施下法術，+前來看管這座地下城。）</i>;<i><skeleton> schenkt sich Tee ein und erzählt. Er war Insulaner, starb und ein mächtiger Magier machte ihn zur Wache dieses Verlieses.</i>;<i><skeleton> наливает себе чай, рассказывая, что он был мертвым островитянином. Сильный маг заколдовал его, чтобы он охранял подземелье.</i>;<i><skeleton> si versa una tazza di tè e racconta la sua storia. È un isolano morto, costretto dall'incantesimo di un potente mago a fare la guardia a questa prigione.</i>;<i><skeleton> lhe serve chá e explica que era um nativo das ilhas que foi encantado por um poderoso mago para vigiar a masmorra.</i>;
653;skeleton;It was ages ago and everyone forgot me, as well as this dungeon and its secrets. So I made myself comfortable.;Çağlar önceydi, herkes beni de unuttu, bu zindan ve sırlarını da. Ben de rahatıma baktım.;Mais tout ça s'est passé il y a des siècles. On a fini par m'oublier ici, avec l'autre secret du donjon. Je me suis mis à l'aise.;Pero todo eso ocurrió hace siglos. Al final me han dejado aquí olvidado, junto al secreto de la mazmorra. Me he acomodado.;…遠い昔の話だ。俺のことも、このダンジョンの+ことも、ここに眠る秘密のことも、+覚えている者はひとりもいない。+だから俺は、ここでのんびり暮らすことにした。;...먼 옛날 이야기야.  나도 이 지하감옥도 여기에 잠들어 있는 비밀도 기억하고 있는 자가 아무도 없어. 그래서 나는 여기에서 여유롭게 살기로 했지.;好多年前的事了，+人们都已把我忘了，+也忘了还有这座地下城，+忘了这里还埋藏着的秘密。+所以我就自己照顾自己咯。;好多年前的事了，+人們都已把我忘了，+也忘了還有這座地下城，+忘了這裏還埋藏著的秘密。+所以我就自己照顧自己咯。;Es ist lange her. Alle vergaßen mich, dieses Verlies und sein Geheimnis. Also richtete ich mich hier ein.;Все давным-давно забыли обо мне и об этом подземелье с его тайнами. Так что я здесь удобно устроился.;È stato secoli fa, ormai tutti mi hanno dimenticato, così come hanno dimenticato la prigione e i suoi segreti. Quindi mi sono messo comodo.;Faz tanto tempo que todos se esqueceram de mim, bem como da masmorra e dos segredos. Então eu me adaptei.;What secrets?;Ne sırrı?;Quel secret ?;¿Qué secreto?;秘密とは？;비밀이라니?;什么秘密？;什麼秘密？;Welches Geheimnis?;Что за тайны?;Che segreti?;Que segredos?;;;;;;;;;;;;;Who enchanted you?;Seni kim büyüledi?;Qui t'as ensorcelé ?;¿Quién te ha encantado?;強力な魔術師とは？;강력한 마술사라니?;谁对你施下咒语？;誰對你施下咒語？;Wer hat Euch verzaubert?;Кто заколдовал тебя?;Chi ha gettato l'incantesimo?;Quem encantou você?;;;;;;;;;;;;;
654;skeleton;Not much. Just a stupid sword the mage has hidden in the bottom of the dungeon.;Pek bir şey yok. Büyücünün zindanın dibinde sakladığı aptal bir kılıç sadece.;Rien de grave. Juste une stupide épée que le mage a cachée au fond du donjon.;Nada especial. Simplemente una estúpida espada que el mago escondió en el fondo de la mazmorra.;なに、たいしたものじゃない。+魔術師がダンジョンの最深部に隠した、+どうでもいい剣だ。;뭐, 별 거 아니야.  마술사가 지하감옥 가장 깊은 곳에 숨긴 별 거 아닌 검이지.;没多少。+不过就一把被魔法师藏在地下城底部的钝剑。;沒多少。+不過就一把被魔法師藏在地下城底部的鈍劍。;Keine große Sache. Nur ein blödes Schwert, das der Magier am tiefsten Punkt des Verlieses versteckte.;Ничего особенного. Всего лишь меч, который маг спрятал в глубине подземелья.;Non molto. Solo una stupida spada che il mago ha nascosto sul fondo della prigione.;Nada demais. Uma espada que o mago escondeu no fundo da masmorra.;<i>Nod</i>;<i>Başınla onayla</i>;<i>Hocher de la tête</i>;<i>Asentir con la cabeza</i>;<i>（うなずく）</i>;<i>끄덕인다.</i>;<i>（点头）</i>;<i>（點頭）</i>;<i>Nicken</i>;<i>Кивнуть</i>;<i>Annuire</i>;<i>Mostrar interesse</i>;;;;;;;;;;;;;<i>Shrug</i>;<i>Omuz silk</i>;<i>Hausser les épaules</i>;<i>Encogerse de hombros</i>;<i>（肩をすくめる）</i>;<i>어깨를 으쓱한다.</i>;<i>（耸肩）</i>;<i>（聳肩）</i>;<i>Schultern zucken</i>;<i>Пожать плечами</i>;<i>Fare spallucce</i>;<i>Dar de ombros</i>;;;;;;;;;;;;;
655;skeleton;A very despicable mage. He despised me so much that he destroyed all the strawberry plants on earth.;Pek aşağılık bir büyücü. Benden o kadar nefret ediyordu ki, dünyadaki tüm çilek bitkilerini yok etti.;Un mage méprisable. Il me détestait tant qu'il a détruit tous les fraisiers sur terre.;Un mago despreciable. Me odiaba tanto que destruyó todas mis matas de fresas.;あの魔術師は鼻持ちならん男だ。+俺のことが気に入らんからといって、+この世界のイチゴの株を+根絶やしにしてしまった。;그 마술사는 아주 사악한 놈이지.  내가 마음에 안 든다고 전세계의 딸기를 멸종시켜 버렸어.;他是个卑鄙的魔法师。+他完全瞧不上我，+还毁了这片土地上所有的草莓。;他是個卑鄙的魔法師。+他完全瞧不上我，+還毀了這片土地上所有的草莓。;Ein abscheulicher Magier. Er verabscheute mich so sehr, dass er alle Erdbeerpflanzen der Welt vernichtete.;Презренный маг. Он ненавидел меня настолько, что уничтожил всю клубнику на свете.;Un mago davvero spregevole. Mi disprezzava così tanto da arrivare a distruggere tutte le piante di fragole sulla Terra.;Um mago terrível. Ele me odiava tanto que destruiu todos os morangos do mundo.;Really ?;Cidden mi?;Vraiment ?;¿En serio?;まことか？;정말인가?;真的？;真的？;Wirklich?;Серьезно?;Davvero?;Jura?;;;;;;;;;;;;;No way;Yok artık;Pas possible;No puede ser;ありえぬ…;말도 안 돼...;没门;沒門;Nicht möglich;Быть того не может;Impossibile;Impossível;;;;;;;;;;;;;
656;skeleton;Yes! Just because I happened to like them.;Evet! Sırf ben seviyorum diye.;Oui ! Juste parce que j'aime les fraises. ;¡Sí! Solo porque me gustan las fresas.;本当だとも！+俺の好物がイチゴだというだけの理由でな。;진짜라니까! 내가 딸기를 좋아한다고 없앤 거야.;是的！+就因为我恰好喜欢它们。;是的！+就因為我恰好喜歡它們。;Ehrlich! Nur weil ich Erdbeeren mochte.;Именно! Ведь я так ее любил.;Sì! Solo perché piacevano a me.;Sim! Só porque eu gostava deles.;That's overreacting;Çok abartmış;C'est un peu excessif;Demasiado;いくらなんでもやりすぎだ;정말 너무하군.;那真是小题大做;那真是小題大做;Eine ziemliche Überreaktion;Не драматизируй.;Un tantino eccessivo;Que exagero;<i>You have a nice chat with the Skeleton about women and war, then he brings you back to the exit of the dungeon.</i>;<i>İskeletle kadınlar ve savaş hakkında güzel bir sohbet ediyorsunuz ve sonra da sizi zindanın çıkışına getiriyor.</i>;<i>Vous discutez longuement de femmes et de guerre, puis le squelette vous ramène à la sortie du donjon.</i>;<i>Tenéis una charla con el esqueleto acerca de las mujeres y la guerra, luego os lleva hasta la salida de la mazmorra.</i>;<i>王とスケルトンは、女や戦について+なごやかに談笑した。+その後スケルトンは、+王をダンジョンの出口へと送り届けた。</i>;<i>왕과 해골은 여자와 전쟁에 대해 담소를 나누었다. 해골은 왕을 던전의 출구로 데려다 주었다. </i>;<i>（你与骷髅愉快地从女人聊到战争，+然后他将你带回地牢出口。）</i>;<i>（你與骷髏愉快地從女人聊到戰爭，+然後他將你帶回地牢出口。）</i>;<i>Ihr plaudert mit dem Skelett über Frauen und Kriege, dann bringt es Euch zum Ausgang aus dem Verlies.</i>;<i>Вы мило беседуете со Скелетом о женщинах и войне, затем он приводит вас к выходу из подземелья.</i>;<i>Chiacchierate amabilmente con lo scheletro di donne e guerre, poi Vi riporta all'uscita della prigione.</i>;<i>Você conversa com o esqueleto sobre mulheres e guerras, e ele o leva de volta à saída da masmorra.</i>;No way;Yok artık;Pas possible;No puede ser;ありえぬ…;말도 안 돼...;没门;沒門;Nicht möglich;Быть того не может;Impossibile;Impossível;<i>You have a nice chat with the Skeleton about science and cooking, then he brings you back to the exit of the dungeon.</i>;<i>İskeletle bilim ve aşçılık hakkında güzel bir sohbet ediyorsunuz ve sonra da sizi zindanın çıkışına getiriyor.</i>;<i>Vous discutez longuement de science et de cuisine, puis le squelette vous ramène à la sortie du donjon.</i>;<i>Charláis acerca de la ciencia y la cocina, luego el esqueleto os lleva hasta la salida de la mazmorra.</i>;<i>王とスケルトンは、科学や料理について+なごやかに談笑した。+その後スケルトンは、+王をダンジョンの出口へと送り届けた。</i>;<i>왕과 해골은 과학과 요리에 대해 담소를 나누었다. 해골은 왕을 던전의 출구로 데려다 주었다. </i>;<i>（你与骷髅愉快地从科学聊到烹饪，+然后他将你带回了地下城出口。）</i>;<i>（你與骷髏愉快地從科學聊到烹飪，+然後他將你帶回了地下城出口。）</i>;<i>Ihr plaudert mit dem Skelett über Forschung und Küche, dann bringt es Euch zum Ausgang aus dem Verlies.</i>;<i>Вы мило беседуете со Скелетом о науке и кулинарии, затем он приводит вас к выходу из подземелья.</i>;<i>Chiacchierate amabilmente con lo scheletro di scienza e cucina, poi Vi riporta all'uscita della prigione.</i>;<i>Você conversa com o esqueleto sobre ciência e gastronomia, e ele o leva de volta à saída da masmorra.</i>;
657;skeleton;Farewell, young King. Come visit me from time to time. ;Elveda, genç Kral. Arada sırada beni ziyarete gel.;Bon vent, jeune Roi. Viens me rendre visite de temps en temps.;Hasta pronto joven monarca. Ven a visitarme de vez en cuando.;さらばだ、若き王よ。+またいつでも訪ねてくるがいい。;잘 가게, 젊은 왕이여. 또 찾아 오게나.;再会了，年轻的王。+常来看看我啊。;再會了，年輕的王。+常來看看我啊。;Lebt wohl, junger König. Kommt mich ab und an besuchen.;Прощай, молодой Король. Навещай меня время от времени.;Addio, giovane Re. Tornate a trovarmi, di tanto in tanto.;Até mais, jovem rei. Visite-me quando puder!;;;;;;;;;;;;;;;;;;;;;;;;;;;;;;;;;;;;;;;;;;;;;;;;;
658;dungeon>sulfur_excalibur;<i>You feel a strong energy emanating from this place.</i>;<i>Buradan güçlü bir enerji yayıldığını hissediyorsunuz.</i>;<i>Vous percevez une forte énergie dans cette pièce.</i>;<i>Percibís una energía muy intensa en esta sala.</i>;<i>ここから、強いエネルギーを感じる。</i>;<i>여기에서 강한 에너지가 느껴진다. </i>;<i>（你感到这里散发着一股强大的能量。）</i>;<i>（你感到這裏散發著一股強大的能量。）</i>;<i>Ihr spürt, dass eine starke Energie von diesem Ort ausgeht.</i>;<i>Вы чувствуете силу, что исходит от этого места.</i>;<i>Percepite una forte energia in questo posto.</i>;<i>Você sente uma forte energia emanando desse local.</i>;<i>Use Sulfur door</i>;<i>Sülfür kapısından gir</i>;<i>Passer la porte Soufre</i>;<i>Cruzar la puerta de azufre</i>;<i>（「硫黄の扉」に入る）</i>;<i>"유황의 문"으로 들어간다.</i>;<i>（进入硫磺之门）</i>;<i>（進入硫磺之門）</i>;<i>Schwefeltür benutzen</i>;<i>Выбрать дверь Серы</i>;<i>Varcare la porta Zolfo</i>;<i>Usar a porta de enxofre</i>;;;;;;;;;;;;;<i>Use Sword door</i>;<i>Kılıç kapısından gir</i>;<i>Passer la porte de l'Épée</i>;<i>Cruzar la puerta de la espada</i>;<i>（「剣の扉」に入る）</i>;<i>"검의 문"으로 들어간다.</i>;<i>（使用宝剑之门）</i>;<i>（使用寶劍之門）</i>;<i>Schwerttür benutzen</i>;<i>Выбрать дверь Меча</i>;<i>Varcare la porta Spada</i>;<i>Usar a porta da espada</i>;;;;;;;;;;;;;
659;dungeon>treasure_chest;<i>The chest is vibrating.</i>;<i>Sandık titreşiyor.</i>;<i>Le coffre vibre.</i>;<i>El cofre vibra.</i>;<i>宝箱は震えている。</i>;<i>보물상자가 흔들리고 있다. </i>;<i>（箱子在颤动。）</i>;<i>（箱子在顫動。）</i>;<i>Die Truhe vibriert.</i>;<i>Сундук дрожит.</i>;<i>La cassa sta vibrando.</i>;<i>O baú está vibrando.</i>;<i>Open it</i>;<i>Aç</i>;<i>Ouvrir</i>;<i>Abrir</i>;<i>（開ける）</i>;<i>연다.</i>;<i>（打开）</i>;<i>（打開）</i>;<i>Öffnen</i>;<i>Открыть его</i>;<i>Aprire</i>;<i>Abrir</i>;;;;;;;;;;;;;<i>Carry on</i>;<i>Devam et</i>;<i>Continuer</i>;<i>Continuar</i>;<i>（そのまま進む）</i>;<i>그대로 진행한다.</i>;<i>（继续）</i>;<i>（繼續）</i>;<i>Weitergehen</i>;<i>Продолжать</i>;<i>Continuare</i>;<i>Continuar</i>;;;;;;;;;;;;;
660;dungeon>excalibur;<i>A shiny sword!</i>;<i>Parlak bir kılıç!</i>;<i>Une épée qui brille !</i>;<i>¡Una espada brilla!</i>;<i>輝く剣だ！</i>;<i>빛나는 검이다! </i>;<i>（一柄亮闪闪的剑！）</i>;<i>（一柄亮閃閃的劍！）</i>;<i>Ein glänzendes Schwert!</i>;<i>Сверкающий меч!</i>;<i>Una spada luccicante!</i>;<i>Uma espada brilhante!</i>;<i>Take it</i>;<i>Al</i>;<i>Prendre</i>;<i>Tomar</i>;<i>（手に取る）</i>;<i>집어든다.</i>;<i>（拿走）</i>;<i>（拿走）</i>;<i>Nehmen</i>;<i>Взять его</i>;<i>Prendere</i>;<i>Pegá-la</i>;;;;;;;;;;;;;<i>Leave it</i>;<i>Dokunma</i>;<i>Laisser</i>;<i>Dejar</i>;<i>（手に取らない）</i>;<i>집어들지 않는다.</i>;<i>（把信放在那里）</i>;<i>（把信放在那裏）</i>;<i>Zurücklassen</i>;<i>Оставить его</i>;<i>Lasciare</i>;<i>Deixá-la</i>;;;;;;;;;;;;;
661;dungeon>trap;<i>A trap is triggered under your feet!</i>;<i>Ayaklarınızın altında bir tuzak açılıyor!</i>;<i>Un piège se déclenche sous vos pieds !</i>;<i>¡Una trampa se activa bajo vuestros pies!</i>;<i>足元でトラップが作動した！</i>;<i>발밑에서 트랩이 작동했다! </i>;<i>（陷阱在脚下触发。）</i>;<i>（陷阱在腳下觸發。）</i>;<i>Unter Euren Füßen wird eine Falle ausgelöst!</i>;<i>У вас под ногами сработала ловушка!</i>;<i>Attivate una trappola sotto i Vostri piedi!</i>;<i>Uma armadilha é ativada sob seus pés!</i>;What...;Ne...;Je...;Pues...;なにィッ…！;뭐라고...!;什么...;什麼...;Was ...;Что…;Cosa…;O que...;;;;;;;;;;;;;What...;Ne...;Je...;Pues...;なにィッ…！;뭐라고...!;什么...;什麼...;Was ...;Что…;Cosa…;O que...;;;;;;;;;;;;;
662;dungeon>trap;<i>A trap is triggered under your feet!</i>;<i>Ayaklarınızın altında bir tuzak açılıyor!</i>;<i>Un piège se déclenche sous vos pieds !</i>;<i>¡Una trampa se activa bajo vuestros pies!</i>;<i>足元でトラップが作動した！</i>;<i>발밑에서 트랩이 작동했다! </i>;<i>（陷阱在脚下触发。）</i>;<i>（陷阱在腳下觸發。）</i>;<i>Unter Euren Füßen wird eine Falle ausgelöst!</i>;<i>У вас под ногами сработала ловушка!</i>;<i>Attivate una trappola sotto i Vostri piedi!</i>;<i>Uma armadilha é ativada sob seus pés!</i>;What...;Ne...;Je...;Pues...;なにィッ…！;뭐라고...!;什么...;什麼...;Was ...;Что…;Cosa…;O que...;;;;;;;;;;;;;What...;Ne...;Je...;Pues...;なにィッ…！;뭐라고...!;什么...;什麼...;Was ...;Что…;Cosa…;O que...;;;;;;;;;;;;;
663;end>dead_king_rat;<i>Your agony is long and painful. And the rats...</i>;<i>Çektiğiniz ızdırap uzun ve acı verici. Bir de sıçanlar var...</i>;<i>Votre agonie est longue et douloureuse. Et les rats...</i>;<i>Vuestra agonía es larga y dolorosa. Y las ratas...</i>;<i>王は、長く耐えがたい苦しみの末に息絶えた。+その亡骸には、無数のネズミが群がった…</i>;<i>왕은 오래 견디기 힘든 고통 끝에 숨졌다.  그 시체에는 수많은 쥐가 몰려들었다...</i>;<i>（你死得漫长而痛苦，+更别提还有窜出的老鼠……）</i>;<i>（你死得漫長而痛苦，+更別提還有竄出的老鼠……）</i>;<i>Euer Todeskampf ist lang und schmerzvoll. Und die Ratten ...</i>;<i>Вы бьетесь в агонии долго и мучительно. Еще и крысы…</i>;<i>La Vostra agonia è lunga e dolorosa. E i ratti...</i>;<i>Sua agonia é longa e duradoura... e os ratos...</i>;;;;;;;;;;;;;;;;;;;;;;;;;;;;;;;;;;;;;;;;;;;;;;;;;
664;dungeon>neutre_terre;<i>The skeleton crumbles. You decide not to stay around to see if he's able to rebuild himself.</i>;<i>İskelet parçalanıyor. Kendini tekrar oluşturup oluşturamadığını görmek için beklememeye karar veriyorsunuz.</i>;<i>Le squelette tombe en morceaux. Vous décidez de ne pas rester pour voir s'il est capable de se rassembler.</i>;<i>El esqueleto se cae a pedazos. Decidís no quedaros para ver si puede reconstruirse.</i>;<i>スケルトンの体はバラバラになって崩れ落ちた…+が、再生してまた襲ってくるかもしれない。+王は急いでその場を立ち去った。</i>;<i>해골의 몸은 산산조각으로 부서졌다.  하지만 재생하여 다시 공격해 올지도 모르겠다.  왕은 서둘러 그 자리를 떠났다. </i>;<i>（骷髅被打散架了。+你不打算在这里多做逗留，+来观察它是否能重组复活。）</i>;<i>（骷髏被打散架了。+你不打算在這裏多做逗留，+來觀察它是否能重組復活。）</i>;<i>Das Skelett zerfällt. Ihr entschließt Euch, nicht zu bleiben, um zu sehen, ob es neu entsteht.</i>;<i>Скелет рассыпается. Вы решаете, что не стоит тут оставаться и смотреть, сможет ли он собраться заново.</i>;<i>Lo scheletro va in pezzi. Decidete di non soffermarvi per vedere se è in grado di ricostruirsi.</i>;<i>O esqueleto se desfaz. Você decide não ficar para ver se ele voltará à vida novamente.</i>;<i>Use Neutral door</i>;<i>Nötr kapıdan gir</i>;<i>Passer la porte Neutre</i>;<i>Cruzar la puerta de neutra.</i>;<i>（「中性の扉」に入る）</i>;<i>"중성의 문"으로 들어간다.</i>;<i>（进入中性之门）</i>;<i>（進入中性之門）</i>;<i>Neutrale Tür benutzen</i>;<i>Выбрать дверь Нейтрала</i>;<i>Varcare la porta Neutrale</i>;<i>Usar a porta neutra</i>;;;;;;;;;;;;;<i>Use Earth door</i>;<i>Toprak kapısından gir</i>;<i>Passer la porte Terre</i>;<i>Cruzar la puerta de tierra</i>;<i>（「地の扉」に入る）</i>;<i>"땅의 문"으로 들어간다.</i>;<i>（进入土之门）</i>;<i>（進入土之門）</i>;<i>Erdtür benutzen</i>;<i>Выбрать дверь Земли</i>;<i>Varcare la porta Terra</i>;<i>Usar a porta de terra</i>;;;;;;;;;;;;;
665;end>dead_king_duel;<i>You bleed to death on the filthy dungeon floor.</i>;<i>Kirli zindanda yerde kanayarak ölüyorsunuz.</i>;<i>Vous vous videz de votre sang et mourez sur le sol du donjon.</i>;<i>Perdéis toda vuestra sangre y morís en el suelo de la mazmorra.</i>;<i>王は地下牢の土の床に倒れ、+やがて出血多量で息絶えた。</i>;<i>왕은 지하감옥의 흙바닥에 쓰러져 결국 과다출혈로 숨졌다. </i>;<i>（你躺在肮脏的地下城地板上，流血至死。）</i>;<i>（你躺在骯髒的地下城地板上，流血至死。）</i>;<i>Ihr verblutet auf dem dreckigen Boden des Verlieses.</i>;<i>Вы истекаете кровью на грязном полу подземелья.</i>;<i>Morite dissanguato sul sudicio pavimento della prigione.</i>;<i>Você sangra até morrer no piso sujo da masmorra.</i>;;;;;;;;;;;;;;;;;;;;;;;;;;;;;;;;;;;;;;;;;;;;;;;;;
666;skeleton;I suppose you didn't come here for my conversation?;Herhalde sohbet etmeye gelmedin?;Je suppose que vous n'êtes pas venu pour me faire la conversation ?;¿Supongo que habéis venido para darme conversación?;俺と話をしにきたわけではなさそうだな？;나와 얘기를 하러 온 건 아닌가 보군?;我想你以前没来这里和我聊过吧？;我想你以前沒來這裏和我聊過吧？;Ich nehme an, Ihr seid nicht hier, um mit mir zu plaudern?;Я думаю, ты не поболтать пришел?;Immagino che non siate arrivato fin qui per fare conversazione?;Acho que você não veio para conversar...;I wish;Keşke;Si seulement;Me gustaría;残念ながら;유감이야.;我倒希望这样;我倒希望這樣;Das würde ich gern;Почему нет;Magari…;Quem me dera;;;;;;;;;;;;;Not really;Pek sayılmaz;Pas vraiment;En realidad no;違う;아니다.;不算是;不算是;Eigentlich nicht;Вообще-то, нет;In effetti no;Não mesmo;;;;;;;;;;;;;
667;skeleton;It's very rude to visit someone without bringing strawberries.;Çilek getirmeden ziyarete gelmek çok kabaca.;C'est très mal poli de rendre visite à quelqu'un sans apporter de fraises.;Es de muy mala educación venir de visita y no traer fresas.;手土産にイチゴのひとつも持たずに+訪ねてくるとは、礼儀知らずめ。;선물로 딸기 하나도 안 가져오다니 예의는 어디 삶아먹었는지.;登门拜访又不带些草莓有点失礼哟。;登門拜訪又不帶些草莓有點失禮喲。;Es ist sehr unhöflich, jemanden zu besuchen, ohne Erdbeeren mitzubringen.;Невежливо приходить в гости без клубники.;È molto maleducato andare a trovare qualcuno senza portare delle fragole.;É muito rude visitar alguém sem trazer morangos.;Next time?;Bir dahaki sefere?;La prochaine fois ?;¿La próxima vez?;次は持ってこよう;다음에는 가져오겠네.;下次带给你？;下次帶給你？;Nächstes Mal?;В другой раз, может?;La prossima volta?;Na próxima?;;;;;;;;;;;;;I have apples;Elma getirdim;J'ai des pommes;Tengo manzanas;リンゴならあるぞ;사과는 있어.;我带了苹果;我帶了蘋果;Ich habe Äpfel;У меня с собой есть яблоки;Ho delle mele;Tenho maçãs;;;;;;;;;;;;;
668;skeleton;Did you bring me strawberries?;Bana çilek getirdin mi?;M'as-tu apporté des fraises ?;¿Me has traído fresas?;イチゴは持ってきたか？;딸기는 가지고 왔나?;你给我带了草莓吗？;你給我帶了草莓嗎？;Habt Ihr mir Erdbeeren mitgebracht?;Ты принес клубнику?;Mi avete portato delle fragole?;Você trouxe morangos?;Slightly bloody ones;Biraz kanlılar;Saignantes;Sangrientas;血染めのをな;조금 피에 젖었지만.;红艳艳的草莓;紅豔豔的草莓;Blutige;Чертова клубника;Sanguinolente;Suculentos;;;;;;;;;;;;;Have a look;Bir bak;Viens voir;Ven a ver;確かめてみろ;확인해 봐라.;你看看;你看看;Seht selbst;Вот, взгляни;Dai un'occhiata;Veja;;;;;;;;;;;;;
669;skeleton;Below the earth <i>(singing)</i>, under the river, here cries the ugly Skel'.;Yerin altında <i>(şarkı söyleyerek)</i>, nehrin altında, işte burada ağlar bizim çirkin İskelet.;Au-delà de la terre <i>(chantant)</i>, sous la rivière, ici pleure l'affreux Squel'.;Más allá de la tierra <i>(cantando)</i>, bajo el río, así llora el horrible Esquel.;「深い深い地の底で～、+川の流れのその下で～、+醜いホネの怪人が～、+ひとりさみしく泣いていた～」;"깊고 깊은 땅 속에서~ 흐르는 강물 아래에서~  못생긴 뼛조각 괴물이~ 혼자 외로워 울고 있었네~";<i>（他唱着）</i>+在地下、在河底，<i>（他唱着）</i>丑陋骸骨在号哭。;<i>（他唱著）</i>+在地下、在河底，<i>（他唱著）</i>醜陋骸骨在號哭。;Unter der Erde, <i>(singt)</i> unter dem Fluss, hier weint das hässliche Skel'.;Под землей <i>(поет)</i>, под рекой, плачет Скелет, некрасивый такой.;Sotto la terra <i>(cantando)</i>, sotto il fiume, lì piange l'orrido Schel.;Abaixo da terra <i>(cantando)</i>, abaixo do rio, chora um esqueleto arredio.;Indeed;Anlıyorum;En effet;En efecto;本当だな;정말이군.;的确;的確;In der Tat;И правда;In effetti;Concordo;;;;;;;;;;;;;You're a beauty;Çok güzelsin;Tu es très beau;Eres hermoso;そなたは醜くない;그대는 추악하군.;你真美;你真美;Ihr seid eine Schönheit;Ты — красавчик;Sei una bellezza;Você é demais;;;;;;;;;;;;;
670;skeleton;Alone, <i>(singing)</i> lost and passably crazy, the Skel' evaporates.;Tek başına, <i>(şarkı söyleyerek)</i> kayıp ve belki de deli, garip İskelet karışır gaibe.;Seul, <i>(singing)</i> perdu et un peu fou, le Squel' s'évapore.;Solo, <i>(cantando)</i> perdido y algo enloquecido, Squel se evapora.;「ひとりぼっちのスケルトン～、+ちょっぴりイカれたスケルトン～、+やがて姿を消したとさ～」;"외톨이 해골~ 조금 얼빠진 해골~ 결국 모습을 감추었다네~";<i>（他唱着）</i>+孤独一人无依靠，+迷乱甚至有点疯，+突然有天去无踪。;<i>（他唱著）</i>+孤獨一人無依靠，+迷亂甚至有點瘋，+突然有天去無蹤。;Allein, <i>(singt)</i> verloren und leicht verrückt, das Skel', es löst sich auf.;Одинок, <i>(поет)</i> чуть безумен и нелюдим исчезает Скелет, словно дым.;Tutto solo, <i>(cantando)</i> perso e discretamente matto, Schel evapora.;Sozinho, <i>(cantando)</i>, perdido e louco, o esqueleto evapora um pouco.;Fine by me;Bana uyar;Ça me va;Me parece bien;それは助かる;정말 고맙군.;我无所谓;我無所謂;Soll mir recht sein;Вот и славно;A me sta bene;Tudo bem;;;;;;;;;;;;;Just passably?;Belki de mi?;Juste un peu ?;¿Pasable?;「ちょっぴり」どころでは+なかろう;조금 정도가 아닌데.;仅仅只有一点疯？;僅僅只有一點瘋？;Nur leicht?;Всего лишь «чуть»?;Discretamente?;Só um pouco?;;;;;;;;;;;;;
671;skeleton;A Skel' <i>(singing)</i>, a worm, a rat. Dancing with a King, a mage, a son.;Bir İskelet <i>(şarkı söyleyerek)</i>, bir kurtçuk, bir sıçan. Dans ediyorlar Bir Kral, bir büyücü, bir evlatla.;Un Squel' <i>(singing)</i>, un ver de terre, un rat. Dansant avec un Roi, un mage, un fils.;Un Squel <i>(cantando)</i>, un gusano, una rata. Bailando con un rey, un mago, un hijo.;「ホネとミミズとネズミとで～、+今日も舞いに舞い踊る～。+彼らの相手を務めるは～、+王、魔術師、そして息子～」;"해골과 지렁이와 쥐는~ 오늘도 함께 춤추네~.  그 상대가 되어주는 건~ 왕, 마술사, 아들 뿐~";<i>（他唱着）</i>+骸骨蠕虫伴老鼠。+国王法师小男孩，大家一起来跳舞。;<i>（他唱著）</i>+骸骨蠕蟲伴老鼠。+國王法師小男孩，大家一起來跳舞。;Ein Skel', <i>(singt)</i> eine Ratte, ein Wurm. Sie tanzen mit König, Magier und Sohn.;Всего лишь Скелет <i>(поет)</i>, крыса и червь. Король, маг и сын танцуют вотще.;Uno Schel <i>(cantando)</i>, un verme, un ratto. Danzano con un Re, un mago, un figlio.;Um esqueleto <i>(cantando)</i>, um verme, um rato. Dançando com um rei, um mago, um filho.;A very small King;Çok küçük bir Kral;Un tout petit Roi;Un reyecillo;ちっぽけな王だな;보잘 것 없는 왕이라네.;一位微不足道的国王;一位微不足道的國王;Ein sehr kleiner König;Маловат для Короля;Un Re molto piccolo;Um rei bem pequeno;;;;;;;;;;;;;Lovely;Ne hoş;Magnifique;Estupendo;それはいい;그거 좋군.;真棒;真棒;Wundervoll;Миленько;Adorabile;Adorável;;;;;;;;;;;;;
672;skeleton;I am not happy.;Mutlu değilim.;Je ne suis pas heureux.;No soy feliz.;俺は不幸だ。;나는 불행해.;我不开心。;我不開心。;Ich bin nicht glücklich.;Я несчастен.;Non sono felice.;Não estou feliz.;I can see that;Orası belli;Je vois ça;Ya lo veo;見ればわかる;보면 알 거야.;显而易见;顯而易見;Das sehe ich;Вижу;Lo vedo;Percebe-se;;;;;;;;;;;;;Need a hug?;Sarılmamı ister misin?;Un câlin ?;¿Un abrazo?;ハグしてやろうか？;안아 줄까?;需要拥抱吗？;需要擁抱嗎？;Soll ich Euch umarmen?;Хочешь, обниму тебя?;Un abbraccio?;Quer um abraço?;;;;;;;;;;;;;
673;skeleton;Except for Victor, I am alone all the time.;Victor hariç hep yalnızım.;À part Victor, je suis seul tout le temps.;De no ser por Víctor, estaría solo todo el rato.;ビクターの他に、ここを訪ねてくる者はいない。;빅터 말고 여기를 찾아오는 사람은 없어.;我一直都形单影只，+除了维克多无人相伴。;我一直都形單影隻，+除了維克多無人相伴。;Abgesehen von Victor bin ich hier immer allein.;Не считая Виктора, тут больше никого и нет.;Se non consideriamo Victor, sono sempre solo.;Não tenho a companhia de ninguém além de Victor.;I can leave...;İstersen gideyim...;Je peux partir...;Me puedo ir...;邪魔なら帰るぞ;방해된다면 돌아가지.;我可以离开……;我可以離開……;Ich kann auch gehen ...;Я могу уйти…;Posso andarmene…;Posso sair...;;;;;;;;;;;;;I can stay...;İstersen kalayım...;Je peux rester...;Me puedo quedar...;ここにいてやろうか…？;여기 있어 줄까...?;我可以留下……;我可以留下……;Ich kann auch bleiben ...;Я могу остаться…;Posso restare…;Posso ficar...;;;;;;;;;;;;;
674;skeleton;Victor has very big red eyes. He's mean to me sometimes.;Victor'un çok büyük, kırmızı gözleri var. Bazen bana kızıyor.;Victor a de très grands yeux rouges. Il est parfois méchant.;Víctor tienen unos ojos rojos y grandes. A veces es un poco malvado.;ビクターの目はとても大きくて、真っ赤だ。+やつはときどき、俺にひどいことを言う。;빅터의 눈은 매우 크고 붉어. 녀석은 가끔 내게 심한 말을 해.;维克多有双巨大的红眼睛。+他有时候对我很刻薄。;維克多有雙巨大的紅眼睛。+他有時候對我很刻薄。;Victor hat sehr große rote Augen. Manchmal ist er gemein zu mir.;У Виктора большие красные глаза. Иногда он груб со мной.;Victor ha degli occhi rossi molto grandi. A volte è malvagio.;Victor tem olhos vermelhos enormes. Ele é cruel às vezes.;"Mean" how?;Nasıl kızıyor?;Comment "méchant" ?;¿Cómo que "malvado"?;どんなことを？;무엇을?;如何对你刻薄？;如何對你刻薄？;Inwiefern "gemein"?;Каким образом?;"Maligno" come?;“Cruel” como?;;;;;;;;;;;;;Is Victor around?;Victor buralarda mı?;Où est Victor ?;¿Dónde está Víctor?;ビクターは、+今もここにいるのか？;빅터는 지금도 여기에 있나?;维克多在这里吗？;維克多在這裏嗎？;Ist Victor da?;Он где-то здесь?;Dov'è Victor?;Victor está aqui?;;;;;;;;;;;;;
675;skeleton;I'm a boring dead corpse trapped in a stupid maze.;Aptal bir labirentte kapana kısılmış sıkıcı, ölü bir cesedim.;Je suis un vieux cadavre moisi, enfermé dans un stupide labyrinthe.;Soy un viejo cadáver podrido, encerrado en un laberinto estúpido.;俺は迷路に閉じ込められた、しがない屍だ。;나는 미로에 갇힌 보잘것 없는 시체야.;我不过是+一具困在这愚蠢迷宫之中的无聊尸体罢了。;我不過是+一具困在這愚蠢迷宮之中的無聊屍體罷了。;Ich bin eine langweilige Leiche, gefangen in einem blöden Labyrinth.;Я всего лишь скучный мертвец, попавший в дурацкий лабиринт.;Sono un noioso cadavere intrappolato in uno stupido labirinto.;Eu sou um cadáver chato preso em um labirinto.;Life sucks;Hayat berbat;Personne n'est parfait;Nadie es perfecto;人生は甘くない;인생은 만만치 않아.;生活真没劲;生活真沒勁;Niemand ist perfekt;Жизнь — отстой;Nessuno è perfetto;A vida é uma droga;;;;;;;;;;;;;What about me?;Ya ben?;Et moi alors ?;¿Y yo qué?;余のほうがつらい;짐이 더 괴롭네.;那我呢？;那我呢？;Was ist mit mir?;А как насчет меня?;E io allora?;E eu?;;;;;;;;;;;;;
676;skeleton;You're not talking much for someone who's alive.;Canlı olmana rağmen pek konuşmuyorsun.;Tu ne parles pas beaucoup pour quelqu'un d'aussi vivant.;No hablas mucho para estar vivo.;お前は生者にしては無口だな。;너는 살아 있는데도 말이 없군.;你话这么少，+可不像个大活人呀。;你話這麼少，+可不像個大活人呀。;Für jemanden, der lebendig ist, redet Ihr nicht viel.;Для живого ты не очень разговорчив.;Non parlate molto per essere un vivo.;Você fala pouco para alguém vivo.;You're not hearing much;Sen de pek dinlemiyorsun;Tu n'entends pas bien;No estás escuchando;そなたの耳が+悪いだけだ;그대의 귀가 안 좋을 뿐이야.;你也没有多认真听;你也沒有多認真聽;Ihr hört nur nicht zu;Это ты не очень хорошо слышишь;Non ci senti bene;Você escuta mal;;;;;;;;;;;;;I'm SHOUTING!;BAĞIRAYIM O ZAMAN.;Je CRIE !;¡GRITO!;これ以上、+大声でしゃべれと！？;이보다 더 어떻게 큰 소리를 내라고!;我都吼出来了！;我都吼出來了！;Ich SCHREIE!;Я просто КРИЧУ!;Sto URLANDO!;Estou GRITANDO!;;;;;;;;;;;;;
677;skeleton;I was alive once. It should count for something.;Ben de bir zamanlar canlıydım. Bunun bir anlamı olmalı.;J'étais vivant, avant de devenir un squelette. Ça doit compter pour quelque chose.;He vivido una buena vida antes de convertirme en esqueleto. Eso debe contar para algo.;俺も昔は生きていたんだ。+化け物扱いするな。;나도 옛날에는 살아 있었어. 괴물 취급하지 마.;我也曾是活人啊。+这一点也算是很要紧的吧。;我也曾是活人啊。+這一點也算是很要緊的吧。;Ich war mal lebendig. Das sollte doch was wert sein.;Я был живым когда-то. Надеюсь, это чего-то да стоит.;Anche io ero vivo una volta. Deve pur valere qualcosa.;Eu já fui vivo. Deve contar para alguma coisa.;Totally overrated;Bayağı abartı;Pas tant que ça;No mucho;お前は化け物だ;너는 괴물이야.;太高估了;太高估了;Völlig überbewertet;Вообще не факт;Del tutto sopravvalutato;A vida é supervalorizada;;;;;;;;;;;;;I am alive so...;Ben de şimdi canlıyım...;Je suis vivant alors...;Entonces estoy vivo...;余は今も生きている;짐은 지금도 살아 있네.;我还活着……;我還活著……;Ich lebe, also ...;А я жив сейчас, так что…;Io sono vivo, quindi…;Eu estou vivo, então...;;;;;;;;;;;;;
678;general;Your army needs a good leader, and you chose me. Listen to my advice!;Ordunuzun iyi bir lidere ihtiyacı var, siz de beni seçtiniz. Tavsiyeme kulak asın!;Votre armée a besoin d'un chef compétent et vous m'avez choisi. Écoutez mes conseils !;Vuestro ejército necesita un jefe competente y vos me habéis elegido. ¡Escuchad mis consejos!;この国の兵士たちには、優秀な司令官が+必要です。陛下は私をお選びになった。+どうか私の助言に耳をお貸しください！;이 나라의 병사들에게는 우수한 사령관이 필요합니다.  폐하는 저를 선택하셨습니다. 부디 제 조언에 귀를 기울여 주십시오!;您的军队需要一个好的统帅，+您也曾青睐过我。+请听听我的建议吧！;您的軍隊需要一個好的統帥，+您也曾青睞過我。+請聽聽我的建議吧！;Eure Armee braucht einen guten Anführer, und Ihr habt mich ausgewählt. Hört auf meinen Rat!;Вашей армии нужен хороший военачальник, вы выбрали меня. Прислушайтесь к моим советам!;Il Vostro esercito necessita di un buon comandante e voi avete scelto me. Ascoltate i miei consigli!;Seu exército precisa de um bom líder, e você me escolheu. Ouça meus conselhos!;;;;;;;;;;;;;;;;;;;;;;;;;;;;;;;;;;;;;;;;;;;;;;;;;
679;general;Our engineers have designed a new weapon, would you like to see what it does?;Mühendislerimiz yeni bir silah tasarladı, ne yaptığını görmek ister misiniz?;Nos ingénieurs ont mis au point une nouvelle arme, voulez-vous voir comment elle marche ?;Vuestros ingenieros acaban de inventar una nueva arma, ¿queréis ver cómo funciona?;工兵が新たな武器を開発しました。+効果のほどをお目にかけましょう。;공병이 새로운 무기를 개발했습니다. 효과를 눈으로 확인하십시오.;我们的工程师设计了一种新武器。+想不想看看它能做什么？;我們的工程師設計了一種新武器。+想不想看看它能做什麼？;Unsere Ingenieure haben eine neue Waffe entwickelt, wollt Ihr sie in Funktion sehen?;Наши инженеры разработали новое оружие. Хотите посмотреть, как оно работает?;I nostri ingegneri hanno progettato una nuova arma, volete vedere come funziona?;Nossos engenheiros desenvolveram uma nova arma. Quer ver o que ela faz?;;;;;;;;;;;;;<i>As you enter the test chamber, a group of soldiers attacks you.</i> Die, monster!;<i>Siz deney odasına girdiğinizde, birtakım askerler size saldırıyor.</i> Geber, canavar!;<i>Lorsque vous entrez dans la pièce où se déroule l'expérience, un groupe de soldats vous attaque.</i> Meurs, monstre !;<i>Cuando entráis en la sala en la que se desarrolla el experimento, un grupo de soldados os ataca.</i> ¡Muere, monstruo!;<i>試験場に足を踏み入れた途端、+兵士たちが襲いかかってきた。+</i>「死ね、怪物め！」;<i>시험장에 들어간 순간 병사들이 습격했다. </i>"죽어라, 괴물!";<i>（正当你步入了试炼室时，+一群士兵突然向你袭来。）</i>+去死吧，怪物！;<i>（正當你步入了試煉室時，+一群士兵突然向你襲來。）</i>+去死吧，怪物！;<i>Als Ihr den Versuchsraum betretet, greift eine Gruppe von Soldaten Euch an.</i> Sterbt, Monster!;<i>Когда вы входите в помещение для испытаний, группа солдат нападает на вас.</i> Умри, чудовище!;<i>Quando entrate nella stanza dell'esperimento, un gruppo di soldati vi attacca.</i> Muori, mostro!;<i>Quando você entra na câmara de testes, um pelotão de soldados o ataca.</i> Morra, monstro!;;;;;;;;;;;;;;;;;;;;;;;;;
680;farmer;Our cows are producing blood instead of milk! <i>He wails in despair.</i>;İneklerimiz süt yerine kan veriyor! <i>Çaresizce ağlıyor.</i>;Nos vaches donnent du sang à la place du lait ! <i>Il se lamente, désespéré</i>;¡Nuestras vacas dan sangre en lugar de leche!<i>Se lamenta, desesperado.</i>;陛下、大変です！+乳牛が乳の代わりに+血を出すようになってしまいました！;폐하, 큰일입니다! 젖소에서 우유가 아니라 피가 나옵니다!;我们的牛在产血而不是奶！+<i>（他绝望地哀嚎道。）</i>;我們的牛在產血而不是奶！+<i>（他絕望地哀嚎道。）</i>;Unsere Kühe geben Blut statt Milch! <i>Er jammert verzweifelt.</i>;Наши коровы дают кровь вместо молока! <i>Рыдает в отчаянии. </i>;Le nostre mucche producono sangue invece di latte! <i>Emette un lamento disperato.</i>;Nossas vacas estão produzindo sangue em vez de leite! <i>Ele grita em desespero.</i>;Doctor!;Hekim!;Docteur !;¡Doctor!;医師を呼べ！;의사를 불러!;医生！;醫生！;Doktor!;Доктор!;Dottore!;Médico!;;;;;;;;;;;;;Priest!;Rahip!;Prêtre !;¡Cura!;司祭を呼べ！;사제를 불러!;神父！;神父！;Priester!;Священник!;Sacerdote!;Padre!;;;;;;;;;;;;;
681;priest;Satan is among us! Witches! Burn! Now!;Şeytan aramızda! Cadılar! Yanın! Hemen!;Satan est descendu sur terre ! Sorcières ! Brûler ! Maintenant !;¡Satán ha bajado a la tierra! ¡Brujas, arded! ¡Ahora!;われわれの中に悪魔がまぎれ込んでいます！+魔女は即刻、火あぶりにすべきだ！;우리 안에 악마가 섞여 있습니다! 마녀는 즉시 화형에 처해야 한다!;我们之中潜伏着撒旦！+烧死这些女巫！烧死她们！+就现在！;我們之中潛伏著撒旦！+燒死這些女巫！燒死她們！+就現在！;Satan ist unter uns! Hexen! Verbrennt sie! Sofort!;Сатана среди нас! Ведьмы! Сжечь! Сейчас же!;Satana è tra di noi! Streghe! Bruciate! Ora!;O Diabo está entre nós! Bruxas! Queimem!;No burnings without trials first;Duruşmasız yakmak yok;Pas de bûcher sans procès;Nada de hogueras sin investigar primero;裁判なしで+火あぶりにしてはならぬ;재판하지 않고 화형시킬수는 없다.;没有审判之前不许焚烧;沒有審判之前不許焚燒;Keine Verbrennung ohne Prozess;Никаких сожжений без суда;Nessun rogo senza processo;Devem ser julgadas primeiro;;;;;;;;;;;;;Not very helpful;Yardımcı olmuyorsun;Ça ne m'aide pas;Éso no me ayuda;役立たずめ…;도움이 안 되는군.;并没有帮助;並沒有幫助;Nicht sehr hilfreich;Не очень помогло;Non molto d'aiuto;Não adiantou muito;;;;;;;;;;;;;
682;doctor;How strange! It doesn't seem to be proper blood at all.;Ne tuhaf! Düzgün kana benzer bir hali yok.;Étrange... Ça ne ressemble pas à du vrai sang.;Extraño... No parece sangre de verdad.;妙ですな！これは本物の血ではないようです。;이상하군요! 이건 진짜 피가 아닌 것 같습니다.;好奇怪啊！+这压根就不是真血。;好奇怪啊！+這壓根就不是真血。;Wie seltsam! Es scheint sich nicht um echtes Blut zu handeln.;Как странно! Кажется, это вообще не кровь;Che strano! Non sembra affatto del sangue normale.;Que estranho! Não parece ser sangue;Please investigate;Lütfen araştırın;Menez l'enquête;Por favor investigadlo;詳しく調べよ;자세히 알아보게.;请调查清楚;請調查清楚;Bitte geht dem nach;Пожалуйста, разберитесь;Indagate;Investigue;;;;;;;;;;;;;Not very helpful;Yardımcı olmuyorsun;Ça ne m'aide pas;Éso no me ayuda;役立たずめ…;도움이 안 되는군.;并没有帮助;並沒有幫助;Nicht sehr hilfreich;Не очень помогло;Non molto d'aiuto;Não adiantou muito;;;;;;;;;;;;;
683;general;We found blood in <witch>'s rooms!;<witch> suçlu, odasında kan bulduk!;Nous avons trouvé du sang dans les quartiers de <witch> !;¡Hemos encontrado sangre en el barrio de <witch>!;<witch>の部屋で、+血液が見つかりました！;<witch>의 방에서 혈액이 발견되었습니다!;我们在<witch>的房间里+发现了血迹！;我們在<witch>的房間裏+發現了血跡！;Wir haben Blut in den Gemächern von <witch> entdeckt!;<witch>! Мы нашли кровь в ее комнате!;Abbiamo trovato del sangue nelle stanze di <witch>!;Encontramos sangue no quarto da <witch>!;Let's hear what she has to say;Bakalım ne diyecek;Écoutons ce qu'elle a à dire;Escuchemos lo que tiene que decir;本人から話を聞こう;본인으로부터 이야기를 듣지.;让我们听听她的说辞;讓我們聽聽她的說辭;Hören wir, was sie sagt;Послушаем, что она скажет;Sentiamo cos'ha da dire;Vejamos o que ela tem a dizer;;;;;;;;;;;;;Keep it quiet;Sessiz ol;Gardez ça pour vous;No digáis nada;この件は内密に;이 건은 비밀로 하게.;不要声张;不要聲張;Behaltet das für Euch;Не предавать огласке;Tenetevelo per voi;Deixe quieto;;;;;;;;;;;;;
684;witch;I'm conducting experiments on blood coagulation. You can't detain me for that!;Kanın pıhtılaşması üzerine deneyler yapıyordum. Beni bu yüzden gözaltına alamazsınız!;Je fais des expériences sur la coagulation du sang. Vous ne pouvez m'arrêter pour ça !;Estoy llevando a cabo unas investigaciones acerca de la coagulación de la sangre. ¡No podéis determe por ello!;血の固まり方を調べる実験をしているのです。+私を罪に問うことなどできませんわ！;혈액 응고 실험을 하고 있었던 겁니다. 제게는 죄가 없어요!;我在做血液凝固的试验，+你不能因此羁押我！;我在做血液凝固的試驗，+你不能因此羈押我！;Ich führe Experimente zur Blutgerinnung durch. Dafür könnt Ihr mich nicht einsperren!;Я провожу опыты по свертыванию крови. Вы не можете взять меня под стражу за это!;Sto conducendo degli esperimenti sulla coagulazione del sangue. Non potete imprigionarmi per questo!;Estou conduzindo experimentos sobre coagulação. Não podem me prender por isso!;Yes, I can;Aldım bile;Si, je peux;Sí, puedo;それはどうかな;그건 어떨지 모르겠군.;我可以扣押你;我可以扣押你;Doch, kann ich;Нет, могу;Sì, posso;Posso, sim;<i>Shortly after that, <witch> is burnt alive. That didn't stop the cows from producing blood.</i>;<i>Çok geçmeden <witch> diri diri yakılıyor. Buna rağmen ineklerin kan vermesi durmuyor.</i>;<i>Peu après, <witch> fût brûlée vive. Les vaches continuèrent à produire du sang à la place du lait.</i>;<i>Poco después, <witch> fue quemada viva. Las vacas continuaron dando sangre en lugar de leche.</i>;<i><witch>は+火あぶりの刑に処された。+しかし、乳牛が血を出す事件は+収束しなかった。</i>;<i><witch>는 화형에 처해졌다. 하지만 젖소에서 피가 나오는 사건은 해결되지 않았다. </i>;<i>（不久后，+<witch>被活活烧死。+然而奶牛产血的现象并未停止。）</i>;<i>（不久後，+<witch>被活活燒死。+然而奶牛產血的現象並未停止。）</i>;<i>Wenig später wird <witch> bei lebendigem Leib verbrannt. Die Kühe geben weiter Blut statt Milch.</i>;<i>Вскоре после этого <witch> сожжена заживо. Но коровы продолжают доиться кровью.</i>;<i>Poco dopo, <witch> viene bruciata viva. Ciò non ha impedito alle mucche di continuare a produrre sangue.</i>;<i>Logo depois, <witch> é queimada viva. As vacas continuam produzindo sangue.</i>;You're free to go;Gidebilirsin;Vous êtes libre;Sois libre;釈放しよう;석방하게.;你可以走了;你可以走了;Ihr seid frei;Ты можешь идти;Sei libera;Você está livre;;;;;;;;;;;;;
685;doctor;It seems this cow business was an elaborate prank conducted by your son, the Prince.;Bu inek meselesinin oğlunuz Prensin yaptığı karmaşık bir eşek şakası olduğu ortaya çıktı.;Il paraît que cette histoire de vache est en fait une machination inventée par votre fils pour prendre le pouvoir.;Se acaba de confirmar que esta historia de las vacas es una conspiración de vuestro hijo para hacerse con el poder.;乳牛の件は、陛下のご子息、+王太子様が仕組んだ+巧妙ないたずらだったようです。;젖소 건은 왕자 전하께서 계획하신 성공적인 장난이었던 것 같습니다.;看来奶牛的事似乎是+您儿子王子殿下煞费苦心导演的一场闹剧啊。;看來奶牛的事似乎是+您兒子王子殿下煞費苦心導演的一場鬧劇啊。;Anscheinend ist die Sache mit den Kühen ein ausgeklügelter Streich Eures Sohnes, des Prinzen.;Похоже, кровавое коровье молоко было тщательно продуманным розыгрышем Принца, вашего сына.;Sembra che questo affare delle mucche fosse uno scherzo elaborato di vostro figlio, il Principe.;Parece que esse acontecimento com as vacas foi uma pegadinha do seu filho, o príncipe.;<prince>!;<prince> !;<prince> !;<prince> !;<prince>！;<prince>!;<prince>!;<prince>!;<prince>!;<prince>!;<prince>!;<prince>!;;;;;;;;;;;;;Arrest him!;Tutuklayın!;Arrêtez-le;Detenedle;やつを捕らえよ！;놈을 잡아!;逮捕他！;逮捕他！;Nehmt ihn fest!;Взять его под стражу!;Arrestatelo!;Prenda-o!;<i><prince> was beheaded by the executioner shortly afterwards.</i>;<i><prince> çok geçmeden cellat tarafından infaz edildi.</i>;<i><prince> fut décapité par le bourreau peu après.</i>;<i><prince> fue decapitado por el verdugo al poco tiempo.</i>;<i><prince>は+処刑人の手で斬首刑に処された。</i>;<i><prince>는 사형집행인에 의해 참수형에 처해졌다. </i>;<i>（<prince>不久后+便被处刑人砍了头。）</i>;<i>（<prince>不久後+便被處刑人砍了頭。）</i>;<i>Wenig später wird <prince> vom Henker enthauptet.</i>;<i><prince> был обезглавлен палачом некоторое время спустя.</i>;<i>Poco tempo dopo, <prince> venne decapitato dal boia.</i>;<i><prince> foi decapitado pelo carrasco pouco tempo depois.</i>;
686;prince;Guards! Guards! The King is a disciple of Satan!;Muhafızlar! Muhafızlar! Kral Şeytanın mürididir!;Gardes ! Gardes ! Le Roi est un disciple de Satan !;¡Guardas, guardas! ¡El rey es un discípulo de Satán!;衛兵ッ！衛兵ッ！王は悪魔の手先だ！;위병! 위병! 왕은 악마의 앞잡이다!;守卫！守卫！+国王崇拜撒旦！;守衛！守衛！+國王崇拜撒旦！;Wachen! Wachen! Der König ist ein Jünger Satans!;Стража! Стража! Король — приспешник Сатаны!;Guardie! Guardie! Il Re è un discepolo di Satana!;Guardas! Guardas! O rei venera o Diabo!;What?;Ne?;Quoi ?;¿Cómo?;なんだと？;뭐라고?;什么？;什麼？;Was?;Что?;Cosa?;O quê?;;;;;;;;;;;;;En garde, traitor!;Gardını al, hain!;En garde, traître !;¡En guardia, traidor!;裏切り者め！+余と勝負しろ！;배신자! 짐과 승부하자!;准备受死吧，叛徒！;準備受死吧，叛徒！;En garde, Verräter!;Защищайся, изменник!;In guardia, traditore!;En garde, traidor!;;;;;;;;;;;;;
687;prince;I... You... Father... ;Ben... Siz... Baba...;Je... Vous... Père...;Yo... Vos... Padre...;そんな… 父…上…;아바... 마... 마....;我……你……父亲……;我……你……父親……;Ich ... Ihr ... Vater ...;Я… ты… Отец…;Io… Voi… Padre…;Eu... você... pai...;<i>Forgive</i>;<i>Affedin</i>;<i>Pardonner</i>;<i>Olvidar</i>;<i>（許す）</i>;<i>용서한다.</i>;<i>（原谅）</i>;<i>（原諒）</i>;<i>Verzeihen</i>;<i>Пощадить</i>;<i>Perdonare</i>;<i>Perdoar</i>;;;;;;;;;;;;;<i>Forget</i>;<i>Unutun</i>;<i>Oublier</i>;<i>Perdonar</i>;<i>（忘れる）</i>;<i>잊는다.</i>;<i>（忘记）</i>;<i>（忘記）</i>;<i>Vergessen</i>;<i>Забыть</i>;<i>Dimenticare</i>;<i>Esquecer</i>;;;;;;;;;;;;;
688;end>dead_king_duel;<i>You bleed to death at your son's feet, that traitor!</i>;<i>Hain oğlunuzun dibinde kanayarak ölüyorsunuz!</i>;<i>Vous vous videz de votre sang aux pieds de votre fils, ce traître.</i>;<i>Os desangráis a los pies de vuestro hijo, el traidor.</i>;<i>王は自分を裏切った息子の足元に倒れ、+血を流しながら息絶えた。</i>;<i>왕은 자신을 배신한 아들의 발밑에 쓰러져  피를 흘리며 숨을 거두었다. </i>;<i>（你在你的儿子王子殿下这个叛徒的脚边流血而死。）</i>;<i>（你在你的兒子王子殿下這個叛徒的腳邊流血而死。）</i>;<i>Ihr verblutet zu Füßen Eures Sohnes, dieses Verräters.</i>;<i>Вы истекаете кровью у ног своего сына, изменника.</i>;<i>Morite dissanguato ai piedi di Vostro figlio, quel traditore!</i>;<i>Você sangra até a morte aos pés do seu filho, o traidor.</i>;;;;;;;;;;;;;;;;;;;;;;;;;;;;;;;;;;;;;;;;;;;;;;;;;
689;diplomat;My Lord, the King of the West is visiting us!;Lordum, Batının Kralı bizi ziyarete geliyor!;Monseigneur, le Roi de l'Ouest vient nous rendre visite !;¡Mi Señor, el rey del Oeste viene a haceros una visita!;陛下、西部の王が王都に下り、+陛下へのお目通りを希望しております！;폐하, 서쪽 나라 국왕이 수도로 내려와  폐하와의 알현을 희망하고 있습니다!;陛下，+西方的国王将要来访！;陛下，+西方的國王將要來訪！;Majestät, der König des Westens besucht uns!;Милорд, Король Запада приехал с визитом!;Mio Signore, attendiamo una visita del Re dell'Ovest!;Senhor, o Rei do Oeste está nos visitando!;Delightful;Ne hoş;Quelle joie;¡Qué maravilla!;それはそれは！;잘 됐군!;太好了;太好了;Welch eine Freude;Превосходно;Che gioia;Adorável;;;;;;;;;;;;;Boooooring...;Çok sıkıcı...;Quel ennui;Qué aburrimiento...;めんどうだな…;귀찮다...;真无聊……;真無聊……;Laaaaangweilig ...;Какая ску-у-у-у-у-у-у-у-ка…;Noiaaaaa…;Insuportável...;;;;;;;;;;;;;
690;nobleman;We should organize a grand dinner!;Büyük bir akşam yemeği düzenleyelim!;Nous devrions organiser un grand banquet !;¡Deberíamos organizar un gran banquete!;盛大な祝宴を開いて、もてなしましょう！;성대한 잔치를 열어 대접합시다!;我们应该举办一场盛大的晚宴！;我們應該舉辦一場盛大的晚宴！;Wir sollten ein großes Bankett veranstalten!;Нужно устроить отменный ужин!;Dobbiamo organizzare un grande banchetto!;Vamos organizar um grande banquete!;Good idea;Güzel fikir;Bonne idée;Buena idea;名案だ;명안이군.;好主意;好主意;Gute Idee;Отлично придумано;Buona idea;Boa ideia;;;;;;;;;;;;;;;;;;;;;;;;;;;;;;;;;;;;;
691;general;It's a terrible idea, the King will prefer to go hunting.;Korkunç bir fikir bu, Kral ava çıkmayı tercih edecektir.;C'est une très mauvaise idée, le Roi préférera aller à la chasse.;Es una mala idea, el rey preferirá ir de caza.;いいえ、陛下。西の王をもてなすなら、+狩りのほうが断然喜ばれます。;아닙니다, 폐하. 서쪽 나라 왕을 대접한다면  사냥 쪽이 단연 환영받을 겁니다.;这是个坏主意，+因为那位国王更喜欢打猎。;這是個壞主意，+因為那位國王更喜歡打獵。;Ganz schlechte Idee, der König wird lieber jagen gehen.;Ужасная идея, Король скорее захочет поохотиться.;È una pessima idea, il Re preferirà andare a caccia.;É uma péssima ideia, o Rei preferirá caçar.;Good idea;Güzel fikir;Bonne idée;Buena idea;名案だ;명안이군.;好主意;好主意;Gute Idee;Отлично придумано;Buona idea;Boa ideia;;;;;;;;;;;;;;;;;;;;;;;;;;;;;;;;;;;;;
692;nobleman;No Sire! Diplomacy and good taste dictates the dinner.;Hayır, Efendim! Diplomasi ve zevk, akşam yemeğini gerektirir.;Non Sire ! La diplomatie et le bon goût nous incitent à organiser un banquet.;¡No, Señor! La diplomacia y el buen gusto imponen una cena.;なりません！外交戦略上、+ここは上品な晩餐会にすべきです。;안됩니다! 외교전략상 고급 만찬을 열어야 합니다.;不，阁下！+外交与美食才是晚宴的主角。;不，閣下！+外交與美食才是晚宴的主角。;Nein, Herr! Die Diplomatie und der gute Geschmack gebieten ein Abendessen.;Нет, Сир! Согласно дипломатии и правилам хорошего тона, нужен ужин.;No Sire! La diplomazia e il buongusto obbligano a un banchetto.;Não, senhor! Diplomacia e bom gosto exigem um banquete.;All right...;Pekala...;D'accord...;De acuerdo...;よかろう…;좋아...;好吧……;好吧……;Einverstanden ...;Хорошо…;D'accordo…;Tudo bem...;;;;;;;;;;;;;Let's do both;İkisi de olsun;Faisons les deux;Hagamos las dos cosas;では、両方やるとしよう;그럼 모두 하지.;两个活动我们都会举办;兩個活動我們都會舉辦;Machen wir beides;Давайте устроим все сразу;Facciamo entrambe le cose;Faremos ambos;;;;;;;;;;;;;
693;general;<nobleman> is a pathetic snob. Hunting!;<nobleman> acınası bir züppe. Ava çıkalım!;<nobleman> est un pauvre snob. À la chasse !;<nobleman> es un snob patético. ¡A cazar!;<nobleman>のような+ひ弱な俗物の意見など、聞くに値しません。+ここは絶対に、狩りにすべきですッ！;<nobleman> 따위 허약한 속물의 의견 따위 듣지 마십시오. 반드시 사냥을 해야 합니다!;<nobleman>就是个可悲的假内行。+还是打猎去吧！;<nobleman>就是個可悲的假內行。+還是打獵去吧！;<nobleman> ist ein erbärmlicher Wichtigtuer. Jagen!;<nobleman> — жалкий сноб. Поохотиться!;<nobleman> è solo un patetico snob. Caccia!;<nobleman> é um esnobe patético. Caça!;All right...;Pekala...;D'accord...;De acuerdo...;よかろう…;좋아...;好吧……;好吧……;Einverstanden ...;Хорошо…;D'accordo…;Tudo bem...;;;;;;;;;;;;;Let's do both;İkisi de olsun;Faisons les deux;Hagamos las dos cosas;では、両方やるとしよう;그럼 모두 하지.;两个活动我们都会举办;兩個活動我們都會舉辦;Machen wir beides;Давайте устроим все сразу;Facciamo entrambe le cose;Faremos ambos;;;;;;;;;;;;;
694;diplomat;The King of the West was preparing an attack on one of our provinces! Shall we send the army?;Batının Kralı eyaletlerimizden birine saldırmaya hazırlanıyor! Orduyu gönderelim mi?;Cette visite est une diversion pour préparer l'attaque sur une de nos provinces ! Envoyons l'armée !;¡Esta visita es una maniobra de despiste para atacar nuestras provincias! ¡Enviémos nuestras tropas!;西部の王は、わが国の属州への攻撃を+計画しておりました！軍を派遣しますか？;서쪽 나라 왕은 우리나라의 속주를 공격하려 했습니다!  군대를 파견하시겠습니까?;西方的国王正在谋划袭击我国的一个行省！+是否派兵支援？;西方的國王正在謀劃襲擊我國的一個行省！+是否派兵支援？;Dieser Besuch ist eine Ablenkung, sie wollen eine unserer Provinzen angreifen! Sollen wir die Armee entsenden?;Король Запада готовил нападение на одну из наших областей! Отправить ли нам армию?;Il Re dell'Ovest stava preparando un attacco a una delle nostre province! Dobbiamo inviare l'esercito?;O Rei do Oeste preparou um ataque a uma de nossas províncias! Devemos enviar nosso exército?;;;;;;;;;;;;;;;;;;;;;;;;;;;;;;;;;;;;;;;;;;;;;;;;;
695;end>dead_king_exil;<i>While you were busy preparing his arrival, the King of the West invaded your country then sent you into exile.</i>;<i>Siz onun gelmesine hazırlanmakla meşgulken, Batının Kralı ülkenizi işgal etti, sizi de sürgüne gönderdi.</i>;<i>Le Roi de l'Ouest profita de la préparation sans fin de sa visite pour envahir par surprise le royaume et vous envoyer en exil.</i>;<i>El rey del Oeste aprovecha las eternas preparaciones de su visita para invadir vuestro reino por sorpresa y enviaros al exilio.</i>;<i>国王たちが歓迎会の準備に気を取られている+すきに、西部の王は王国領内に侵入した。+国王は玉座を追われ、流刑に処された。</i>;<i>국왕 일행이 환영회 준비에 정신을 빼앗기고 있는 틈을 타  서쪽 나라 왕은 왕국 영토에 침입했다.  왕은 왕좌에서 쫓겨나 유배되었다. </i>;<i>（正当你忙着为他的到来作准备的时候，+西方的国王入侵了你的国家，并放逐了你。）</i>;<i>（正當你忙著為他的到來作準備的時候，+西方的國王入侵了你的國家，並放逐了你。）</i>;<i>Während Ihr alles für seinen Besuch vorbereitet, überfällt Euer Gast Euer Land und schickt Euch ins Exil.</i>;Пока вы готовились к его приезду, Король Запада вторгся в вашу страну и изгнал вас.;<i>Mentre voi vi preparavate per il suo arrivo, il Re dell'Ovest ha invaso il Paese e Vi ha mandato in esilio.</i>;Enquanto você estava ocupado preparando-se para a chegada dele, o Rei do Oeste invadiu o país e o exilou.;;;;;;;;;;;;;;;;;;;;;;;;;;;;;;;;;;;;;;;;;;;;;;;;;
696;executioner;I'm a serial killer...;Ben bir seri katilim...;Je suis un tueur en série...;Soy un asesino en serie.;私はこれまでに、+いったい何人の命を奪ったのでしょう…;난 연쇄살인마나 다름없어.;我就是个连环谋杀犯……;我就是個連環謀殺犯……;Ich bin ein Serienmörder ...;Я — серийный убийца…;Sono un serial killer…;Sou um assassino...;You're my executioner;Sen benim celladımsın;Tu es mon bourreau...;Eres mi verdugo;そなたは処刑人だ;그대는 사형집행인일세.;你是我的行刑人;你是我的行刑人;Ihr seid mein Henker;Ты — мой палач;Sei il mio boia;Você é meu carrasco;;;;;;;;;;;;;So what?;Ee?;Et alors ?;¿Y bien?;だからなんだ？;그래서 뭐야?;那又怎样？;那又怎樣？;Na und?;И что?;E allora?;E agora?;;;;;;;;;;;;;
697;executioner;This job sucks. If I could...;Bu iş berbat. Keşke...;Je déteste mon travail. Si je pouvais...;Odio mi trabajo. Si pudiera...;もう耐えられません。+陛下、どうか退職の許可を…;이제는 못 해. 폐하, 부디 퇴직 허가를...;这差事糟糕透顶。+如果我可以……;這差事糟糕透頂。+如果我可以……;Ich hasse meinen Beruf. Könnte ich nur ...;Дерьмо, а не работа. Если бы я мог…;Questo lavoro fa schifo. Se solo potessi…;Esse trabalho é terrível. Se eu pudesse...;Maybe, but nobody wants to do it.;Belki, ama yapmak isteyen kimse yok;Peut-être, mais je n'ai personne d'autre;Tal vez, pero no tengo a nadie más;他に引き受け手がおらぬ;따로 맡아줄 자가 없네.;也许吧，但没有人肯做。;也許吧，但沒有人肯做。;Niemand sonst will ihn machen;Возможно, но кто если не ты?;Forse, ma nessun altro vuole farlo;Talvez, mas ninguém mais quer.;;;;;;;;;;;;;Out of the question;Hayatta olmaz;Hors de question;Olvídalo...;ならぬ;안 되네.;想都别想;想都別想;Kommt nicht in Frage;Это не обсуждается;Fuori questione;Fora de questão;;;;;;;;;;;;;
698;doctor;I could be the executioner!;Cellat ben olabilirim!;Je pourrais remplacer le bourreau !;¡Podría sustituir al verdugo!;処刑人の仕事は、私が引き継ぎましょう！;사형집행인 일은 제가 맡지요!;我可以做行刑人！;我可以做行刑人！;Ich könnte der Henker werden!;Я могу быть палачом!;Io potrei fare il boia!;Eu posso ser o carrasco!;Doctor? What?;Hekim bey? Ne?;Docteur ? Pardon ?;¿Doctor? ¿Disculpe?;そなたは医師だろう…;그대는 의사가 아닌가...;医生？什么？;醫生？什麼？;Doktor? Was?;Доктор? Что?;Dottore? Come?;Médico? O quê?;;;;;;;;;;;;;;;;;;;;;;;;;;;;;;;;;;;;;
699;doctor;I'm looking for a simple way to test exotic new poisons. I can pay.;Yeni, egzotik zehirlerimi denemenin basit bir yolunu arıyorum. Parası neyse veririm.;Je cherche une manière de tester de nouveaux poisons exotiques. Je peux payer.;Busco una manera de probar nuevos venenos exóticos. No me importa pagar.;新たに入手した、+珍しい毒薬の効果を試したいのです。+もちろん、謝礼もお支払いしますよ。;새로 얻은 희귀한 독약의 효과를 시험하고자 합니다.  물론 사례도 지불하겠습니다.;我正在找简单的办法来测试新型毒剂呢，+我会付钱的。;我正在找簡單的辦法來測試新型毒劑呢，+我會付錢的。;Ich suche einen einfachen Weg, exotische neue Gifte zu testen. Ich kann auch zahlen.;Я как раз ищу способ испытать действие новых экзотических ядов. Готов заплатить.;Sto cercando un modo semplice per testare nuovi veleni esotici. Posso pagare.;Estou procurando um jeito de testar meus novos venenos. Eu pago.;Sure, why not;Tabii, neden olmasın;Bien sûr, pourquoi pas;Sí claro, ¿por qué no?;うむ、よかろう;음, 그리 하게.;当然，有何不可呢;當然，有何不可呢;Klar, warum nicht;Конечно, почему нет;Certo, perché no?;Claro, por que não?;<i>It quickly appeared that hygiene was the doctor's last concern.</i>;<i>Hekimin hijyeni umursamadığı çok geçmeden belli oluyor.</i>;<i>Il apparut rapidement que l'hygiène était le cadet des soucis du docteur.</i>;<i>Pronto se vio que la higiene de los soldados era lo que menos le preocupaba al doctor.</i>;<i>医師は、安全対策には+まるで無頓着だった。</i>;<i>의사는 안전대책에는 관심이 전혀 없었다. </i>;<i>（你很快发现这位医生+根本不关注卫生问题。）</i>;<i>（你很快發現這位醫生+根本不關注衛生問題。）</i>;<i>Schnell wird klar, dass Hygiene die geringste Sorge des Doktors ist.</i>;<i>Сразу стало понятно, что гигиена врачевателя заботит меньше всего.</i>;<i>Divenne presto evidente che l'igiene era l'ultima preoccupazione del dottore.</i>;<i>Ficou óbvio que a higiene era a última preocupação do médico.</i>;No way;Yok artık;Sûrement pas;De ninguna manera;言語道断だ;언어도단이다.;没门;沒門;Ganz bestimmt nicht;Быть того не может;Neanche per sogno;Impossível;;;;;;;;;;;;;
700;end>dead_king_gangrene;<i>A terrible plague followed the doctor's experiments on convicts. You're among the first to rot.</i>;<i>Hekimin mahkumlar üzerindeki deneylerinin ardından korkunç bir veba yayıldı. İlk çürüyenlerden birisi de sizsiniz.</i>;<i>Les expériences du docteur sur les condamnés déclenchèrent une épidémie. Vous êtes parmi les premiers à pourrir.</i>;<i>Los experimentos del doctor con los condenados desencadenan una epidemia. Sois uno de los primeros en morir.</i>;<i>医師が囚人を被験者にして実験を行った直後、+王国内に疫病が蔓延した。+王は最初の犠牲者の1人となった。</i>;<i>의사가 죄수를 피험자로 실험을 실시한 직후  왕국에 역병이 만연했다. 왕은 초기 희생자 중 한 명이 되었다. </i>;<i>（一场可怕的瘟疫紧随着+医生对囚犯的试验之后爆发。+你是第一批感染致死的人中的一员。）</i>;<i>（一場可怕的瘟疫緊隨著+醫生對囚犯的試驗之後爆發。+你是第一批感染致死的人中的一員。）</i>;<i>Den Experimenten an Strafgefangenen folgt eine schreckliche Seuche. Ihr seid unter den ersten Opfern.</i>;<i>После опытов над осужденными разразилась чума. Вы сгниете одним из первых.</i>;<i>Una terribile pestilenza è il risultato degli esperimenti del dottore sui condannati. Voi siete tra i primi a marcire.</i>;<i>Uma praga terrível assolou a todos após os experimentos do médico. Você foi um dos primeiros a morrer.</i>;;;;;;;;;;;;;;;;;;;;;;;;;;;;;;;;;;;;;;;;;;;;;;;;;
701;dog;<i><dog> moans in despair. Something is not right.</i>;<i><dog> acı içinde inliyor. Ters bir şeyler var.</i>;<i><dog> ne cesse de gémir de désespoir. Quelque chose ne va pas.</i>;<i><dog> Gime desesperado. Hay algo que no es normal.</i>;<i><dog>は弱々しく「クゥーン」と鳴いた。+様子がおかしい。</i>;<i><dog>은(는) 작은 소리로 끙끙거리며 울고 있다. 모습이 이상하다. </i>;<i>（<dog>在绝望地呻吟，+似乎有些不对劲。）</i>;<i>（<dog>在絕望地呻吟，+似乎有些不對勁。）</i>;<i><dog> jault verzweifelt. Irgendetwas stimmt nicht.</i>;<i><dog> жалобно скулит. Что-то не так.</i>;<i><dog> geme disperato. C'è qualcosa che non va.</i>;<i><dog> chora de desespero. Algo está errado.</i>;<i>Pat the dog</i>;<i>Köpeği sev</i>;<i>Caresser le chien</i>;<i>Acariciar al perro</i>;<i>（犬をなでる）</i>;<i>개를 쓰다듬는다.</i>;<i>（轻拍那只狗）</i>;<i>（輕拍那只狗）</i>;<i>Den Hund streicheln</i>;<i>Погладить собаку</i>;<i>Accarezzare il cane</i>;<i>Fazer carinho no cão</i>;;;;;;;;;;;;;<i>Kick the dog</i>;<i>Köpeğe tekme at</i>;<i>Frapper le chien</i>;<i>Darle una patada al perro</i>;<i>（犬を蹴る）</i>;<i>개를 걷어찬다.</i>;<i>（踢那条狗）</i>;<i>（踢那條狗）</i>;<i>Den Hund treten</i>;<i>Пнуть собаку</i>;<i>Colpire il cane</i>;<i>Chutar o cão</i>;;;;;;;;;;;;;
702;dog;Little King, little puppet.;Kralcık, kuklacık.;Petit Roi, petite marionette.;Reyecillo, marioneta.;ちっぽけな王よ。操り人形よ。;보잘것 없는 왕이여. 꼭두각시 인형이여.;小国王，小木偶。;小國王，小木偶。;Kleiner König, kleine Marionette.;Маленький Король, маленькая марионетка.;Piccolo Re, piccola marionetta.;Pequeno rei, pequeno fantoche.;;;;;;;;;;;;;;;;;;;;;;;;;;;;;;;;;;;;;;;;;;;;;;;;;
703;dog;No words.;Söyleyecek sözün yok.;Aucun mot.;Sin palabras.;言葉少なく…;말은 아끼고.;寡言少语。;寡言少語。;Kein Wort.;Никаких слов.;Nessuna parola.;Sem palavras.;;;;;;;;;;;;;;;;;;;;;;;;;;;;;;;;;;;;;;;;;;;;;;;;;
704;jester;Few thoughts.;Düşünce desen ha var, ha yok.;Peu de pensées.;Pocas ideas.;思慮浅く…;생각은 얕고.;思维浅薄。;思維淺薄。;Wenige Gedanken.;Мало мыслей.;Pochi pensieri.;Alguns pensamentos.;;;;;;;;;;;;;;;;;;;;;;;;;;;;;;;;;;;;;;;;;;;;;;;;;
705;nobleman;Many deaths.;Ölenler ise pek çok.;Beaucoup de morts.;Muchos muertos.;多くの死を招いた愚王よ。;많은 죽음을 불러온 어리석은 왕이여.;尸山血海，白骨累累。;屍山血海，白骨累累。;Viele Tode.;Много смертей.;Molte morti.;Muitas mortes.;;;;;;;;;;;;;;;;;;;;;;;;;;;;;;;;;;;;;;;;;;;;;;;;;
706;nobleman;Centuries ago you asked for eternal power in exchange for your soul...;Yüzyıllar önce ruhunun karşılığında ebedi güç istemiştin...;Il y a des siècles, tu m'as demandé le pouvoir éternel en échange de ton âme...;Hace muchos siglos me pediste el poder eterno a cambio de tu alma...;何世紀もの昔、お前は自らの魂と引き換えに、+永遠に損なわれることのない+権力を手に入れた…;수세기 전, 너는 영원한 권력을 얻고자 스스로의 영혼을 팔아 버렸지...;数个世纪以前，+你用灵魂去交换那永恒的权力……;數個世紀以前，+你用靈魂去交換那永恆的權力……;Vor Jahrhunderten habt Ihr im Gegenzug für Eure Seele ewige Macht verlangt ...;Несколько веков назад ты просил о вечной власти в обмен на твою душу…;Secoli fa avete chiesto il potere eterno in cambio della Vostra anima…;Séculos atrás, você pediu poder eterno em troca da sua alma...;;;;;;;;;;;;;;;;;;;;;;;;;;;;;;;;;;;;;;;;;;;;;;;;;
707;priest;Fortunately you didn't mention anything about immortality.;Neyse ki ölümsüzlükten bahsetmemiştin.;Heureusement que tu as oublié de me demander l'immortalité.;Menos mal que te olvidaste de pedirme la vida eterna.;しかし幸いにも、+お前は永遠の命は望まなかった。;그러나 다행히 영생은 바라지 않았다.;好在你忘了说长生不死的愿望。;好在你忘了說長生不死的願望。;Zum Glück war von Unsterblichkeit nicht die Rede.;Хорошо, что не о вечной жизни.;Fortunatamente non avete fatto alcun cenno all'immortalità.;Felizmente, você não disse nada sobre imortalidade.;;;;;;;;;;;;;;;;;;;;;;;;;;;;;;;;;;;;;;;;;;;;;;;;;
708;priest;Each of your deaths is enjoyable.;Öldüğün her sefer pek eğlenceli.;Chacune de tes morts est un plaisir.;Cada uno de tus muertos es un placer.;お前の死に様は、実に愉快。+何度見ても飽きはしない。;매번 죽을 때마다 아주 유쾌해. 여러 번 봐도 질리지 않는다.;你每一次都死得那么令我愉悦。;你每一次都死得那麼令我愉悅。;Jeder Eurer Tode ist ein Genuss.;Каждая твоя смерть приятна.;Ogni Vostra morte è un piacere.;Cada uma de suas mortes é melhor que a anterior.;;;;;;;;;;;;;;;;;;;;;;;;;;;;;;;;;;;;;;;;;;;;;;;;;
709;jester;But even more so is the choice I will let you make now.;Ama şimdi seni yapmaya zorlayacağım seçim kadar değil.;Mais encore plus réjouissant est le choix que je vais te laisser faire maintenant.;Pero aún mejor es la elección que te voy a dejar hacer ahora.;だが、それに輪をかけ愉快なのは、+これからお前が取る選択だ。;하지만 지금부터의 네 선택 때문에 더 유쾌해질 거야.;但我接下来要让你做的事+可能比你自己的死还来得有趣哟。;但我接下來要讓你做的事+可能比你自己的死還來得有趣喲。;Und ein noch größerer ist die Wahl, vor die ich Euch jetzt stelle.;Но еще приятнее выбор, который я позволю тебе сделать сейчас.;Ma ancora più gioiosa è la scelta che vi sottoporrò ora.;Mas ainda melhor é a escolha que eu proponho agora.;;;;;;;;;;;;;;;;;;;;;;;;;;;;;;;;;;;;;;;;;;;;;;;;;
710;dog;Go little puppet, and see you again in 666 years.;Git hadi kuklacık, 666 yıl sonra görüşürüz.;Va petite marionette, reparlons-nous dans 666 ans.;Vete pequeña marioneta, hablaremos dentro de 666 años.;さあ、ゆくがよい、操り人形よ。+666年ののちに、+俺とお前は再び会うことになるだろう。;자, 가 봐. 꼭두각시 인형. 666년 뒤에 나와 너는 다시 만나게 될 것이다.;去吧小木偶，+666年后咱们再会。;去吧小木偶，+666年後咱們再會。;Geht, kleine Marionette, wir sehen uns in 666 Jahren wieder.;Иди, маленькая марионетка, увидимся через 666 лет.;Vai, piccola marionetta, ci rivediamo tra 666 anni.;Vá, pequeno fantoche. Eu o verei daqui a 666 anos.;;;;;;;;;;;;;;;;;;;;;;;;;;;;;;;;;;;;;;;;;;;;;;;;;
711;dog;<i><dog> moans in despair. Something is not right.</i>;<i><dog> acı içinde inliyor. Ters bir şeyler var.</i>;<i><dog> ne cesse de gémir de désespoir. Quelque chose ne va pas.</i>;<i><dog> gime desesperadamente. Hay algo que no es normal.</i>;<i><dog>は弱々しく「クゥーン」と鳴いた。+様子がおかしい。</i>;<i><dog>은(는) 작은 소리로 끙끙거리며 울고 있다. 모습이 이상하다. </i>;<i>（<dog>在绝望地呻吟，+似乎有些不对劲。）</i>;<i>（<dog>在絕望地呻吟，+似乎有些不對勁。）</i>;<i><dog> jault verzweifelt. Irgendetwas stimmt nicht.</i>;<i><dog> жалобно скулит. Что-то не так.</i>;<i><dog> geme disperato. C'è qualcosa che non va.</i>;<i><dog> chora de desespero. Algo está errado.</i>;<i>Pat the dog</i>;<i>Köpeği sev</i>;<i>Caresser le chien</i>;<i>Acariciar al perro</i>;<i>（犬をなでる）</i>;<i>개를 쓰다듬는다.</i>;<i>（轻拍那只狗）</i>;<i>（輕拍那只狗）</i>;<i>Den Hund streicheln</i>;<i>Погладить собаку</i>;<i>Accarezzare il cane</i>;<i>Fazer carinho no cão</i>;;;;;;;;;;;;;<i>Kick the dog</i>;<i>Köpeğe tekme at</i>;<i>Frapper le chien</i>;<i>Darle una patada al perro</i>;<i>（犬を蹴る）</i>;<i>개를 걷어찬다.</i>;<i>（踢那条狗）</i>;<i>（踢那條狗）</i>;<i>Den Hund treten</i>;<i>Пнуть собаку</i>;<i>Colpire il cane</i>;<i>Chutar o cão</i>;;;;;;;;;;;;;
712;dog;<i><dog> moans in despair. Something is not right.</i>;<i><dog> acı içinde inliyor. Ters bir şeyler var.</i>;<i><dog> ne cesse de gémir de désespoir. Quelque chose ne va pas.</i>;<i><dog> gime desesperadamente. Hay algo que no es normal.</i>;<i><dog>は弱々しく「クゥーン」と鳴いた。+様子がおかしい。</i>;<i><dog>은(는) 작은 소리로 끙끙거리며 울고 있다. 모습이 이상하다. </i>;<i>（<dog>在绝望地呻吟，+似乎有些不对劲。）</i>;<i>（<dog>在絕望地呻吟，+似乎有些不對勁。）</i>;<i><dog> jault verzweifelt. Irgendetwas stimmt nicht.</i>;<i><dog> жалобно скулит. Что-то не так.</i>;<i><dog> geme disperato. C'è qualcosa che non va.</i>;<i><dog> chora de desespero. Algo está errado.</i>;<i>Pat the dog</i>;<i>Köpeği sev</i>;<i>Caresser le chien</i>;<i>Acariciar al perro</i>;<i>（犬をなでる）</i>;<i>개를 쓰다듬는다.</i>;<i>（轻拍那只狗）</i>;<i>（輕拍那只狗）</i>;<i>Den Hund streicheln</i>;<i>Погладить собаку</i>;<i>Accarezzare il cane</i>;<i>Fazer carinho no cão</i>;;;;;;;;;;;;;<i>Kick the dog</i>;<i>Köpeğe tekme at</i>;<i>Frapper le chien</i>;<i>Darle una patada al perro</i>;<i>（犬を蹴る）</i>;<i>개를 걷어찬다.</i>;<i>（踢那条狗）</i>;<i>（踢那條狗）</i>;<i>Den Hund treten</i>;<i>Пнуть собаку</i>;<i>Colpire il cane</i>;<i>Chutar o cão</i>;;;;;;;;;;;;;
713;dog;<i><dog> moans in despair. Something is not right.</i>;<i><dog> acı içinde inliyor. Ters bir şeyler var.</i>;<i><dog> ne cesse de gémir de désespoir. Quelque chose ne va pas.</i>;<i><dog> gime desesperadamente. Hay algo que no es normal.</i>;<i><dog>は弱々しく「クゥーン」と鳴いた。+様子がおかしい。</i>;<i><dog>은(는) 작은 소리로 끙끙거리며 울고 있다. 모습이 이상하다. </i>;<i>（<dog>在绝望地呻吟，+似乎有些不对劲。）</i>;<i>（<dog>在絕望地呻吟，+似乎有些不對勁。）</i>;<i><dog> jault verzweifelt. Irgendetwas stimmt nicht.</i>;<i><dog> жалобно скулит. Что-то не так.</i>;<i><dog> geme disperato. C'è qualcosa che non va.</i>;<i><dog> chora de desespero. Algo está errado.</i>;<i>Pat the dog</i>;<i>Köpeği sev</i>;<i>Caresser le chien</i>;<i>Acariciar al perro</i>;<i>（犬をなでる）</i>;<i>개를 쓰다듬는다.</i>;<i>（轻拍那只狗）</i>;<i>（輕拍那只狗）</i>;<i>Den Hund streicheln</i>;<i>Погладить собаку</i>;<i>Accarezzare il cane</i>;<i>Fazer carinho no cão</i>;;;;;;;;;;;;;<i>Kick the dog</i>;<i>Köpeğe tekme at</i>;<i>Frapper le chien</i>;<i>Darle una patada al perro</i>;<i>（犬を蹴る）</i>;<i>개를 걷어찬다.</i>;<i>（踢那条狗）</i>;<i>（踢那條狗）</i>;<i>Den Hund treten</i>;<i>Пнуть собаку</i>;<i>Colpire il cane</i>;<i>Chutar o cão</i>;;;;;;;;;;;;;
714;dog;Impressive! A hundred years and you never said yes to anyone.;Etkilendim! Yüz yıl geçti, kimseye evet demedin;Impressionnant ! Cent ans ont passé et pas une fois tu n'as répondu oui.;¡Impresionante! Han pasado cien años y todavía no has dicho "sí" ni una sola vez.;お前は100年もの間、+誰にも「はい」と答えなかった！;너는 100년 동안 아무에게도 "예"라고 대답하지 않았어!;真令人印象深刻！+整整一百年你从未对人点头。;真令人印象深刻！+整整一百年你從未對人點頭。;Beeindruckend! Hundert Jahre, und Ihr habt nicht einmal "Ja" zu jemandem gesagt.;Впечатляет! За сотню лет ты так и не сказал «Да» ни одному человеку.;Notevole! Un secolo senza mai dire di sì a nessuno.;Impressionante! Cem anos e você não nunca disse sim a ninguém.;;;;;;;;;;;;;;;;;;;;;;;;;;;;;;;;;;;;;;;;;;;;;;;;;
715;dog;A true pacifist is a rarity, I lift the curse for now.;Gerçek pasifistler nadir görülür. Laneti şimdilik kaldırıyorum.;Un vrai pacifiste est si rare. Je lève la malédiction pour cette fois.;Un auténtico pacifista es raro. Te levanto la maldición por esta vez.;誰ひとり殺すことなく、冒険を続ける主人公…+容易になせる業ではない。呪いを解いてやろう。;누구 하나 죽이지 않고 모험을 계속하는 주인공이라니...  쉬운 일이 아니야. 저주를 풀어 주지.;真正的和平主义是罕见的。+我现在就解除诅咒。;真正的和平主義是罕見的。+我現在就解除詛咒。;Wahre Pazifisten sind selten. Dieses eine Mal hebe ich den Fluch auf.;Редко встретишь настоящего пацифиста. Я снимаю проклятие.;Un vero pacifista è una rarità. Per ora sollevo la maledizione.;Um pacifista verdadeiro é uma raridade. Eu revogo a maldição.;;;;;;;;;;;;;;;;;;;;;;;;;;;;;;;;;;;;;;;;;;;;;;;;;
716;dog;<i><dog> moans in despair. Something is not right.</i>;<i><dog> acı içinde inliyor. Ters bir şeyler var.</i>;<i><dog> ne cesse de gémir de désespoir. Quelque chose ne va pas.</i>;<i><dog> gime desesperadamente. Hay algo que no es normal.</i>;<i><dog>は弱々しく「クゥーン」と鳴いた。+様子がおかしい。</i>;<i><dog>은(는) 작은 소리로 끙끙거리며 울고 있다. 모습이 이상하다. </i>;<i>（<dog>在绝望地呻吟，+似乎有些不对劲。）</i>;<i>（<dog>在絕望地呻吟，+似乎有些不對勁。）</i>;<i><dog> jault verzweifelt. Irgendetwas stimmt nicht.</i>;<i><dog> жалобно скулит. Что-то не так.</i>;<i><dog> geme disperato. C'è qualcosa che non va.</i>;<i><dog> chora de desespero. Algo está errado.</i>;<i>Pat the dog</i>;<i>Köpeği sev</i>;<i>Caresser le chien</i>;<i>Acariciar al perro</i>;<i>（犬をなでる）</i>;<i>개를 쓰다듬는다.</i>;<i>（轻拍那只狗）</i>;<i>（輕拍那只狗）</i>;<i>Den Hund streicheln</i>;<i>Погладить собаку</i>;<i>Accarezzare il cane</i>;<i>Fazer carinho no cão</i>;;;;;;;;;;;;;<i>Kick the dog</i>;<i>Köpeğe tekme at</i>;<i>Frapper le chien</i>;<i>Darle una patada al perro</i>;<i>（犬を蹴る）</i>;<i>개를 걷어찬다.</i>;<i>（踢那条狗）</i>;<i>（踢那條狗）</i>;<i>Den Hund treten</i>;<i>Пнуть собаку</i>;<i>Colpire il cane</i>;<i>Chutar o cão</i>;;;;;;;;;;;;;
717;dog;Little King, little puppet.;Kralcık, kuklacık.;Petit Roi, petite marionette.;Reyecillo, marioneta.;ちっぽけな王よ。操り人形よ。;보잘것 없는 왕이여. 꼭두각시 인형이여.;小国王，小木偶。;小國王，小木偶。;Kleiner König, kleine Marionette.;Маленький Король, маленькая марионетка.;Piccolo Re, piccola marionetta.;Pequeno rei, pequeno fantoche.;;;;;;;;;;;;;;;;;;;;;;;;;;;;;;;;;;;;;;;;;;;;;;;;;
718;foreign_princess;Your power is absolute.;Gücün sınırsız.;Ton pouvoir est absolu.;Tu poder es absoluto.;お前の権力は揺るぎない。;너는 절대 권력을 누릴 거야.;你的权力不可动摇。;你的權力不可動搖。;Eure Macht ist absolut.;Твоя власть абсолютна.;Il Vostro potere è assoluto.;Seu poder é absoluto.;;;;;;;;;;;;;;;;;;;;;;;;;;;;;;;;;;;;;;;;;;;;;;;;;
719;monk;If I want.;Ben istediğim sürece.;Si je le veux.;Si yo quiero.;そう、すべては俺次第。;내가 원한다면.;假如我愿意。;假如我願意。;Wenn ich es will.;Если я так захочу.;Se lo voglio.;Se eu quiser que seja.;;;;;;;;;;;;;;;;;;;;;;;;;;;;;;;;;;;;;;;;;;;;;;;;;
720;foreign_princess;Your despair is endless.;Çaresizliğin sınırsız.;Ton désespoir est éternel.;Tu desesperación es eterna.;このままお前を永遠に、+絶望の淵に生かしておくか…;아니면 영원히 절망 속에 살게 될 거야...;你的绝望永无止境。;你的絕望永無止境。;Eure Verzweiflung ist endlos.;Твоему отчаянию не будет конца.;La Vostra disperazione è eterna.;Seu desespero é eterno.;;;;;;;;;;;;;;;;;;;;;;;;;;;;;;;;;;;;;;;;;;;;;;;;;
721;monk;If I fancy.;Ben istediğim sürece.;Si je le désire.;Si yo lo deseo.;しかしそれでは…;내가 그걸 바란다면.;只要我乐意。;只要我樂意。;Wenn ich es wünsche.;Если я так захочу.;Se mi va.;Se eu gostar que seja.;;;;;;;;;;;;;;;;;;;;;;;;;;;;;;;;;;;;;;;;;;;;;;;;;
722;monk;Our little game becomes boring. I think 1998 will be my last visit.;Bu küçük oyunumuz sıkıcılaşmaya başladı. Sanırım 1998 son ziyaretim olacak.;Notre petit jeu devient répétitif. Je pense que 1998 sera ma dernière visite.;Nuestro jueguecillo se está haciendo repetitivo. Creo que 1998 será mi última visita.;あまりに退屈というものだ。+俺が姿を現すのは、+1998年が最後となるだろう。;하지만 그러면 내가 너무 지루해.  내가 모습을 나타내는 것은 1998년이 마지막이 될 것이다.;我们的小游戏开始变得有点乏味了，+我想 1998 年将是我最后一次造访。;我們的小遊戲開始變得有點乏味了，+我想 1998 年將是我最後一次造訪。;Unser Spielchen wird langweilig. Ich glaube, 1998 wird mein letzter Besuch.;Наша маленькая игра становится скучной. Думаю, в 1998 я приду в последний раз.;Il nostro giochetto diventa noioso. Credo che la mia ultima visita sarà nel 1998.;Nosso pequeno jogo se tornou chato. Acho que 1998 será minha última visita.;;;;;;;;;;;;;;;;;;;;;;;;;;;;;;;;;;;;;;;;;;;;;;;;;
723;foreign_princess;Now give me your preference.;Şimdi bana seçimini söyle.;En attendant, indique-moi ta cible.;Mientras tanto, dime cuál es tu preferencia.;さあ、選べ。;자, 선택해.;现在，告诉我你的选择。;現在，告訴我你的選擇。;Und jetzt teilt mir Eure Vorliebe mit.;Теперь укажи мне на цель.;Ora indicatemi la vostra preferenza.;Agora escolha.;;;;;;;;;;;;;;;;;;;;;;;;;;;;;;;;;;;;;;;;;;;;;;;;;
724;dog;I promise you that the one you show me will die. I never fail.;Bana gösterdiğin kişinin öleceğine söz veriyorum. İstisnasız.;Je te promets que celui que tu me désigneras mourra. Je ne rate jamais.;Te prometo que aquél que tu señales, morirá.;お前に指名された者は、必ず死ぬ。+逃れるすべはない。;네가 지명한 자는 반드시 죽는다. 피할 수는 없어.;你在我面前提到的那个人一定会死。+我绝不会失手。;你在我面前提到的那個人一定會死。+我絕不會失手。;Derjenige, den Ihr bestimmt, wird sterben, versprochen. Ich scheitere nie.;Обещаю, тот, на кого ты укажешь, умрет. Я никогда не промахиваюсь.;Vi prometto che colui che mi indicherete morirà. Non fallisco mai.;Eu prometo que quem você me mostrar morrerá. Eu nunca falho.;;;;;;;;;;;;;;;;;;;;;;;;;;;;;;;;;;;;;;;;;;;;;;;;;
725;dog;<i><dog> moans in despair. Something is not right.</i>;<i><dog> acı içinde inliyor. Ters bir şeyler var.</i>;<i><dog> ne cesse de gémir de désespoir. Quelque chose ne va pas.</i>;<i><dog> gime desesperadamente. Hay algo que no es normal.</i>;<i><dog>は弱々しく「クゥーン」と鳴いた。+様子がおかしい。</i>;<i><dog>은(는) 작은 소리로 끙끙거리며 울고 있다. 모습이 이상하다. </i>;<i>（<dog>在绝望地呻吟，+似乎有些不对劲。）</i>;<i>（<dog>在絕望地呻吟，+似乎有些不對勁。）</i>;<i><dog> jault verzweifelt. Irgendetwas stimmt nicht.</i>;<i><dog> жалобно скулит. Что-то не так.</i>;<i><dog> geme disperato. C'è qualcosa che non va.</i>;<i><dog> chora de desespero. Algo está errado.</i>;<i>Pat the dog</i>;<i>Köpeği sev</i>;<i>Caresser le chien</i>;<i>Acariciar al perro</i>;<i>（犬をなでる）</i>;<i>개를 쓰다듬는다.</i>;<i>（轻拍那只狗）</i>;<i>（輕拍那只狗）</i>;<i>Den Hund streicheln</i>;<i>Погладить собаку</i>;<i>Accarezzare il cane</i>;<i>Fazer carinho no cão</i>;;;;;;;;;;;;;<i>Kick the dog</i>;<i>Köpeğe tekme at</i>;<i>Frapper le chien</i>;<i>Darle una patada al perro</i>;<i>（犬を蹴る）</i>;<i>개를 걷어찬다.</i>;<i>（踢那条狗）</i>;<i>（踢那條狗）</i>;<i>Den Hund treten</i>;<i>Пнуть собаку</i>;<i>Colpire il cane</i>;<i>Chutar o cão</i>;;;;;;;;;;;;;
726;dog;Little King, little puppet.;Kralcık, kuklacık.;Petit Roi, petite marionette.;Reyecillo, marioneta.;ちっぽけな王よ。操り人形よ。;보잘것 없는 왕이여. 꼭두각시 인형이여.;小国王，小木偶。;小國王，小木偶。;Kleiner König, kleine Marionette.;Маленький Король, маленькая марионетка.;Piccolo Re, piccola marionetta.;Pequeno rei, pequeno fantoche.;;;;;;;;;;;;;;;;;;;;;;;;;;;;;;;;;;;;;;;;;;;;;;;;;
727;merchant;A new millenium is dawning and you are still here.;Yeni bir milenyuma giriyoruz ve sen hala buradasın.;Nous sommes à l'aube d'un nouveau millénaire et tu es toujours là.;Estamos empezando un nuevo milenio y tú todavía sigues aquí.;再び世紀末を迎えたが、+お前はまだ、あきらめない。;다시 새로운 세기를 맞았지만 그대는 아직 포기하지 않았군.;又一个千年就要来了，+可你还停留在原地呀。;又一個千年就要來了，+可你還停留在原地呀。;Ein neues Jahrtausend bricht an, und Ihr seid immer noch da.;Начинается новое тысячелетие, а ты все еще здесь.;Un nuovo millennio sta sorgendo e Voi siete ancora qui.;Um novo milênio se aproxima, e você ainda está aqui.;;;;;;;;;;;;;;;;;;;;;;;;;;;;;;;;;;;;;;;;;;;;;;;;;
728;queen;You're not giving up easily, I grant you that.;Pek kolay pes etmiyorsun, hakkını vereyim.;Tu n'abandonnes pas facilement, je te le concède.;No te rindes fácilemente, lo reconozco.;その気骨だけは、認めてやろう。;그 끈기만은 인정해 주지.;我承认，+你不会轻易言败。;我承認，+你不會輕易言敗。;Leicht gebt Ihr nicht auf, das räume ich ein.;Ты не сдашься просто так, я тебе обещаю.;Non vi arrendete facilmente, ve lo riconosco.;Você não desiste fácil, isso é verdade.;;;;;;;;;;;;;;;;;;;;;;;;;;;;;;;;;;;;;;;;;;;;;;;;;
729;queen;But I'm bored, so this will be our last meeting. ;Ama sıkıldım, o yüzden bu seferki son buluşmamız olacak.;Mais je m'ennuie, ce sera donc notre dernière entrevue.;Pero me aburro, éste será por tanto nuestro último encuentro.;しかし俺はつきあいきれぬ。+お前のもとを訪れるのは、+これが最後となるだろう。;하지만 이제 지루해. 이게 널 만나는 마지막이 될 것이다.;但我已经厌倦了，+所以这将是我们最后一次碰面了。;但我已經厭倦了，+所以這將是我們最後一次碰面了。;Aber mir ist langweilig, daher wird das unser letztes Treffen.;Но мне уже надоело, так что эта встреча будет последней.;Ma io sono annoiata, quindi questo sarà il nostro ultimo incontro.;Mas estou entediado, portanto, esse será nosso último encontro.;;;;;;;;;;;;;;;;;;;;;;;;;;;;;;;;;;;;;;;;;;;;;;;;;
730;merchant;I will forget you here and find myself another soul to torture.;Seni burada unutacak, işkence edecek bir başka ruh bulacağım.;Je vais t'oublier ici et me trouver une autre âme à torturer.;Te olvido y me voy en busca de otro alma a la que torturar.;お前のことは忘れて、別の魂を呪いにゆこう。;너는 내버려 두고 다른 영혼을 저주하러 가겠어.;我会把你遗忘在这里，+然后去找下一个可以折磨的灵魂。;我會把你遺忘在這裏，+然後去找下一個可以折磨的靈魂。;Ich vergesse Euch und suche mir eine andere Seele, die ich quäle.;Я оставлю тебя здесь и найду себе другую душу, чтобы мучить ее.;Vi dimenticherò qui e mi troverò un'altra anima da torturare.;Eu o esquecerei aqui e encontrarei outra alma para torturar.;;;;;;;;;;;;;;;;;;;;;;;;;;;;;;;;;;;;;;;;;;;;;;;;;
731;merchant;I grant you one last death wish. Choose well.;Sana son bir ölüm arzusu sunuyorum. Seçimini iyi yap.;Je t'accorde un dernier vœu de mort. Choisis bien.;Te concedo un último deseo de muerte. Elige bien.;最後にもう1人だけ、+お前の望む者を殺してやる。+よく考え、選ぶがいい。;마지막으로 또 한 명만 네가 원하는 사람을 죽여 주지.  잘 생각한 뒤 선택해.;我应允你最后一个遗愿。+好好选择。;我應允你最後一個遺願。+好好選擇。;Einen letzten Todeswunsch gewähre ich Euch. Wählt weise.;У тебя есть последнее пожелание смерти. Выбирай разумно.;Vi concedo un ultimo desiderio. Scegliete bene.;Eu lhe ofereço um último pedido. Escolha bem.;;;;;;;;;;;;;;;;;;;;;;;;;;;;;;;;;;;;;;;;;;;;;;;;;
732;dog;I promise you that the one you show me will die. I never fail.;Bana gösterdiğin kişinin öleceğine söz veriyorum. İstisnasız.;Je te promets que celui que tu me désigneras mourra. Je ne rate jamais.;Te prometo que aquél que tu me digas, morirá. Nunca fallo.;お前に指名された者は、必ず死ぬ。+逃れるすべはない。;네가 지명한 자는 반드시 죽는다. 피할 수는 없어.;你在我面前提到的那个人一定会死。+我绝不会失手。;你在我面前提到的那個人一定會死。+我絕不會失手。;Derjenige, den Ihr bestimmt, wird sterben, versprochen. Ich scheitere nie.;Обещаю, тот, на кого ты укажешь, умрет. Я никогда не промахиваюсь.;Vi prometto che colui che mi indicherete morirà. Non fallisco mai.;Eu prometo que quem você me mostrar morrerá. Eu nunca falho.;;;;;;;;;;;;;;;;;;;;;;;;;;;;;;;;;;;;;;;;;;;;;;;;;
733;skeleton;May I be of assistance to your Church?;Kilisene yardımcı olabilir miyim?;Puis-je assister votre Église ?;¿Puedo asistir a vuestra iglesia?;教会に協力してもいいか？;교회에 협력해 줄까?;宗教方面有什么我能帮忙的吗？;宗教方面有什麼我能幫忙的嗎？;Kann ich etwas für Eure Kirche tun?;Могу ли я быть полезен вашей Церкви?;Posso essere d'aiuto alla Vostra Chiesa?;Posso ajudar a Igreja?;;;;;;;;;;;;;;;;;;;;;;;;;;;;;;;;;;;;;;;;;;;;;;;;;
734;skeleton;May I be of assistance to your Army?;Orduna yardımcı olabilir miyim?;Puis-je assister votre armée ?;¿Puedo asistir a vuestro ejército?;兵士たちに力を貸してもいいか？;병사들에게 힘을 빌려줄까?;军务方面有什么我能帮忙的吗？;軍務方面有什麼我能幫忙的嗎？;Kann ich etwas für Eure Armee tun?;Могу ли я быть полезен вашей Армии?;Posso essere d'aiuto al Vostro esercito?;Posso ajudar o Exército?;;;;;;;;;;;;;;;;;;;;;;;;;;;;;;;;;;;;;;;;;;;;;;;;;
735;skeleton;May I be of assistance to your People?;Halkına yardımcı olabilir miyim?;Puis-je assister votre peuple ?;¿Puedo asistir a vuestro pueblo?;お前の国の民を助けてやってもいいか？;네 나라 백성들을 도와줄까?;民生方面有什么我能帮忙的吗？;民生方面有什麼我能幫忙的嗎？;Kann ich etwas für Euer Volk tun?;Могу ли я быть полезен вашему Народу?;Posso essere d'aiuto al Vostro popolo?;Posso ajudar o povo?;;;;;;;;;;;;;;;;;;;;;;;;;;;;;;;;;;;;;;;;;;;;;;;;;
736;skeleton;May I be of assistance to your Treasury?;Hazinene yardımcı olabilir miyim?;Puis-je assister votre trésor ?;¿Puedo asisitir a vuestro tesoro?;国庫に金を補充してもいいか？;국고에 금을 채워줄까?;财政方面有什么我能帮忙的吗？;財政方面有什麼我能幫忙的嗎？;Kann ich etwas für Eure Schatzkammer tun?;Могу ли я быть полезен вашему Казначейству?;Posso essere d'aiuto al Vostro tesoro?;Posso ajudar o tesouro?;;;;;;;;;;;;;;;;;;;;;;;;;;;;;;;;;;;;;;;;;;;;;;;;;
737;skeleton;It feels like someone is tickling me <i>(laughing)</i>. Please carry on!;Sanki birisi beni gıdıklıyor <i>(gülüyor)</i>. Lütfen devam et!;On dirait que quelqu'un essaye de me chatouiller <i>(riant)</i>. Je vous en prie, continuez !;Diría que alguien me está haciendo cosquillas <i>(riendo)</i>. ¡Por favor, continuad!;うん…？誰か俺をくすぐってるのか？+ハハ…ハハハハハ！;응...? 누가 날 간지럽히나? 하하... 하하하하하!;就好像有人在挠我痒一样。+<i>（笑）</i>+请继续！;就好像有人在撓我癢一樣。+<i>（笑）</i>+請繼續！;Es fühlt sich an, als würde jemand mich kitzeln. <i>(lacht)</i> Bitte macht weiter!;Кажется, меня кто-то щекочет <i>(смеется)</i>. Пожалуйста, продолжай!;È come se qualcuno mi facesse il solletico  <i>(ridendo)</i>. Per favore, continuate!;Parece que alguém está me fazendo cócegas <i>(rindo)</i>. Continue!;The Devil!;Şeytan!;Le démon !;¡El demonio!;悪魔だ！;악마다!;恶魔！;惡魔！;Der Teufel!;Дьявол!;Il Demonio!;O Diabo!;;;;;;;;;;;;;The Devil!;Şeytan!;Le démon !;¡El demonio!;悪魔だ！;악마다!;恶魔！;惡魔！;Der Teufel!;Дьявол!;Il Demonio!;O Diabo!;;;;;;;;;;;;;
738;dog;What did you do, despicable worm?;Ne yaptın sen, hain böcek?;Qu'as-tu fait, méprisable vermisseau ?;¿Qué has hecho, gusano infecto?;貴様…なにをした…？;네놈... 무슨 짓을 했나...?;你这卑鄙的蛆虫，+干了什么好事？;你這卑鄙的蛆蟲，+幹了什麼好事？;Was habt Ihr getan, abscheulicher Wurm?;Что ты сделал, жалкий червяк?;Che cosa fai, spregevole verme?;O que você fez, seu verme desprezível!?;;;;;;;;;;;;;;;;;;;;;;;;;;;;;;;;;;;;;;;;;;;;;;;;;
739;dog;I can't...;Yapamam...;Je ne peux...;No puedo...;殺せぬ…;죽일 수가 없어...;我办不到……;我辦不到……;Ich kann nicht ...;Я не могу…;Non posso…;Eu não posso...;;;;;;;;;;;;;;;;;;;;;;;;;;;;;;;;;;;;;;;;;;;;;;;;;
740;dog;I can't kill the Skeleton.;İskeleti öldüremem.;Je ne peux pas tuer le squelette.;No puedo matar al esqueleto.;スケルトンを殺すことはできぬッ！;해골을 죽일 주는 없지!;我杀不死这具骷髅。;我殺不死這具骷髏。;Ich kann das Skelett nicht töten.;Я не могу убить Скелета.;Non posso uccidere lo scheletro.;Eu não posso matar o esqueleto.;;;;;;;;;;;;;;;;;;;;;;;;;;;;;;;;;;;;;;;;;;;;;;;;;
741;skeleton;I'm already dead enough, thank you.;Zaten yeterince öldüm ben, teşekkür ederim.;Je suis déjà assez mort comme ça, merci bien.;Ya estoy bastante muerto, muchas gracias.;そう、俺はもう、とっくに死んでいるからな。;나는 벌써 죽었으니까.;我死得已经够彻底了，+谢谢你哟。;我死得已經夠徹底了，+謝謝你喲。;Ich bin schon tot genug, vielen Dank auch.;Я уже достаточно мертв, спасибо.;Sono già abbastanza morto, grazie.;Eu já estou bem morto, obrigado.;;;;;;;;;;;;;;;;;;;;;;;;;;;;;;;;;;;;;;;;;;;;;;;;;
742;dog;Noooooo! Warf! Warf! <i>(tail wriggling)</i>;Hayır! Hav! Hav! <i>(kuyruğu sallanıyor)</i>;Noooooon ! Noouarf ! Ouarf ! <i>(<dog> balaye l'air de sa queue)</i>;¡Noooo! ¡Guau! <i><dog> barre el aire con su cola.</i>;ノオオオオオォォォ！+…ウワン！ワンッ！ヘッ…ヘッ…;안 돼!!!!! ...왕! 왕! 헥... 헥...;不！汪！汪！+<i>（扭动尾巴）</i>;不！汪！汪！+<i>（扭動尾巴）</i>;Neeeeeein! Waff! Waff! <i>(wedelt mit dem Schwanz)</i>;Не-е-е-е-е-е-е-ет! Гав! Гав! <i>(машет хвостом)</i>;Nooooo! Warf! Warf! <i>(dimena la coda)</i>;Nããão! Au! Au! <i>(balançando a cauda)</i>;;;;;;;;;;;;;;;;;;;;;;;;;;;;;;;;;;;;;;;;;;;;;;;;;
743;end>final_free;<i>You broke the curse. Well done!</i>;<i>Laneti ortadan kaldırdınız. Tebrikler!</i>;<i>Vous avez rompu la malédiction ! Bravo !</i>;<i>¡Habéis roto la maldición! ¡Bien hecho!</i>;<i>呪いは解けた！</i>;<i>저주가 풀렸다! </i>;<i>你打破了诅咒。+干得漂亮！</i>;<i>你打破了詛咒。+幹得漂亮！</i>;<i>Ihr habt den Fluch gebrochen. Gut gemacht!</i>;<i>Ты разрушил проклятие. Отличная работа!</i>;<i>Avete infranto la maledizione. Ben fatto!</i>;<i>Você quebrou a maldição. Muito bem!</i>;;;;;;;;;;;;;;;;;;;;;;;;;;;;;;;;;;;;;;;;;;;;;;;;;
744;ghost;The Devil is gone. We're stuck here for ever. Are you not tired of this?;Şeytan gitti. Ebediyen burada sıkıştık kaldık. Bundan bıkmadın mı?;Le démon est parti. Nous sommes coincés ici pour l'éternité. N'êtes-vous pas fatigué ?;El demonio se ha ido. Estamos aquí atrapados para siempre. ¿No estáis cansado?;悪魔は去った。+呪いを解くすべも、永遠に失われた。+お前ももう、いいかげんにうんざりではないか？;악마는 떠났다. 저주를 풀 기회도 영원히 사라졌다.  너도 이제 지루하지 않나?;恶魔已经不见了。+我们被永远困在这里了。+你还没有厌倦这些吗？;惡魔已經不見了。+我們被永遠困在這裏了。+你還沒有厭倦這些嗎？;Der Teufel ist fort. Wir sitzen hier auf ewig fest. Seid Ihr es nicht leid?;Дьявол исчез. Мы застряли здесь навсегда. Ты еще не устал от этого?;Il diavolo se n'è andato. Siamo bloccati qui per sempre. Non siete stanco di tutto questo?;O Diabo se foi! Agora estamos presos aqui para sempre. Você não está cansado?;;;;;;;;;;;;;;;;;;;;;;;;;;;;;;;;;;;;;;;;;;;;;;;;;
745;end>final_loop;<i>You didn't break the curse. Try again!</i>;<i>Laneti ortadan kaldıramadınız. Tekrar deneyin!</i>;<i>Vous n'avez pas rompu la malédiction ! Réessayez !</i>;<i>¡Aún no habéis roto la maldición! ¡Intentadlo de nuevo! </i>;<i>呪いを解けなかった…+もう一度初めから挑戦！</i>;<i>저주를 풀지 못했다... 다시 처음부터 도전하자!</i>;<i>（你没能打破诅咒。+再试一次！）</i>;<i>（你沒能打破詛咒。+再試一次！）</i>;<i>Ihr habt den Fluch nicht gebrochen. Versucht es nochmal!</i>;<i>Тебе не удалось снять проклятие. Попробуй снова!</i>;<i>Non avete infranto la maledizione. Riprovate!</i>;<i>Você não quebrou a maldição! Tente novamente!</i>;;;;;;;;;;;;;;;;;;;;;;;;;;;;;;;;;;;;;;;;;;;;;;;;;
746;ghost;Still no luck tricking the Devil?;Yine mi Şeytanı kandıramadın?;Vous n'avez pas réussi à jouer un tour au démon ?;¿Acaso no habéis conseguido jugársela al diablo?;まだ悪魔を欺けぬか？;아직 악마를 속이지 못했나?;还是没能幸运地骗过恶魔吗？;還是沒能幸運地騙過惡魔嗎？;Immer noch kein Glück beim Betrügen des Teufels?;Все еще не удалось обмануть Дьявола?;Ancora non siete riuscito a ingannare il diavolo?;Ainda não conseguiu enganar o Diabo?;;;;;;;;;;;;;;;;;;;;;;;;;;;;;;;;;;;;;;;;;;;;;;;;;
747;ghost;Keep looking then. This dungeon is murky.;Aramaya devam et. Bu zindan pek kasvetli.;Continuez à chercher. Ce donjon est insalubre.;Seguid buscando. Esta mazmorra es insalubre.;この暗い地下牢を、よく探してみることだ。;이 어두운 지하감옥을 잘 찾아보게나.;继续找吧。+地下城很昏暗。;繼續找吧。+地下城很昏暗。;Dann sucht weiter. Das Verlies ist düster.;Продолжай искать. В подземелье темно.;Continuate a cercare. Questa prigione è torbida.;Continue tentando. Essa masmorra é obscura.;;;;;;;;;;;;;;;;;;;;;;;;;;;;;;;;;;;;;;;;;;;;;;;;;
748;dog;Hahaha! you tried to trick me by choosing the Spirit of the Fallen?;Hahaha! Ölmüşlerin Ruhunu seçerek beni kandırmaya mı çalıştın?;Hahaha ! Vous avez essayé de me jouer un tour en choisissant l'Esprit des Déchus comme victime ?;Mmm... ¿Me la habéis intentado jugar eligiendo al Espíritu de los Caídos como víctima?;ハハハハハ…！浅はかな！+「亡者」を選択すれば、+俺を欺けると思ったか。;하하하하하...! 얕은 꾀를 쓰다니!  "망자"를 선택하면 나를 속일 수 있을 거라 생각했나?;哈哈哈！+你居然选择亡者之灵来愚弄我？;哈哈哈！+你居然選擇亡者之靈來愚弄我？;Hahaha! Ihr versucht mich zu betrügen, indem Ihr den Geist der Gefallenen wählt?;Ха-ха-ха! Ты пытался обмануть меня, выбрав Дух Падшего?;Ah ah ah! Avete provato a ingannarmi scegliendo lo Spirito dei caduti?;Hahaha! Você tentou me enganar escolhendo o Espírito dos Caídos?;;;;;;;;;;;;;;;;;;;;;;;;;;;;;;;;;;;;;;;;;;;;;;;;;
749;dog;Don't you understand?;Anlamıyor musun?;Ne comprends-tu donc pas?;¿No te das cuenta?;お前はなにもわかっていない。;너는 아무것도 모르는군.;你不明白吗？;你不明白嗎？;Versteht Ihr es immer noch nicht?;Ты все еще не понял?;Non capite?;Não entendeu ainda?;;;;;;;;;;;;;;;;;;;;;;;;;;;;;;;;;;;;;;;;;;;;;;;;;
750;dog;The Ghost is you. Your consciousness, your memory.;Hayalet sensin. Kendi bilincin, hafızan.;Le fantôme c'est toi, petit Roi. Il est ta conscience, tes souvenirs accumulés au fil des siècles.;Tú eres el fantasma, reyecillo. Es tu conciencia, tu memoria acumulada siglo tras siglo.;あの亡霊は、お前だ。+お前の心、お前の記憶…;그 망령은 너다. 너의 의식, 너의 기억...;那个幽灵就是你自己啊。+你的意识，你的回忆。;那個幽靈就是你自己啊。+你的意識，你的回憶。;Der Geist seid Ihr. Er ist Euer Bewusstsein, Eure Erinnerungen.;Призрак — это ты. Твое сознание и твоя память.;Il fantasma siete voi. La Vostra coscienza, la Vostra memoria.;O fantasma é você mesmo! Sua consciência, sua memória!;;;;;;;;;;;;;;;;;;;;;;;;;;;;;;;;;;;;;;;;;;;;;;;;;
751;dog;You're committing suicide.;İntihar ediyorsun.;Tu es en train de te suicider.;Te estás suicidando.;お前は今、自らの死を選んだのだ。;넌 이제 스스로 죽음을 택한 것이다.;你这是在自取灭亡。;你這是在自取滅亡。;Ihr begeht Suizid.;Ты совершаешь самоубийство.;Vi state suicidando.;Você está se matando!;;;;;;;;;;;;;;;;;;;;;;;;;;;;;;;;;;;;;;;;;;;;;;;;;
752;dog;An endless suicide in Hell. Hahahaha!;Cehennemde, sonsuz bir intihar. Hahahaha!;Un suicide sans fin en enfer. Hahahahahaha!;Un suicidio eterno en el infierno. ¡Ja ja ja!;地獄で、永遠に自分を殺し続けるがいい！+ハハハハハ！;지옥에서 영원히 자신을 죽이도록! 하하하하하!;在地狱里无止境地自杀。+哈哈哈！;在地獄裏無止境地自殺。+哈哈哈！;Einen endlosen Suizid in der Hölle. Hahahaha!;Бесконечное самоубийство в Аду! Ха-ха-ха-ха!;Un suicidio eterno all'inferno. Ah ah ah ah!;Um eterno suicídio no inferno! HAHAHAHA!;;;;;;;;;;;;;;;;;;;;;;;;;;;;;;;;;;;;;;;;;;;;;;;;;
753;end>final_hell;It never ended.;Asla son bulmadı.;Il n'y eut jamais de fin à votre calvaire.;Vuestro calvario nunca tuvo final.;王は無限の地獄に落ちた。;왕은 끝없는 지옥으로 떨어졌다.;这永远不会结束。;這永遠不會結束。;Euer Leid endet nie.;Этому нет конца.;Non è mai finita.;Nunca acabou.;;;;;;;;;;;;;;;;;;;;;;;;;;;;;;;;;;;;;;;;;;;;;;;;;
754;end>dead_king_grand;<i>You manage to kill the dragon with excalibur but are badly wounded in the process. You're given the funeral of a true hero.</i>;<i>Ejderhayı ekskalibur ile öldürmeyi başarıyor ama bu esnada ağır yara alıyorsunuz. Sizin için gerçek bir kahraman cenazesi gerçekleştiriliyor.</i>;<i>Vous réussissez à tuer le dragon grâce à excalibur mais êtes gravement blessé. Vos obsèques sont dignes d'un vrai héros.</i>;<i>Conseguís matar al dragón gracias a Excalibur pero estáis gravemenet herido.</i>;<i>王はエクスカリバーでドラゴンを倒したが、+戦いの最中に致命傷を負い、+真の英雄として葬られた。</i>;<i>왕은 엑스칼리버로 드래곤을 쓰러뜨렸지만,  전투 중 치명상을 입고 진정한 영웅으로 추앙되었다. </i>;<i>（您用石中剑杀死了巨龙，+但却在搏斗中受了重伤。+您像英雄一般被厚葬。）</i>;<i>（您用石中劍殺死了巨龍，+但卻在搏鬥中受了重傷。+您像英雄一般被厚葬。）</i>;<i>Ihr tötet den Drachen mit Excalibur, werdet aber schwer verwundet. Ihr erhaltet ein Heldenbegräbnis.</i>;<i>Вы убили Дракона экскалибуром, но были тяжело ранены. Вас хоронят с почестями, как настоящего героя.</i>;<i>Riuscite a uccidere il drago con Excalibur, ma siete gravemente ferito. Vi viene tributato il funerale di un vero eroe.</i>;<i>Você mata o dragão com a Excalibur, mas se fere gravemente. Você recebe um funeral de herói.</i>;;;;;;;;;;;;;;;;;;;;;;;;;;;;;;;;;;;;;;;;;;;;;;;;;
755;end>dead_king_burned_burn;<i>The dragon is really dangerous after all.</i>;<i>Meğer ejderha gerçekten de tehlikeliymiş.</i>;<i>Le dragon est vraiment dangereux en fin de compte.</i>;<i>En efecto, el dragón es muy peligroso.</i>;<i>ドラゴンはやはり、危険な怪物だった。</i>;<i>드래곤은 역시 위험한 괴물이었다. </i>;<i>（毕竟这条龙真很危险。）</i>;<i>（畢竟這條龍真很危險。）</i>;<i>Der Drache erweist sich letztlich als tödliche Gefahr.</i>;<i>Как ни крути, а Драконы опасны.</i>;<i>Tutto sommato il drago è davvero pericoloso.</i>;<i>O dragão é realmente perigoso.</i>;;;;;;;;;;;;;;;;;;;;;;;;;;;;;;;;;;;;;;;;;;;;;;;;;
756;foreign_princess;Duel with me, show the world you can fight your own battles. But if you fail, you will have to leave Lamascus.;Benimle düello yap, dünyaya kendi savaşlarını savaşabileceğini göster. Eğer kaybedersen, Çam'dan çekilmek zorundasın.;Accordez-moi un duel, montrez au monde que vous menez vos propres batailles. Mais si vous perdez, vous quittez Lamascus.;Concededme un duelo, demostradle al mundo que sois dueño de vuestras propias batallas. Pero si perdéis, abandonaréis Lamasco.;決闘を申し込みます、陛下。+ご自分で始めた戦は、ご自分で戦うのが+筋というもの。ただし私が勝った暁には、+ラマスクスから引き上げていただきます。;결투를 신청합니다, 폐하.  직접 시작한 전투는 직접 싸우는 것이 이치겠지요.  하지만 제가 이기면 바로 라마스쿠스에서 떠나시길.;来和我决斗吧，+让天下人见证你能独自应对挑战。+但如果你输了，你必须离开拉马士革。;來和我決鬥吧，+讓天下人見證你能獨自應對挑戰。+但如果你輸了，你必須離開拉馬士革。;Duelliert Euch mit mir und zeigt, dass Ihr kämpfen könnt. Verliert Ihr jedoch, müsst Ihr Lamaskus verlassen.;Выходите на дуэль со мной, покажите всему миру, что можете сражаться в битвах. Проиграете — покинете Ламаск.;Sfidatemi a duello, mostrate al mondo che siete in grado di combattere le Vostre battaglie. Ma se fallite, dovrete lasciare Lamasco.;Duele contra mim e mostre ao mundo que você luta seus próprios combates. Se perder, você deixará Lamascus.;En garde!;Gardını al!;En garde !;¡En guardia!;いざ、勝負！;자, 승부하자!;来决斗吧！;來決鬥吧！;En garde!;Защищайтесь!;In guardia!;En garde!;;;;;;;;;;;;;;;;;;;;;;;;;;;;;;;;;;;;;
757;foreign_princess;I won. Now end this crusade.;Ben kazandım. Artık bu seferi durdur.;J'ai gagné. Mettez un terme à cette croisade.;He ganado. Abandonad la cruzada.;私の勝ちですわ。+ただちにこの“聖戦”を終わらせてください。;제가 이겼군요. 이 "성전"을 바로 끝내 주십시오.;我赢了。+现在结束这场圣战吧。;我贏了。+現在結束這場聖戰吧。;Ich habe gewonnen. Jetzt beendet diesen Kreuzzug.;Я победил. Заканчивайте свой крестовый поход.;Ho vinto. Ora ponete fine alla crociata.;Eu venci. Agora acabe com essa cruzada.;;;;;;;;;;;;;;;;;;;;;;;;;;;;;;;;;;;;;;;;;;;;;;;;;
758;foreign_princess;I... What was that move? <i>(she ran away)</i>;Ben... Bu hamle neydi? <i>(kaçtı)</i>;Je... Qu'est ce que c'était que ce coup ? <i>(elle part en courant)</i>;Yo... ¿Qué ha sido eso? <i>(Se va corriendo)</i>;そんな… あんな技、初めて見たわ…+<i>（王女は逃げていく）</i>;저런 기술, 처음 보는데... <i>(공주는 도망간다.)</i>;我……刚刚那是什么招数？+<i>（她逃跑了）</i>;我……剛剛那是什麼招數？+<i>（她逃跑了）</i>;Ich ... Was war das für eine Technik? <i>(Sie läuft weg)</i>;Я… Что это был за прием? <i>(убежала прочь)</i>;Io… Cos'era quella mossa? <i>(corre via)</i>;Eu... que golpe foi aquele? <i>(ela foge)</i>;Run faster...;Daha hızlı kaç!;Plus vite !;¡Más rápido!;もっと速く走って+逃げる…;더 빨리 달려 도망을...;跑快点……;跑快點……;Lauft schneller ...;Беги быстрей…;Più veloce…;Corra depressa...;;;;;;;;;;;;;Don't go!;Kaçma!;Ne t'en va pas !;¡No te vayas!;行くな！;가지 마!;别走！;別走！;Geht nicht!;Стой!;Non andartene!;Não vá!;;;;;;;;;;;;;
759;foreign_princess;Now you will feel the wrath of the Seven Sabers of Amran.;Şimdi Amran'ın Yedi Kılıcı'nın gazabını hissedeceksin.;Maintenant tu vas goûter à la colère des sept sabres d'Amran.;Ahora vas a probar la cólera de los siete sables de Amran.;アムラーンの七剣が相手よ！+彼らの怒りを味わいなさい！;암란의 칠검입니다. 그 분노를 맛보시길!;现在感受阿姆兰七剑客的愤怒吧。;現在感受阿姆蘭七劍客的憤怒吧。;Jetzt spürt Ihr den Zorn der sieben Säbel von Amran.;Сейчас ты познаешь гнев семи сабель Амрана.;Ora proverete l'ira delle sette sciabole di Amran;Você sentirá a ira dos sete sabres de Amran.;That's 6 too many;Altısı gereksiz;C'est 6 de trop;Éso son 6 de más;7対1とは、卑怯だぞ;7대 1이라니 비겁하군.;恐怕多了六个吧;恐怕多了六個吧;Das sind sechs zu viel;Что-то не видно еще шести;Sono 6 di troppo;São 6 a mais do que dou conta;;;;;;;;;;;;;I don't feel anything;Bir şey hissetmiyorum;Je ne goûte pas;No siento nada;痛くもかゆくもない;아무렇지도 않네만.;我毫无感觉;我毫無感覺;Ich spüre gar nichts;Ничего не чувствую;Non sento niente;Eu não sinto nada;;;;;;;;;;;;;
760;viking;Son of a demon, look at me... <i>(he steals a sword from a guard and threatens you)</i>;Şeytanın evladı, bana bak... <i>(Bir muhafızdan kılıç çalıp sizi tehdit ediyor)</i>;Fils du démon, regarde-moi. <i>(il a volé l'épée d'un garde et vous menace)</i>;Hijo del Diablo, mírame. <i>(Ha robado la espada a uno de los guardas y os amenaza)</i>;悪魔の申し子め、俺を見ろ！+<i>（男は衛兵の剣を奪い、王に挑んだ）</i>;악마의 자식이여, 나를 봐라!  <i>(남자는 위병의 칼을 빼앗아 왕에게 도전한다.)</i>;恶魔之子，看着我……+<i>（他从守卫那里偷了把剑并威胁着你）</i>;惡魔之子，看著我……+<i>（他從守衛那裏偷了把劍並威脅著你）</i>;Sohn des Teufels, seht her. <i>(Er entreißt einer Wache das Schwert und bedroht Euch)</i>;Посмотри на меня, сын дьявола. <i>(он украл меч у стражника и угрожает вам)</i>;Figlio di un demonio, guardatemi… <i>(ruba la spada di una guardia e Vi minaccia)</i>;Filho do demônio, olhe para mim! <i>(ele roubou uma espada de um guarda e ameaça você)</i>;En garde!;Gardını al!;En garde !;¡En guardia!;いざ、勝負！;자, 승부하자!;来决斗吧！;來決鬥吧！;En garde!;Защищайтесь!;In guardia!;En garde!;;;;;;;;;;;;;<i>Run away</i>;<i>Kaçın</i>;<i>Courir</i>;<i>Correr</i>;<i>（逃げる）</i>;<i>도망간다.</i>;<i>（逃走）</i>;<i>（逃走）</i>;<i>Weglaufen</i>;<i>Убежать</i>;<i>Scappare</i>;<i>Fugir</i>;<i><viking> is hacked to pieces by the guards while you run away.</i>;<i>Siz kaçarken <viking> muhafızlar tarafından parçalara ayrılıyor.</i>;<i><viking> est mis en pièces par la garde pendant que vous prenez la fuite.</i>;<i><viking> es escoltado mientras que vos huís.</i>;<i>王が逃げたすきに、衛兵たちが+<viking>を+めった切りにした。</i>;<i>왕이 도망간 틈을 타 위병들이 <viking>을 난도질했다. </i>;<i>（<viking>在你逃跑时+被守卫砍成了碎肉。）</i>;<i>（<viking>在你逃跑時+被守衛砍成了碎肉。）</i>;<i><viking> wird von den Wachen in Stücke gehackt, während Ihr weglauft.</i>;<i><viking> порублен на куски стражниками, пока вы убегаете.</i>;<i>Mentre fuggite, <viking> viene fatto a pezzi dalle guardie.</i>;<i><viking> é feito em pedaços pelos guardas enquanto você corre.</i>;
761;end>dead_king_duel;<i>Before collapsing, you hear <viking> whisper</i> They are all dead... My children. ;<i>Yere düşmeden önce, <viking> bir şey fısıldıyor, duyuyorsunuz</i> Hepsi öldü... Evlatlarım.;<i>Avant de vous effondrer, vous entendez <viking> chuchoter</i> Ils sont tous morts... Mes enfants.;<i>Antes de derrumbaros, escucháis <viking> susurrando</i> Están todos muertos... mis hijos.;<i>倒れる直前、王は+<viking>のささやく声を+聞いた。</i>「俺の子供たちは…+ひとり残らず死んだ…」;<i>쓰러지기 직전 왕은 <viking>의 속삭이는 목소리를 들었다.  </i> 내 아이들은... 하나도 남김없이 죽었다...;<i>（在倒塌之前，+你听见<viking>在低语）</i>+我的孩子……他们都死了。;<i>（在倒塌之前，+你聽見<viking>在低語）</i>+我的孩子……他們都死了。;<i>Bevor er zusammenbricht, flüstert <viking>:</i> Sie sind alle tot ... meine Kinder.;<i>Прежде, чем рухнуть, ты слышишь, как <viking> шепчет</i> Мои дети… Они все мертвы.;Prima di stramazzare, sentite <viking> sussurrare </i> Sono tutti morti… I miei figli.;<i>Antes de cair, você ouve <viking> sussurrar</i> Estão mortos... todos os meus filhos...;;;;;見逃してやる;놓아 준다.;;;;;;;;;;;<i><viking>は+王都に残り、腕のいい料理人となった。+しかしあの日以来、+一言も口を利かなかったという。</i>;<i><viking>은 수도에 남아 솜씨좋은 요리사가 되었다. 그러나 그 날 이후 한 마디도 하지 않았다고 한다. </i>;;;;;;;;;;;衛兵ッ！;위병!;;;;;;;;;;;<i>王は<viking>を+牢に入れた。その日以来、+この男は一言も口を利かなかったという。</i>;<i>왕은 <viking>을 투옥했다. 그 날 이후 한 마디도 하지 않았다고 한다. </i>;;;;;;;
762;viking;My children... They are all dead.;Evlatlarım... Hepsi öldü.;Mes enfants... Ils sont tous morts.;Mis hijos... están todos muertos.;俺の子供たちは…全員死んでしまった…;자식들이... 모두 죽어 버렸어...;我的孩子……他们都死了。;我的孩子……他們都死了。;Meine Kinder ... Sie sind alle tot.;Мои дети… Они все мертвы.;I miei figli… Sono tutti morti.;Meus filhos... estão todos mortos.;You're free to go;Özgürsün;Tu es libre;Eres libre;見逃してやる;놓아 준다.;你可以走了;你可以走了;Ihr seid frei;Ты можешь идти;Sei libero di andare;Você está livre;<i><viking> stayed in the capital. He became a good mason, but never uttered a word after that day.</i>;<i><viking> başkentte kaldı. İyi bir duvar ustası oldu ama o günden sonra tek kelime daha etmedi.</i>;<i><viking> resta dans la capitale. Il devint un bon maçon, mais on ne l'entendit plus dire un mot après ce jour.</i>;<i><viking> se queda en la capital. Se convierte en un buen masón, pero nunca más volvió a pronunciar palabra.</i>;<i><viking>は+王都に残り、腕利きの石工となった。+しかしあの日以来、+一言も口を利かなかったという。</i>;<i><viking>은 수도에 남아 솜씨좋은 석공이 되었다. 그러나 그 날 이후 한 마디도 하지 않았다고 한다. </i>;<i>（<viking>留在了首都。+他成为了一个优秀的石匠，+可自那天起他便沉默不语。）</i>;<i>（<viking>留在了首都。+他成為了一個優秀的石匠，+可自那天起他便沉默不語。）</i>;<i><viking> bleibt in der Hauptstadt. Er wird ein guter Steinmetz, aber er spricht nie mehr ein Wort.</i>;<i><viking> остался в столице. Он стал хорошим каменщиком, но с того дня не произнес ни слова.</i>;<i><viking> si fermò nella capitale. Divenne un buon muratore, ma da quel giorno non proferì più parola.</i>;<i><viking> ficou na capital. Ele se tornou um bom construtor, mas nunca mais disse nenhuma palavra.</i>;Guuard!;Muhafızlar!;Gaaaarde !;¡Guaaardas!;衛兵ッ！;위병!;来人啊，守卫！;來人啊，守衛！;Waaache!;Стра-а-ажа!;Guardieeee!;Guarda!;<i>You put <viking> in prison. He never uttered a word after that day.</i>;<i><viking> hapse düşüyor. O günün ardından tek bir kelime daha etmiyor.</i>;<i>Vous mettez <viking> en prison. On ne l'entendit plus dire un mot après ce jour.</i>;<i>Mandáis a <viking> a la cárcel. Nunca más volvió a abrir la boca después de ese día.</i>;<i>王は<viking>を+牢に入れた。その日以来、+この男は一言も口を利かなかったという。</i>;<i>왕은 <viking>을 투옥했다. 그 날 이후 한 마디도 하지 않았다고 한다. </i>;<i>（你将<viking>投入深牢大狱，+自那天起他便沉默不语。）</i>;<i>（你將<viking>投入深牢大獄，+自那天起他便沉默不語。）</i>;<i><viking> wird ins Gefängnis geworfen. Er spricht nie mehr ein Wort.</i>;<i><viking> в темнице. Он не произнес ни слова с того дня.</i>;<i>Rinchiudete <viking> in prigione. Da quel giorno non proferirà più parola.</i>;<i>Você prendeu <viking>. Ele nunca mais disse nenhuma palavra.</i>;
763;viking;Tonight I will dine in Valhalla with my brothers and my children.;Bu gece kardeşlerim ve evlatlarımla Valhalla'da ziyafet çekeceğim!;Ce soir, je dîne dans le Valhalla avec mes frères et mes enfants.;Esta noche ceno en Valhalla con mis hermanos y mis hijos.;今夜、ヴァルハラでの宴に参会する。+先に逝った兄弟や子供たちと共に。;오늘 발할라의 연회에 참석하겠어. 먼저 간 형제와 아이들과 같이...;今晚我将在英灵殿+宴请我的兄弟和孩子。;今晚我將在英靈殿+宴請我的兄弟和孩子。;Heute Abend werde ich mit meinen Brüdern und Kindern in Walhalla speisen.;Сегодня ночью я буду пировать в Валгалле с моими братьями и детьми.;Questa sera cenerò nel Valhalla con i miei fratelli e i miei figli.;Hoje à noite eu jantarei em Valhalla com meus irmãos e filhos.;Say hi;Selam söyle;Dis bonjour;Pásales los buenos días;よろしく伝えてくれ;안부 전하게.;打招呼;打招呼;Bestellt Grüße von mir;Передавай привет;Salutameli;Cumprimente-os por mim;;;;;;;;;;;;;Sounds barbaric;Kulağa barbarca geliyor;Barbare;Suena bárbaro;なんと野蛮な;정말 야만적이군.;听起来真野蛮;聽起來真野蠻;Klingt barbarisch;Звучит по-варварски;Che cosa barbara;Parece bárbaro;;;;;;;;;;;;;
764;executioner;We seem to have forgotten how to grow strawberries. That's strange. Let me do some research.;Sanırım nasıl çilek yetiştirilir unutmuşuz. Ne tuhaf. Biraz araştırma yapayım.;Nous ne savons plus comment faire pousser des fraises. Vous ne trouvez pas ça étrange ? Je vais faire des recherches.;Ya no sabemos como hacer crecer las fresas. ¿No os parece extraño? Voy a investigarlo.;世界中どこを調べても、+イチゴの栽培方法が失われているようです。+これはどういうことでしょうか…+詳しく調べさせてください。;전세계 어디를 찾아보아도 딸기 재배방법이 사라진 것 같군요.  대체 왜일까요. 자세히 조사해 보겠습니다.;我们好像忘记怎么种草莓了。+这好奇怪。让我来研究一下。;我們好像忘記怎麼種草莓了。+這好奇怪。讓我來研究一下。;Wir scheinen vergessen zu haben, wie man Erdbeeren züchtet. Seltsam. Lasst mich dem nachgehen.;Кажется, мы забыли, как выращивать клубнику. Странно. Позвольте мне провести исследование.;Sembra che abbiamo dimenticato come coltivare le fragole. È strano. Permettetemi di fare qualche ricerca.;Nós esquecemos como cultivar morangos. Que estranho... deixe-me pesquisar.;;;;;;;;;;;;;;;;;;;;;;;;;Executions first;Önce infazlar;Les exécutions d'abord;Las ejecuciones primero;処刑に専念しろ;처형에 집중하라.;先处决;先處決;Erst die Hinrichtungen;Сначала казнь;Prima le esecuzioni;Execuções primeiro;;;;;;;;;;;;;
765;priest;The tower of the basilica is falling apart. We need your help!;Bazilikanın kulesi dağılıyor. Yardımınız gerekiyor!;La tour de la basilique est en train de s'écrouler. Apportez-nous votre aide !;¡La torre de la basílica se está derrumbando!;バシリカの塔が倒壊しかかっております。+修理にご協力を！;성당의 탑이 무너지기 시작하고 있습니다. 수리를 도와주십시오!;大教堂的塔楼塌掉了。+我们需要您的帮助！;大教堂的塔樓塌掉了。+我們需要您的幫助！;Der Turm der Basilika verfällt. Wir brauchen Eure Hilfe!;Башня базилики рушится. Нам нужна ваша помощь!;La torre della Basilica cade a pezzi. Ci serve il Vostro aiuto.;A torre da basílica está caindo aos pedaços. Precisamos de ajuda!;;;;;;;;;;;;;;;;;;;;;;;;;;;;;;;;;;;;;;;;;;;;;;;;;
766;doctor;I would like to meet up with some of my scientist friends from the West, in your castle.;Kalenizde Batıdan bilim insanı arkadaşlarımla buluşmak isterim.;Je voudrais organiser une rencontre scientifique avec quelques confrères de l'Ouest, dans votre château.;Me gustaría organizar un encuentro científico con los hermanos del Oeste, en vuestro castillo.;この城に西部の科学者仲間を集め、+交流会を開きたいのですが。;이 성에서 서쪽의 과학자 동료를 모아 교류회를 열고 싶습니다.;我想见见我那些西方来的科学家朋友，+他们此刻就在您的城堡之中。;我想見見我那些西方來的科學家朋友，+他們此刻就在您的城堡之中。;Ich würde mich gern mit einigen meiner Wissenschaftlerkollegen aus dem Westen in Eurer Burg treffen.;Я бы хотел встретиться с некоторыми моими друзьями-учеными с запада, здесь, в вашем замке.;Vorrei incontrare alcuni scienziati dell'Ovest qui, nel Vostro castello.;Gostaria de me reunir com alguns dos meus amigos cientistas do Oeste no seu castelo.;;;;;;;;;;;;;;;;;;;;;;;;;;;;;;;;;;;;;;;;;;;;;;;;;
767;nobleman;Our beautiful capital smells of garbage half the year. Let's build a sewer system.;Güzeller güzeli başkentimiz, yılın yarısında çöp kokuyor. Kanalizasyon sistemi inşa edelim.;Notre belle capitale sent le cadavre la moitié de l'année. Construisons un système d'égouts.;Nuestra bella capital huele a cadáver durante la mitad del año. Construyamos un sistema de desagües.;春から夏にかけて、+王都は悪臭がひどくなります。+下水道を整備いたしましょう。;봄부터 여름에 걸쳐 수도의 악취가 심해집니다. 하수도를 정비합시다.;我们美丽的都城闻起来像堆放了半年垃圾。+我们来建立下水道系统吧。;我們美麗的都城聞起來像堆放了半年垃圾。+我們來建立下水道系統吧。;Unsere schöne Hauptstadt riecht das halbe Jahr über nach Unrat. Bauen wir eine Kanalisation.;Наша прекрасная столица воняет нечистотами половину года. Давайте построим канализацию.;La nostra bellissima capitale puzza di immondizia per sei mesi all'anno. Costruiamo un sistema fognario.;Nossa capital cheira a lixo durante metade do ano. Vamos construir um sistema de esgoto.;;;;;;;;;;;;;;;;;;;;;;;;;;;;;;;;;;;;;;;;;;;;;;;;;
768;priest;The pilgrimage of Saint Armand draws thousands of people. We would like to monetize this event.;Aziz Armand haccı binlerce kişi çekiyor. Bu olaydan para kazanmak istiyoruz.;Le pélerinage de Saint Armand attire des milliers de personnes. Est-ce que nous pouvons le monétiser ?;El peregrinaje de San Armando atrae miles de personas. ¿Podríamos monetizarlo?;聖アルマンドの墓への巡礼で、+何千という人が王都を訪れます。+教会では、この行事を+収益化したいと考えております。;성 아르망드 묘지 순례로 수천 명의 사람들이 수도를 방문합니다. 교회는 이 행사로 수익을 창출하고자 합니다.;前往圣阿芒的朝圣之旅+吸引了成千上万的人民。+我们想从中得利。;前往聖阿芒的朝聖之旅+吸引了成千上萬的人民。+我們想從中得利。;Die Wallfahrt zum Grab des heiligen Armand zieht Tausende von Leuten an. Dürfen wir daraus Kapital schlagen?;Тысячи людей совершают паломничество к Святому Арману. Мы бы хотели получить из этого доход.;Il pellegrinaggio a Sant'Armando attira migliaia di persone. Vorremmo monetizzare questo evento.;A peregrinação de Santo Armand atrai milhares de pessoas. Queremos monetizar o evento.;;;;;;;;;;;;;;;;;;;;;;;;;;;;;;;;;;;;;;;;;;;;;;;;;
769;foreign_princess;Your merchants are organizing the spice trade for themselves. We could sell ten times more if you open up the market.;Tüccarlarınız baharat ticaretini kendilerine göre ayarlıyor. Pazarı açarsanız on kat fazlasını satabiliriz.;Vos marchands organisent le commerce de l'épice pour eux-mêmes. Vous vendriez dix fois plus en encourageant le marché libre.;Vuestros mercaderes organizan un mercado de especias para ellos mismos. Venderíais diez veces más si permitiéseis el mercado libre.;この国の商人たちは、+香辛料の交易権を独占しています。+自由貿易を認めていただければ、+私の祖国から10倍の量をお売りしましょう。;이 나라 상인들은 향신료 교역권을 독점하고 있습니다.  자유무역을 인정해 주시면 조국에서 10배를 팔아 드리죠.;您的商人们正在自发组织香料贸易。+如果您放开这片市场，我们能卖十倍之多。;您的商人們正在自發組織香料貿易。+如果您放開這片市場，我們能賣十倍之多。;Eure Händler machen den Gewürzhandel unter sich aus. Die Öffnung des Handels würde uns zehnmal mehr bringen.;Ваши купцы торгуют специями между собой. Мы могли бы продать в десять раз больше, если бы вы открыли торговлю.;I Vostri mercanti stanno organizzando il commercio delle spezie da soli. Con un mercato aperto potremmo venderne dieci volte tante.;Os mercadores estão monopolizando a venda de especiarias. Se o comércio for aberto, venderemos muito mais.;;;;;;;;;;;;;;;;;;;;;;;;;;;;;;;;;;;;;;;;;;;;;;;;;
770;bird;<i>The message says: a village in the South is encouraging polygamy.</i>;<i>Mesajda şöyle yazıyor: Güneydeki bir köyde çok eşlilik teşvik ediliyor.</i>;<i>Le message dit : un village du Sud encourage la polygamie.</i>;<i>El mensaje dice: un pueblo del Sur alienta la poligamia.</i>;<i>文にはこう記されている…+「南部の村が、一夫多妻制を推奨している」</i>;<i>이런 문장이 적혀 있다... "남부 마을에서 일부다처제를 시행하고 있다."</i>;<i>信上写道：+南方有个村庄正鼓励一夫多妻。</i>;<i>信上寫道：+南方有個村莊正鼓勵一夫多妻。</i>;<i>Die Nachricht lautet: Ein Dorf im Süden fördert Polygamie.</i>;<i>В сообщении говорится: в деревне на юге поощряют многобрачие.</i>;<i>Il messaggio dice: un villaggio del Sud incoraggia la poligamia.</i>;<i>A mensagem diz: Uma pequena aldeia ao sul está encorajando a poligamia.</i>;<i>Send the army</i>;<i>Orduyu gönderin</i>;<i>Envoyer l'armée</i>;<i>Enviar el ejército</i>;<i>（兵を派遣する）</i>;<i>군사를 파견한다.</i>;<i>（派出军队）</i>;<i>（派出軍隊）</i>;<i>Die Armee entsenden</i>;<i>Послать армию</i>;<i>Inviare l'esercito</i>;<i>Enviar exército</i>;;;;;;;;;;;;;<i>Send the Church</i>;<i>Kiliseyi gönderin</i>;<i>Envoyer l'Église</i>;<i>Enviar el ejército</i>;<i>（聖職者を派遣する）</i>;<i>성직자를 파견한다.</i>;<i>（派遣教会）</i>;<i>（派遣教會）</i>;<i>Die Kirche entsenden</i>;<i>Послать Церковь.</i>;<i>Inviare la Chiesa</i>;<i>Enviar Igreja</i>;;;;;;;;;;;;;
772;jester;Your fortune is expanding. I see new cards! New paths in the fields of your lives.;Şansın artıyor. Yeni kartlar görüyorum! Yaşamlarında yeni patikalar.;Votre fortune s'accroît. Je vois de nouvelles cartes ! De nouvelles voies dans votre destinée.;Vuestra fortuna crece. ¡Veo cartas nuevas! Nuevos caminos en vuestro destino.;陛下！新しいカードが見えるよ！+陛下の人生に、まだ見ぬ未来が開けそうな予感！;폐하에게 행운이 깃들고 있습니다. 새로운 카드가 보이는군요! 폐하의 삶의 색다르게 변할 것입니다.;您的运气越来越好了。+我瞧见了新的卡牌！+你的命运之路产生了新的可能。;您的運氣越來越好了。+我瞧見了新的卡牌！+你的命運之路產生了新的可能。;Euer Schicksal erweitert sich. Ich sehe neue Karten! Neue Pfade in Euren Lebensbereichen.;Ваша удача растет. Я вижу новые карты! Новые дороги на полях ваших жизней.;La Vostra fortuna prospera. Vedo nuove carte! Nuovi percorsi attraverso i campi delle vostre vite.;Sua fortuna está se expandindo. Vejo novas cartas! Novos caminhos nas áreas das suas vidas.;;;;;;;;;;;;;;;;;;;;;;;;;I'm not paying for that;Buna para vermem;Je ne veux pas payer;No pienso pagar ni un céntimo;追加料金は支払わぬぞ;값을 지불하진 않겠다;我不为那个负责;我不為那個負責;Dafür bezahle ich nicht;Я не буду за это платить;Non intendo pagare per questo;Não vou pagar por isso;;;;;;;;;;;;;
773;witch;<jester> is right. A powerful magical force will create new futures for you.;<jester> haklı. Güçlü bir büyü kuvveti sizin için yeni gelecekler oluşturacak.;<jester> a raison. Une grande puissance surnaturelle vous ouvrira de nouveaux horizons.;<jester> tiene razón. Una poderosa fuerza sobrenatural va a abriros nuevos horizontes. ;<jester>の言うとおり。+強力な魔力が、陛下に新たな未来を+もたらすでしょう。;<jester>의 말이 맞사옵니다. 강력한 마법의 힘이 폐하를 위한 새로운 미래를 만들어낼 것입니다.;<jester>说得对。+强大的魔力将为你开创崭新的未来。;<jester>說得對。+強大的魔力將為你開創嶄新的未來。;<jester> hat Recht. Eine mächtige magische Kraft wird neue Zukunften für Euch erschaffen.;<jester> говорит правду. Могущественная магическая сила создаст для вас новые варианты будущего.;<jester> ha ragione. Una potente forza magica creerà per voi nuovi futuri.;<jester> tem razão. Uma poderosa força mágica abrirá novos futuros para você.;;;;;;;;;;;;;;;;;;;;;;;;;How?;Nasıl?;Comment ?;¿Cómo?;詳しく説明せよ;어떠한 방법으로 말인가?;你怎么做到？;你怎麼做到？;Wie das?;Как?;Come?;Como?;;;;;;;;;;;;;
774;jester;There are 3 secrets in this new universe.;Bu yeni evrende 3 sır var.;Dans ce nouvel univers, il y a 3 secrets.;Este nuevo universo guarda 3 secretos.;この新しい世界には、+3つの秘密が潜んでる。;이 새로운 우주에는 세 가지 비밀이 숨겨져 있습니다.;新世界存在着三个秘密。;新世界存在著三個秘密。;Es gibt 3 Geheimnisse in diesem neuen Universum.;В этой новой вселенной есть три секрета.;Ci sono 3 segreti in questo nuovo universo.;Há 3 segredos neste novo universo.;Carry on;Devam et;Continue;Continúa;うむ、続けよ;계속해 보게.;继续;繼續;Fahrt fort;Продолжай;Vai avanti;Continuar;;;;;;;;;;;;;;;;;;;;;;;;;;;;;;;;;;;;;
775;witch;The fake luck can help you discover an unexpected ally in the dungeon.;Sahte şans, zindanda beklenmedik bir müttefik keşfetmenizi sağlayabilir.;La fausse chance peut vous amener à découvrir un allié inattendu dans le donjon.;Una falsa suerte puede llevaros a descubrir un aliado inesperado en la mazmorra.;「偽りの幸運」は、+地下牢にて思いがけぬ味方をもたらすでしょう。;거짓된 행운이 폐하가 지하감옥에서 예기치 못한 동료를 만드는데 도움을 줄 것입니다.;这假造的好运能够帮助你在地牢中+找到一个意料之外的盟友。;這假造的好運能夠幫助你在地牢中+找到一個意料之外的盟友。;Das falsche Glück kann Euch helfen, einen unerwarteten Verbündeten im Verlies zu finden.;Фальшивая удача может помочь вам найти в подземелье неожиданного союзника.;La falsa fortuna può aiutarvi a scoprire un alleato inaspettato nelle prigioni.;A falsa sorte pode ajudar você a descobrir um aliado inesperado na masmorra.;Carry on;Devam et;Continuez;Continuad;うむ、続けよ;계속해 보게.;继续;繼續;Fahrt fort;Продолжай;Vai avanti;Continuar;;;;;;;;;;;;;;;;;;;;;;;;;;;;;;;;;;;;;
776;jester;The ambitious lizard can bring peace for generations to come.;Hırslı kertenkele önümüzdeki nesillere barış getirebilir.;L'ambitieux lézard peut apporter la paix aux générations futures.;El ambicioso lagarto puede traer paz a las generaciones futuras.;「野心に燃えるトカゲ」は、+何世代も続く平和をもたらしてくれるかもね。;야심찬 도마뱀은 한 세대에 평화를 가져올 수 있습니다.;这条雄心勃勃的蜥蜴可以为未来几代人带来和平。;這條雄心勃勃的蜥蜴可以為未來幾代人帶來和平。;Die ehrgeizige Echse kann für Generationen Frieden bringen.;Амбициозный ящер может принести мир на много поколений.;La lucertola ambiziosa può portare pace per le generazioni a venire.;O lagarto ambicioso pode trazer paz às futuras gerações.;Carry on;Devam et;Continue;Continúa;うむ、続けよ;계속해 보게.;继续;繼續;Fahrt fort;Продолжай;Vai avanti;Continuar;;;;;;;;;;;;;;;;;;;;;;;;;;;;;;;;;;;;;
777;witch;The fatal party will not end well, but at least you will die creatively.;Ölümcül partinin sonu iyi olmayacak ama en azından yaratıcı bir biçimde öleceksiniz.;L'issue de la fête fatidique sera sombre, mais au moins, votre mort sera créative.;La fiesta fatídica no va a acabar bien, pero al menos moriréis de forma creativa.;「命取りの宴」は、命取り。+それでも、最期はいくぶん+愉快なものとなるでしょう。;죽음을 초래할 축제는 결코 쉽게 끝나지 않을 것입니다. 폐하께선 화려하게 돌아가실 것입니다.;这场致命的聚会不会有好的收场，+但起码你可以死得很有创意。;這場致命的聚會不會有好的收場，+但起碼你可以死得很有創意。;Das fatale Fest geht nicht gut aus, aber wenigstens werdet Ihr kreativ sterben.;Опасный пир пусть и не кончится добром, но, по крайней мере, ваша смерть будет оригинальной.;La festa funesta non finirà bene, ma almeno morirete in modo creativo.;A festa fatal não terminará bem, mas pelo menos você morrerá de forma criativa.;What?;Ne?;Quoi ?;¿Qué?;なんだと？;뭐라...?;什么？;什麼？;Was?;Что?;Cosa?;Ahn?;;;;;;;;;;;;;I don't understand;Anlamadım;Je ne comprends pas;No entiendo nada;どういうことだ…;무슨 말인가...;我不明白;我不明白;Ich verstehe nicht;Я не понимаю;Non capisco;Não entendi;;;;;;;;;;;;;
778;jester;Here, quick, take my hand!;Hadi, çabuk, elimi tut!;Vite, donnez-moi la main !;¡Rápido, dadme la mano!;陛下！早く！オイラの手につかまって！;폐하, 여기야, 어서! 내 손을 잡아!;这边，快来，+抓住我的手！;這邊，快來，+抓住我的手！;Hier, schnell, nehmt meine Hand!;Быстрее, хватайтесь за руку!;Ecco qui, veloce, prendete la mia mano!;Aqui, rápido, agarre minha mão!;<i>Jump</i>;<i>Zıpla</i>;<i> Sauter</i>;<i>Saltar</i>;<i>（ジャンプする）</i>;<i>뛴다</i>;<i>（跳）</i>;<i>（跳）</i>;<i>Springen</i>;<i>Прыгнуть</i>;<i>Saltare</i>;<i>Saltar</i>;<i>You manage to grab the jester's hand, just before the trap closes.</i>;<i>Tam da tuzak kapanmadan önce soytarının elini kapmayı başarıyorsunuz.</i>;<i> Vous attrappez la main du fou, juste avant que le piège ne se referme. </i>;<i>Atrapáis la mano del bufón, justo antes de que la trampa se cierre.</i>;<i>とっさに道化師の手をつかみ、+間一髪で、罠にはまらずにすんだ。</i>;<i>함정에 걸리기 직전, 당신은 광대의 손을 잡을 수 있었습니다.</i>;<i>（就在陷阱即将闭合的前刻，你抓住了小丑的手。）</i>;<i>（就在陷阱即將閉合的前刻，你抓住了小丑的手。）</i>;<i>Ihr ergreift die Hand des Narren, kurz bevor die Falle zuschnappt.</i>;<i>Вам удалось ухватиться за руку шута за мгновенье до того, как ловушка захлопнулась.</i>;<i>Riuscite ad afferrare la mano del giullare prima che la trappola si chiuda </i>;<i>Você consegue agarrar a mão do bobo bem a tempo de a armadilha se fechar.</i>;What...;Ne...;Qu'est-ce que...;¿Pero qué...;なんだと…？;뭐라고...?;什么...;什麼...;Was ...;Что…;Cosa…;O quê...;;;;;;;;;;;;;
779;jester;I followed you. There's a whiff of luck around you that is quite irresistible.;Seni takip ettim. Çevrendeki bir tutam şans kokusu resmen dayanılmaz.;Je vous ai suivi. Impossible de résister à l'aura de chance qui vous entoure.;Os he seguido. Es imposible resistir el aura de buena suerte que os rodea.;陛下のあとをつけてきたんだ。+幸運のニオイがしたから、+なんだか気になっちゃってさ！;폐하를 뒤따라 갔었어. 폐하는 뭔가 항상 불운이 따르니까, 그냥 보고만 있을 순 없더라고.;我跟踪你而来。+你周身洋溢着一种令我难以抗拒的幸运气息。;我跟蹤你而來。+你周身洋溢著一種令我難以抗拒的幸運氣息。;Ich bin Euch gefolgt. Ein unwiderstehlicher Hauch von Glück umgibt Euch.;Я шел за вами следом, от вас так и веет удачей, невозможно устоять.;Vi ho seguito. Intorno a voi si spande un'irresistibile aura di fortuna.;Eu segui você. Você emite uma aura de sorte ao seu redor que é bastante irresistível.;;;;;;;;;;;;;;;;;;;;;;;;;;;;;;;;;;;;;;;;;;;;;;;;;
780;dragon;Don't mind me, was just passing by. Please carry on.;Bana aldırma, geçiyorum sadece. Sen yaptığına devam et lütfen.;Ne faites pas attention à moi. Je ne fais que passer. Continuez, je vous en prie.;Ignoradme. Solo estoy de paso. Continuad, os lo ruego.;ただの通りすがりだ。+気にせず、先ヘ進んでくれ。;나는 신경쓰지 말고, 그냥 지나가게.;别介意，我只是路过的。+请您继续。;別介意，我只是路過的。+請您繼續。;Beachtet mich nicht, ich bin nur zufällig hier. Bitte fahrt fort.;Не обращайте внимания, просто мимо проходил. Прошу, продолжайте.;Non fate caso a me, stavo solo passando di qui. Vi prego, continuate.;Não ligue pra mim, estou apenas de passagem. Continue, por favor.;;;;;;;;;;;;;;;;;;;;;;;;;;;;;;;;;;Ничего серьезного;;;;;;;;;;;;;;;
781;farmer;I can't believe you did this!;Bunu yapmanıza inanamıyorum!;Comment avez-vous pu faire une chose pareille ?;¿Cómo habéis podido hacer algo así?;陛下！どうしてこんなことをなさるのです！;폐하께서 이를 하셨다니, 믿을 수 없습니다!;我简直无法相信你做了这种事！;我簡直無法相信你做了這種事！;Ich kann nicht glauben, dass Ihr das getan habt!;Поверить не могу, что вы это сделали!;Non riesco a credere che l'abbiate fatto davvero!;Não acredito que você fez isso!;Deal with it;Zoruna mı gitti;C'est ainsi;A aguantarse;黙れ;협상한다;处理这个;處理這個;Findet Euch damit ab;Прими и смирись;Credici;Problema seu;;;;;;;;;;;;;It was not serious;Ciddi değildi;Je plaisantais;Estaba de broma...;あれは本心ではない;농담이었네;它并不严重;它並不嚴重;War nicht mein Ernst;;Non era una cosa seria;Não era sério;;;;;;;;;;;;;
782;executioner;Would you like a hug?;Sarılmamı ister misiniz?;Vous voulez un câlin ?;¿Queréis un abrazo?;陛下、ハグをしてさしあげましょうか？;포옹하실래요?;你想要一个拥抱吗？;你想要一個擁抱嗎？;Möchtet Ihr umarmt werden?;Обнимашки?;Volete un abbraccio?;Quer um abraço?;;;;;;;;;;;;;;;;;;;;;;;;;;;;;;;;;;;;;;;;;;;;;;;;;
783;homunculus;Who gave that answer? The King or the man?;Bu cevabı kim verdi? Kral mı, insan mı?;De qui vient cette réponse ? Du Roi ou de l'homme ?;¿De quién es esa respuesta? ¿Del rey o del hombre?;今の答えは、王としてのものか？+それとも、+ひとりの人間としてのものか？;누가 그 답을 알려준 것이지? 왕? 아니면 다른 누군가?;那个回答是谁给的？+国王还是那个男人？;那個回答是誰給的？+國王還是那個男人？;Wer hat diese Antwort gegeben? Der König oder der Mensch?;Чей это был ответ? Короля или человека?;Chi ha dato quella risposta? Il Re o l'uomo?;Quem deu essa resposta? O rei ou o homem?;The King;Kral;Du Roi;Del rey;王;왕;国王;國王;Der König;Короля;Il Re;O rei;;;;;;;;;;;;;The man;İnsan;De l'homme;Del hombre...;人間;다른 누군가;那个男人;那個男人;Der Mensch;Человека;L'uomo;O homem;;;;;;;;;;;;;
784;homunculus;If you could change your previous decision, would you do it?;Önceki kararını değiştirebilecek olsan, değiştirir miydin?;Si vous pouviez changer votre dernière décision, le feriez-vous ?;Si pudiérais cambiar vuestra última decisión, ¿lo haríais?;もし可能だとしたら、+お前は、みずからが下した決断を、+くつがえすか？;만약 자네는 이전에 했던 선택을 바꿀 수 있다면, 하겠는가?;如果你可以改变之前的决定，+你会改吗？;如果你可以改變之前的決定，+你會改嗎？;Wenn Ihr Eure vorige Entscheidung ändern könntet, würdet Ihr es tun?;Если бы ты мог изменить принятое в прошлом решение, то стал бы?;Se fosse possibile cambiare la vostra decisione precedente, lo fareste?;Você mudaria sua decisão anterior, se pudesse?;;;;;;;;;;;;;Interesting <i>answered the homunculus, then he disappeared.</i>;İlginç, <i>diye cevap verdi homunkulüs, sonra da ortadan kayboldu.</i>;Intéressant, <i>répond l'Homonculus, avant de disparaître.</i>;Interesante, <i>responde el homúnculo antes de desparecer.</i>;「おもしろい…」+<i>ホムンクルスはそう答え、+姿を消した。</i>;흥미롭군. <i>호문클루스는 대답하고는 사라졌습니다.</i>;“有趣。”<i>（瓶中小人答道，随即消失不见。）</i>;“有趣。”<i>（瓶中小人答道，隨即消失不見。）</i>;Interessant <i>antwortet der Homunkulus und verschwindet.</i>;Как любопытно <i>ответил гомункул и исчез.</i>;Interessante <i>risponde l'omuncolo prima di scomparire</i>;Interessante <i>responde o homúnculo, e então desaparece.</i>;;;;;;;;;;;;;;;;;;;;;;;;;
785;merchant;A group of noblemen are artificially raising the price of iron ore to make more money out of their mines.;Birtakım soylular madenlerinden daha fazla para kazanmak için demir cevherinin fiyatını suni olarak yükseltiyor.;Certains nobles font monter le prix du minerai de fer afin d'augmenter les profits de leurs mines.;Un grupo de nobles aumenta de forma artificial el precio del hierro para así obtener más beneficios de sus minas.;一部の諸侯が、人為的に鉄鉱石の価格をつり上げ、+自分たちが所有する鉱山の収益で、+私腹を肥やしております。;귀족들이 광산에서 더 많은 돈을 챙기고자 철광석 가격을 멋대로 인상하고 있습니다.;一些贵族正在人为抬高铁矿价格，+从而靠他们的矿场谋取更多利润。;一些貴族正在人為抬高鐵礦價格，+從而靠他們的礦場謀取更多利潤。;Eine Gruppe von Adligen spricht hohe Eisenerzpreise ab, um mit ihren Minen mehr Geld zu verdienen.;Группа вельмож искусственно повышает цены на железную руду, чтобы получать больше прибыли с шахт.;Un gruppo di nobili sta incrementando di proposito il prezzo del ferro per fare più soldi con le miniere.;Um grupo de nobres está aumentando artificialmente o preço do minério de ferro para lucrar mais com as minas.;Take control of the mines;Madenlere el koyun;Prendre le contrôle des mines;Toma el control de las minas;鉱山は、そなたが管理せよ;광산을 확인해보라;控制矿山;控制礦山;Übernehmt die Minen;Установите контроль над шахтами;Prendete il controllo delle miniere;Assumir o controle das minas;;;;;;;;;;;;;Tax them more;Daha fazla vergi alın;Augmenter leurs impôts;Aumentadles los impuestos;諸侯に、さらなる税を課せ;귀족들의 세금을 인상하라;征更多的税;征更多的稅;Erhöht ihre Steuern;Повысить им налоги;Imponete più tasse;Cobrar mais impostos deles;;;;;;;;;;;;;
786;general;Your mines are not providing enough iron ore to make our weapons. We have to buy them abroad!;Madenlerinizden silah yapmak için yeterince demir cevheri çıkmıyor. Yurt dışından almamız gerekiyor!;Vos mines ne produisent pas assez de fer pour nous permettre de fabriquer nos armes. Nous devons en acheter à l'étranger !;Vuestras minas no producen hierro sufiente como para permitiros fabricar armas. ¡Tenemos que comprarlo en el extranjero!;鉱山で十分な鉄鉱石が採れず、+兵器の生産が追いつきません。+陛下、国外から兵器を買い付ける許可を！;무기를 제작하려면, 광산에서 채광되는 철광석만으로는 역부족입니다. 다른 나라에서 수입해야만 합니다!;您的矿场无法产出足够制造武器的铁矿。+我们只得从国外进口！;您的礦場無法產出足夠製造武器的鐵礦。+我們只得從國外進口！;Eure Minen fördern nicht genug Eisenerz zur Herstellung von Waffen. Wir müssen sie im Ausland kaufen!;Руды из ваших шахт недостаточно для ковки нашего собственного оружия. Нам приходится покупать его у других стран!;Le Vostre miniere non forniscono minerale di ferro in quantità sufficiente per produrre armi. Dobbiamo importarle!;Suas minas não estão produzindo minério de ferro suficiente para fazermos nossas armas. Temos que comprá-las de fora!;;;;;;;;;;;;;;;;;;;;;;;;;;;;;;;;;;;;;;;;;;;;;;;;;
787;merchant;We have to pay a list of bribes as long as my arm to make sure that our caravans are protected on the Silk Road.;Kervanlarımızın İpek Yolunda korunmasını sağlamak için yoldan geçene rüşvet vermemiz gerekiyor.;La liste des pots-de-vin que je dois verser pour la protection des caravanes sur la route de la soie est plus longue que mon bras.;La lista de sobornos que tengo que desembolsar para proteger nuestras caravanas en la ruta de la seda es más larga que mi propio brazo.;「絹の道」で隊商が盗賊に襲われぬよう、+ほうぼうに賄賂を支払う必要がございます。+よろしいですね？;실크로드에서 저희 캐러반이 확실히 보호받으려면 약간의 뇌물을 지불해야 합니다.;为确保我们的商队能平安走完丝路，+我们需要贿赂的人的名单能列得跟胳膊一样长。;為確保我們的商隊能平安走完絲路，+我們需要賄賂的人的名單能列得跟胳膊一樣長。;Wir müssen eine Unzahl von Bestechungsgeldern zahlen, damit unsere Karawanen auf der Seidenstraße sicher sind.;Мы платим столько пошлин, только чтобы наши караваны в целости и сохранности добирались по Шелковому пути.;Dobbiamo pagare il pizzo a un sacco di persone in modo che le carovane siano al sicuro sulla Via della seta.;Temos que pagar uma lista de propinas do tamanho do meu braço para proteger as nossas caravanas na Estrada da Seda.;;;;;;;;;;;;;;;;;;;;;;;;;;;;;;;;;;;;;;;;;;;;;;;;;
788;general;Nothing is happening this year. The army is bored to death.;Bu yıl hiçbir şey olup bittiği yok. Ordu sıkıntıdan öldü.;Cette année, il ne se passe rien. Les soldats s'ennuient à mourir.;Este año no ocurre nada de nada. Los soldados se aburren como ostras.;今年は事件らしい事件が何ひとつ起きません。+兵士たちは暇を持てあましております。;올해는 아무 일이 일어나지 않았습니다. 군대는 따분해 죽을 지경입니다.;今年没有什么事情发生。+军队都要无聊死了。;今年沒有什麼事情發生。+軍隊都要無聊死了。;Dieses Jahr geschieht aber auch gar nichts. Die Armee langweilt sich zu Tode.;В этом году ничего не происходит. Армия просто помирает со скуки.;Quest'anno non succede niente. L'esercito è annoiato a morte.;Nada está acontecendo este ano. O exército está morrendo de tédio.;Provide them with wine;Şarap verin;Donnez-leur du vin !;¡Dadles vino!;ワインを振るまえ;와인을 주도록;向他们提供酒;向他們提供酒;Verteilt Wein;Обеспечьте их вином;Date loro del vino;Fornecer vinho a eles;;;;;;;;;;;;;Go exercise;Gidin spor yapın;À l'entraînement !;¡Pues a entrenar!;鍛錬に励め;훈련이나 하도록;去运用它;去運用它;Geht exerzieren;Пусть упражняются;Fateli allenare;Façam exercícios;;;;;;;;;;;;;
789;farmer;My Lord, you're a mighty leader. I bow to your greatness.;Lordum, kudretli bir lidersiniz. Görkeminiz karşısında diz çöküyorum.;Vous êtes un excellent monarque, Monseigneur. Je m'incline devant votre grandeur.;Sois un monarca excelente, Mi Señor. Mi inclino ante vuestra grandeza.;陛下は、実にご立派な王様でいらっしゃる！+頭が下がります！+ハハァ～！;폐하, 폐하는 강력한 지도자이시옵니다. 폐하의 위대함에 경의를 표합니다.;陛下，您真是一个强大的统治者。+请允许我向伟大的您鞠躬。;陛下，您真是一個強大的統治者。+請允許我向偉大的您鞠躬。;Majestät, Ihr seid ein mächtiger Anführer. Ich verneige mich vor Eurer Größe.;Милорд, вы ― могучий правитель. Я склоняюсь перед вашим величием.;Mio Signore, siete un leader possente. Mi inchino di fronte alla vostra grandezza.;Milorde, o senhor é um líder poderoso. Eu reverencio sua grandeza.;Very kind of you;Ne kibarsın;C'est fort aimable de votre part;Es muy amable de vuestra parte;余には、+もったいない言葉だ;고맙네;感谢你;感謝你;Sehr nett von Euch;Приятно это слышать;Molto gentile;Você é muito gentil;;;;;;;;;;;;;Lower!;Yeterince çökmedin!;Plus bas !;¡Más bajo!;頭が高い！;하층민 주제에!;低一点!;低一點!;Tiefer!;Кланяйся ниже!;Più in basso!;Muito bem!;;;;;;;;;;;;;
790;nobleman;Our good people are gathering every Friday to sing songs to your glory.;Güzel halkımız her cuma buluşup sizin adınıza şarkılar söylüyor.;Notre bon peuple se rassemble tous les vendredis pour chanter vos louanges.;Nuestro pueblo se reúne todos los viernes para cantar vuestras alabanzas.;わが領民は、毎週金曜日に集い、+陛下の栄光を称える歌をうたっております。;폐하, 저희 귀족들은 매주 금요일에 모여 폐하의 영광을 위해 노래를 부릅니다.;我们的子民每周五会聚在一起，+用歌声颂扬您的荣耀。;我們的子民每週五會聚在一起，+用歌聲頌揚您的榮耀。;Unsere guten Leute versammeln sich jeden Freitag, um zu Eurem Ruhm Lieder zu singen.;Наш добрый народ каждую пятницу собирается и поет песни в вашу честь.;Il nostro popolo si raduna ogni venerdì per cantare inni sulla Vostra gloria.;Nosso povo se reúne todas as sextas-feiras para entoar canções à sua glória.;Lovely!;Çok hoş!;Comme c'est charmant;¡Qué encantador!;それはそれは！;멋지군!;真可爱！;真可愛！;Sehr schön!;Чудненько!;Incantevole!;Adorável!;;;;;;;;;;;;;Why would they do that?;Neden böyle yapsınlar?;Quelle drôle d'idée;Menuda idea;なぜに、+そのようなことを？;왜 그러는 거지?;为什么他们会这么做？;為什麼他們會這麼做？;Warum tun sie das?;С чего им это делать?;Perché mai?;Por que eles fariam isso?;;;;;;;;;;;;;
791;witch;They're afraid of you and your army.;Sizden ve ordunuzdan korkuyorlar.;Ils vous craignent, vous et votre armée.;Os temen, a vos y a vuestro ejército.;民は、陛下と、陛下の率いる兵士たちを+恐れているのです。;그들은 폐하와 폐하의 군사를 두려워하고 있습니다.;他们惧怕您和您的军队。;他們懼怕您和您的軍隊。;Sie haben Angst vor Euch und Eurer Armee.;Они боятся вас и вашей армии.;Hanno paura di voi e del Vostro esercito.;Eles têm medo do senhor e do seu exército.;They should be;Doğrusu bu;Ils ont bien raison;Hacen bien;それは結構;암, 그래야지.;他们应该的;他們應該的;Und das ist gut so;И правильно делают;Fanno bene;E com razão;;;;;;;;;;;;;I'm nice though;Ama ben iyi biriyim.;Je suis bon, pourtant.;Y sin embargo soy bondadoso.;余は善人だぞ？;나는 두려운 존재가 아니건만...;尽管如此，我仍然很好;儘管如此，我仍然很好;Eigentlich bin ich nett;Но я же хороший;Però sono anche simpatico;Mas eu sou bonzinho;;;;;;;;;;;;;
792;nobleman;You should be charitable. A lot of poor people don't have a house, let's build some!;Biraz cömert olun. Fakirlerin pek çoğunun evi yok, hadi inşa edelim!;Soyez charitable. Beaucoup de gens n'ont pas de toit. Contruisons des maisons !;Sed caritativo. Muchos pobres no tienen siquiera un techo bajo el que refugiarse. ¡Construyamos algunas casas! ;陛下、恵まれぬ者たちに救いの手を！+住む場所のない、貧しい民が大勢おります。+彼らのために、住宅を建設いたしましょう！;폐하는 좀 더 자선적이셔야 합니다. 많은 가난한 이들이 제 집을 가지고 있지 않다고 하니, 그들을 위해 집을 지어줍시다!;您应该更慷慨一点。+很多人无家可归，+多造些房子吧！;您應該更慷慨一點。+很多人無家可歸，+多造些房子吧！;Zeigt Euch wohltätig. Viele arme Leute haben kein Haus, lasst uns welche bauen!;Нужно быть милосердным. У многих бедняков нет домов, давайте им их построим!;Dovreste essere magnanimo. Ci sono molti poveri senza casa, costruiamone alcune!;O senhor poderia ser mais generoso. Muitos pobres não têm onde morar, vamos construir algumas casas!;;;;;;;;;;;;;;;;;;;;;;;;;;;;;;;;;;;;;;;;;;;;;;;;;
793;nobleman;We could earn some money by increasing the rent on the houses we've built for the poor.;Fakirler için inşa ettiğimiz evlerin kiralarını arttırarak biraz para kazanabiliriz.;Nous pourrions gagner de l'argent en augmentant les loyers des maisons que nous avons construites pour les pauvres.;Podríamos ganar algo de dinero aumentando el alquiler de las casas que hemos construido para los pobres.;貧しい平民たちのために建てた+借家の家賃を値上げして、+国庫への収入を増やしてはいかがでしょう？;폐하, 가난한 이들을 위해 지었던 집들의 임대료를 인상하여 돈을 벌어들일 수 있습니다.;我们可以给那些为贫民造的房子涨租，+这样就可以赚更多钱。;我們可以給那些為貧民造的房子漲租，+這樣就可以賺更多錢。;Wir könnten Geld einnehmen, wenn wir die Miete für die Häuser erhöhen, die wir den Armen gebaut haben.;Мы сможем заработать, повышая арендную плату в домах, которые мы построили для бедных.;Potremmo guadagnare del denaro aumentando gli affitti sulle case che abbiamo costruito per i poveri.;Poderíamos ganhar dinheiro aumentando o aluguel das casas que construímos para os pobres.;;;;;;;;;;;;;;;;;;;;;;;;;;;;;;;;;;;;;;;;;;;;;;;;;
794;prince;Father, the general's son doesn't want me to be the next King.;Baba, generalin oğlu gelecek Kralın ben olmamı istemiyor.;Père, le fils du Général ne veut pas que je vous succède sur le trône.;Padre, el hijo del general no quiere que os suceda en el trono.;聞いてください、父上！+将軍の息子に、+「お前なんかに王座は継がせない」と言われました。;아버지, 장군의 아들이 제가 아버지를 이어 왕이 되는 걸 원치 않나봐요.;父亲，将军的儿子不想让我做下任国王。;父親，將軍的兒子不想讓我做下任國王。;Vater, der Sohn des Generals will nicht, dass ich der nächste König werde.;Отец, сын генерала не хочет, чтобы я стал следующим королем.;Padre, il figlio del generale non vuole che io diventi il prossimo Re.;Pai, o filho do general não quer que eu seja o próximo rei.;You will be the next King;Benden sonra Kral sen olacaksın;Tu seras le prochain roi.;Tú serás el próximo rey.;余のあとを継ぐのはお前だ;너는 다음 왕이 될 거란다;你会成为下一任国王;你會成為下一任國王;Ihr werdet König sein;Ты будешь следующим королем;Tu sarai il prossimo Re;Você será o próximo rei;;;;;;;;;;;;;Fight your own battles;Kavgalarına beni bulaştırma;Mène ton propre combat;Pelea tus propias batallas;子供のケンカに+巻き込むな;네 역경은 스스로 이겨내거라;为你们自己的战争战斗;為你們自己的戰爭戰鬥;Tragt Eure Kämpfe selbst aus;Сам разбирайся со своими проблемами;Combatti da solo le tue battaglie;Lute suas próprias batalhas;;;;;;;;;;;;;
795;merchant;The black market is thriving. You need to send the army to the streets to stop it.;Kara borsa çok büyüdü. Durdurmak için orduyu sokaklara gönderin.;Le marché noir est prospère. Vous devez envoyer l'armée dans les rues pour y mettre un terme.;El mercado negro prospera. Tenéis que enviar al ejército a las calles para que le ponga fin.;陛下、闇市が横行しております。+町に兵を派遣し、お取り締まりください！;암시장이 활기치고 있습니다. 길거리로 군대를 보내 녀석들을 막아주세요!;黑市正在蓬勃发展。+你需要派遣军队上街去遏制他们。;黑市正在蓬勃發展。+你需要派遣軍隊上街去遏制他們。;Der Schwarzhandel blüht. Entsendet die Armee in die Straßen, um dem Einhalt zu gebieten.;Черный рынок процветает. Нужно послать армию на улицы города, чтобы разобраться с ним.;Il mercato nero non è mai stato così fiorente. Dovete inviare l'esercito nelle strade per porvi un freno.;O mercado negro está prosperando. Você precisa enviar o exército para as ruas para detê-lo.;;;;;;;;;;;;;;;;;;;;;;;;;;;;;;;;;;;;;;;;;;;;;;;;;
796;general;Your soldiers' wages are too low. Please pay them properly and on time.;Askerlerinizin maaşı çok az. Lütfen onlara düzgün ve zamanında ödeme yapın.;Les revenus des soldats sont trop bas. Il faut les payer correctement et régulièrement.;Los salarios de los soldados son demasiado bajos. Hay que pagarles como Dios manda y a tiempo.;兵の給料が安すぎるうえに、+支払いも滞りがちです。+しかるべき金額を、期日までにお支払いください。;병사들의 임금이 너무 낮습니다. 적절한 금액으로 인상을 부탁드립니다.;士兵的薪水太低了。+请按时并合理地给他们发工资。;士兵的薪水太低了。+請按時並合理地給他們發工資。;Eure Truppen erhalten zu wenig Sold. Bitte bezahlt sie angemessen und pünktlich.;Солдаты получают слишком мало. Прошу, платите им достаточно и вовремя.;Gli stipendi dei soldati sono troppo bassi. Vi prego di retribuirli adeguatamente e puntualmente.;O salário dos seus soldados está baixo demais. Pague-os o suficiente regularmente, por favor.;;;;;;;;;;;;;;;;;;;;;;;;;;;;;;;;;;;;;;;;;;;;;;;;;
797;diplomat;An emissary of the Eastern baronies is on his way. Should we cut his head off and send it back?;Doğu baronluklarının bir elçisi yolda. Kellesini kesip geri gönderelim mi?;Un émissaire des baronnies de l'Est est en route. Nous pourrions lui couper la tête et la leur renvoyer ?;Un emisario de las baronías del Este está de camino. ¿Le cortamos la cabeza y la mandamos de vuelta?;東方からの使者が、王都に向かっているとのこと。+この者を捕らえて両手を後ろで結び、+首を切り落として送り返しますか？;동쪽 남작의 사자가 왔습니다. 녀석의 머리를 썰어 돌려보낼까요?;一名东方男爵领的密使正在来的路上。+我们要不要砍掉他的头送回去？;一名東方男爵領的密使正在來的路上。+我們要不要砍掉他的頭送回去？;Die Baronien des Ostens schicken einen Abgesandten. Was tun wir? Abschießen und seinen Kopf zurückschicken?;Посол восточных баронств уже в пути. Заключить его под стражу и отправить им его голову?;Un emissario delle baronie orientali si sta recando qui. Dobbiamo stringergli la testa in un cappio?;Um emissário dos baronatos orientais está a caminho. Vamos cortar a cabeça dele e mandá-la de volta?;;;;;;;;;;;;;;;;;;;;;;;;;;;;;;;;;;;;;;;;;;;;;;;;;
798;diplomat;Sorry, I meant, should we cut a deal with them?;Pardon, diyecektim ki, onlarla anlaşma yapalım mı?;Pardon, je voulais dire que nous pourrions négocier un accord avec lui ?;Perdón, quería decir que podríamos negociar un acuerdo con él.;失礼、口が滑りました。+彼らと手を結びますか？;아이고, 이런 말실수를. 거래를 하시겠냐는 말이었어요.;对不起，我的意思是，+我们要和他达成协议吗？;對不起，我的意思是，+我們要和他達成協議嗎？;Tut mir leid, ich meinte: Abschließen? Eine Vereinbarung mit ihnen?;Простите, я имел в виду, заключить с ним сделку.;Scusate, quello che intendevo è: dobbiamo stringere un accordo con loro?;Desculpe, quero dizer, vamos negociar com ele?;;;;;;;;;;;;;;;;;;;;;;;;;You are truly frightening;Gerçekten korkunçsun;Vous m'inquiétez;Me estáis preocupando;そなたは恐ろしい男だな;자네는 정말로 무서운 자로군;你真的很可怕;你真的很可怕;Ihr macht mir wirklich Angst;Ты и впрямь пугаешь;Fate davvero paura;Você é realmente assustador;;;;;;;;;;;;;
799;diplomat;Is that a yes?;Bu evet demek mi?;Vous êtes d'accord ?;¿Estáis de acuerdo?;手を結ぶ、ということで、よろしいので？;하시겠다는 말이신지요?;这是同意了吗？;這是同意了嗎？;Ist das ein Ja?;Это значит «да»?;È un sì?;Isso é um sim?;;;;;;;;;;;;;;;;;;;;;;;;;;;;;;;;;;;;;;;;;;;;;;;;;
800;dog;<i>The dog looks at you intently. Something red shines in his mouth.</i>;<i>Köpek dikkatle size bakıyor. Ağzında kırmızı bir şey parlıyor.</i>;<i>Le chien vous fixe intensément. Il a quelque chose de rouge dans la gueule.</i>;<i>El perro os mira fijamente. Tiene algo rojo brillando en la boca.</i>;<i>犬は、じっとこちらを見つめている。+口には、赤く光るものをくわえている。</i>;<i>개가 당신을 계속 바라봅니다. 입 속에 붉은 무언가가 빛나고 있습니다.</i>;<i>那条狗紧紧注视着你。+他的嘴里有红色的东西闪闪发亮。</i>;<i>那條狗緊緊注視著你。+他的嘴裏有紅色的東西閃閃發亮。</i>;<i>Der Hund sieht Euch aufmerksam an. Etwas Rotes funkelt in seinem Maul.</i>;<i>Пес внимательно смотрит на вас. Что-то красное поблескивает в его пасти.</i>;<i>Il cane vi osserva attentamente. Nella sua bocca balugina qualcosa di rosso.</i>;<i>O cão olha para você intensamente. Algo vermelho brilha na boca do animal.</i>;Yes?;Ne oldu?;Oui ?;¿Sí?;どうした？;왜 그러니?;是吗？;是嗎？;Ja?;Да?;Sì?;Sim?;<i>The dog gives you a bright ruby.</i>;<i>Köpek size parlak bir yakut veriyor.</i>;<i>Le chien vous donne un splendide rubis.</i>;<i>El perro os entrega un espléndido rubí.</i>;<i>王は犬から、+輝くルビーを受け取った。</i>;<i>개가 당신에게 밝은 루비를 건넸습니다.</i>;<i>（狗叼给你一块闪亮的宝石。）</i>;<i>（狗叼給你一塊閃亮的寶石。）</i>;<i>Der Hund gibt Euch einen glänzenden Rubin.</i>;<i>Собака дает вам яркий рубин.</i>;<i>Il cane vi porge un rubino splendente</i>;<i>O cão lhe entrega um rubi brilhante.</i>;<i>Run away</i>;<i>Kaçın</i>;<i>Prendre la fuite</i>;<i>Huir</i>;<i>（逃げる）</i>;<i>저리 가!</i>;<i>（逃走）</i>;<i>（逃走）</i>;<i>Weglaufen</i>;<i>Убежать</i>;<i>Scappare</i>;<i>Fugir</i>;<i>The dog runs after you. You fall and he licks you lovingly. A lot of people see the whole scene.</i>;<i>Köpek peşinizden koşuyor. Düşüyorsunuz ve köpek sizi sevgiyle yalıyor. Bunu pek çok kişi görüyor.</i>;<i>Le chien vous poursuit. Vous tombez et il vous lèche avec dévotion. De nombreuses personnes assistent à la scène.</i>;<i>El perro os persigue. Os caéis y os chupa la cara con devoción. La escena es presenciada por un amplio público.</i>;<i>走って逃げようとする王を、+犬は追いかけた。王は転び、+犬は王を愛おしそうになめ回した。+その一部始終を、多くの者が見ていた。</i>;<i>개는 당신을 뒤쫓아 옵니다. 당신은 달리다 넘어졌고, 개는 당신을 사랑스럽게 햛아줍니다. 많은 사람들이 그 모습을 보았습니다.</i>;<i>狗狗追赶着你。+你跌倒了，狗狗满含深情地舔你。+许多人都目睹了整个场面。</i>;<i>狗狗追趕著你。+你跌倒了，狗狗滿含深情地舔你。+許多人都目睹了整個場面。</i>;<i>Der Hund läuft Euch hinterher. Ihr fallt hin und er leckt Euch liebevoll ab. Viele Leute bekommen das mit.</i>;<i>Пес бежит за вами. Вы падаете, и он облизывает вам лицо. Эту сцену наблюдает множество людей.</i>;<i>Il cane vi rincorre. Quando cadete, vi lecca con affetto sotto gli occhi di molti testimoni.</i>;<i>O cão corre atrás de você. Você cai e ele lambe você afetuosamente. Muita gente testemunha a cena.</i>;
801;diplomat;We're in Lamascus, people are suffering here. You should cancel the party and help the poor.;Çam'dayız, buradaki halk ızdırap içinde. Partiyi iptal edip fakirlere yardım edin.;Nous sommes à Lamascus. Les gens souffrent. Vous feriez bien d'annuler la fête et d'aider les pauvres.;Estamos en Damasco. Aquí la gente sufre. Deberíais cancelar la fiesta y ayudar a los pobres.;ここはラマスクス。この国の民は苦しんでいます。+宴は中止し、貧しい者に救いの手を差し伸べるべきです。;이곳 라마스쿠스 사람들은 고통에 시달리고 있는 것 같습니다. 파티를 취소하고 가난한 이들을 도와야 합니다.;我们在拉马士革，+这里的人民正遭受着苦难。+你应该取消聚会，并去帮助穷人。;我們在拉馬士革，+這裏的人民正遭受著苦難。+你應該取消聚會，並去幫助窮人。;Wir sind in Lamaskus, die Leute hier leiden. Ihr solltet das Fest absagen und den Armen helfen.;Мы в Ламаске, тут страдают люди. Вам лучше отменить пир и помочь бедным.;Siamo a Lamasco, la gente soffre qui. Dovreste annullare la festa e aiutare i poveri.;Estamos em Lamascus. O povo está sofrendo aqui. O senhor deveria cancelar a festa e ajudar os pobres.;;;;;;;;;;;;;;;;;;;;;;;;;I don't care, party!;Umrumda değil, parti!;Peu m'importe, faisons la fête !;Me da igual, ¡que siga la fiesta!;余は預かり知らぬこと。+さあ、宴だ！;알게 뭐냐, 예정대로 파티를 준비하도록!;我不在乎，组织！;我不在乎，組織！;Mir egal, es wird gefeiert!;Мне плевать, веселимся!;Non m'importa, festeggiamo!;Não me importo. Festa!;;;;;;;;;;;;;
802;merchant;The price of chicken is soaring. People are speculating! We should say that we will regulate the trade. ;Tavuk fiyatları çok arttı. Halk bu konuda kafa yoruyor! Ticareti düzenleyeceğimizi söyleyelim.;Le prix du poulet augmente sans cesse et les riches spéculent ! Nous devrions réglementer le marché.;El precio del pollo aumenta sin cesar. ¡La gente ha empezado a especular! Deberíamos hacer algo para regular el mercado.;民が思惑買いをしているせいで、鶏肉の+価格が高騰しております！価格規制に+乗り出す旨、お触れを出していただきたい！;닭고기 가격이 급등하고 있어 사람들의 억측이 난무합니다! 우리가 규제를 하겠다고 발표해야 합니다!;鸡的价格正在疯长。+人民这是在投机！+我们应该告诉他们，+我们要开始控制贸易。;雞的價格正在瘋長。+人民這是在投機！+我們應該告訴他們，+我們要開始控制貿易。;Hühnerfleisch ist immens teuer. Die Leute spekulieren! Wir sollten ankündigen, den Handel zu regulieren.;Цены на курицу взмыли до небес! Люди спекулируют на них! Нам нужно заявить, что мы будем регулировать торговлю.;Il prezzo del pollo è alle stelle. Qualcuno sta speculando! Annunciamo una regolamentazione del commercio.;O preço do frango está nas alturas. Está havendo especulação! Deveríamos dizer que vamos regular o comércio.;;;;;;;;;;;;;<i>Your threats of regulating the price of the chicken had a very positive impact on the market. Of course, no regulation actually took place.</i>;<i>Tavuk fiyatlarını düzenleme tehdidiniz pazarda pek olumlu bir etkide bulundu. Elbette aslında düzenleme yaşanmadı.</i>;<i>L'annonce de réglementations a eu un effet positif sur le marché. Naturellement, aucune réglementation n'a été mise en place.</i>;<i>Vuestras amenazas de regular el comercio del pollo han funcionado. Incluso sin poner en marcha las medidas anunciadas.</i>;<i>鶏肉の価格に規制をかけると王が+警告したおかげで、市場の混乱は+回避された。当然、実際には+規制など行われなかった。</i>;<i>닭고기 가격을 규제하겠다는 위협은 시장에 매우 긍정적인 영향을 미쳤습니다. 물론 실제로는 아무런 규제도 일어나지 않았습니다.</i>;<i>（你威胁要控制鸡肉价格，+对市场产生了非常积极的影响。+当然，实际上并没有进行调整。）</i>;<i>（你威脅要控制雞肉價格，+對市場產生了非常積極的影響。+當然，實際上並沒有進行調整。）</i>;<i>Eure Drohung, den Preis für Hühnerfleisch zu regulieren, beeinflusst den Markt positiv. Natürlich findet keine Regulierung je statt.</i>;<i>Ваши угрозы взять под контроль цены на курицу очень положительно сказались на рынке. Разумеется, на самом деле никто под контроль их не брал.</i>;<i>La minaccia di disciplinare il prezzo del pollo ha avuto un effetto positivo sul mercato. Naturalmente poi non è stata messa in atto alcuna norma.</i>;<i>Suas ameaças de regular o preço do frango causam um impacto muito positivo no mercado. Naturalmente, nenhuma regulação foi feita.</i>;Let them eat beef;O halde dana yesinler;Qu'ils mangent du bœuf !;¡Pues que coman ternera!;鶏肉が買えぬなら+牛肉を食べればよい;그냥 사람들이 소고기를 먹게 두도록;让他们吃牛肉;讓他們吃牛肉;Sollen sie Rindfleisch essen;Пусть едят говядину;Che mangino manzo;Eles que comam carne de vaca;;;;;;;;;;;;;
803;diplomat;The war lord of the East would like to meet you. He can crush our armies if he wants, we should welcome him like a King.;Doğunun cenk beyi sizinle görüşmek istiyor. İsterse ordularımızı ezip geçebilir, onu Krallar gibi ağırlamalıyız.;Le Seigneur de la guerre de l'Est souhaite vous rencontrer. Il a la capacité d'écraser nos armée. Recevons-le dignement.;El poderoso señor del Este desea veros. Si quisiese, podría destrozar vuestro ejército. Deberíamos recibirle como se merece.;東部を束ねる首領が、陛下との謁見を+希望しております。あの者に攻め込まれれば、+わが軍はひとたまりもないでしょう。+ここは、一国の王同然に歓待すべきかと…;동쪽 나라의 군사령관이 폐하를 뵙고 싶어 합니다. 그는 마음만 먹으면 바로 우리 부대를 박살 낼 수 있는 자입니다. 왕을 반기듯 환영해주는 것이 좋을 듯합니다.;东方的军阀想要见你。+如果他愿意的话，+他可以粉碎我们的军队，+我们要像迎接国王一样迎接他。;東方的軍閥想要見你。+如果他願意的話，+他可以粉碎我們的軍隊，+我們要像迎接國王一樣迎接他。;Der Kriegsherr des Ostens will Euch treffen. Er könnte uns leicht vernichten. Empfangen wir ihn wie einen König.;Вождь Востока хочет встретиться с вами. Он легко может нас разгромить, нам следует поприветствовать его как короля.;Il signore della guerra dell'Est vorrebbe incontrarvi. Potrebbe distruggere i nostri eserciti, se lo volesse. Sarà meglio accoglierlo come un Re.;O chefe de guerra do leste deseja se encontrar com você. Ele pode esmagar nossos exércitos se quiser. Deveríamos recebê-lo como um rei.;;;;;;;;;;;;;;;;;;;;;;;;;;;;;;;;;;;;;;;;;;;;;;;;;
804;barbare;Blagou hirim Zabo. Grigro daboloo zang! <i>(large threatening gesture directed at you)</i>;Blagou hirim Zabo. Grigro daboloo zang! <i>(size doğru geniş, tehdit edici bir hareket yapıyor)</i>;Blagou hirim Zabo. Grigro daboloo zang! <i>(grands gestes menaçants dans votre direction)</i>;Blagou hirim Zabo. Grigro daboloo zang! <i>(amplios gestos amezantes dirigidos en vuestra dirección)</i>;ブラゴウ、ヒリム、ザボ。グリグロ、+ダボルー、ザング！<i>（そう言って男は、+おもむろに、こちらを脅すような手ぶりをした）</i>;블라고우 히림 자보. 그리그로 다돌로오 장! <i>(당신에게 협박을 하는 듯 커다란 몸집을 합니다)</i>;布拉苟 黑利姆 扎波。格里格若 大博鲁 丈！+<i>（他用充满威胁的手势指向你）</i>;布拉苟 黑利姆 紮波。格裏格若 大博魯 丈！+<i>（他用充滿威脅的手勢指向你）</i>;Blagou hirim Zabo. Grigro daboloo zang! <i>(Drohgebärde in Eure Richtung)</i>;Благоу хирим Забо. Григро даболу занг! <i>(широкий угрожающий жест в вашу сторону)</i>;Blagou hirim Zabo. Grigro daboloo zang! <i>(ampio gesto minaccioso nei Vostri confronti)</i>;Blagou hirim Zabo. Grigro daboloo zang! <i>(gesto ameaçador direcionado a você)</i>;I...;Ben...;Je...;Yo...;あー…;그러니까...;我……;我……;Ich ...;Я…;Io…;Eu...;;;;;;;;;;;;;What...;Ne...;Mais...;Pero...;うーむ…;무슨 소릴...;什么...;什麼...;Was ...;Что…;Cosa…;O quê...;;;;;;;;;;;;;
805;diplomat;I can translate! He says that your country is beautiful and he would like to cuddle you.;Ben çevirebilirim! Ülkeniz çok güzel, sizinle de sarılıp uyumak istiyormuş diyor.;Laissez-moi traduire ! Il dit que votre pays est magnifique et il voudrait vous embrasser.;¡Dejadme traducir! Dice que vuestro país es magnífico y que le gustaría abrazaros.;私が通訳いたしましょう！この者が申すには…+「陛下の国は美しい。陛下を抱きしめて+スリスリしたい」とのことでございます。;제가 번역해보겠습니다. 그는 폐하의 왕국이 아름다우며, 폐하와 포옹을 하고 싶다고 말했습니다.;我可以翻译！+他说您的国家非常美丽，+还有他想抱抱你！;我可以翻譯！+他說您的國家非常美麗，+還有他想抱抱你！;Ich kann übersetzen! Er meint, Euer Land sei schön und er würde Euch gern umarmen.;Я могу перевести! Он говорит, что ваша страна прекрасна, и он хотел бы вас обнять!;Posso tradurre io! Dice che il Vostro paese è bellissimo e avrebbe voglia di coccolarvi.;Posso traduzir! Ele disse que seu país é lindo e ele gostaria de lhe dar um abraço.;Sure...;Tabii...;Avec plaisir...;Con mucho gusto...;ほう…;그렇군...;当然……;當然……;Na klar ...;Конечно…;Ma certo…;Claro...;;;;;;;;;;;;;Are you certain...;Emin misin...;Vous croyez...?;¿Estáis seguro?;まことか…？;확실한가...?;你肯定吗……;你肯定嗎……;Seid Ihr sicher ...?;А ты уверен…;Siete certo…;Tem certeza...;;;;;;;;;;;;;
806;diplomat;If you don't believe me, I will let you deal with him alone. Should I go?;Bana inanmıyorsanızi kendiniz baş edin. Ben gideyim mi?;Si vous ne me croyez pas, débrouillez-vous tout seul avec lui. Dois-je prendre congé ?;Si no me creéis, apañaros solito con él. ¿Me tomo unas vacaciones?;信用していただけないのなら、+陛下がおひとりで応対なさればよろしいかと。+私は下がっても？;저를 못 믿으시겠다면, 그냥 물러나겠습니다. 그래도 괜찮으신가요?;如果您不相信我，+我会让你单独面对他。+我要离开吗？;如果您不相信我，+我會讓你單獨面對他。+我要離開嗎？;Wenn Ihr mir nicht glaubt, lasse ich Euch allein mit ihm verhandeln. Soll ich gehen?;Если вы мне не верите, я могу предоставить вам разбираться с ним самому. Так мне уйти?;Se non mi credete Vi lascerò trattare con lui da solo. Devo andarmene?;Se não acredita em mim, deixarei o senhor a sós com ele. Devo partir?;;;;;;;;;;;;;<i>You had a long and unintelligible chat with <barbare> that ended up with good laughs. The following day the Eastern baronies tried to invade your country again.</i>;<i><barbare> ile uzun ve anlaşılmaz sohbetinizin sonu kahkahalarla bitti. Ertesi gün, Doğu baronlukları yeniden ülkenizi işgal etmeye çalıştı.</i>;<i>Vous conversez longuement et inintelligiblement avec <barbare> dans la meilleure des humeurs. Le lendemain, les baronnies de l'Est tentent à nouveau d'envahir votre pays.</i>;<i>Mantenéis una larga e ininteligible conversación con <barbare>, la cual termina en un tono muy jovial. Al día siguiente, las baronías del Este tratan de nuevo de invadir vuestro país.</i>;<i>王は<barbare>と+長時間にわたり意味不明な対話をし、+最後は大いに笑って別れた。+翌日、東部の野人たちは、再び王国に+攻め入ろうとした。</i>;<i>당신은 <barbare>과(와) 이해할 수 없는 대화를 계속하다 좋게 웃으며 마무리하였습니다. 다음날 동쪽 나라의 남작들이 다시 당신의 나라를 다시 침략해오기 시작했습니다.</i>;<i>（你与<barbare>进行了一场+冗长而莫名其妙的谈话，+最终谈话以大笑结束。+第二天，东部男爵领再次试图进攻你的国家。）</i>;<i>（你與<barbare>進行了一場+冗長而莫名其妙的談話，+最終談話以大笑結束。+第二天，東部男爵領再次試圖進攻你的國家。）</i>;<i><barbare> führt ein langes, unverständliches Gespräch mit Euch und es gibt viel zu lachen. Am nächsten Tag greifen die Baronien des Ostens Euch wieder an.</i>;<i>У вас состоялся долгий и нечленораздельный разговор с <barbare>, в конце которого все надорвались со смеху. На следующий день Восточные баронства опять попытались захватить вашу страну.</i>;<i>Avete condotto una lunga chiacchierata incomprensibile con <barbare> terminata in una bella risata. Il giorno dopo le baronie orientali hanno provato di nuovo a invadere il Vostro Paese.</i>;<i>Você teve uma conversa longa e ininteligível com <barbare> que acabou em boas risadas. No dia seguinte, os baronatos do leste tentaram invadir seu país novamente.</i>;;;;;;;;;;<i>Посмотреть на <diplomat></i>;;;;;;;;;;;;;;;
807;barbare;Zgando agamane hirim Gabo! <i>(gentle laugh)</i>;Zgando agamane hirim Gabo! <i>(hafifçe güler)</i>;Zgando agamane hirim Gabo! <i>(rire léger)</i>;Zgando agamane hirim Gabo! <i>(risa ligera)</i>;ズガンド、アガマネ、ヒリム、ガボ！<i>+（そう言って男は、穏やかに笑った）</i>;즈간도 아가마네 히림 가보! <i>(부드럽게 웃음짓고 있습니다)</i>;扎甘多 阿格玛尼 黑利姆 格波！+<i>（温柔的笑）</i>;紮甘多 阿格瑪尼 黑利姆 格波！+<i>（溫柔的笑）</i>;Zgando agamane hirim Gabo! <i>(leises Lachen)</i>;Згандо агамане хирим Габо! <i>(тихий смех)</i>;Zgando agamane hirim Gabo! <i>(risatina)</i>;Zgando agamane hirim Gabo! <i>(risada afável)</i>;<i>Laugh</i>;<i>Gül</i>;<Rire>!;<i>Risa</i>;ハハハハハ！;<i>웃는다</i>;<Laugh>！;<Laugh>！;<i>Lachen</i>;<Рассмеяться>!;<Ridere>!;<Risos>!;<i>For some reason, this reaction charmed the barbarian.</i>;<i>Her nedense, bu tepki barbarı memnun etti.</i>;<i>Bizarrement, le barbare est enchanté de votre réaction.</i>;<i>Por algún motivo, al bárbaro le ha encantado vuestra reacción.</i>;<i>その反応は、どういうわけか、+野人の男を大いに喜ばせた。</i>;<i>이유는 알 수 없으나, 그 반응을 보자 야만인이 좋아합니다.</i>;<i>（出于某些原因，野蛮人被这个反应逗乐了。）</i>;<i>（出於某些原因，野蠻人被這個反應逗樂了。）</i>;<i>Aus irgendeinem Grund gewinnt diese Reaktion den Barbaren für Euch.</i>;<i>По какой-то причине, эта реакция тронула душу варвара.</i>;<i>Per qualche motivo, questa reazione ha conquistato il barbaro.</i>;<i>Por algum motivo, essa reação encantou o bárbaro.</i>;<i>Look at <diplomat></i>;<i><diplomat> çevirisini bekle</i>;<i>Regarder <diplomat></i>;<i>Mirar a <diplomat></i>;<i>（<diplomat>+を見る）</i>;<i><diplomat>에게 무슨 말인지 묻는다</i>;<i>看<diplomat></i>;<i>看<diplomat></i>;<i><diplomat> ansehen</i>;;<i>Guardare <diplomat></i>;<i>Olhar para <diplomat></i>;;;;;;;;;;;;;
808;diplomat;He says he's in the mood to slay some enemies and drink their blood from their skulls.;Canı düşmanlarını katledip kafataslarından kanlarını içmek çekmiş diyor.;Il dit qu'il a envie de massacrer quelques ennemis et d'utiliser leurs crânes pour boire leur sang.;Dice que tiene ganas de masacrar unos cuantos enemigos y de utilizar sus cráneos para beberse su sangre.;この者が申すには…「敵を何人か殺し、+その頭骨で血を飲みたい気分だ」+とのことでございます。;적을 죽여 그 뼈에서 피를 마시고 싶은 기분이라고 말합니다.;他说他想杀死敌人，+然后用他们的颅骨作容器来喝他们的血。;他說他想殺死敵人，+然後用他們的顱骨作容器來喝他們的血。;Er sagt, er sei in der Stimmung, Feinde zu erschlagen und Blut aus ihren Schädeln zu trinken.;Он говорит, он в настроении убить парочку врагов и напиться крови из их черепов.;Dice che è dell'umore giusto per ammazzare qualche nemico e bere sangue dal loro cranio.;Ele diz que está com vontade de matar alguns inimigos e beber o sangue deles.;Offer wine;Şarap teklif edin;Offrir du vin;Ofrecer vino;ワインを勧めよ;와인을 건네도록;提供酒;提供酒;<i>Wein anbieten</i>;Предложить вина;Offrite del vino;Oferecer vinho;;;;;;;;;;;;;It doesn't look like...;Öyle durmuyor...;On dirait plutôt...;Pues no parece...;そんなことを言っている+ようには見えぬが…;그렇게 말하는 것 같지 않다만...;它看起来不像……;它看起來不像……;Er wirkt nicht so ...;Что-то не похоже…;Non sembra proprio che…;Não parece...;;;;;;;;;;;;;
809;barbare;Laga dolo. Laga dolo... <i>(looking sad and depressed)</i>. Gabo lo.;Laga dolo. Laga dolo... <i>(üzgün ve canı sıkkın duruyor)</i>. Gabo lo.;Laga dolo. Laga dolo... <i>(regard triste et perdu)</i>. Gabo lo.;Laga dolo. Laga dolo... <i>(mirada triste y deprimida)</i>. Gabo lo.;ラガ、ドロ。ラガ、ドロ…+<i>（男は、悲しげな表情でうつむいた）</i>+ガボ、ロ。;라가 돌로. 라가 돌로... <i>(우울해 보입니다)</i>. 가보 로.;拉格 多罗。拉格 多罗……+<i>（看起来悲伤又沮丧）</i>+格波 罗。;拉格 多羅。拉格 多羅……+<i>（看起來悲傷又沮喪）</i>+格波 羅。;Laga dolo. Laga dolo ... <i>(wirkt traurig und niedergeschlagen)</i>. Gabo lo.;Лага доло. Лага доло… <i>(выглядит опечаленным и подавленным)</i>. Габо ло.;Laga dolo. Laga dolo... <i>(sguardo triste e afflitto)</i>. Gabo lo.;Laga dolo. Laga dolo... <i>(ele parece triste e deprimido)</i>. Gabo lo.;<i>Comfort him</i>;<i>Teselli et</i>;<i>Le réconforter</i>;<i>Consoladle</i>;<i>（なぐさめる）</i>;<i>달래준다</i>;<i>（抚慰他）</i>;<i>（撫慰他）</i>;<i>Ihn trösten</i>;<i>Утешить</i>;<i>Dare conforto</i>;<i>Confortá-lo</i>;;;;;;;;;;;;;<i>Look at <diplomat></i>;<i><diplomat> çevirisini bekle</i>;<i>Regarder <diplomat></i>;<i>Mirar a <diplomat></i>;<i>（<diplomat>+を見る）</i>;<i><diplomat>에게 무슨 말인지 묻는다</i>;<i>看<diplomat></i>;<i>看<diplomat></i>;<i><diplomat> ansehen</i>;<i>Посмотреть на <diplomat></i>;<i>Guardare <diplomat></i>;<i>Olhar para <diplomat></i>;;;;;;;;;;;;;
810;diplomat;He's offering his condolences for the death of your morale... or is it your horse? It could be...;Moralinizin ölümü için size başsağlığı diliyor... Yoksa at için miydi? Olabilir...;Il vous présente ses condoléances pour la disparition de votre moral... Ou peut-être de votre cheval ?;Os presenta su más sentido pésame por la pérdida de vuestra moral... ¿o se trata de vuestro caballo? Tal vez...;この者が申すには…「陛下は死んだような+目をしていてお気の毒だ」と…いや、「陛下の+馬が死んで、お気の毒だ」…？+解釈の難しいところでございます。;폐하의 의욕이 사라진 것에 애도의 말을 전합니다... 아니 말이 사라진 건가요? 아아, 그게 아니고...;他到底是在向你低迷的士气+还是死去的坐骑表示哀悼呢？+都有可能……;他到底是在向你低迷的士氣+還是死去的坐騎表示哀悼呢？+都有可能……;Er spricht Euch sein Beileid zum Verlust Eurer Moral aus ... oder Eures Pferdes? Könnte sein ...;Он выражает свои соболезнования по случаю смерти вашей морали… Или он сказал «лошади?». Может быть…;Porge le sue condoglianze per la morte della Vostra morale… o del Vostro cavallo? Forse entrambi…;Ele está dizendo que lamenta pela morte da sua moral... ou do seu cavalo? Poderia ser...;<i>Angry bang on the table</i>;<i>Masaya öfkeyle vur</i>;<i>Coup de poing rageur sur la table</i>;<i>Dar un golpe sobre la mesa</i>;<i>（怒りにまかせて+テーブルをたたく）</i>;<i>화내며 식탁을 내려친다</i>;<i>（拍案而起）</i>;<i>（拍案而起）</i>;<i>Wütend auf den Tisch hauen</i>;<i>Зло стукнуть кулаком по столу</i>;<i>Colpire il tavolo, furente</i>;<i>Soco na mesa</i>;<i>For some reason, this reaction charmed the barbarian.</i>;<i>Her nedense, bu tepki barbarı memnun etti.</i>;<i>Bizarrement, le barbare est enchanté de votre réaction.</i>;<i>Por algún motivo, al bárbaro le ha encantado vuestra reacción.</i>;<i>その反応は、どういうわけか、+野人の男を大いに喜ばせた。</i>;<i>이유는 알 수 없으나, 그 반응을 보자 야만인이 좋아합니다.</i>;<i>（出于某些原因，野蛮人被这个反应逗乐了。）</i>;<i>（出於某些原因，野蠻人被這個反應逗樂了。）</i>;<i>Aus irgendeinem Grund gewinnt diese Reaktion den Barbaren für Euch.</i>;<i>По какой-то причине, эта реакция тронула душу варвара.</i>;<i>Per qualche motivo, questa reazione ha conquistato il barbaro.</i>;<i>Por algum motivo, essa reação encantou o bárbaro.</i>;You're a terrible translator;Berbat bir çevirmensin;Vous êtes un piètre traducteur;Sois un traductor nefasto;そなたは通訳失格だ;자넨 끔찍한 통역가로군;你是个可怕的翻译;你是個可怕的翻譯;Ihr übersetzt grottig;Из тебя ужасный переводчик;Siete un pessimo traduttore;Você é um péssimo intérprete;;;;;;;;;;;;;
811;barbare;Groro da? <i>(he removes a large piece of meat from his coat and offers it to you)</i>;Groro da? <i>(paltosundan büyükçe bir et parçası çıkarıp size teklif ediyor)</i>;Groro da? <i>(il sort un gros morceau de viande de son manteau et vous le donne)</i>;¿Groro da? <i>(se saca un buen pedazo de carne del abrigo y os lo presenta)</i>;グロロ、ダ？+<i>（男は、上着に張りついていた+大きな肉片をはがし、王に差し出した）</i>;그로로 다? <i>(그가 외투에서 커다란 고깃덩어리를 꺼내 당신에게 권합니다)</i>;格若 达？+<i>（他从外套上取下一大块肉，递给了你）</i>;格若 達？+<i>（他從外套上取下一大塊肉，遞給了你）</i>;Groro da? <i>(er entfernt ein großes Fleischstück von seinem Mantel und hält es Euch hin)</i>;Гроро да? <i>(отрывает от плаща крупный кусок мяса и предлагает вам)</i>;Groro da? <i>(estrae un grosso pezzo di carne dal cappotto e ve lo offre)</i>;Groro da? <i>(ele tira um grande pedaço de carne de dentro do traje e oferece a você)</i>;<i>Eat a chunk</i>;<i>Bir parçasını ye</i>;<i>Manger un morceau</i>;<i>Comer un pedazo</i>;<i>（肉片を食べる）</i>;<i>덩어리를 먹는다</i>;<i>（大快朵颐）</i>;<i>（大快朵頤）</i>;<i>Davon essen</i>;<i>Съесть кусок</i>;<i>Assaggiare</i>;<i>Dar uma mordida</i>;;;;;;;;;;;;;<i>Look at <diplomat></i>;<i><diplomat> çevirisini bekle</i>;<i>Regarder <diplomat></i>;<i>Mirar a <diplomat></i>;<i>（<diplomat>+を見る）</i>;<i><diplomat>에게 무슨 말인지 묻는다</i>;<i>看<diplomat></i>;<i>看<diplomat></i>;<i><diplomat> ansehen</i>;<i>Посмотреть на <diplomat></i>;<i>Guardare <diplomat></i>;<i>Olhar para <diplomat></i>;;;;;;;;;;;;;
812;diplomat;He's looking for a bin to dispose of his spoiled dinner.;Bozuk yemeğini atacak bir yer soruyor.;Il voudrait une poubelle pour y jeter les restes de son repas.;Está buscando una basura para tirar los restos de su almuerzo.;「腐った夕食を捨てたい。ゴミ箱はどこか」+と尋ねております。;엎질러진 저녁을 버릴 쓰레기통을 찾는 듯합니다.;他正在找垃圾桶来处理被毁掉的晚餐。;他正在找垃圾桶來處理被毀掉的晚餐。;Er sucht einen Eimer, in dem er sein verdorbenes Abendessen entsorgen kann.;Он ищет мусорку, чтобы избавиться от испортившегося ужина.;Sta cercando un cestino per gettare la cena avariata.;Ele está procurando uma lixeira para jogar fora a comida estragada.;Tell him my castle is not a dump;Kalemin çöplük olmadığını söyle;Dites-lui que mon château n'est pas un dépotoir;Decidle que mi castillo no es un vertedero.;「わが城はゴミ捨て場では+ない」と伝えよ;내 성은 쓰레기통이 아니라고 전해주게;告诉他我的城堡不是垃圾场;告訴他我的城堡不是垃圾場;Meine Burg ist keine Müllkippe;Скажи ему, что мой замок ― не помойка;Ditegli che il mio castello non è una discarica;Diga a ele que meu castelo não é depósito de lixo;<i>For some reason, this reaction charmed the barbarian.</i>;<i>Her nedense, bu tepki barbarı memnun etti.</i>;<i>Bizarrement, le barbare est enchanté de votre réaction.</i>;<i>Por algún motivo, al bárbaro le ha encantado vuestra reacción.</i>;<i>その反応は、どういうわけか、+野人の男を大いに喜ばせた。</i>;<i>이유는 알 수 없으나, 그 반응을 보자 야만인이 좋아합니다.</i>;<i>（出于某些原因，野蛮人被这个反应逗乐了。）</i>;<i>（出於某些原因，野蠻人被這個反應逗樂了。）</i>;<i>Aus irgendeinem Grund gewinnt diese Reaktion den Barbaren für Euch.</i>;<i>По какой-то причине, эта реакция тронула душу варвара.</i>;<i>Per qualche motivo, questa reazione ha conquistato il barbaro.</i>;<i>Por algum motivo, essa reação encantou o bárbaro.</i>;<i>Put the meat in the bin</i>;<i>Eti çöpe at</i>;<i>Jeter la viande à la poubelle</i>;<i>Tirar la carne a la basura</i>;<i>（肉をゴミ箱に捨てる）</i>;<i>고기를 쓰레기통에다 던진다</i>;<i>把肉放进垃圾桶</i>;<i>把肉放進垃圾桶</i>;<i>Das Fleisch wegwerfen</i>;<i> Выкинуть мясо в мусорную корзину</i>;<i>Mettere la carne nel cestino</i>;<i>Jogar a carne no lixo</i>;;;;;;;;;;;;;
813;barbare;Hagadam dolo. E dolo pragon. <i>(he mimicks riding a horse)</i>;Hagadam dolo. E dolo pragon. <i>(at sürer gibi yapıyor)</i>;Hagadam dolo. E dolo pragon. <i>(il fait semblant d'être à cheval)</i>;Hagadam dolo. E dolo pragon. <i>(hace como que monta a caballo)</i>;ハガダム、ドロ。エ、ドロ、ブラゴン。+<i>（男は、馬に乗る動作をまねた）</i>;하가담 돌로. 이 돌로 프라곤. <i>(말에 탄 흉내를 냅니다)</i>;哈格戴姆 多罗。伊 多罗 普拉贡。+<i>（他做出骑马的姿势）</i>;哈格戴姆 多羅。伊 多羅 普拉貢。+<i>（他做出騎馬的姿勢）</i>;Hagadam dolo. E dolo pragon. <i>(er ahmt Reitbewegungen nach)</i>;Хагадам доло. Э доло прагон. <i>(изображает скачку верхом на лошади)</i>;Hagadam dolo. E dolo pragon. <i>(mima una cavalcata)</i>;Hagadam dolo. E dolo pragon. <i>(ele faz o gesto de cavalgar)</i>;<i>Give him a horse</i>;<i>Ona bir at ver</i>;<i>Lui offrir un cheval</i>;<i>Darle un caballo</i>;<i>（馬を与える）</i>;<i>말을 선물한다</i>;<i>（给他一匹马）</i>;<i>（給他一匹馬）</i>;<i>Ihm ein Pferd geben</i>;<i>Дать ему лошадь</i>;<i>Dargli un cavallo</i>;<i>Dar um cavalo a ele</i>;;;;;;;;;;;;;<i>Look at <diplomat></i>;<i><diplomat> çevirisini bekle</i>;<i>Regarder <diplomat></i>;<i>Mirar a <diplomat></i>;<i>（<diplomat>+を見る）</i>;<i><diplomat>에게 무슨 말인지 묻는다</i>;<i>看<diplomat></i>;<i>看<diplomat></i>;<i><diplomat> ansehen</i>;<i>Посмотреть на <diplomat></i>;<i>Guardare <diplomat></i>;<i>Olhar para <diplomat></i>;;;;;;;;;;;;;
814;diplomat;His bottom is hurting from all the riding.;O kadar at sürmekten kaba butu ağrımış.;Il a mal aux fesses après sa longue chevauchée.;Le duele el trasero después de la cabalgada.;「遠路はるばる馬で旅をしてきたせいで、+尻が痛い」と申しております。;그의 하반신이 승마를 한 탓에 아프다고 합니다.;他一直骑马，骑得屁股都疼了。;他一直騎馬，騎得屁股都疼了。;Sein Hintern tut weh vom vielen Reiten.;Его зад болит после долгой езды.;Gli fa male il sedere a causa dei numerosi giorni in sella a un cavallo.;O traseiro dele está doendo de tanto cavalgar.;Tell him I pity him;Ona üzüldüğümü söyle.;Distes-lui que je compatis.;Decidle que le acompaño en el sentimiento.;「それは気の毒に」と+伝えよ;안타깝다고 전해주게;告诉他我怜悯他;告訴他我憐憫他;Sagt ihm, er tut mir leid;Скажи, что мне его жаль;Ditegli che lo compatisco;Diga a ele que eu lamento;;;;;;;;;;;;;<i>Don't answer</i>;<i>Yanıt verme</i>;<i>Ne rien répondre</i>;<i>Dar un silencio por respuesta</i>;<i>（答えない）</i>;<i>답하지 않는다</i>;<i>别回答</i>;<i>別回答</i>;<i>Nicht antworten</i>;<i>Не отвечать</i>;<i>Non rispondere</i>;<i>Não responder</i>;;;;;;;;;;;;;
815;barbare;Progodu tyo damno. <i>(impenetrable look)</i>;Progodu tyo damno. <i>(anlaşılmaz bir bakış)</i>;Progodu tyo damno. <i>(regard impénétrable)</i>;Progodu tyo damno. <i>(mirada impenetrable)</i>;プロゴドゥ、ティヨ、ダムノ。+<i>（男の表情から、その胸中は読み取れない）</i>;프로고두 툐 담노. <i>(알 수 없는 눈빛을 보냅니다)</i>;普若格度 图尤 达姆诺。+<i>（难以捉摸的神情）</i>;普若格度 圖尤 達姆諾。+<i>（難以捉摸的神情）</i>;Progodu tyo damno. <i>(undurchschaubarer Blick)</i>;Прогоду туо дамно. <i>(нечитаемый взгляд)</i>;Progodu tyo damno. <i>(sguardo impenetrabile)</i>;Progodu tyo damno. <i>(olhar impenetrável)</i>;<i>Answer with gibberish</i>;<i>Anlaşılmaz şeyler söyle</i>;<i>Répondre en baragouinant</i>;<i>Contestar con un chapurreo</i>;<i>（でたらめな言葉を+発する）</i>;<i>횡설수설하게 대답한다</i>;<i>（顾左右而言他）</i>;<i>（顧左右而言他）</i>;<i>Mit Kauderwelsch antworten</i>;<i>Ответить какой-то тарабарщиной</i>;<i>Rispondere con parole incomprensibili</i>;<i>Responder com palavras sem sentido</i>;<i>That was an insult. It didn't work very well.</i>;<i>Bu bir hakaretti. Pek işe yaramadı.</i>;<i>C'était une insulte. Il ne l'a pas très bien pris.</i>;<i>Eso era claramente un insulto. No se lo ha tomado demasiado bien.</i>;<i>それは侮辱の言葉だった。+男は気分を害したようだ。</i>;<i>그것은 모욕적인 말이었나 봅니다. 이야기가 잘 풀리지 않았습니다.</i>;<i>（那是一种侮辱，+但并没有什么效果。）</i>;<i>（那是一種侮辱，+但並沒有什麼效果。）</i>;<i>Unabsichtlich beleidigt Ihr Euren Gast. Das kommt nicht gut an.</i>;<i>Это оказалось каким-то оскорблением и не слишком тепло было воспринято.</i>;<i>Quello era un insulto. Non ha funzionato granché bene.</i>;<i>Isso foi um insulto. Não funcionou muito bem.</i>;<i>Look at <diplomat></i>;<i><diplomat> çevirisini bekle</i>;<i>Regarder <diplomat></i>;<i>Mirar a <diplomat></i>;<i>（<diplomat>+を見る）</i>;<i><diplomat>에게 무슨 말인지 묻는다</i>;<i>看<diplomat></i>;<i>看<diplomat></i>;<i><diplomat> ansehen</i>;<i>Посмотреть на <diplomat></i>;<i>Guardare <diplomat></i>;<i>Olhar para <diplomat></i>;;;;;;;;;;;;;
816;diplomat;He says "time is the hero's shield".;Diyor ki, "zaman kahramanların kalkanıdır.";Il dit que "le temps est le bouclier du héros".;Dice que "el tiempo es el escudo de los héroes".;「時間は英雄の盾なり」と申しております。;"시간은 영웅의 방패다"라고 말하는군요.;他说：“时间是英雄之盾”。;他說：“時間是英雄之盾”。;Er sagt: "Zeit ist der Schild des Helden.";Он говорит: «Время ― щит героя».;Dice : "il tempo è lo scudo dell'eroe".;Ele disse: "o tempo é o escudo do herói".;Tell him "space is the fool's sword";Ona, "uzay aptalın kılıcıdır" de;Dites-lui que "l'espace est l'épée de l'idiot".;Decidle que "el espacio es la espada del idiota".;「空間は愚者の剣なり」+と伝えよ;"우주는 멍청이의 검"이라 전해주게;告诉他“沉默是傻瓜的武器”;告訴他“沉默是傻瓜的武器”;"Raum ist das Schwert des Narren";Скажи ему: «Пространство ― меч дурака».;"Ditegli: "lo spazio è la spada del folle";Diga a ele: "o espaço é a espada do tolo";<i>For some reason, this reaction charmed the barbarian.</i>;<i>Her nedense, bu tepki barbarı memnun etti.</i>;<i>Bizarrement, le barbare est enchanté de votre réaction.</i>;<i>Por algún motivo, al bárbaro le ha encantado vuestra reacción.</i>;<i>その反応は、どういうわけか、+野人の男を大いに喜ばせた。</i>;<i>이유는 알 수 없으나, 그 반응을 보자 야만인이 좋아합니다.</i>;<i>（出于某些原因，野蛮人被这个反应逗乐了。）</i>;<i>（出於某些原因，野蠻人被這個反應逗樂了。）</i>;<i>Aus irgendeinem Grund gewinnt diese Reaktion den Barbaren für Euch.</i>;<i>По какой-то причине, эта реакция тронула душу варвара.</i>;<i>Per qualche motivo, questa reazione ha conquistato il barbaro.</i>;<i>Por algum motivo, essa reação encantou o bárbaro.</i>;Tell him "I'm defenseless";"Savunmam yok" de;Dites-lui que "je suis sans défense".;Decidle que "estoy indefenso".;「余は無防備だ」と+伝えよ;"나는 무방비하다"고 전해주게;告诉他“我非常无助”;告訴他“我非常無助”;Sagt: "Ich bin schutzlos";Скажи ему: «я беззащитен»;Ditegli: "Sono indifeso";Diga a ele que sou indefeso;<i><barbare> laughed, but it's a bit forced.</i>;<i><barbare> güldü ama biraz zorlama bir gülüştü.</i>;<i><barbare> rit, d'un rire forcé.</i>;<i><barbare> se ríe, pero de una manera muy forzada.</i>;<i><barbare>は、+やや白々しく笑った。</i>;<i><barbare>은(는) 웃었으나, 억지로 웃는 것 같아 보였습니다.</i>;<i><barbare>有点勉强地笑着。.</i>;<i><barbare>有點勉強地笑著。.</i>;<i><barbare> lacht, aber leicht gezwungen.</i>;<i><barbare> рассмеялся, но несколько натянуто.</i>;<i><barbare> ride, ma in modo forzato.</i>;<i><barbare> riu, mas um tanto forçado.</i>;
817;barbare;Igolo dal brezou. Shabale. <i>(he points at his face)</i> Shabale, shabale.;Igolo dal brezou. Shabale. <i>(kendi yüzüne işaret ediyor)</i> Shabale, shabale.;Igolo dal brezou. Shabale. <i>(il désigne son visage)</i> Shabale, shabale.;Igolo dal brezou. Shabale. <i>(señala su cara)</i> Shabale, shabale.;イゴロ、ダル、ブレゾウ。シャバレ。+<i>（男は、自分の顔を指さした）+シャバレ、シャバレ。</i>;이골로 달 브레조우. 샤발레. <i>(그가 자신의 얼굴을 가리킵니다)</i> 샤발레, 샤발레.;艾格罗 达尔 布瑞卓。沙贝尔。+<i>（他指着他的脸）</i>+沙贝尔，沙贝尔。;艾格羅 達爾 布瑞卓。沙貝爾。+<i>（他指著他的臉）</i>+沙貝爾，沙貝爾。;Igolo dal brezou. Shabale. <i>(er deutet auf sein Gesicht)</i> Shabale, shabale.;Иголо дал брезоу. Шабале. <i>(указывает на свое лицо)</i> Шабале, шабале.;Igolo dal brezou. Shabale. <i>(indica il suo volto)</i> Shabale, shabale.;Igolo dal brezou. Shabale. <i>(ele aponta para o próprio rosto)</i> Shabale, shabale.;<i>Grimace</i>;<i>Sert sert bak</i>;<i>Faire une grimace</i>;<i>Hacer una mueca</i>;<i>（顔をしかめる）</i>;<i>얼굴을 찡그린다</i>;<i>（扮鬼脸）</i>;<i>（扮鬼臉）</i>;<i>Grimasse schneiden</i>;<i>Скривить лицо</i>;<i>Fare una smorfia</i>;<i>Fazer careta</i>;;;;;;;;;;;;;<i>Look at <diplomat></i>;<i><diplomat> çevirisini bekle</i>;<i>Regarder <diplomat></i>;<i>Mirar a <diplomat></i>;<i>（<diplomat>+を見る）</i>;<i><diplomat>에게 무슨 말인지 묻는다</i>;<i>看<diplomat></i>;<i>看<diplomat></i>;<i><diplomat> ansehen</i>;<i>Посмотреть на <diplomat></i>;<i>Guardare <diplomat></i>;<i>Olhar para <diplomat></i>;;;;;;;;;;;;;
818;diplomat;He says that the mouse is orange.;Fare turuncu, diyor.;Il dit que la souris est orange.;Dice que el ratón es naranja.;「ネズミはオレンジだ」と申しております。;"쥐는 오렌지다"라고 말하는군요.;他说那老鼠是橙色的。;他說那老鼠是橙色的。;Er sagt, die Maus sei orange.;Он говорит, что мышь оранжевая.;Dice che il topo è arancione.;Ele disse que o rato é laranja.;<i>Sigh</i>;<i>İç çek</i>;<i>Soupir</i>;<i>Suspiro</i>;<i>（ため息をつく）</i>;<i>한숨을 쉰다</i>;<i>（叹气）</i>;<i>（歎氣）</i>;<i>Seufzen</i>;<i>Вздохнуть</i>;<i>Sigh</i>;<i>Suspiro</i>;<i>For some reason, this reaction charmed the barbarian.</i>;<i>Her nedense, bu tepki barbarı memnun etti.</i>;<i>Bizarrement, le barbare est enchanté de votre réaction.</i>;<i>Por algún motivo, al bárbaro le ha encantado vuestra reacción.</i>;<i>その反応は、どういうわけか、+野人の男を大いに喜ばせた。</i>;<i>이유는 알 수 없으나, 그 반응을 보자 야만인이 좋아합니다.</i>;<i>（出于某些原因，野蛮人被这个反应逗乐了。）</i>;<i>（出於某些原因，野蠻人被這個反應逗樂了。）</i>;<i>Aus irgendeinem Grund gewinnt diese Reaktion den Barbaren für Euch.</i>;<i>По какой-то причине, эта реакция тронула душу варвара.</i>;<i>Per qualche motivo, questa reazione ha conquistato il barbaro.</i>;<i>Por algum motivo, essa reação encantou o bárbaro.</i>;<i>Look at <diplomat></i>;<i><diplomat> çevirisini bekle</i>;<i>Regarder <diplomat></i>;<i>Mirar a <diplomat></i>;<i>（<diplomat>+を見る）</i>;<i><diplomat>을(를) 노려본다</i>;<i>看<diplomat></i>;<i>看<diplomat></i>;<i><diplomat> ansehen</i>;<i>Посмотреть на <diplomat></i>;<i>Guardare <diplomat></i>;<i>Olhar para <diplomat></i>;;;;;;;;;;;;;
819;barbare;Zgada.;Zgada.;Zgada.;Zgada.;ズガダ。;지가다.;扎格达。;紮格達。;Zgada.;Згада.;Zgada.;Zgada.;I...;Ben...;Je...;Yo...;あー…;그러니까...;我……;我……;Ich ...;Я…;Io…;Eu...;;;;;;;;;;;;;<i>Look at <diplomat></i>;<i><diplomat> çevirisini bekle</i>;<i>Regarder <diplomat></i>;<i>Mirar a <diplomat></i>;<i>（<diplomat>+を見る）</i>;<i><diplomat>에게 무슨 말인지 묻는다</i>;<i>看<diplomat></i>;<i>看<diplomat></i>;<i><diplomat> ansehen</i>;<i>Посмотреть на <diplomat></i>;<i>Guardare <diplomat></i>;<i>Olhar para <diplomat></i>;;;;;;;;;;;;;
820;diplomat;He says that he likes you and is willing to graciously offer his help.;Sizden hoşlandığını ve merhamet edip yardım sunmak istediğini söylüyor.;Il dit qu'il vous aime bien et qu'il est prêt à vous apporter son aide.;Dice que le gustáis y que está dispuesto a ayudaros.;この者が申すには…「陛下のことがとても+気に入ったので、いつでも力になろう」…;폐하가 마음에 들며, 언제든지 도와주겠다고 말합니다.;他说他喜欢你，+而且他想优雅地提供他的帮助。;他說他喜歡你，+而且他想優雅地提供他的幫助。;Er sagt, er mag Euch und will Euch gnädigerweise seine Hilfe anbieten.;Он говорит, вы ему нравитесь, и он готов милостиво предложить свою помощь.;Dice che Voi gli piacete ed è disposto a offrirvi cortesemente il suo aiuto.;Ele disse que gostou de você e está disposto a gentilmente oferecer ajuda.;All right;Pekala;Parfait;Perfecto;そうか…;그렇군...;好吧;好吧;Also gut;Хорошо;Va bene;Está bem;;;;;;;;;;;;;He said all that?;Hepsini birden mi söyledi?;Il a vraiment dit tout ça ?;¿De verdad ha dicho todo éso?;…今の一言で、+そんな意味になるのか？;정말로 그리 말했는가?;他说了这些?;他說了這些?;Er hat all das gesagt?;Он сейчас правда все это сказал?;Ha detto tutte queste cose?;Ele disse isso tudo?;;;;;;;;;;;;;
821;diplomat;I'm not finished. Each time a new war occurs, <barbare> may come and visit you to help. Should I accept?;Daha bitmedi. Ne zaman yeni savaş çıksa, <barbare> yardım etmek için gelip ziyaret edebilir. Kabul edeyim mi?;Ce n'est pas tout. Chaque fois qu'une guerre se déclarera, <barbare> viendra à votre secours. Êtes-vous d'accord ?;Eso no es todo. Cada vez que se declara una guerra, <barbare> ha de venir en vuestra ayuda. ¿Estáis de acuerdo?;まだ途中でございます。「新たな戦が起きた+あかつきには、この<barbare>が、+いつでも駆けつけよう」とのこと。+この申し出を受け入れますか？;폐하, 아직 남았습니다. 새로운 전쟁이 발발할 때마다, <barbare>(이)가 와서 도와주겠다고 합니다. 승낙하시겠습니까?;还没完呢。+未来每次战争开始时，+<barbare>都可能会来拜访你并提供帮助，我要同意吗？;還沒完呢。+未來每次戰爭開始時，+<barbare>都可能會來拜訪你並提供幫助，我要同意嗎？;Das war nicht alles. Immer wenn ein Krieg ausbricht, kann <barbare> kommen und Euch helfen. Einverstanden?;Я еще не закончил. Каждый раз, когда случится новая война, <barbare> может прийти вам на помощь. Мне принять это предложение?;Non ho finito. Ogni volta che scoppia una nuova guerra, <barbare> potrebbe accorrere in Vostro aiuto. Devo accettare?;Não terminei. Cada vez que uma guerra ocorrer, <barbare> pode vir visitá-lo para ajudar. Devo aceitar?;;;;;;;;;;;;;<i><diplomat> slapped <barbare> in the face, who laughed merrily. You spend the next days drinking before his departure.</i>;<i><diplomat> <barbare>'ın yüzüne tokat attı, o da şen bir şekilde güldü. Barbarın gidişinden önceki birkaç gün boyunca içiyorsunuz.</i>;<i><diplomat> gifle <barbare>, qui éclate de rire. Vous buvez gaiement pendant plusieurs jours, jusqu'à son départ.</i>;<i><diplomat> da una bofetada a <barbare>, el cual se parte de risa. Os pasáis el resto del tiempo hasta su partida bebiendo y bebiendo.</i>;<i><diplomat>は+<barbare>の顔をひっぱたいた。+野人は愉快そうに笑い、その後数日間、+王と酒を酌み交わしたのち、+城を発った。</i>;<i><diplomat>이(가) <barbare>의 얼굴을 치며 명쾌하게 웃었습니다. 당신은 야만인이 떠나기 전까지 계속 술을 마셨습니다.</i>;<i>（<diplomat> 扇了正开心笑着的<barbare>一耳光。+在他出发前的几天里，你终日饮酒。）</i>;<i>（<diplomat> 扇了正開心笑著的<barbare>一耳光。+在他出發前的幾天裏，你終日飲酒。）</i>;<i><diplomat> und <barbare> raufen lachend miteinander. In den nächsten Tagen zecht ihr heftig, dann reist er ab.</i>;<i><diplomat> отвесил <barbare> пощечину, но тот лишь весело рассмеялся. Следующие несколько дней до его отъезда вы провели вместе, выпивая.</i>;<i><diplomat> ha colpito sul volto <barbare>, che ha risposto con un'allegra risata. Trascorrete i giorni seguenti a bere, finché egli se ne va.</i>;<i><diplomat> deu um tapa no rosto de <barbare>, que riu alegremente. Você passou os dias seguintes bebendo até a partida dele.</i>;;;;;;;;;;;;;;;;;;;;;;;;;
822;barbare;Blougoum adomi.;Blougoum adomi.;Blougoum adomi.;Blougoum adomi.;ブロウゴウム、アドミ。;블로우고움 아도미.;布洛格姆 阿多米。;布洛格姆 阿多米。;Blougoum adomi.;Блоугоум адоми.;Blougoum adomi.;Blougoum adomi.;;Ben...;Je...;Yo...;あー…;;我……;我……;Ich ...;Я…;Io…;Eu...;;;;;;;;;;;;;<i>Convoke <diplomat></i>;<i><diplomat> çağır</i>;<i>Convoquer <diplomat></i>;<i>Convocar a <diplomat></i>;<i>（<diplomat>+を呼ぶ）</i>;<i><diplomat>을(를) 부른다</i>;<i>召开<diplomat></i>;<i>召開<diplomat></i>;<i><diplomat> rufen</i>;<i>Позвать <diplomat></i>;<i>Convocare <diplomat></i>;<i>Convocar <diplomat></i>;;;;;;;;;;;;;
823;diplomat;He offers to stop the war for... 30 horses. Bargain.;Savaşı durdurma karşılığında... 30 at istiyor. Sudan ucuz.;Il propose de mettre fin à la guerre en échange de... 30 chevaux. Une affaire.;Os propone acabar con la guerra a cambio de... 30 caballos. Una ganga.;「馬を30頭寄こせば、戦を終わらせてやろう。+取り引きだ」と申しております。+承諾いたしますか？;말 30마리에... 전쟁을 멈춰주겠다고 합니다. 나쁘지 않군요.;他主动提出用停战来换+……30匹马。讨价还价吧。;他主動提出用停戰來換+……30匹馬。討價還價吧。;Er bietet an, den Krieg zu beenden, für ... 30 Pferde. Ein Schnäppchenpreis.;Он предлагает прекратить войну за… 30 лошадей. Сделка.;Ha offerto di fermare la guerra per… 30 cavalli. Un baratto.;Ele se oferece a parar a guerra por... 30 cavalos. Bom negócio.;;;;;;;;;;;;;;;;;;;;;;;;;;;;;;;;;;;;;;;;;;;;;;;;;
824;barbare;Damo adomi.;Damo adomi.;Damo adomi.;Damo adomi.;ダモ、アドミ。;다모 아도미.;达莫 阿多米。;達莫 阿多米。;Damo adomi.;Дамо адоми.;Damo adomi.;Damo adomi.;;Ben...;Je...;Yo...;あー…;;我……;我……;Ich ...;Я…;Io…;Eu...;;;;;;;;;;;;;<i>Summon <diplomat></i>;<i><diplomat> çağır</i>;<i>Appeler <diplomat></i>;<i>Llamar a <diplomat></i>;<i>（<diplomat>+を呼びつける）</i>;<i><diplomat>을(를) 부른다</i>;<i>召集<diplomat></i>;<i>召集<diplomat></i>;<i><diplomat> rufen</i>;<i>Призвать <diplomat></i>;<i>Far venire <diplomat></i>;<i>Chamar <diplomat></i>;;;;;;;;;;;;;
825;diplomat;He's offering us to take part in a large cooperation between the major countries of the continent.;Kıtanın büyük ülkeleri arasındaki geniş bir iş birliğine katılmamızı istiyor.;Il nous propose de rejoindre un groupement des pays les plus importants du continent.;Os propone formar parte de un gran alianza entre los mayores países del continente.;「大陸の諸大国が参加する大規模な同盟に、+お前の国を加えてやってもよい」と+申しております。参加いたしますか？;그가 우리에게 대륙의 주요 국가 간의 거대한 협정에 함께할 것을 제안하고 있습니다.;他提出要参与这块大陆上两个主要国家间的合作。;他提出要參與這塊大陸上兩個主要國家間的合作。;Er bietet uns an, bei der Zusammenarbeit der wichtigsten Länder des Kontinents mitzuwirken.;Он предлагает нам вступить в крупный союз основных ведущих стран континента.;Ci offre di partecipare a un'ampia collaborazione tra i maggiori Paesi del continente.;Ele está nos convidando a participar de uma grande colaboração entre os principais países do continente.;;;;;;;;;;;;;;;;;;;;;;;;;;;;;;;;;;;;;;;;;;;;;;;;;
826;foreign_princess;Sign a peace treaty with my country and we will guarantee 10 years of unenventful and boring prosperity.;Ülkemle barış antlaşması imzalayın, 10 yıl boyunca hiçbir şey olmayan, sıkıcı bir refah garanti edelim.;Signez un traité de paix avec mon pays et nous vous garantissons 10 années de prospérité tranquilles et monotones.;Sois un rey excelente. Firmad el tratado de paz con mi país y os garantizamos 10 años de prosperidad. Será una década tranquila y monótona.;陛下は、とても有能な君主でいらっしゃいます。+私の国と和平協定を結んでいただければ、+向こう10年、国が豊かになるとお約束します。+平穏で退屈な日々が続くことでしょう。;제 국가와 평화 조약을 맺어주시면 ,10년 간의 평화롭고 따분한 번영을 약속하겠습니다.;你是一个有能力的国王。+如果你愿意签署一个停战协议，+我们保证你未来十年可以繁荣发展。+一切马上会归于平静，甚至会有些无聊。;你是一個有能力的國王。+如果你願意簽署一個停戰協議，+我們保證你未來十年可以繁榮發展。+一切馬上會歸於平靜，甚至會有些無聊。;Ihr seid ein fähiger König. Unterzeichnet einen Friedensvertrag, und 10 Jahre Wohlstand folgen. Ereignislos und langweilig.;Подпишите мирный договор с моей страной, и мы гарантируем вам 10 лет мира и процветания. Это будет нудно и скучно.;Siete un Re capace. Se firmerete un trattato di pace con il mio Paese vi garantiremo 10 anni di prosperità.;Se assinar um tratado de paz com meu país, iremos lhe garantir 10 anos de prosperidade. Será monótono e entediante.;;;;;;;;;;;;;;;;;;;;;;;;;;;;;;;;;;;;;;;;;;;;;;;;;
827;monk;It's like... nothing is happening! God be praised!;Sanki... hiçbir şey olmuyor! Tanrı'ya şükürler olsun!;On dirait... qu'il ne se passe rien ! Dieu soit loué !;Es como si dijeramos... ¡Aquí no pasa nada! ¡Alabado sea Dios!;陛下…今年は、なんの事件もございません！+きっと、神がお護りくださっているに違いない！;오오... 아무 일도 일어나지 않은 것 같군요! 하느님 덕분입니다! 하느님을 찬양합시다!;就像……什么都没有发生！+赞美神！;就像……什麼都沒有發生！+讚美神！;Es ist, als ... würde nichts geschehen! Gepriesen sei Gott!;Ну, вроде… ничего не происходит! Слава Богу!;È come se… non succedesse niente! Sia lodato il Signore!;Como se... nada estivesse acontecendo! Graças a Deus!;;;;;;;;;;;;;;;;;;;;;;;;;;;;;;;;;;;;;;;;;;;;;;;;;
828;monk;There is only good news this year. Your Kingdom is a paradise!;Bu yıl sadece mutlu haberler var. Krallığınız bir cennet!;Toutes les nouvelles sont bonnes, cette année. Votre royaume est un véritable paradis.;Este año no hay más que buenas noticias. Vuestro reino es un auténtico paraíso.;今年は、悪いことが何ひとつ起きません！+この国はまさに、地上の楽園です！;올해는 좋은 소식만 있습니다. 폐하의 왕국은 천국입니다!;今年全都是好消息。+您的王国简直像天堂一样！;今年全都是好消息。+您的王國簡直像天堂一樣！;Dieses Jahr gibt es nur gute Neuigkeiten. Euer Königreich ist ein Paradies!;В этом году у нас только добрые вести. Ваше королевство просто рай на земле!;Quest'anno ci sono solo buone notizie. Il Vostro regno è un paradiso!;Temos apenas boas notícias este ano. Seu reino é um paraíso!;;;;;;;;;;;;;;;;;;;;;;;;;;;;;;;;;;;;;;;;;;;;;;;;;
829;monk;So... we almost went to war with the East, but it didn't happen in the end.;Evet... Neredeyse Doğu'da savaşa başlıyorduk ama nihayetinde yaşanmadı.;Bon... Nous avons failli entrer en guerre avec l'Est, mais ça n'a finalement pas été le cas.;Bueno... Casi, casi nos metemos en una guerra con el Este, pero finalmente no ha ocurrido nada.;東方と戦になりかけましたが、+結局、何事も起きませんでした。;폐하... 동쪽 나라와 아슬아슬한 분쟁이 있었으나, 다행히 전쟁으로 이어지진 않았습니다.;所以……我们几乎跟东方开战了，+但是最后什么也没有发生。;所以……我們幾乎跟東方開戰了，+但是最後什麼也沒有發生。;Nun ... fast hätte es Krieg mit dem Osten gegeben, aber es ist doch nicht dazu gekommen.;Так… мы почти вступили в войну с Востоком, но в итоге этого не произошло.;Ecco… siamo quasi scesi in guerra con l'Est, ma alla fine non è accaduto.;Então... quase entramos em guerra com o leste, mas acabou não acontecendo.;;;;;;;;;;;;;;;;;;;;;;;;;;;;;;;;;;;;;;;;;;;;;;;;;
830;anyone;Nothing, absolutely nothing is happening.;Hiçbir şey yok, resmen hiçbir şey.;Rien de rien, il ne se passe rien.;Nada de nada. No pasa nada.;特に何も起きておりません。+いたって平和です。;아무것도 아닙니다. 정말 아무 일도 일어나지 않았습니다.;没，什么事都没有。;沒，什麼事都沒有。;Nichts, absolut gar nichts passiert.;Ничего, вообще ничего не происходит.;Niente, non succede assolutamente niente.;Nada, absolutamente nada está acontecendo.;<i>Play games</i>;<i>Oyun oyna</i>;<i>Jouer à des jeux</i>;<i>Entretenerse con juegos</i>;<i>（ゲームをして遊ぶ）</i>;<i>게임을 한다</i>;<i>（进行游戏）</i>;<i>（進行遊戲）</i>;<i>Etwas spielen</i>;<i>Играть в игры</i>;<i>Intrattenersi con dei giochi</i>;<i>Distrair-se jogando</i>;;;;;;;;;;;;;<i>Escape</i>;<i>Kaç</i>;<i>S'enfuir</i>;<i>Huir</i>;<i>（逃げ出す）</i>;<i>탈출</i>;<i>逃走</i>;<i>逃走</i>;<i>Flucht ergreifen</i>;<i>Сбежать</i>;<i>Fuggire</i>;<i>Fugir</i>;;;;;;;;;;;;;
831;foreign_princess;It was painful, wasn't it? But don't worry, it's over now. ;Acı vericiydi, değil mi? Ama endişelenmeyin, artık bitti.;Ça n'a pas été très amusant, n'est-ce pas ? Maintenant, c'est fini.;Es un rollo, ¿no os parece? Ahora ya, se acabó.;耐えがたい苦痛でしたでしょう？+でも、ご安心ください。もう終わりです。;고통스러웠지요? 하지만 걱정 마세요. 이제 끝나니까요.;这很痛苦啊，不是么？+但是别担心，马上就要结束了。;這很痛苦啊，不是麼？+但是別擔心，馬上就要結束了。;Es war quälend, nicht wahr? Aber keine Sorge, jetzt ist es vorbei.;Было больно, не так ли? Но не волнуйся, сейчас все кончится.;È stato spiacevole, non è vero? Ma niente paura, è finita.;Foi doloroso, não foi? Mas não se preocupe, já passou.;What?;Ne?;Pardon ?;¿Disculpad?;なに…？;뭐라...?;什么？;什麼？;Was?;Что?;Cosa?;O quê?;;;;;;;;;;;;;What?;Ne?;Pardon ?;¿Perdón?;なに…？;뭐라...?;什么？;什麼？;Was?;Что?;Cosa?;O quê?;;;;;;;;;;;;;
832;end>dead_king_unknow;<i>You decide to slip out of the castle in the dead of night. What happened to you? A lot of mysterious adventures.</i>;<i>Gecenin bir yarısında kaleden sessizce sıvışmaya karar veriyorsunuz. Başınıza neler mi geldi? Bolca gizemli macera.</i>;<i>Vous vous glissez hors du château en pleine nuit et vivez beaucoup d'aventures mystérieuses.</i>;<i>Os escapáis del castillo en plena noche. Experimentáis cantidad de aventuras misteriosas.</i>;<i>王は、真夜中に城を抜け出した。+そして、のちに数々の不思議な冒険をしたという。</i>;<i>당신은 밤중에 성 밖으로 빠져 나가기로 결심했습니다. 무수한 모험이 당신을 기다리고 있습니다...</i>;<i>你觉得趁着夜里一片寂静的时候溜出城堡。+然后发生了什么？+一系列不可思议的冒险。</i>;<i>你覺得趁著夜裏一片寂靜的時候溜出城堡。+然後發生了什麼？+一系列不可思議的冒險。</i>;<i>Ihr entschließt Euch, mitten in der Nacht aus der Burg zu verschwinden. Was wird aus Euch? Ein Abenteurer.</i>;<i>Под покровом ночи вы решили выскользнуть из замка. Какие приключения ждали вас дальше? Тайна, покрытая мраком.</i>;<i>Decidete di sgattaiolare fuori dal castello nel cuore della notte. Cos'è accaduto? Tante avventure misteriose.</i>;<i>Você decide sair escondido do castelo no meio da noite. O que aconteceu? Muitas aventuras misteriosas.</i>;;;;;;;;;;;;;;;;;;;;;;;;;;;;;;;;;;;;;;;;;;;;;;;;;
833;werewolf;I opened a trendy tavern near the harbour. Will you graciously loan me some money?;Limanın yakınlarında son moda bir taverna açtım. Rica etsem bana biraz para borç verir misiniz?;J'ai ouvert une taverne très en vogue près du port. Pourriez-vous de me prêter de l'argent ?;Acabo de abrir una taberna de moda cerca del puerto. ¿Os importaría prestarme algo de dinero?;港のそばに、小粋な酒場を開きました。+陛下、資金を援助していただけますか？;폐하, 항구 근처에서 트랜디한 선술집을 개장했습니다. 죄송합니다만, 약간의 자금을 빌려주실 수 있나요?;我在港口附近开了家时髦的酒馆。+您可以仁慈地借我一些钱吗？;我在港口附近開了家時髦的酒館。+您可以仁慈地借我一些錢嗎？;Ich habe am Hafen eine angesagte Taverne eröffnet. Leiht Ihr mir gütigerweise etwas Geld?;Я открыл модненькую таверну недалеко от гавани. Не будете ли вы так добры одолжить мне немного денег?;Ho aperto una taverna alla moda vicino al porto. Vorreste cortesemente accordarmi un prestito?;Eu abri uma taberna descolada perto do porto. O senhor poderia gentilmente me emprestar algum dinheiro?;;;;;;;;;;;;;;;;;;;;;;;;;;;;;;;;;;;;;;;;;;;;;;;;;
834;priest;I heard about a new place of bestial perdition down in the harbour. We should close it.;Limanda yeni bir hayvani günah yuvası hakkında duyumlar aldım. Kapatmalıyız.;On m'a parlé d'un nouveau lieu de perdition, à côté du port. Nous devrions le faire fermer.;Me han hablado de un nuevo garito de perdición bestial, al lado del puerto. Deberíamos cerrarlo.;港に、ケダモノどもが集う、+けがらわしい店ができたとのこと。+ただちに営業を停止させるべきです。;항구 아래에 야만적인 가게가 나타났다는 소문을 들었습니다. 그곳을 처리해야 합니다.;我听说港口已经堕落成了一个兽性沦丧的地方。+我们应该关掉那家酒馆。;我聽說港口已經墮落成了一個獸性淪喪的地方。+我們應該關掉那家酒館。;Ich habe von einem neuen Ort bestialischer Verdammnis unten am Hafen gehört. Wir sollten ihn schließen.;Я слышал, возле гавани появился новый рассадник звериной заразы. Нужно закрыть это место.;Ho sentito parlare di un nuovo locale di bestiale perdizione giù al porto. Dovremmo farlo chiudere.;Ouvi rumores sobre um novo antro de perdição bestial na área portuária. Deveríamos fechá-lo.;;;;;;;;;;;;;<priest> almost dragged you to the tavern. It's full of loud noises and strange smells.;<priest> sizi tavernaya neredeyse sürükledi. Yüksek sesler ve tuhaf kokularla dolu.;<priest> vous traîne presque jusqu'à la taverne. Elle est bruyante et nauséabonde.;<priest> os arrastra hasta la taberna. Es un lugar ruidoso y nauseabundo.;<priest>は、+渋る王を引きずるようにして、+酒場へ向かった。+店内はとても騒がしく、+異様なにおいが充満していた。;<priest>은(는) 당신을 시끄러운 소리와 이상한 냄새가 가득한 술집으로 이끌었습니다.;<priest>几乎是拽着把你带进了酒馆。+这里异常嘈杂还充斥着古怪的气味。;<priest>幾乎是拽著把你帶進了酒館。+這裏異常嘈雜還充斥著古怪的氣味。;<priest> zerrt Euch fast in die Taverne. Sie ist laut und voller seltsamer Gerüche.;<priest> едва ли не силой затащил вас в таверну. В ней полно шума и странных запахов.;<priest> vi trascina alla taverna, un luogo rumoroso e puzzolente.;<priest> praticamente arrastou você para a taberna. Você ouve barulhos altos e sente cheiros estranhos.;Not so fast;Dur bakalım;Pas si vite;No tan deprisa;それはならぬ;서두르지 말게나;先别急;先別急;Nicht so schnell;Не так быстро;Non così in fretta;Espere aí;<priest> almost dragged you to the tavern. It's full of loud noises and strange smells.;<priest> sizi tavernaya neredeyse sürükledi. Yüksek sesler ve tuhaf kokularla dolu.;<priest> vous traîne presque jusqu'à la taverne. Elle est bruyante et nauséabonde.;<priest> os arrastra hasta la taberna. Es un lugar ruidoso y nauseabundo.;<priest>は、+渋る王を引きずるようにして、+酒場へ向かった。+店内はとても騒がしく、+異様なにおいが充満していた。;<priest>은(는) 당신을 시끄러운 소리와 이상한 냄새가 가득한 술집으로 이끌었습니다.;<priest>几乎是拽着把你带进了酒馆。+这里异常嘈杂还充斥着古怪的气味。;<priest>幾乎是拽著把你帶進了酒館。+這裏異常嘈雜還充斥著古怪的氣味。;<priest> zerrt Euch fast in die Taverne. Sie ist laut und voller seltsamer Gerüche.;<priest> едва ли не силой затащил вас в таверну. В ней полно шума и странных запахов.;<priest> vi trascina alla taverna, un luogo rumoroso e puzzolente.;<priest> praticamente arrastou você para a taberna. Você ouve barulhos altos e sente cheiros estranhos.;
835;werewolf;What are you doing here?;Burada ne yapıyorsunuz?;Qu'est ce que vous faites ici ?;¿Qué estáis haciendo aquí?;陛下、ここで何をされているのです？;이런 곳에 어쩐 일이신가요?;你在这做什么呢？;你在這做什麼呢？;Was macht Ihr hier?;Что вы здесь делаете?;Cosa fate qui?;O que você está fazendo aqui?;Passing by...;Yoldan geçiyordum...;Je ne fais que passer;Solo estoy de paso;通りがかっただけだ…;지나가던 길이었네만...;路过……;路過……;Bin schon wieder weg;Да так, мимо проходил…;Sono solo di passaggio…;Estava só de passagem...;;;;;;;;;;;;;I'm going to...;Yapacaklarım...;Je vais...;Voy a...;すまぬが、この店を…;그게...;我将要去……;我將要去……;Ich werde ...;Я собираюсь…;Sto andando a…;Estou indo para...;;;;;;;;;;;;;
836;parker;You like this place? I invested in it. So many weird delinquents with animal masks.;Burayı sevdiniz mi? Ben yatırım yaptım. Hayvan maskesi takan pek çok tuhaf suçlu.;Cet endroit vous plaît ? J'y ai investi de l'argent. Vous avez vu tous ces drôles de délinquants aux visages masqués ?;¿Acaso os gusta este sitio? He invertido dinero en él. ¿Habéis visto la cantidad de delincuentes enmascarados que pululan por aquí?;この店が気に入ったかね？わしが投資したんだ。+獣の仮面をつけた怪しい連中が、+わんさと集まるぞ。;이 장소가 마음에 드시나요? 제가 투자한 곳이에요. 동물 가면을 쓴 기괴한 범죄자들이 잔뜩 있죠.;你喜欢这里吗？是我投资的。+这里有太多戴着动物面具，+奇奇怪怪的法外之徒出没了。;你喜歡這裏嗎？是我投資的。+這裏有太多戴著動物面具，+奇奇怪怪的法外之徒出沒了。;Gefällt Euch der Laden? Ich habe in ihn investiert. So viele schräge Vögel mit Tiermasken.;Как вам тут, нравится? Я вложил деньги в это место. Столько странного хулиганья в звериных масках.;Vi piace questo posto? Ci ho investito. Un sacco di bizzarri delinquenti con maschere animalesche.;Gostou do lugar? Eu investi nele. É cheio de delinquentes esquisitos com máscaras de animais.;What...;Ne...;Qu'est-ce que...;¿Cómo que...;なんだと…;뭐라...!;什么...;什麼...;Was ...;Что…;Cosa…;O quê...;;;;;;;;;;;;;You...;Sen...;Vous...;Tú...;また、そなたか…;네 이놈...;你……;你……;Ihr ...;Ты…;Tu…;Você...;;;;;;;;;;;;;
837;general;La vita è roôoosa <i>(dancing wildly...)</i>;La vita è roôoosa <i>(çılgınca dans ediyor...)</i>;La vita è roôoosa <i>(danse frénétiquement...)</i>;La vita è roôoosa <i>(baila frenéticamente...)</i>;はぁ～、人生バラ色～♪+<i>（将軍は、われを忘れたように+踊りくるっている）</i>;라 비타 에 로오오오오사~ <i>(열심히 춤을 추고 있습니다...)</i>;蔷薇色的人生哟~+La vita è roôoosa+ <i>（充满野性地跳着舞）</i>;薔薇色的人生喲~+La vita è roôoosa+ <i>（充滿野性地跳著舞）</i>;La vita è roôoosa <i>(tanzt wild umher ...)</i>;La vita è roôoosa <i>(пускается в дикий пляс)</i>;La vita è roôoosa <i>(danza forsennatamente...)</i>;La vita è roôoosa <i>(dançando loucamente...)</i>;Well...;Eh...;Eh bien...;Y bien...;うーむ…;흠...;好吧……;好吧……;Nun ...;Ну…;Beh…;Bem...;;;;;;;;;;;;;Ho...;Ho...;Ho...;Ho...;ほう…;호...;呵……;呵……;Ho...;Хо…;Oh…;Ha...;;;;;;;;;;;;;
838;nun;Hu... This is not me, I'm not here.;Ay... Bu ben değilim, ben burada değilim.;Heu... Non, vous faites erreur, ce n'est pas moi qui suis ici.;Uy... No, os equivocáis, éste no soy yo, no estoy aquí.;こっ…これは…本来の私ではありませんッ！+私、どうかしてしまったのです！;어... 제가 아니에요. 전 여기 없는 거라고요.;呼……这不是我，我没在这。;呼……這不是我，我沒在這。;Hu... Das bin nicht ich, ich bin gar nicht hier.;Хо… Это не я. Меня здесь нет.;Uh… Non sono io, non potrei mai essere qui.;Ahn... Não sou eu, eu não estou aqui.;Dance with me!;Benimle dans edin!;Dansez avec moi !;¡Bailad conmigo!;余と踊れ！;나와 춤추도록!;与我共舞！;與我共舞！;Tanzt mit mir!;Потанцуй со мной!;Danzate con me!;Dance comigo!;;;;;;;;;;;;;Nooooo...;Hayır...;Nooooon...;Noooooo...;そんな…;무슨 말도 안 되는 소리를 하는가...;不不不……;不不不……;Neeeeein ...;Не-е-ет…;Nooooo…;Nãããão...;;;;;;;;;;;;;
839;priest;Enough your majesty! You need to close this stinky hole!;Bu kadar yeter, majesteleri! Bu kokuşmuş çöplüğü kapatmalısınız!;C'en est trop, Sire ! Vous devez impérativement fermer ce trou à rats !;¡Basta Su Majestad! ¡Debéis cerrar este tugurio inmediatamente!;陛下！これはとても看過できませぬぞ！+こんなけがらわしい店は、+すぐにやめさせるのです！;이제 충분합니다 폐하! 어서 이 더러운 곳을 폐쇄해야 합니다!;够了陛下！+你需要关上这散发着恶臭的洞子！;夠了陛下！+你需要關上這散發著惡臭的洞子！;Genug, Majestät! Ihr müsst dieses stinkende Loch schließen!;Ваше величество, хватит это терпеть! Вы должны закрыть эту зловонную дыру!;Basta così, Vostra Maestà! Dovete chiudere questo buco puzzolente!;Já chega, vossa majestade! O senhor precisa fechar este buraco hediondo!;;;;;;;;;;;;;;;;;;;;;;;;;;;;;;;;;;;;;;;;;;;;;;;;;
840;nobleman;There's been a robbery! The treasure has been attacked by a bold gang.;Bir soygun oldu! Hazineye gözüpek bir çete saldırdı.;Au voleur ! Des bandits ont volé le trésor !;¡Al ladrón! ¡Los bandidos han robado el Tesoro!;陛下、国庫が強盗に襲われました！+厚かましい悪党どものしわざです！;강도가 들었습니다! 대담한 갱단이 보물을 훔쳐갔습니다!;发生了一起劫案！+宝藏被一伙胆大包天的歹徒抢走了。;發生了一起劫案！+寶藏被一夥膽大包天的歹徒搶走了。;Ihr seid beraubt worden! Eine kühne Bande hat die Schatzkammer angegriffen.;Произошло ограбление! Какая-то наглая банда вторглась в сокровищницу!;C'è stata una rapina! Il tesoro è stato attaccato da una banda spudorata.;Houve um roubo! O tesouro foi atacado por uma gangue ousada.;;;;;;;;;;;;;;;;;;;;;;;;;Friends of yours?;Dostların mı?;Des amis à vous ?;¿Amigos vuestros?;それは、そなたの仲間か？;혹시 자네의 친구인가?;是你的朋友吗?;是你的朋友嗎?;Freunde von Euch?;Твои друзья?;Amici vostri?;Amigos seus?;<i><nobleman> defended himself vehemently. In the end he told you about his accomplices and you found half the treasure.</i>;<i><nobleman> kendisini şiddetle savundu. Nihayetinde size suç ortaklarından bahsetti ve hazinenin yarısını bulabildiniz.</i>;<i><nobleman> nie avec ardeur. Il finit par livrer ses complices et vous récupérez la moitié du trésor.</i>;<i><nobleman> se defiende ardientemente. Al final acaba revelando los nombres de sus cómplices y conseguís recuperar la mitad del tesoro.</i>;<i><nobleman>は必死に否定したが、+ついには口を割り、+共犯者たちについて明かした。+王は、盗まれた国庫の金の+半分を取り返した。</i>;<i><nobleman>은(는) 열심히 자신을 변호했습니다. 하지만 결국 그는 당신에게 공범자의 정보를 불었고, 보물의 절반을 되찾아낼 수 있었습니다.</i>;<i><nobleman>为自己激烈辩护，+最后他告诉你他的同伙和你发现了一半的财富。</i>;<i><nobleman>為自己激烈辯護，+最後他告訴你他的同夥和你發現了一半的財富。</i>;<i><nobleman> streitet es vehement ab, letztlich verrät er seine Komplizen jedoch und Ihr findet die Hälfte der Beute.</i>;<i><nobleman> яростно отстаивал свою честь. В конце концов, он рассказал о своих сообщниках, и вам удалось найти половину сокровищ.</i>;<i><nobleman> si difende in modo veemente. Alla fine vi rivela i nomi dei suoi complici e trovate la metà del tesoro.</i>;<i><nobleman> se defendeu com veemência. No final, ele contou sobre os cúmplices dele, e você encontrou metade do tesouro.</i>;
841;explorator;During my travels I found an elephant!;Seyahatlerimde karşıma bir fil çıktı!;Je suis revenu de mes voyages avec un éléphant !;¡He vuelto de vacaciones con un elefante!;陛下！旅の途中で、ゾウを捕獲いたしました！;여행 중에 코끼리를 발견했습니다!;我在旅途中发现了一头大象！;我在旅途中發現了一頭大象！;Auf meinen Reisen habe ich einen Elefanten gefunden!;Во время моих странствий я встретил слона!;Nei miei viaggi ho trovato un elefante!;Eu achei um elefante durante minhas viagens!;Show me!;Göster bakalım!;Montrez-le moi !;¡Enseñádmelo!;見せてみよ！;보여다오!;给我看！;給我看！;Zeigt ihn mir!;Покажи!;Mostratemelo!;Mostre-me!;;;;;;;;;;;;;I don't believe you;Sana inanmıyorum;Je ne vous crois pas;No os creo;怪しいな…;거짓말 말게나;我不相信你;我不相信你;Ich glaube Euch nicht;Я тебе не верю;Non vi credo;Não acredito em você;;;;;;;;;;;;;
842;dragon;Shhh... <i>(breathing fire)</i>;Şşş... <i>(ateş püskürür)</i>;Shhh... <i>(crache du feu)</i>;Shhh... <i>(escupe fuego)</i>;ブオオォォォ！+<i>（獣は火を吹いた）</i>;쉬이이이… <i>(불을 내뿜으며)</i>;嘘……+<i>（喷火中）</i>;噓……+<i>（噴火中）</i>;Chhh ... <i>(speit Feuer)</i>;Ш-ш-ш… <i>(выдыхает огонь)</i>;Shhh...<i>(sputando fuoco)</i>;Shhh... <i>(cuspindo fogo)</i>;Haaa!;Ah!;Haaa !;¡Aha!;！！;하아아!;哈！;哈！;Haaa!;А-а-а!;Haaa!;Haaa!;;;;;;;;;;;;;It's not an elephant;Fil değil bu;Ce n'est pas un éléphant;Éso no es un elefante;これはゾウではない;이것은 코끼리가 아니다만;这不是一只大象;這不是一只大象;Das ist kein Elefant;Это не слон;Non è un elefante;Não é um elefante;;;;;;;;;;;;;
843;explorator;A dragon? Ha ha, you're kidding me. Dragons don't exist.;Ejderha mı? Ha ha ha, şaka yapıyorsunuz. Ejderha diye bir şey yoktur.;Un dragon ? Ha ha, vous plaisantez ! Les dragons n'existent pas.;¿Un dragón? ¡Ja, ja, estáis de broma! Los dragones no existen.;ドラゴンですと？+ハハハ、ご冗談を。+そんなものは実在いたしません。;용이요? 하하, 농담하시는 거죠? 용은 상상 속의 생물이라고요.;一条龙？+哈哈，你在开玩笑吧。+龙这种生物是不存在的。;一條龍？+哈哈，你在開玩笑吧。+龍這種生物是不存在的。;Ein Drache? Haha, Ihr beliebt zu scherzen. Drachen gibt es gar nicht.;Дракон? Ха-ха, вы, должно быть, шутите. Драконов не существует.;Un drago? Ah ah ah, vi prendete gioco di me. I draghi non esistono.;Um dragão? Haha, você deve estar brincando. Dragões não existem.;Sure...;Tabi...;Bien entendu;Por supuesto...;フン…;그렇다만...;当然……;當然……;Richtig ...;Ну да, конечно…;Certo…;Claro...;<i>Everyone pretended the dragon was an elephant. You finally managed to get rid of it by selling it to a nomadic circus.</i>;<i>Herkes ejderha bir filmiş gibi davrandı. Nihayetinde ejderhayı göçebe bir sirke satarak kurtulmayı başardınız.</i>;<i>Tous font comme si le dragon était un éléphant. Vous parvenez finalement à vous en débarrasser en le vendant à un cirque ambulant.</i>;<i>Todos actúan como si el dragón fuese un elefante. Al final conseguís deshaceros de él vendiéndolo a un circo ambulante.</i>;<i>宮中の者は皆、そのドラゴンが+ゾウだと信じているふりをした。+その後、王はこの「ゾウ」を+旅のサーカス団に売り飛ばし、+なんとか手放すことができた。</i>;<i>다들 용은 코끼리였다고 여겼습니다. 당신은 끝내 "코끼리"를 유목민 서커스단에 팔아 처리할 수 있었습니다.</i>;<i>（每个人都假装这头龙是一只大象。+你最终把它卖给了流动马戏团，才摆脱了它。）</i>;<i>（每個人都假裝這頭龍是一只大象。+你最終把它賣給了流動馬戲團，才擺脫了它。）</i>;<i>Alle tun so, als sei der Drache ein Elefant. Schließlich werdet Ihr ihn los, indem Ihr ihn einem Wanderzirkus verkauft.</i>;<i>Все сделали вид, что дракон ― это слон. В конце концов, вам удалось избавиться от него, продав бродячему цирку.</i>;<i>Tutti facevano finta che il drago fosse un elefante. Finalmente riuscite a liberarvene vendendolo a un circo itinerante.</i>;<i>Todos fingiram que o dragão era um elefante. Você finalmente conseguiu se livrar dele, vendendo-o para um circo itinerante.</i>;This one does;Bu kez var;Celui-ci existe pourtant;Pues éste sí existe;いや、これはドラゴンだ;용이라네;这个呢;這個呢;Diesen hier schon;Вот этот ― так вполне;Questo sì;Este existe;<i>The unmasked "elephant" destroyed a large part of the castle before escaping.</i>;<i>Maskesi düşen "fil" kaçmadan önce kalenin büyük bir kısmını yok etti.</i>;<i> L' "éléphant" démasqué finit par s'enfuir, non sans avoir détruit une bonne partie du château.</i>;<i> El "elefante" desenmascarado acaba huyendo, no sin antes destruir buena parte del castillo.</i>;<i>正体を暴かれた「ゾウ」は、+城の大部分を破壊して逃げていった。</i>;<i>속박이 풀린 "코끼리"가 도주하기 전에 난동을 부려 성에 엄청난 피해를 입혔습니다.</i>;<i>在逃跑前出现的“大象”+摧毁了城堡的大部分。</i>;<i>在逃跑前出現的“大象”+摧毀了城堡的大部分。</i>;<i>Der enttarnte "Elefant" zerstört einen großen Teil der Burg und flieht.</i>;<i>Разоблаченный «слон» разворотил изрядную часть замка и скрылся.</i>;<i>L'"elefante" smascherato ha distrutto buona parte del castello prima di scappare.</i>;<i>O "elefante" desmascarado destruiu uma grande parte do castelo antes de fugir.</i>;
844;prophet;You're a miscreant spitting in the face of God! Your priests are a sorry band of pagans! <i>(blinking heavily)</i>;Siz Tanrı'nın yüzüne tüküren bir zalimsiniz! Rahipleriniz acınası birtakım putperestler!<i>(durmadan göz açıp kapatıyor)</i>;Vous crachez à la face de Dieu ! Vos prêtres ne sont que d'immondes païens ! <i>(clignant sans cesse des yeux)</i>;¡Sois un bribón! ¡Escupiendo a Dios en la cara! ¡Vuestros curas son unos paganos inmundos! <i>(parpadeando constantemente)</i>;お前は神を冒とくする異端者だ！+お前に仕える司祭どもは、+嘆かわしき異教徒どもだ！+<i>（男は、しきりに目をしばたいた）</i>;자네는 신의 얼굴에 침을 뱉는 범법자일세! 자네의 사제들은 불쌍한 이도교 집단이야! <i>(빠르게 눈을 깜빡이고 있다)</i>;你这个胆敢在上帝脸上吐痰的无法之徒！+你的祭司就是一帮可怜的异教徒！+<i>（用力眨眼）</i>;你這個膽敢在上帝臉上吐痰的無法之徒！+你的祭司就是一幫可憐的異教徒！+<i>（用力眨眼）</i>;Ihr seid ein Schurke, der Gott ins Angesicht speit! Eure Priester sind jämmerliche Heiden! <i>(blinzelt heftig)</i>;Ты ― злобный нечестивец, плюющий в лицо Бога! Твои священники — жалкая кучка язычников! <i>(яростно подмигивает)</i>;Miscredente! I vostri sacerdoti sono una dolente accozzaglia di pagani! <i>(sbattendo troppo le palpebre)</i>;Você é um descrente que cospe na cara de Deus! Seus sacerdotes são um bando de pagãos! <i>(piscando forçosamente)</i>;En garde!;Gardını al!;En garde !;¡En guardia!;いざ、勝負！;앙 가르드;预备;預備;En garde;Защищайтесь;In guardia;Em guarda;;;;;;;;;;;;;Out. Now.;Dışarı. Hemen.;Dehors !;¡Fuera he dicho!;ただちに立ち去れ;꺼져라. 지금 당장!;现在给我出去。;現在給我出去。;Raus hier. Sofort.;Вон. Сейчас же.;Fuori. Subito.;Fora daqui. Agora.;;;;;;;;;;;;;
845;prophet;How did you manage to lose this duel? You're rubbish.;Bu düelloyu kaybetmeyi nasıl başardınız? Berbatsınız.;Comment avez-vous pu perdre ce duel ? Vous êtes nul !;¿Cómo habéis podido perder este duelo? ¡Sois un manta total!;今の勝負に負けるとは…+驚くべきトロさだ。;어떻게 이 결투를 질 수 있지? 자넨 쓰레기야.;这种对局你到底是怎么输掉的？+你真是垃圾。;這種對局你到底是怎麼輸掉的？+你真是垃圾。;Wie habt Ihr es geschafft, dieses Duell zu verlieren? Armselig von Euch.;Как вы вообще смогли проиграть эту дуэль? Это ж просто позор.;Come avete fatto a perdere questo duello? Pessimo.;Como conseguiu perder este duelo? Você não é de nada.;En garde!;Gardını al!;En garde !;¡En guardia!;いざ、勝負！;앙 가르드;预备;預備;En garde;Защищайтесь;In guardia;Em guarda;;;;;;;;;;;;;Get lost;Defol;Du balai !;¡Piérdete!;失せよ;썩 꺼져라;快滚开;快滾開;Verschwindet;Сгинь;Sparite;Caia fora;;;;;;;;;;;;;
846;prophet;I'm dying... <i>(faking agony)</i> The King killed me! I'm a martyr!;Ölüyorum... <i>(sahte ızdırap içinde)</i> Kral beni öldürdü! Şehit oldum!;Je meurs... <i>(feignant d'agoniser)</i> Le Roi m'a tué ! Je suis un martyr !;Muero… <i>(simulando que agoniza)</i> ¡El Rey me ha matado! ¡Soy un mártir!;ウグッ…ここまでか…<i>+（男は、わざとらしく苦しんでいる）</i>+われは王に殺された…！これでわれは殉教者だ！;죽어가고 있네... <i>(아픈 연기를 하고 있다)</i> 왕이 날 죽였다! 나는 순교자...!;我要死了……+<i>（装作极度痛苦的样子）</i>+国王杀了我！我是个殉教者！;我要死了……+<i>（裝作極度痛苦的樣子）</i>+國王殺了我！我是個殉教者！;Ich sterbe ... <i>(täuscht Todeskampf vor)</i> Der König hat mich umgebracht! Ich bin ein Märtyrer!;Я умираю… <i>(изображает агонию)</i> Король убил меня! Я мученик!;Sto morendo… <i>(fingendosi agonizzante)</i> Il Re mi ha ucciso! Sono un martire!;Estou morrendo... <i>(fingindo dor)</i> O rei me matou! Sou um mártir!;;;;;;;;;;;;;;;;;;;;;;;;;;;;;;;;;;;;;;;;;;;;;;;;;
847;prophet>saint;Thanks to you, I'm now a saint! I'm creating a new church!;Sayenizde artık bir azizim! Yeni bir kilise oluşturuyorum!;Grâce à vous, je suis à présent un saint ! J'ai créé une nouvelle église !;¡Gracias a Vuesa Majestad, me he convertido en un santo! ¡Acabo de crear una nueva iglesia!;お前のおかげで、われは聖人となった！+これより、新たな教会を興す！;고맙네, 이제 나는 성스러운 자로 거듭났다네! 새로운 교회를 만들도록 하겠네!;谢谢你，我现在是一个圣人了！+我要新建一座教堂！;謝謝你，我現在是一個聖人了！+我要新建一座教堂！;Dank Euch bin ich jetzt ein Heiliger! Ich begründe eine neue Kirche!;Благодаря вам, я теперь святой! И я основываю свою собственную церковь!;Grazie a voi, ora sono un Santo! Fonderò una nuova Chiesa!;Graças a você, agora sou um santo! Vou criar uma nova igreja!;All right;Peki;D'accord;De acuerdo;好きにせよ…;잘 해보게;好吧;好吧;Wie Ihr wollt;Ладно;Va bene;Está bem;;;;;;;;;;;;;You can't do that!;Bunu yapamazsın!;Vous n'avez pas le droit !;¡No tenéis derecho a hacer éso!;させぬ！;그럴 순 없을걸!;你不能这么做!;你不能這麼做!;Das dürft Ihr nicht!;Ты не можешь!;Non è consentito!;Você não pode fazer isso!;;;;;;;;;;;;;
848;prophet>saint;Good answer! See, I have a large following already. ;Güzel cevap! Bakın, bolca takipçim var bile.;Bonne réponse ! Voyez comme mes fidèles sont déjà nombreux.;¡Buena respuesta! Mirad, ya tengo una buena lista de seguidores.;賢明な判断だ！+見よ、すでに多くの者が、われに従っている。;그럴걸세! 보게나, 나는 이미 많은 신도들이 있지 않은가!;答得不错！+看，我已经有很多追随者了。;答得不錯！+看，我已經有很多追隨者了。;Gute Antwort! Seht, ich habe schon viele Anhänger.;Хороший ответ! Видите ли, у меня уже довольно много последователей.;Ottima risposta! Vedete, ho già un grosso seguito.;Boa resposta! Veja, já tenho muitos seguidores.;;;;;;;;;;;;;;;;;;;;;;;;;;;;;;;;;;;;;;;;;;;;;;;;;
849;prophet>saint;Bad answer! See, I have a large following already. ;Kötü cevap! Bakın, bolca takipçim var bile.;Mauvaise réponse ! Voyez comme mes fidèles sont déjà nombreux !;¡Respuesta equivocada! Mirad, ya tengo una buena lista de seguidores.;愚かな判断だ！+見よ、すでに多くの者が、われに従っている。;과연 그럴까? 보게나, 나는 이미 많은 신도들이 있지 않은가!;答得不行！+看，我已经有很多追随者了。;答得不行！+看，我已經有很多追隨者了。;Schlechte Antwort! Seht, ich habe schon viele Anhänger.;Плохой ответ! Видите ли, у меня уже довольно много последователей.;Risposta sbagliata. Vedete, ho già un grosso seguito.;Resposta errada! Veja, já tenho muitos seguidores.;;;;;;;;;;;;;;;;;;;;;;;;;;;;;;;;;;;;;;;;;;;;;;;;;
850;priest;This is obviously not going to end well.;Bunun sonunun iyi olmayacağı açık.;Il est évident que tout ceci finira mal.;Es evidente que la cosa va a acabar fatal.;陛下、このご決断は、破滅を招きますぞ。;분명 좋게 끝나진 못할 거예요...;很明显，+这件事不会有好结果。;很明顯，+這件事不會有好結果。;Das wird ganz offensichtlich nicht gut enden.;Добром это уж точно не кончится.;Non può che andare a finire male.;Isso obviamente não acabará bem.;I can't do anything!;Elimden bir şey gelmiyor!;Je ne peux rien faire !;¡No puedo hacer nada!;余にはどうにもできぬ！;내가 할 수 있는 건 아무것도 없네!;我无法做任何事！;我無法做任何事！;Ich kann nichts machen!;Ничего не могу тут поделать!;Non posso farci niente!;Não posso fazer nada!;;;;;;;;;;;;;And?;Ee?;Et alors ?;¿Y bien?;だからどうした？;그래서?;然后呢?;然後呢?;Und?;И?;Quindi?;E?;;;;;;;;;;;;;
851;nobleman;The Church is going through a schism! You have to give more power to the church or the backlash will be terrible.;Kilise hizipleşme yaşıyor! Kiliseye daha fazla güç vermelisiniz yoksa tepki korkunç olur.;L'Église est en plein schisme ! Donnez-lui plus de pouvoir, ou les répercussions seront terribles.;¡La Iglesia está atravesando un period de cisma! Dadle más poder o las consecuencias serán terribles.;教会が分裂しております！+教会の権力の強化を！+このままでは、大きな混乱に発展する+危険がございます！;교회에서 종파 간의 분열이 발생하고 있습니다! 교회에게 더 많은 권력을 주지 않으면, 끔찍한 반발이 일어날 것입니다.;教会正面临一场大分裂！+你必须给予教会更多的权力，+否则后果不堪设想。;教會正面臨一場大分裂！+你必須給予教會更多的權力，+否則後果不堪設想。;Eine Kirchenspaltung! Ihr müsst der Kirche mehr Macht überlassen, sonst werden die Folgen schrecklich sein.;В Церкви начался раскол! Вам нужно дать больше власти церкви, или последствия будут ужасны!;La Chiesa sta affrontando uno scisma! Dovete dare più potere alla Chiesa o le ripercussioni saranno terribili.;A Igreja sofrerá uma ruptura! O senhor precisa dar mais poder à Igreja, ou as consequências serão terríveis.;;;;;;;;;;;;;;;;;;;;;;;;;;;;;;;;;;;;;<i>Both parts of the Church fought for a long time, for a result that was not really clear.</i>;<i>Kilisenin iki kısmı da uzunca bir süre savaştı, sonuç da pek belli olmadı.</i>;<i>Les deux factions de l'Église s'affrontent pendant un certain temps, pour parvenir à un résultat plutôt flou.</i>;<i>Las dos mitades de la Iglesia se enfrentan durante mucho tiempo, y la historia tiene un desenlace bastante confuso.</i>;<i>二派に分裂した教会は、+長きにわたり争いつづけた。+結局、どのように決着がついたのかは、+誰にも分からない。</i>;<i>교회의 양 종파 간의 분쟁은 오랜 기간 지속되었습니다. 분쟁은 결국 깔끔하지 않게 마무리되었습니다.</i>;<i>教会的两部分进行了长时间的斗争，+然而结果却并不十分明了.。</i>;<i>教會的兩部分進行了長時間的鬥爭，+然而結果卻並不十分明瞭.。</i>;<i>Beide Teile der Kirche bekämpfen einander lange und heftig, ohne klares Ergebnis.</i>;<i>Обе части Церкви долгое время боролись друг с другом, что там в итоге решилось ― так никому до конца и не ясно.</i>;<i>Entrambe le fazioni della Chiesa combattono a lungo e alla fine non è chiaro quale sia il risultato.</i>;<i>Ambos os lados da Igreja lutaram por muito tempo por algo que nunca ficou muito claro.</i>;
852;black_bird;<i>The message says: A griffin has devastated the garrison from the South.</i>;<i>Mesajda şöyle yazıyor: Bir griffin Güneydeki garnizonu mahvetti.</i>;Le message dit : <i>Un griffon a décimé la garnison du Sud.</i>;El mensaje dice así: <i>Un grifón ha diezmado nuestra guarnición del Sur.</i>;<i>文には、こう記されている…+「グリフィンが、南の駐屯軍を掃滅した」</i>;<i>이런 문장이 적혀 있다. 남쪽의 수비대를 그리핀이 공격하고 있다.</i>;信上说：+<i>一头狮鹫从南方毁灭了我们的卫戍部队。</i>;信上說：+<i>一頭獅鷲從南方毀滅了我們的衛戍部隊。</i>;Die Nachricht lautet: <i>Ein Greif hat die Garnison von Süden her verwüstet.</i>;В сообщении говорится: <i>Грифон уничтожил гарнизон на юге.</i>;Il messaggio dice: <i>Un grifone ha devastato la guarnigione del Sud.</i>;A mensagem diz: <i>Um grifo devastou a guarnição do sul.</i>;<i>Send money</i>;<i>Para gönder</i>;<i>Envoyer de l'argent</i>;<i>Enviar dinero</i>;<i>（資金を送る）</i>;<i>돈을 보낸다</i>;<i>（送出钱财）</i>;<i>（送出錢財）</i>;<i>Geld schicken</i>;<i>Послать денег</i>;<i>Inviare denaro</i>;<i>Mandar dinheiro</i>;;;;;;;;;;;;;<i>Ignore</i>;<i>Görmezden gel</i>;<i>Ignorer</i>;<i>Ignorar</i>;<i>（無視する）</i>;<i>무시한다</i>;<i>（忽视）</i>;<i>（忽視）</i>;<i>Ignorieren</i>;<i>Игнорировать</i>;<i>Ignorare</i>;<i>Ignorar</i>;;;;;;;;;;;;;
853;black_bird;<i>The message says: A dragon is said to have planned the invasion of your treasury.</i>;<i>Mesajda şöyle yazıyor: Bir ejderhanın hazinenizi işgal etmeyi planladığı söyleniyor.</i>;Le message dit : <i>Un dragon aurait préparé l'attaque de votre trésor.</i>;El mensaje dice así: <i>Se dice que un dragón ha preparado la invasión de vuestro tesoro.</i>;<i>文には、こう記されている…+「ドラゴンが国庫への侵入を+計画しているとのうわさあり」</i>;<i>이런 문장이 적혀 있다. 용이 왕의 금고를 탈취할 작전을 꾀하고 있다.</i>;信上说：+<i>据传言，一条恶龙计划侵袭国库。</i>;信上說：+<i>據傳言，一條惡龍計畫侵襲國庫。</i>;Die Nachricht lautet: <i>Ein Drache soll einen Überfall auf Eure Schatzkammer planen.</i>;В сообщении говорится: <i>Говорят, это дракон спланировал проникновение в сокровищницу.</i>;Il messaggio dice: <i>Si vocifera che un drago abbia pianificato un'invasione della Vostra tesoreria.</i>;A mensagem diz: <i>Dizem que um dragão planejou a invasão do seu tesouro.</i>;Reinforce security;Güvenliği arttırın;Renforcez la sécurité;Reforzad la seguridad;警備を強化せよ;보안을 증비한다;加强安保;加強安保;Verstärkt die Wachen;Усилить охрану;Aumentate la sicurezza;Reforçar a segurança;;;;;;;;;;;;;Must be a lizard;Kertenkeledir kertenkele;Ce doit être un lézard;Debe tratarse de un lagarto;トカゲの間違いであろう;도마뱀일 것이다;这一定是一只蜥蜴;這一定是一只蜥蜴;Sicher nur eine Echse;Наверняка этот ящер;Dev'essere una lucertola;Deve ser um lagarto;;;;;;;;;;;;;
854;dragon;No need to be insulting.;Hakarete gerek yok.;Pourquoi ces insultes ?;¿A qué vienen esos insultos?;無礼だな。聞き捨てならない。;괜히 피를 볼 필요는 없지않나?;不必这样侮辱。;不必這樣侮辱。;Kein Grund für Beleidigungen.;А вот оскорблять совсем не обязательно.;Non c'è nessun bisogno di offendere.;Não precisa ofender.;Here is the treasure;İşte hazine;Voici le trésor;He aquí el tesoro...;金なら、持ってゆくがいい;여기 보물이 있네;这就是宝藏;這就是寶藏;Hier bitte, der Schatz;Вот сокровище;Ecco il tesoro;Aqui está o tesouro;Thank you kindly, <i>answered the dragon.</i>;Pek teşekkür ederim, <i> diye yanıtladı ejderha.</i>;Grand merci, <i>répond le dragon.</i>;Gracias infinitas, <i>contesta el dragón.</i>;ドラゴンは、+<i>「ありがたい。感謝する」</i>+と答えた。;고맙네. <i>용은 고마움을 표했습니다.</i>;“谢谢你，好心人。”<i>（龙答道。）</i>;“謝謝你，好心人。”<i>（龍答道。）</i>;Herzlichen Dank <i>antwortet der Drache.</i>;Премного благодарю, <i>ответил дракон.</i>;Molte grazie <i>rispose il drago.</i>;Agradeço de coração, <i>respondeu o dragão.</i>;En garde!;Gardını al!;En garde !;¡En guardia!;いざ、勝負！;앙 가르드!;准备！;準備！;En garde!;Защищайтесь!;In guardia!;Em guarda!;;;;;;;;;;;;;
855;bird;<i>The message says: Don't believe the black bird. It's all fake news.</i>;<i>Mesajda şöyle yazıyor: Kara kuşa inanmayın. Haberlerin hepsi sahte.</i>;Le message dit : <i>Ne croyez pas l'Oiseau Noir. Il n'apporte que de fausses nouvelles.</i>;El mensaje dice así: <i>No creáis nada de lo que dice el pájaro negro. Solo trae falsas noticias.</i>;<i>文には、こう記されている…+「黒歌鳥を信じるな。+やつのもたらす知らせは、すべて偽り」</i>;<i>이런 문장이 적혀 있다. 검은 새를 믿지 마세요. 거짓된 정보만을 가져옵니다.</i>;信上说：+<i>不要相信黑鸟。它只会带来假消息。</i>;信上說：+<i>不要相信黑鳥。它只會帶來假消息。</i>;Die Nachricht lautet: <i>Glaubt dem schwarzen Vogel nicht. Alles Schwindel.</i>;В сообщении говорится: <i>Не верьте черной птице, все эти вести ненастоящие.</i>;Il messaggio dice: <i>Non credete all'uccello nero. Sono notizie false.</i>;A mensagem diz: <i>Não acredite no pássaro negro. Ele traz notícias falsas.</i>;I...;Ben...;Je...;Yo...;あー…;아...;我……;我……;Ich ...;Я…;Io…;Eu...;;;;;;;;;;;;;Why...;Neden...;Comment...;¿Por qué...;なぜに…;무슨 말이지...;为何……;為何……;Warum ...;Почему…;Perché…;Por quê...;;;;;;;;;;;;;
856;black_bird;<i>The message says: <bird> is a puppet in the hands of bad people. Sad.</i>;<i>Mesajda şöyle yazıyor: <bird> kötü kişilerin elinde bir kukla. Yazık.</i>;Le message dit : <i><bird> n'est qu'un pantin qui obéit à des gens malintentionnés. Comme c'est triste.</i>;El mensaje dice así: <i><bird> no es más que una marioneta en manos de gentuza. Es una auténtica lástima.</i>;<i>文には、こう記されている…+「<bird>は、悪人どもの操り人形。+悲しきかな」</i>;<i>이런 문장이 적혀 있다. <bird>은(는) 악한 자의 꼭두각시이다. 슬프게도 말이지.</i>;信上说：+<i><bird>是坏人手中的一个傀儡。+真让人感到忧伤。</i>;信上說：+<i><bird>是壞人手中的一個傀儡。+真讓人感到憂傷。</i>;Die Nachricht lautet: <i><bird> ist eine Marionette übler Leute. Leider.</i>;В сообщении говорится: <i><bird> лишь марионетка в руках злых людей. Как печально.</i>;Il messaggio dice: <i><bird> è una marionetta nelle mani di persone malvagie. Triste.</i>;A mensagem diz: <i> <bird> é um títere manipulado por pessoas más. Triste.</i>;I...;Ben...;Je...;Yo...;あー…;아...;我……;我……;Ich ...;Я…;Io…;Eu...;;;;;;;;;;;;;Why...;Neden...;Comment...;¿Por qué...;なぜに…;무슨 말이지...;为何……;為何……;Warum ...;Почему…;Perché…;Por quê...;;;;;;;;;;;;;
857;bird;You little scoundrel, I will pluck you one feather at a time.;Ulan hain herif, tüylerini tek tek yolarım senin.;Sale bestiole, je vais t'arracher les plumes une par une.;Bestia inmunda, te voy a arrancar las plumas una a una.;この小悪鳥め…+お前の羽を、一本ずつむしり取ってやる。;이런 비열한 자식, 네놈의 깃털을 한 번에 뽑아버리겠어.;你这个小无赖，+我会一根一根地拔光你的毛。;你這個小無賴，+我會一根一根地拔光你的毛。;Du kleiner Gauner, ich rupfe dich, eine Feder nach der anderen!;Ах ты ж мерзкая птаха, я тебе все перья повыдергаю.;Canaglia, ti strapperò tutte le piume, una dopo l'altra.;Seu diabrete, vou arrancar suas penas uma por uma.;I...;Ben...;Je...;Yo...;あー…;아...;我……;我……;Ich ...;Я…;Io…;Eu...;;;;;;;;;;;;;Why...;Neden...;Comment...;¿Por qué...;なぜに…;무슨 말이지...;为何……;為何……;Warum ...;Почему…;Perché…;Por quê...;;;;;;;;;;;;;
858;black_bird;Yeah, try that, my sweet little white dove. Try that.;Öyle mi, sıkıysa gel dene bakalım güzel beyaz güvercin. Sıkıysa dene.;Mais bien sûr, essaie donc, ma colombe.;Sí, seguro, atrévete conmigo palomita.;おもしろい…+生っ白いハトごときに、+そんなことができるのか？;그래, 어디 한 번 해보시지. 귀여운 하얀 비둘기야. 어서 해 봐!;好啊，试试啊，+可爱的小白鸽。试试啊。;好啊，試試啊，+可愛的小白鴿。試試啊。;Ja, versuch's doch, mein süßes, kleines, weißes Täubchen. Versuch's doch.;Да, да, попробуй, мой маленький милый голубок. Попробуй.;Devi solo provarci, dolce colombella bianca. Provaci.;É, pode tentar, meu doce pombinho branco. Pode tentar.;Hey!;Hey!;Hé !;¡Eh!;やめいッ！;무슨 짓인가!;喂！;喂！;He!;Эй!;Ehi!;Ei!;<i>Both birds look at you, finally noticing your presence.</i>;<i>İki kuş da size bakıp nihayet varlığınızı fark ediyor.</i>;<i>Les deux oiseaux remarquent enfin votre présence et vous regardent.</i>;<i>Los dos pájaros os miran directamente, dándose por fin cuenta de vuestra presencia.</i>;<i>2羽の鳥が、同時に王を見た。+王がそこにいることに、+ようやく気づいたようだ。</i>;<i>두 비둘기가 당신을 바라봅니다, 이제야 당신이 있다는 걸 눈치챈 모양입니다.</i>;<i>（两只鸟一齐望向你，+终于注意到了你的存在。）</i>;<i>（兩只鳥一齊望向你，+終於注意到了你的存在。）</i>;<i>Beide Vögel sehen Euch an und bemerken endlich Eure Anwesenheit.</i>;<i>Обе птицы смотрят на вас, наконец-то заметив ваше присутствие.</i>;<i>Entrambi gli uccelli vi guardano, notando infine la Vostra presenza.</i>;<i>Os dois pássaros olham para você, finalmente notando sua presença.</i>;Ho!;Ho!;Ho !;¡Ho!;やめぬかッ！;호우!;呵!;呵!;Ho!;Хо!;Oh!;Olá!;<i>Both birds look at you, finally noticing your presence.</i>;<i>İki kuş da size bakıp nihayet varlığınızı fark ediyor.</i>;<i>Les deux oiseaux remarquent enfin votre présence et vous regardent.</i>;<i>Los dos pájaros os miran directamente, dándose por fin cuenta de vuestra presencia.</i>;<i>2羽の鳥が、同時に王を見た。+王がそこにいることに、+ようやく気づいたようだ。</i>;<i>두 비둘기가 당신을 바라봅니다, 이제야 당신이 있다는 걸 눈치챈 모양입니다.</i>;<i>（两只鸟一齐望向你，+终于注意到了你的存在。）</i>;<i>（兩只鳥一齊望向你，+終於注意到了你的存在。）</i>;<i>Beide Vögel sehen Euch an und bemerken endlich Eure Anwesenheit.</i>;<i>Обе птицы смотрят на вас, наконец-то заметив ваше присутствие.</i>;<i>Entrambi gli uccelli vi guardano, notando infine la Vostra presenza</i>;<i>Os dois pássaros olham para você, finalmente notando sua presença.</i>;
859;bird;Ha, well done fluttering demon. Great work. Now he knows <i>(looking at you)</i>.;Ah, aferin kanatlı şeytan. Aferin. Artık öğrendi <i>(size bakıyor)</i>.;Ah, félicitations, espèce de démon à plumes. Beau travail. Maintenant, il est au courant <i>(en vous regardant)</i>.;Ah, felicidades, especie de demonio enplumado. Buen trabajo. Y ahora, ya está al tanto <i>(mirándoos)</i>.;有翼の黒き悪魔よ、お前には感謝しなくてはな。+これで陛下に、真実を知っていただける。+<i>（そう言って鳥は、王を見た）</i>;하, 잘도 피하는군. 악마 자식. 아주 잘 해주었어. 덕분에 이 자가 네놈의 본심을 알아차렸을 것이다. <i>(당신을 바라보고 있습니다)</i>.;哈，干得好，恶魔。+干得太漂亮了。+现在他晓得咯<i>（盯着你）</i>。;哈，幹得好，惡魔。+幹得太漂亮了。+現在他曉得咯<i>（盯著你）</i>。;Ha, gut gemacht, flatternder Dämon. Ganz toll. Jetzt weiß er's <i>(sieht Euch an)</i>.;Ха, отлично, мерзкий льстивый демон. Просто прекрасно. Теперь он знает <i>(смотрит на вас)</i>.;Ah, ben fatto, demone svolazzante. Ottimo lavoro. Ora sa tutto <i>(guardando Voi)</i>.;Ha, muito bem, seu demônio inquieto. Excelente trabalho. Agora ele sabe <i>(olhando para você)</i>.;;;;;;;;;;;;;;;;;;;;;;;;;;;;;;;;;;;;;;;;;;;;;;;;;
860;bird;All this time spent painfully writing my powerful messages, all for nothing.;Kaç zamandır uğraşa uğraşa güçlü mesajlarımı yazıyorum, hiçbir işe yaramadı.;Des heures et des heures passées à écrire mes beaux messages... pour rien.;Tanto tiempo empleado en escribir emotivos mensajes… todo para nada.;来る日も来る日も労を惜しまず、+私は、意義深い助言を文にしたためました。+でも、無駄でした…;날마다 뜻깊은 조언의 글을 써주었건만. 전부 무의미했지…;痛苦撰写我强有力的消息的那些时光，+全都付诸东流了。;痛苦撰寫我強有力的消息的那些時光，+全都付諸東流了。;Die ganze Zeit, in der ich sorgsam meine mächtigen Botschaften geschrieben habe, alles vergebens.;А сколько сил и времени ушло на написание всех этих сообщений. И все впустую.;Tutto questo tempo sprecato a scrivere i miei potenti messaggi. Tutto per niente.;Passei tanto tempo sofrendo para escrever minhas poderosas mensagens. Foi tudo em vão.;;;;;;;;;;;;;;;;;;;;;;;;;;;;;;;;;;;;;;;;;;;;;;;;;
861;bird;Yes, I am the real author of the messages. But would you have believed a pigeon?;Evet, mesajların gerçek yazarı benim. Ama güvercin olduğumu bilseniz inanır mıydınız?;Oui, c'est moi l'auteur des messages. Mais comment auriez-vous pu croire un pigeon ?;Pues sí, soy yo quien ha escrito esos mensajes. ¿Cómo habéis podido tomarme por una paloma?;そう、文を書いていたのは、この私です、陛下。+ハトの姿で直接助言をしても、+聞く耳を持っていただけなかったでしょう？;그렇다, 내가 편지를 쓴 자이다. 허나 너는 진정 비둘기를 신용했었는가?;是的，我就是那个消息的真正作者。+但是你原本会相信一只鸽子吗？;是的，我就是那個消息的真正作者。+但是你原本會相信一只鴿子嗎？;Ja, ich bin der wahre Verfasser der Botschaften. Aber hättet Ihr einer Taube geglaubt?;Да, они все написаны мной. Но вы бы поверили голубю?;Sì, sono io il vero autore dei messaggi. Ma avreste creduto a un piccione?;É, eu sou o verdadeiro autor das mensagens. Mas você teria acreditado em um pombo?;;;;;;;;;;;;;;;;;;;;;;;;;;;;;;;;;;;;;;;;;;;;;;;;;
862;black_bird;Don't listen. I have proof that he was not even born in the castle's rookery.;İnanmayın ona. Onun kalenin kümesinde doğmadığına dair kanıtım var.;Ne l'écoutez pas. Il n'est même pas né dans la colonie du château. J'en ai la preuve.;No le hagáis caso. Ni siquiera ha nacido en la colonia del palacio. Tengo prueba de ello.;その鳥に耳を貸してはならない。+そもそもそやつは、城の巣箱の生まれではない。+確たる証拠もある。;놈의 말을 듣지 마라. 나는 녀석이 성의 숲 출신이 아니라는 증거도 가지고 있다.;别听它的。+我能证明它甚至不是+在这座城堡的鸽房里出生的。;別聽它的。+我能證明它甚至不是+在這座城堡的鴿房裏出生的。;Hört nicht auf ihn. Ich habe Beweise, dass er nicht mal in einem Nest der Burg geboren wurde.;Не слушайте. У меня есть доказательства, что он даже вылупился не в королевской голубятне!;Non ascoltatelo. Ho le prove che non è nemmeno nato nell'uccelliera di questo castello.;Não dê ouvidos a ele. Tenho provas de que ele nem ao menos nasceu no viveiro do castelo.;;;;;;;;;;;;;;;;;;;;;;;;;;;;;;;;;;;;;;;;;;;;;;;;;
863;bird;All fake and divisive. You have a choice, my King. Only one bird can remain. Which one?;Hepsi sahte, bölücü. Seçim yapın, Kralım. Sadece tek bir kuş kalabilir. Hangimiz?;Mentir pour mieux diviser. Vous devez choisir, Sire. Un seul oiseau peut rester. Lequel ?;Miente y dividirás. Debéis hacer una elección Señor. Solo uno de los pájaros puede quedarse. ¿Sabéis ya cuál?;いえ、その鳥の言うことはすべて、+混乱をもたらすためのでたらめです。+陛下、どちらの鳥をこの城に残すか、+お選びください。;녀석이 하는 말은 모든 것은 거짓되고 분란을 초래할 뿐이다. 선택지를 주마, 나의 왕이여. 오로지 한 마리의 새 만이 남을 수 있다면, 어느 쪽을 선택하겠는가?;全都是虚假和不谐之音。+你需要作出选择，国王陛下。+只有一只鸟能留下。哪一只呢？;全都是虛假和不諧之音。+你需要作出選擇，國王陛下。+只有一只鳥能留下。哪一只呢？;Alles Täuschung und Betrug. Ihr habt die Wahl, mein König. Nur ein Vogel kann bleiben. Welcher?;Это все ложь и провокации. У вас есть выбор, мой король, только одна птица может остаться. Которая?;Tutto falso e opinabile. Avete una scelta da fare, mio Re. Solo un uccello può restare. Quale?;Apenas mentiras e discórdias. Você tem uma escolha, meu rei. Só pode restar um pássaro. Qual dos dois?;You;Sen;Toi;Tú;そなたを選ぼう;자네;你;你;Du;Ты;Tu;Você;;;;;;;;;;;;;The other one;Diğeri;L'autre;El otro;もう1羽のほうを選ぼう;다른 녀석;另一个;另一個;Der andere;Другую;L'altro;O outro;;;;;;;;;;;;;
864;black_bird;<i>The message says: Islanders are preparing an invasion of the Kingdom.</i>;<i>Mesajda şöyle yazıyor: Adalılar Krallığı işgal etmeye hazırlanıyor.</i>;Le message dit : "Des insulaires se préparent à envahir le royaume".;El mensaje dice así: <i>Los isleños se preparan para invadir el Reino.</i>;<i>文には、こう記されている…+「島の民が、王国への侵攻を計画している」</i>;<i>이런 문장이 적혀 있다. 섬사람들이 왕국에 침범할 반란 작전을 꾀하고 있다.</i>;信上说：“岛民们正在为入侵王国做准备。”;信上說：“島民們正在為入侵王國做準備。”;Die Nachricht lautet: "Insulaner bereiten eine Invasion des Königreiches vor.";В сообщении говорится: «Островитяне готовятся захватить королевство».;Il messaggio dice: "Gli isolani stanno preparando un'invasione al Regno".;A mensagem diz: "Habitantes das ilhas estão preparando uma invasão ao reino".;Send the army!;Orduyu gönderin!;Envoyez l'armée !;¡Enviad al ejército!;兵を派遣せよ！;병력을 파견하라!;派遣军队！;派遣軍隊！;Entsendet die Armee!;Послать армию!;Mandate l'esercito!;Envie o exército!;<i>The army was mobilized against an enemy that never materialized.</i>;<i>Ordu harekete geçti ama düşmanlar asla ortaya çıkmadı.</i>;<i>L'armée se mobilise pour combattre un ennemi qui n'arrivera jamais.</i>;<i>El ejército se moviliza para combatir contra un enemigo que no llegará jamás.</i>;<i>王は、実在しない敵に向けて、+軍を出動させた。</i>;<i>병력이 동원되었으나, 적군은 결국 나타나지 않았습니다.</i>;<i>（军队被动员起来对抗这个从未现形的敌人。）</i>;<i>（軍隊被動員起來對抗這個從未現形的敵人。）</i>;<i>Die Armee wird gegen einen Feind mobilisiert, der nie erscheint.</i>;<i>Армию подняли на битву с врагом, который так и не появился.</i>;<i>L'esercito è stato mobilitato contro una minaccia che non si è mai materializzata.</i>;<i>O exército foi mobilizado contra um inimigo que nunca se materializou.</i>;It's not true;Yalan;C'est faux;Eso es mentira;でたらめだ;이는 사실이 아니다;这不是真的;這不是真的;Das ist nicht wahr;Это неправда;Non è vero;Não é verdade;;;;;;;;;;;;;
865;end>dead_king_arrow;During the party, someone started an archery game. It didn't end well for you.;Parti esnasında birileri okçuluk oynamaya başladı. Oyunun sonu sizin için iyi bitmedi.;Pendant la fête, quelqu'un a initié un tournoi de tir à l'arc qui a plutôt mal fini pour vous.;Durante la fiesta, alguien ha lanzado un torneo de tiro con arco. La cosa ha terminado francamente mal.;宴の最中に、参加者のひとりが+アーチェリーゲームを始めた。+それが、不幸にも王に終焉をもたらした。;파티 도중 누군가가 양궁 게임을 시작했습니다. 당신의 결과는 좋지 못했습니다.;在聚会上，有人开始了一场射箭比赛。+对你来说结果并不好。;在聚會上，有人開始了一場射箭比賽。+對你來說結果並不好。;Während des Festes beginnt jemand ein Bogenschießspiel. Für Euch geht es nicht gut aus.;Во время пира кто-то начал игру со стрельбой из лука. Ничем хорошим для вас это не кончилось.;Durante la festa qualcuno ha dato il via a una gara con l'arco. Non è finita bene per Voi.;Durante a festa, alguém começou um jogo de arco e flecha. Não acabou bem para você.;;;;;;;;;;;;;;;;;;;;;;;;;;;;;;;;;;;;;;;;;;;;;;;;;
866;end>dead_king_acid;A huge cask of strong ale was brought into the castle. Too drunk, you fell in during the party.;Kaleye kocaman bir sert bira fıçısı getirildi. Partide çok sarhoş olup düştünüz.;Un énorme tonneau de bière a été livré au château. Vous étiez tellement ivre pendant la fête que vous êtes tombé dedans.;Traen un tonel enorme de cerveza al Castillo. Estábais tan borracho durante la fiesta que acabásteis en el fondo del barril.;強いエールの大樽が城内に運び込まれた。+泥酔した王は宴の最中に倒れ、+そのまま帰らぬ人となった。;도수가 센 에일 맥주 한 통이 성으로 반입되었습니다. 너무 취해, 당신은 파티 도중 쓰러졌습니다.;一大桶烈性麦芽酒被运进了城堡。+你在聚会上喝得酩酊大醉，栽进了酒桶里。;一大桶烈性麥芽酒被運進了城堡。+你在聚會上喝得酩酊大醉，栽進了酒桶裏。;Ein riesiges Fass Starkbier wird in die Burg gebracht. Betrunken fallt Ihr während des Festes hinein.;Огромный бочонок крепчайшего эля доставили в замок. Перепив, вы свалились замертво прямо в разгар веселья.;Nel castello è stata portata un'enorme botte di birra. Troppo ubriaco, vi cadete dentro durante la festa.;Um imenso barril de cerveja foi trazido para o castelo. Depois de beber demais, você caiu nele durante a festa.;;;;;;;;;;;;;;;;;;;;;;;;;;;;;;;;;;;;;;;;;;;;;;;;;
867;foreign_princess;I know you're looking for something in Lamascus. I can help you find it, but you have to make a promise to me.;Çam'da bir şey aradığınızı biliyorum. Bulmanıza yardım edebilirim ama bana bir söz vermeniz gerekiyor.;Je sais que vous cherchez quelque chose à Lamascus. Je peux vous aider à le trouver, à condition que vous me promettiez une chose.;Estoy al tanto de que buscáis algo en Damasco. Puedo ayudaros a encontrarlo, siempre y cuando me hagáis una promesa.;陛下は、ラマスクスにある何かをお探しですね。+私が力になりましょう。+ただし、ひとつ約束してください。;라마스쿠스에서 뭔가를 찾고 계시죠? 도와드릴게요, 하지만 한 가지만 약속해주세요.;我知道你正在拉马士革寻找着什么东西。+我能帮你找到它，但是你必须承诺我一件事。;我知道你正在拉馬士革尋找著什麼東西。+我能幫你找到它，但是你必須承諾我一件事。;Ich weiß, Ihr sucht etwas in Lamaskus. Ich kann Euch helfen, es zu finden, aber Ihr müsst etwas versprechen.;Я знаю, вы что-то ищете в Ламаске. Я могу помочь в ваших поисках, если вы пообещаете мне кое-что взамен.;So che cercate qualcosa a Lamasco. Posso aiutarvi a trovarla, ma dovete farmi una promessa.;Eu sei que você busca algo em Lamascus. Posso ajudá-lo a encontrar, mas você terá que me fazer uma promessa.;;;;;;;;;;;;;;;;;;;;;;;;;;;;;;;;;;;;;;;;;;;;;;;;;
868;foreign_princess;You or your descendants will not occupy our country again, whatever the pressure you receive.;Ne gibi baskı altında olursanız olun siz veya nesliniz asla ülkemizi işgal etmeyeceksiniz.;Ni vous ni vos descendants ne tenterez jamais d'envahir notre pays, quelles que soient les pressions qu'on exercera sur vous.;Ni vos ni vuestros descendientes intentaréis jamás invadir nuestro país, sean cuales sean las presiones a las que os veáis sometidos.;陛下も、陛下のご子孫も、+決して私の国を攻めないと、お誓いくださいまし。+まわりの者から、どんなに強く+進言されても、です。;폐하께서 어떠한 압력을 받으시더라도, 폐하나 폐하의 후손이 두 번 다시 제 나라를 침략하지 말아주세요.;你和你的后代不能尝试入侵我们的国家，+不管你处在什么样的压力下，都不行。;你和你的後代不能嘗試入侵我們的國家，+不管你處在什麼樣的壓力下，都不行。;Weder Ihr noch Eure Nachfahren werden unser Land je angreifen, so sehr man Euch auch drängt.;Какие бы обстоятельства на вас ни давили, ни вы, ни ваши потомки не попытаетесь вторгнуться в мою страну.;Voi o i vostri discendenti non proverete a invadere il nostro Paese, a prescindere dalle pressioni che dovrete sopportare.;Você ou seus descendentes não tentarão invadir nosso país, mesmo que estejam sob pressão.;;;;;;;;;;;;;;;;;;;;;;;;;;;;;;;;;;;;;;;;;;;;;;;;;
869;foreign_princess;Follow me.;Beni takip edin.;Suivez-moi.;Seguidme.;私に、ついていらして。;저를 따라오세요.;跟我来。;跟我來。;Folgt mir.;Идите за мной.;Seguitemi.;Venha comigo.;;;;;;;;;;;;;<i>You follow <foreign_princess> in a nameless sloop anchored in the port. For weeks and weeks you travel, until you finally reach Lamascus. You enter the city by a hidden gate.</i>;<i><foreign_princess> önde siz arkada, limana demir atmış isimsiz bir gemiye biniyorsunuz. Haftalarca seyahatin ardından nihayet Çam'a ulaşıyorsunuz. Gizli bir kapıdan şehre giriyorsunuz.</i>;<i>Vous suivez <foreign_princess> jusqu'à un bateau discrètement amarré au port. Vous naviguez des semaines durant, pour enfin parvenir à Lamascus. Vous entrez dans la ville par une porte dérobée.</i>;<i>Seguís los pasos de <foreign_princess> hasta un barco discretamente amarrado a puerto. Navegáis durante semanas para finalmente llegar a Lamasco. Entráis en la ciudad a través de una puerta secreta.</i>;<i>王は<foreign_princess>に+導かれ、港に停泊する+一本マストの名もなき帆船に+乗り込んだ。+幾週間もの航海の末にラマスクスに+到着した王たちは、秘密の門から+都内に入った。</i>;<i>당신은 <foreign_princess>을(를) 따라 항구의 닿이 내려진 무명 범선에 올랐습니다. 당신의 여정은 라마스쿠스에 도착할 때까지 몇 주간 이어졌습니다. 당신은 숨겨진 입구를 통해 도시로 들어갔습니다.</i>;<i>（你乘着一艘无名的单桅帆船，+一路跟踪<foreign_princess>到停泊的港口。+你旅行了一周又一周，最终抵达拉马士革。+你通过一道密门进入了这座城市。）</i>;<i>（你乘著一艘無名的單桅帆船，+一路跟蹤<foreign_princess>到停泊的港口。+你旅行了一周又一周，最終抵達拉馬士革。+你通過一道密門進入了這座城市。）</i>;<i>Ihr folgt <foreign_princess> auf ein namenloses Schiff. Wochen um Wochen reist Ihr, dann seid Ihr endlich in Lamaskus. Ihr betretet die Stadt durch ein verborgenes Tor.</i>;<i>Вы следуете за <foreign_princess> на борт безымянного судна, стоящего на якоре в порту. Ваш путь длится много недель, пока не приводит в Ламаск. Вы проникаете в город через потайные ворота.</i>;<i>Seguite <foreign_princess> a bordo di una barca senza nome ancorata al porto. Per settimane e settimane viaggiate fino a raggiungere Lamasco. Entrate nella città passando per un cancello nascosto.</i>;<i>Você segue <foreign_princess> até uma corveta sem nome ancorada no porto. Vocês viajaram por várias semanas, até finalmente chegarem a Lamascus. Você entra na cidade por um portão secreto.</i>;;;;;;;;;;;;;;;;;;;;;;;;;
870;homunculus>open;Here you are! Come closer my friend...;İşte geldin! Yaklaş, dostum...;Vous voici ! Approchez, mon ami...;¡Ahí estáis! Acercáos, amigo mío…;来たな！+さあ、もっと近くへ…;여기라네! 가까이 오게 친구여...;给你！+靠近点，我的朋友……;給你！+靠近點，我的朋友……;Da seid Ihr ja! Kommt näher, mein Freund ...;Вот ты где! Подойди ближе, друг мой…;Eccovi qui! Avvicinatevi, amico mio…;Aí está você! Aproxime-se, amigo...;Why would...;Neden...;Qu'est-ce que...;Pero qué demonios...;どういうことだ…;왜...;为什么会这样……;為什麼會這樣……;Warum sollte ...;С чего бы…;Perché mai…;Por que eu....;;;;;;;;;;;;;What is...;Ne...;Comment...;¿Pero qué...;これは…？;무슨...;这是……;這是……;Was ist ...;Что такое…;Cosa sta…;O que foi...;;;;;;;;;;;;;
871;foreign_princess;Did you really think my people would forget your pledge?;Gerçekten de halkımın sözünüzü unutacağını mı düşündünüz?;Pensiez-vous réellement que mon peuple oublierait votre promesse ?;¿De verdad pensáis que mi pueblo olvidará vuestra promesa?;わが国の民が、陛下の誓いを忘れるとでも？;제 백성들이 당신과의 조약을 잊었으리라 생각했나요?;你真的认为我的子民会忘记你的承诺吗？;你真的認為我的子民會忘記你的承諾嗎？;Habt Ihr wirklich geglaubt, mein Volk würde Euer Versprechen vergessen?;Вы правда думали, мой народ забудет ваш обет?;Davvero pensavate che la mia gente avrebbe dimenticato la Vostra promessa?;Achou mesmo que meu povo se esqueceria do seu juramento?;What...;Ne...;Je...;Yo...;なにィッ…！;#ERROR!;什么...;什麼...;Was ...;Что…;Cosa…;O quê...;;;;;;;;;;;;;What...;Ne...;Je...;Pues...;なにィッ…！;#ERROR!;什么...;什麼...;Was ...;Что…;Cosa…;O quê...;;;;;;;;;;;;;
872;end>dead_king_ants;<i>You're waking up a few days later under a burning sun, paralyzed, slowly eaten by giant red ants.</i>;<i>Birkaç gün sonra kavurucu bir güneşin altında, felçli ve dev ateş karıncaları tarafından yenir halde uyanıyorsunuz.</i>;<i>Vous vous réveillé quelques jours plus tard sous le soleil. Vous êtes paralysé et des fourmis rouges sont en train de vous dévorer.</i>;<i>Unos días más tarde, despertáis bajo un sol abrasador. Estáis paralizado y las hormigas rojas os devoran lentamente.</i>;<i>数日後、焼けつくような日光に照らされながら+目覚めた王は、体の自由を奪われ、+生きたまま巨大な赤アリたちに食われた。</i>;<i>당신은 며칠 후 태양빛이 내리쬐는 곳에서 깨어났습니다. 몸은 마비되어 있었고, 거대한 붉은 개미가 당신을 천천히 집어삼키고 있었습니다.</i>;<i>数日之后，你在烈日下醒来，+全身瘫痪着，被巨大的红蚁慢慢吞噬。</i>;<i>數日之後，你在烈日下醒來，+全身癱瘓著，被巨大的紅蟻慢慢吞噬。</i>;<i>Ihr erwacht einige Tage später gelähmt, unter brennender Sonne. Rote Ameisen fressen Euch langsam auf.</i>;<i>Через пару дней вы просыпаетесь под палящим солнцем парализованным, пока гигантские красные муравьи жрут вас.</i>;<i>Vi svegliate qualche giorno dopo sotto un sole cocente, paralizzato, divorato da gigantesche formiche rosse.</i>;<i>Você acorda dias depois sob um sol escaldante, paralisado e devorado lentamente por formigas vermelhas gigantes.</i>;;;;;;;;;;;;;;;;;;;;;;;;;;;;;;;;;;;;;;;;;;;;;;;;;
873;black_bird;<i>The message says: A giant is shaking the ground near Pavoli. Send your priests to help!</i>;<i>Mesajda şöyle yazıyor: Bir dev Pavoli civarında yeri göğü inletiyor. Yardım etmeleri için rahiplerinizi gönderin!</i>;Le message dit : <i>Un géant fait trembler la terre près de Pavoli. Envoyez vos prêtres à la rescousse !</i>;El mensaje dice así: <i>Un gigante sacude la tierra cerca de Pavoli. ¡Enviad vuestros curas al rescate!</i>;<i>文には、こう記されている…+「巨人が、パヴォーリの近くで地を揺るがしている。+司祭たちを救援に向かわせよ！」</i>;<i>이런 문장이 적혀 있다. 거인이 파볼리 주변의 땅을 흔들고 있다. 성직자를 보내 돕도록 하라!</i>;信上说：+<i>一个巨人正在震颤着帕沃里附近的土地。+快派你的牧师去帮忙！</i>;信上說：+<i>一個巨人正在震顫著帕沃裏附近的土地。+快派你的牧師去幫忙！</i>;Die Nachricht lautet: <i>Ein Riese erschüttert die Erde bei Pavoli. Schickt Eure Priester zu Hilfe!</i>;В сообщении говорится: <i>Великан сотрясает землю вблизи Паволи. Пришлите священников на помощь!</i>;Il messaggio dice: <i>Un gigante sta facendo tremare la terra intorno a Pavoli. Mandate i sacerdoti in aiuto!</i>;A mensagem diz: <i>Um gigante está fazendo o solo tremer perto de Pavoli. Envie seus padres para ajudar!</i>;;;;;;;;;;;;;;;;;;;;;;;;;Send the army;Orduyu gönderin;Envoyez l'armée !;¡Enviad el ejército!;<i>（軍を派遣する）</i>;병력을 보낸다;派遣军队;派遣軍隊;Entsendet die Armee;Послать армию;Inviate l'esercito;Enviar o exército;;;;;;;;;;;;;
874;foreign_princess;Your army persecutes my people in the name of your God. Condemn them, it's a crime.;Halkınız Tanrınız adına halkıma zulüm ediyor. Onları kınayın, suç bu.;Vos soldats persécutent mon peuple au nom de votre Dieu. C'est un crime et ils doivent être châtiés.;Vuestros soldados persiguen a mi pueblo en el nombre de vuestro dios. Es un crimen y deben ser castigados.;陛下の兵士たちは、あなたがたの神の名の下に、+私の国の民を虐げています。+これは犯罪行為です。しかるべき罰を。;폐하의 군대가 폐하의 신의 이름을 내걸며 제 백성들을 박해하고 있습니다. 그들을 비난해주세요. 이건 범죄입니다.;你的军队以神明的名义迫害我的人民。+这是犯罪，你要判他们的刑。;你的軍隊以神明的名義迫害我的人民。+這是犯罪，你要判他們的刑。;Euer Heer schikaniert mein Volk im Namen Eures Gottes. Das ist ein Verbrechen. Verurteilt es!;Ваши солдаты преследуют моих людей во имя вашего Бога. Это преступление, осудите их.;Il Vostro esercito perseguita il mio popolo nel nome di Dio. Condannateli, è un crimine.;Seu exército persegue meu povo em nome do seu deus. Condene-os, isso é um crime.;;;;;;;;;;;;;;;;;;;;;;;;;;;;;;;;;;;;;;;;;;;;;;;;;
875;priest;Your soldiers are bullying some priests and their congregation into paying money for protection. Make them stop!;Askerleriniz bazı rahiplere ve topluluklarına koruma karşılığında para vermeleri için baskı yapıyor. Durdurun onları!;Vos soldats contraignent des prêtres et leurs fidèles à leur verser de l'argent en échange de leur protection. Mettez-y un terme !;Vuestros soldados están forzando a los curas y a sus fieles a darles dinero a cambio de protección. ¡Debéis poner fin!;城の兵士たちは、教会の司祭や信徒たちを虐げ、+身の安全を保障してほしければ金を出せと+脅しています。すぐにやめさせてください！;폐하의 군사들이 사제들과 신도들에게 보호비라는 핑계로 돈을 갈취해 괴롭히고 있습니다. 부디 그들을 막아주세요!;你的士兵正欺凌着一些牧师和他们的圣会，+逼迫他们交保护费。快阻止他们！;你的士兵正欺淩著一些牧師和他們的聖會，+逼迫他們交保護費。快阻止他們！;Eure Soldaten verlangen von einigen Priestern und ihrer Gemeinde Schutzgeld. Beendet das!;Ваши солдаты запугивают некоторых священников и их паству и заставляют их платить за защиту. Остановите их!;I Vostri soldati esigono denaro da alcuni sacerdoti e dalle loro congregazioni in cambio di protezione. Fermateli!;Seus soldados estão ameaçando alguns padres e a congregação deles para que deem dinheiro em troca de proteção. Faça-os parar!;;;;;;;;;;;;;;;;;;;;;;;;;;;;;;;;;;;;;;;;;;;;;;;;;
876;general;It's a lie! We're only asking for the money they have to pay to the crown. You are too lax with them!;Yalan bu! Sadece krallığa ödemeleri gereken parayı istiyorduk. Rahiplere çok kibar davranıyorsunuz.;Mensonges ! Nous ne faisons que récolter l'argent qu'ils doivent à la couronne ! Vous êtes trop laxiste avec eux !;¡Mentira! ¡Simplemente estamos recaudando el dinero que le deben a la corona! Sois bien flojo con vuestro pueblo.;ウソだ！われわれは、教会が納めるべき税金を+徴収しているだけです。+陛下は教会に甘すぎます！;거짓말입니다! 저희는 저들이 당연히 내야 하는 세금만 거두었습니다. 저들의 말에 넘어가지 말아주세요!;这是谎言！+我们征收的是他们应该付给王权的钱。+你对待他们太宽松了！;這是謊言！+我們徵收的是他們應該付給王權的錢。+你對待他們太寬鬆了！;Lüge! Wir fordern nur das Geld ein, das sie an die Krone entrichten müssen. Ihr seid zu nachsichtig mit ihnen!;Это ложь! Мы лишь требуем с них те деньги, что они и так должны короне. Вы слишком во многом им потакаете!;È una bugia! Riscuotiamo solo il denaro dovuto alla Corona. Siete troppo indulgente con loro!;É mentira! Estamos apenas pedindo o dinheiro que eles devem pagar à coroa! O senhor é complacente demais com eles!;All right;Pekala;Très bien;Muy bien;さようであったか;그렇군;好吧;好吧;Also gut;Хорошо;Va bene;Está bem;;;;;;;;;;;;;Lower the taxes;Vergileri azaltın;Baissez les impôts;Bajad los impuestos;では、減税せよ;세금을 낮추도록;降低税率;降低稅率;Senkt die Steuern;Снизьте налоги;Abbassate le tasse;Reduzir os impostos;;;;;;;;;;;;;
877;executioner;I don't like <farmer>. He's a whimpering liar.;<farmer> yalancısını sevmiyorum. Ağlayıp duruyor.;Je n'aime pas <farmer>. C'est un geignard et un menteur.;No me cae bien el <farmer>. Es un llorica y un mentiroso.;<farmer>にはご注意を。+あやつは、泣き言ばかり抜かすウソつきです。;<farmer>이(가) 마음에 들지 않습니다. 녀석은 이간질하는 거짓말쟁이예요.;我不喜欢<farmer>。+他是个满腹牢骚的骗子。;我不喜歡<farmer>。+他是個滿腹牢騷的騙子。;Ich mag <farmer> nicht. Er ist ein winselnder Lügner.;Не нравится мне <farmer>. Он нытик и лжец.;<farmer> non mi piace. È un bugiardo piagnucoloso.;Não gosto de <farmer>. Ele é um mentiroso de uma figa.;You're right;Haklısın;En effet;Tienes razón;そなたの言うとおりだ;자네 말이 맞네;你是对的;你是對的;Ihr habt Recht;Твоя правда;Hai ragione;Você tem razão;;;;;;;;;;;;;But a useful one;Ama bir işe yarıyor;Mais il est utile;Ya, pero nos es útil;だが、便利な男だ;하지만 유용한 자라네;但是有用;但是有用;Aber ein nützlicher;Но полезный;Ma utile;Mas é útil;;;;;;;;;;;;;
878;farmer;The cattle are dying from an epidemic, more and more every day. Help your farmers contain it!;Sığırlar salgın bir hastalıktan ölüp duruyor, her gün daha fazlası. Çiftçilerinizin hastalıkla baş etmesine yardım edin!;Le bétail est décimé par une épidémie. Aidez vos fermiers à l'endiguer !;El ganado está diezmando más y más cada día a causa de la epidemia. ¡Ayudad a los granjeros a controlarla!;ウシたちが伝染病にかかって、+バタバタと死んでいきます！+これ以上広がらないように、手を打たなければ…+陛下もご協力ください！;소들이 전염병으로 매일 죽어가고 있습니다. 농부들의 생계를 유지할 수 있도록 부디 도와주세요!;每天都有越来越多的家牛死于这场牛瘟。+快帮帮农夫们吧！;每天都有越來越多的家牛死於這場牛瘟。+快幫幫農夫們吧！;Das Vieh stirbt an einer Seuche, tagtäglich mehr. Helft Euren Bauern, sie einzudämmen!;Всё больше и больше скота каждый день гибнет от эпидемии. Помогите вашим фермерам сохранить поголовье!;Ogni giorno muore sempre più bestiame a causa di un'epidemia. Aiutate i contadini ad arginarla!;Tem uma epidemia matando o gado. E mata cada vez mais a cada dia. Ajude seus fazendeiros a conter a epidemia!;;;;;;;;;;;;;;;;;;;;;;;;;;;;;;;;;;;;;;;;;;;;;;;;;
879;executioner;Here, that was a lie, and you bought it with great satisfaction, well done.;İşte, bu bir yalandı, siz de büyük bir zevkle inandınız. Tebrikler.;Voilà, c'était un mensonge et vous y avez cru allègrement. Bravo.;He aquí una mentira que os habéis tragado doblada. Bravo.;今の話もウソですよ。+なのにコロッとだまされて…+陛下、しっかりしてください。;폐하, 그건 거짓말이었습니다. 속아넘어 가신 거라고요.;嘿，那是谎言，+你却能非常满足地把它带来，+干得不错。;嘿，那是謊言，+你卻能非常滿足地把它帶來，+幹得不錯。;Da, das war eine Lüge, und Ihr habt sie nur zu gerne geschluckt. Gut gemacht.;Ну вот, это была ложь. И вы с радостью купились, так держать.;Era una bugia e voi ci siete caduto dentro con tutte le scarpe. Ben fatto.;Isso foi mentira, e você acreditou com grande satisfação. Muito bem.;;;;;;;;;;;;;;;;;;;;;;;;;;;;;;;;;;;;;;;;;;;;;;;;;
880;farmer;I don't like <executioner>. He's a lazy fraud.;<executioner> yalancısını sevmiyorum. Sahtekar.;Je n'aime pas <executioner>. C'est un paresseux et un escroc.;No me cae bien el <executioner>. Es un vago y un rufián.;<executioner>にはご注意を。+あの男は、怠け者のサギ師です。;<executioner>이(가) 마음에 들지 않습니다. 녀석은 게으른 사기꾼이에요.;我不喜欢<executioner>。+他是个慵懒的骗子。;我不喜歡<executioner>。+他是個慵懶的騙子。;<executioner> ist ein fauler Heuchler. Ich mag ihn nicht.;Мне не нравится <executioner>. Он лентяй и мошенник.;<executioner> non mi piace. È un ciarlatano lazzarone.;Não gosto de <executioner>. Ele é um impostor preguiçoso.;;;;;;;;;;;;;;;;;;;;;;;;;;;;;;;;;;;;;;;;;;;;;;;;;
881;priest;A miracle happened in the South, a statue of the prophet is weeping blood. We should claim it's genuine.;Güneyde bir mucize yaşandı, peygamberin bir heykeli kan ağlıyor. Hakiki olduğunu iddia etmeliyiz.;Un miracle s'est produit dans le sud : une statue du prophète verse des larmes de sang. Nous devrions l'officialiser.;Un milagro en el Sur: una estatua del profeta derrama lágrimas de sangre. Deberíamos proclamar que son auténticas.;南部で奇跡が確認されました。+預言者の像が、血の涙を流しているとのこと。+本物と認定いたしましょう。;남쪽 나라에서 기적이 일어났습니다. 선지자의 동상이 피를 흘렸다고 합니다. 사실인지 확인해봐야 합니다.;南方出现了一个奇迹，+一座先知肖像正在泣血。+我们应该宣布它是真的。;南方出現了一個奇跡，+一座先知肖像正在泣血。+我們應該宣佈它是真的。;Im Süden hat sich ein Wunder ereignet: Eine Statue des Propheten weint Blut. Erklären wir es für echt.;Чудо свершилось на Юге. Кровавые слезы проступили на глазах статуи пророка. Нам стоит признать чудо истинным.;È accaduto un miracolo nel Sud: la statua di un profeta piange sangue. Dobbiamo proclamarlo autentico.;Um milagre aconteceu no sul: uma estátua do profeta está chorando sangue. Devemos alegar que é genuíno.;;;;;;;;;;;;;;;;;;;;;;;;;;;;;;;;;;;;;;;;;;;;;;;;;
882;jester;I saw strange lights in the sky last night. Maybe it's a sign that my destiny is to rule this Kingdom.;Dün gece gökyüzünde tuhaf ışıklar gördüm. Belki kaderimin bu Krallığı yönetmek olduğunu gösteren bir işarettir.;La nuit dernière, j'ai vu d'étranges lueurs dans le ciel. C'était un signe annonçant que mon destin est de diriger ce royaume.;La noche pasada divisé unas luces extrañas en el cielo. Tal vez se trataba de una señal de que mi destino es dirigir este imperio.;昨日の夜、空に不思議な光が見えたんだ。+あれはきっと、オイラがこの国を治める+運命だっていうしるしだよ。;지난 밤에 하늘에서 이상한 빛을 봤어. 어쩌면 그건 내가 이 왕국을 지배할 운명이라는 것을 나타내는 신호가 아닐까?;昨晚我在天空中看到了奇异的光。+可能那意味着我的命运就是统治这座王国。;昨晚我在天空中看到了奇異的光。+可能那意味著我的命運就是統治這座王國。;Letzte Nacht waren seltsame Lichter am Himmel. Vielleicht ein Zeichen, dass ich das Reich regieren sollte.;Я видел странные огни в небе прошлой ночью. Может, это знак, что моя судьба ― править этим королевством.;Ho visto delle strane luci nel cielo, la scorsa notte. Forse significa che il mio destino è governare questo regno.;Eu vi luzes estranhas no céu ontem à noite. Talvez seja um sinal de que meu destino é governar este reino.;;;;;;;;;;;;;;;;;;;;;;;;;;;;;;;;;;;;;;;;;;;;;;;;;
883;monk;The scholars are convinced. It's a miracle. Do you want to recognize it?;Bilginler ikna oldu. Bu bir mucize. Bunu onaylamak istiyor musunuz?;Les savants en sont convaincus. C'est un miracle. Êtes-vous prêt à l'officialiser ?;Los sabios están convencidos. Es un milagro. ¿Estáis dispuesto a reconocerlo?;学者たちも確信しております。+これは奇跡です。+認定いたしますか？;학자들은 그것이 기적이라고 확신하고 있습니다. 인정하고 받아들이시겠습니까?;学者们被说服了。+真是奇迹。你要承认这件事吗？;學者們被說服了。+真是奇跡。你要承認這件事嗎？;Die Gelehrten sind überzeugt: Es ist ein Wunder. Möchtet Ihr es anerkennen?;Все ученые сошлись во мнении, что это истинное чудо. Хотите признать его?;Gli studiosi ne sono convinti. È un miracolo. Volete riconoscerlo?;Os estudiosos estão convencidos. É um milagre. Gostaria de reconhecê-lo?;;;;;;;;;;;;;<i>It backfired quickly. The jester, now a saint, managed to ridicule the Church by selling a lot of gruesome "miraculous visions".</i>;<i>Hızla geri tepti. Artık bir aziz olan soytarı, pek çok korkunç "mucizevi görü" satarak Kiliseyle alay etmeyi başardı.</i>;<i>Ça a mal tourné. Le fou, récemment canonisé, a réussi à ridiculiser l'Église en vendant toutes sortes d'immondes "visions miraculeuses".</i>;<i>La cosa va mal. El bufón, recién canonizado, ha ridiculizado a la Iglesia vendiendo inmundas "visiones milagrosas".</i>;<i>その判断は、たちまち裏目に出た。+聖人に認定された道化師は、+ゾッとするような「奇跡の幻視」を+次々とでっちあげ、+教会を侮辱した。</i>;<i>이는 재빠르게 역효과를 일으켰습니다. 어릿광대, 아니 이제 성스러운 자가 된 그는 소름끼치는 "기적의 환상"을 팔아 교회를 조롱했습니다.</i>;<i>（事与愿违。+现在成为了圣人的小丑+为了愚弄教会，+大量出售可怕的“神奇愿景”。）</i>;<i>（事與願違。+現在成為了聖人的小丑+為了愚弄教會，+大量出售可怕的“神奇願景”。）</i>;<i>Das geht nach hinten los. Der Narr, jetzt ein Heiliger, veralbert die Kirche, indem er viele grausige "wundersame Visionen" auftischt.</i>;<i>Последствия были быстрыми и непредсказуемыми. Шут, который теперь стал святым, умудрился высмеять Церковь, продавая кучу жутких «чудесных видений».</i>;<i>La situazione vi si è ritorta contro. Il giullare, ora un santo, è riuscito a ridicolizzare la Chiesa mettendosi a vendere raccapriccianti "visioni miracolose".</i>;<i>O tiro saiu pela culatra rapidamente. O bobo, agora um santo, conseguiu ridicularizar a Igreja vendendo diversas "visões milagrosas" terríveis.</i>;;;;;;;;;;;;;;;;;;;;;;;;;
884;foreign_princess;I have a legal issue with one of your merchants about his trade. Making a case takes too long in your Kingdom.;Tüccarlarınızdan biriyle zanaatı hakkında hukuki bir sorunum var. Krallığınızda dava açmak çok uzun sürüyor.;Je suis en procès avec l'un de vos marchands. Faire valoir ses droits prend trop de temps dans votre royaume.;Tengo una disputa con uno de vuestros comerciantes. Hacer justicia en vuestro reino es una árdua tarea.;陛下の国の、ある商人が行っている商売のことで、+当人とトラブルになりました。+訴訟を起こそうと思うのですが、+この国では裁判の手続きに時間がかかりすぎます。;폐하 왕국의 한 상인과의 거래에서 법적 분쟁을 안고 있습니다. 폐하의 왕국은 관련한 일 처리가 너무나도 늦습니다.;我跟你麾下的一位商人之间有贸易方面的法务纠纷。+在你的王国里打官司需要的时间太长了。;我跟你麾下的一位商人之間有貿易方面的法務糾紛。+在你的王國裏打官司需要的時間太長了。;Ich habe einen Rechtsstreit mit einem Eurer Händler. In Eurem Reich dauern Verfahren viel zu lange.;У меня юридические разногласия с одним из ваших торговцев по поводу его сделок. Суды в вашем королевстве не торопятся.;Ho una faccenda legale in sospeso con un vostro mercante. Ci vuole troppo per risolvere un caso nel Vostro regno.;Estou tendo problemas legais com um dos seus mercadores sobre o negócio dele. Levar um caso à justiça demora muito no seu reino.;I will reform justice;Adaleti ıslah edeceğim;Réformons la justice !;¡Reformemos la justicia!;司法制度を改正しよう;정의로운 제도를 추진하겠네;我将进行司法改革;我將進行司法改革;Ich reformiere die Justiz;Я реформирую судебную систему;Farò una riforma della giustizia;Reformarei o sistema judiciário;;;;;;;;;;;;;Good luck;Bol şans;Bonne chance;Buena suerte;気長にやるがよい;알아서 잘 해보게나;祝好运;祝好運;Viel Glück;Удачи с этим;Buona fortuna;Boa sorte;;;;;;;;;;;;;
885;witch;A duke decided to reestablish the feudal right allowing a Lord to bed a woman during her wedding night.;Dükün teki, Lordlara gerdek gecesindeki kadınlarla yatabilmesini sağlayan bir derebeylik hakkını yeniden tesis etmeye karar verdi.;Un duc a décidé de rétablir le droit de cuissage.;Un duque ha decidido reestablecer el derecho de pernada.;ある公爵が、初夜権を復活させると宣言しました。+認められれば、領主は領民同士の婚礼初夜に、+花嫁と床入りできるようになってしまいます。;공작이 신혼을 맞이하는 여성의 잠자리에 함께 하는, 봉건적 제도를 다시 시행하려 하고 있습니다.;一位男爵打算恢复一个封建权利，+承认领主的初夜权。;一位男爵打算恢復一個封建權利，+承認領主的初夜權。;Ein Herzog hat ein feudales Recht wieder eingeführt: Er darf die erste Nacht mit einer Untertanin verbringen.;Некий герцог решил восстановить феодальное право, позволяющее ему возлечь с любой женщиной в ее первую брачную ночь.;Un duca ha deciso di riportare in auge il diritto feudale che permette al Signore di dormire con una donna durante la sua prima notte di nozze.;Um duque decidiu reestabelecer o direito feudal que permite que um lorde vá para a cama com uma mulher na noite de núpcias dela.;Let him do as he wants;İstediğini yapsın;Laissons-le agir à sa guise;Dejemos que haga lo que quiera;好きにやらせておけ;원하는 대로 하게 두어라;让他放手去做吧;讓他放手去做吧;Lasst ihn gewähren;Пусть делает, что хочет;Lasciategli fare ciò che vuole;Deixe-o fazer o que quiser;;;;;;;;;;;;;That shall not pass;Olmaz öyle şey;Hors de question;Ni hablar;看過できぬ;용납할 수 없다;不得通过;不得通過;Das wird nicht passieren;Так не пойдет;Non può farlo;Isso não ficará assim;;;;;;;;;;;;;
886;general;The South is asking for help in their conflict with the West. Should we send our army as neutral observers? They pay.;Güney, Batıyla olan çatışmalarında yardım istiyor. Ordumuzu tarafsız gözlemciler olarak gönderelim mi? Parasını ödeyecekler.;Le Sud demande notre aide dans sa guerre avec l'Ouest. Dois-je envoyer l'armée en observateur impartial ? Ils sont prêts à payer.;El Sur reclama nuestra ayuda en su conflicto contra el Oeste. ¿Deberíamos enviar nuestro ejército como observadores neutrales?;西部と抗争中の南部より、協力の要請が+入っております。わが軍を、中立の「監視軍」+として派遣しますか？むろん、南部からの+謝礼金は期待できます。;남쪽 나라에서 서쪽 나라와의 전쟁에 도움을 청했습니다. 중립적인 입장에서 군대를 파견하시겠습니까? 남쪽 나라에서는 그에 따른 보답을 할 것입니다.;南方正在为他们和西方的冲突寻求帮助。+我们要派我们的军队去当中立的观察者吗？+他们会付钱的。;南方正在為他們和西方的衝突尋求幫助。+我們要派我們的軍隊去當中立的觀察者嗎？+他們會付錢的。;Der Süden erbittet Hilfe im Konflikt mit dem Westen. Entsenden wir Soldaten als neutrale Beobachter? Sie zahlen.;Юг просит нас о помощи в их конфликте с Западом. Послать армию в качестве непредвзятых наблюдателей? Они платят.;Il Sud chiede aiuto per il conflitto con l'Ovest. Mandiamo l'esercito come osservatore imparziale? Ci pagherebbero.;O sul está pedindo ajuda no conflito com o oeste. Devemos enviar o exército como observadores neutros? Eles pagam.;;;;;;;;;;;;;;;;;;;;;;;;;;;;;;;;;;;;;;;;;;;;;;;;;
887;diplomat;Our soldiers were over zealous. Now we're both at war with the South and the West.;Askerlerimiz aşırı hevesli çıktı. Artık hem Güney, hem de Batıyla savaştayız.;Nos soldats ont fait un peu trop de zèle et nous sommes à présent en guerre contre le Sud et contre l'Ouest.;Nuestros soldados han sido demasiado fervorosos y ahora estamos en guerra tanto con el Este como con el Oeste.;わが軍は勇み足から失態を演じ、+南部と西部、双方と戦争状態に突入しました。;우리의 군사들이 열광하고 있습니다. 이제 왕국은 남쪽 나라와 서쪽 나라, 양 국과와 동시에 전쟁을 하고 있습니다.;我们的士兵太过狂热了。+现在我们同时与南方和西方进入了战争状态。;我們的士兵太過狂熱了。+現在我們同時與南方和西方進入了戰爭狀態。;Unsere Soldaten waren übereifrig. Jetzt befinden wir uns im Krieg mit dem Süden und dem Westen.;Наши солдаты слегка перестарались. Теперь мы в состоянии войны и с Западом, и с Югом.;I nostri soldati hanno peccato di eccesso di zelo. Ora siamo in guerra sia con il Sud che con l'Ovest.;Nossos soldados se exaltaram. Agora nosso reino está em guerra contra o sul e o oeste.;Nice;Güzel;Parfait;Perfecto;そうか;멋지군;真棒;真棒;Nett;Чудно;Non male;Legal;;;;;;;;;;;;;Bring back the army;Orduyu geri çek;Rappelez l'armée;Convocad al ejército;兵を撤退させよ;부대를 철수하라;带回军队;帶回軍隊;Bringt die Armee zurück;Отведите войска;Fate rientrare l'esercito;Trazer o exército de volta;;;;;;;;;;;;;