thematic;card;id;bearer;reigning;conditions;lockturn;weight;question;power;faith;people;money;load;override_yes;answer_yes;yes;override_no;answer_no;no
start;first_card;1;throne;;dynasty=0;del;max;<i>Daenerys Stormborn of the House Targaryen, Mother of Dragons, the Iron Throne is yours.</i>;;;;;add_maester and maester>grand_maester;<i>Sit down</i>;;> and >>>_end_first;<i>Turn away</i>;;>_29 and >>>_end_first
start;_;28;hand;;;del;;I wouldn't do that, it's horribly prickly. If you fancy something less adventurous, the small council is starting...;;;;;;;Then you must allow me... <i>He leads you to the Tower of the Hand.</i>;>3;I need to see Drogon;;>_13
start;_;29;hand;;;del;;I spend half my days as Hand watching you pace around the throne, as if you fear it. Shall we try the small council instead?;;;;;;;Then you must allow me... <i>He leads you to the Tower of the Hand.</i>;>;I need to see Drogon;;>_13
start;;3;grand_maester;;;del;max;Welcome, Your Grace, to the first council of your reign. We are here to advise you, should you need us.;;;;;;Any news from the North?;;>;How tedious...;;>
start;_show_money;4;coins;;;del;;Winterfell is asking for more <*money*>. They keep complaining about their losses during the War of the Five Kings.;;;;-3;;For good reason;;>;We can't help them;;>
start;_show_people;5;hand;;;del;;Lady Sansa is loved by the <*people*>. A strong alliance with the North will benefit us.;;;3;;;You are right;;>;I doubt it;;>
start;_show_faith;6;septon;;;del;;Help us spread the <*faith*> of the Seven and we will make sure this alliance is well received.;;3;;;;Your help is appreciated;;>;I will consider it;;>
start;_show_power;7;spider;;;del;;I humbly advise you never to give any of your <*power*> to priests. They will turn it against you eventually.;3;;;;;Indeed...;;>;But they're useful...;;>
start;_;39;septon;;;del;;I heard that. My love for the Crown is as pure as the Maiden!;;;;;;I belie--;<i>A Gold Cloak storms into the small council room...</i>;>;You shou--;<i>A Gold Cloak storms into the small council room...</i>;>
start;_;40;goldcloak>helmet;;;del;;Forgive the interruption, Your Grace, but a mob is gathering outside the Keep!;;;;;;Disperse them;;>_squashbugs;What do they want?;;>
start;_;41;tyrion;;;del;;Shall we step outside and ask them? Let's adjourn the small council.;;;;;;;<i>You go to the gates to meet the crowd.</i>;>_meetpoor and set_kingslanding;No, send the Gold Cloaks;;>
start;_squashbugs;42;tyrion;;;del;;If you try to exterminate ants with wildfire, you might burn the castle down around you.;;;;;;You're right;<i>You go to the gates to meet the crowd.</i>;>_meetpoor and set_kingslanding;I insist;;
start;_meetpoor;43;crowd;;;del;;PRAISE DAENERYS! PRAISE DAENERYS ON HER NAME DAY!;-1;;1;;;<i>Wave and smile</i>;;>;<i>Calm the mob</i>;;>
start;_;44;tyrion;;;del;;If we must have a mob at our gates, I suppose this is the best sort. Happy Nameday, Daenerys Stormborn.;;;;;;Thank you;;;Don't be foolish;;
death;_end_first;1478;maester;daenerys;;del;max;My Queen! Forgive the sudden interruption, but we've received two urgent ravens. One is from the Wall, the other from Meereen!;;;;;;The Wall? Jon!;;> and wall;Meereen?;;> and !wall
death;_;1479;hand;daenerys;;;;Having read the messages, I must implore you to calm your dragon blood, not to act in haste...;;;;;add_raven;Let me read them;;>_message1;Silence!;;>_message1
death;_message1;1480;raven;daenerys;wall;del;max;<i>Jon Snow is missing beyond the Wall with half of our rangers. We have seen the Dead. Send help. -- Samwell Tarly</i>;;;;;!wall;I need to go;;>_message1;The fool;;>_message1
death;_message1;1481;raven;daenerys;!wall;del;max;<i>My Queen, Meereen has fallen. Traitors pound on the door as I write this. Will show them my finest hospitality. -- Daario Naharis</i>;;;;;wall;Meereen!;;>_message1;The fool;;>_message1
death;_message1;1482;drogon>open&yes;;;;10;<i>You steal through the darkness along a narrow passageway beneath the black cells.</i>;;;;;;DRACARYS!;<i>Something stirs inside Drogon! At your urgent command, he breaths a column of flame, destroying his chains.</i>;> and wakeupdrogon;Drogon!;<i>The dragon doesn't wake up.</i>;>_message1
death;_;1483;hand;;;;;No, stay! Please stay! Oh, you mad Dragon Queen, will you not heed my advice? If anything were to happen to you...;;;;;;I will be back;;>;I don't have a choice;;>
death;_;1484;hand;;;;;At least tell me, where are you going?;-8-7;;8-7;;;To the Wall;;>;To Meereen;;>
death;_;62;end>daenerys;;;;;<i>The Mother of Dragons never returned to King's Landing.</i>;;;;;;;;;;;
start;;1126;daenerys;jon;!jon_super and !has_daenerys;400;50+500;The crown suits you.;-1;;;;;It is yours if you want it;;>;Where have you been?;;>_1128
start;_;1127;daenerys;jon;;;;It was your destiny. I have an empire to build in Essos, an empire of free cities allied with the Dothraki.;;;;;;I need you;;>_1129;Then go;<i>Without any more word spoken between you, Daenerys leaves King's Landing that night.</i>;del_daenerys
start;_;1128;daenerys;jon;;;;Meereen needs me. I have an empire to build in Essos, an empire of free cities allied with the Dothraki.;;;;;;I need you;;>_1129;Then go;<i>Without any more word spoken between you, Daenerys leaves King's Landing that night.</i>;del_daenerys
start;_;1129;daenerys;jon;;;;No, you don't. You are the legitimate heir. You lead armies that would die for you. You are the only future for Westeros.;;;1;;jon_super;I need you, Daenerys;;>;But...;;>
start;_;1130;daenerys;jon;;;;You have my love, but you don't have my responsibilities. I will help you as much as I can.;1;;;;;Farewell then;<i>Without any more words spoken between you, Daenerys leaves King's Landing that night.</i>;del_daenerys;Don't leave ;<i>Without any more words spoken between you, Daenerys leaves King's Landing that night.</i>;del_daenerys
start;;1523;hand;jon;jon_super;400;40+50;If you marry Daenerys, your dynasty could become the most powerful in the history of the Seven Kingdoms and beyond!;-2+1;1;1;;;I plan to ask her;;>>;I can't;;
start;;1525;drogon>open;jon;!has_drogon;400;100+100;<i>Drogon lands on the Tower of the Hand in a whirlwind of dust and fire. He looks at you snarling angrily.</i>;;;;;add_daenerys;Drogon!;;>;Hum... Daenerys?;;>
start;_;1524;daenerys;jon;;;;Is it true what I've heard? That you want to marry me? I promised myself I'd never again belong to any man.;;-1;-1;;;To unite the world!;But we are allies already. <i>Daenerys shakes her head.</i> You don't know anything, do you? ;;Because I love you;<i>She gives a rare, pure smile.</i> Then I will accept, but only after we win our final war against the dead.;marrydaenerys
;;1526;daenerys;jon;marrydaenerys and summer;400;10000;Jon, my love, we've managed to survive winter. Today we will wed in front of the people of Westeros.;pos;pos;pos;pos;;;;>;I can't;;
;_;1527;maester;jon;;;;We shall organise the most dazzling wedding ever seen. Should we have a tourney as well?;1;-1;1;-2;;;;>>>_startturney;I want a simple day;;
start;entryrecruit;535;jon;daenerys;!has_jon and dynasty>0;del;20+300;Daenerys! I came directly from Winterfell. The situation in the North is dire and requires your urgent attention.;-1;;1-1;;;What happened?;;>_537;Don't call me that;;>
start;_;536;jon;;;;;I... My apologies, Your Majesty.;;;1-1;;;Please proceed;;>;Don't forget who I am;;>
start;_;537;jon;;;;;The Night's Watch spotted wights beyond the Wall. The north is in turmoil despite Sansa's efforts.;;;-1;;;I'm busy here;;>;What do you suggest?;;>
start;_;538;jon;;;;;Chasing Cersei from the Iron Throne was an unnecessary distraction. We need your support.;1;;;;;Is that all?;<i>Jon takes you aside. He grasps your hand. He's pale and shaking.</i>;>;You're unfair;<i>Jon takes you aside. He grasps your hand. He's pale and shaking.</i>;>
start;_;547;jon;;;;;In Winterfell, Bran told me troubling things about my birth. He says we're related. He says you're aware... Does it mean...;;-1;;;;We need to be discreet;;>;I loved you;;>_549
start;_;548;jon;;;;;<i>Smiling.</i> We will. I have to go back to Winterfell now. Be safe.;;;;;jonheir_keep;I will miss you;;del_jon;No, wait...;;>_1024
start;_;549;jon;;;;;Loved? I... I understand... Farewell My Queen.;;;;;jonheir_keep;Ride well;;del_jon;No, wait...;;>_1024
start;_;1024;jon;;;;;What is it, My Queen?;;;;;;You're the heir;;>;When will I see you again?;<i>Jon's comforting answer is sweet but you don't believe a word of it. You smile and spend one last night with him.</i>;
start;_;1025;jon;;;;;The Iron Throne is the last thing I desire. Support the North in the war to come. That's all I'm asking of you.;;;;;;I will;;del_jon;Be safe;;del_jon
start;;67;anyone;;;;;Nothing happened, absolutely nothing.;;;;;;Are you certain?;;;I like that;;
start;;269;throne;daenerys;dynasty>0;del;max;Welcome home, Mother of Dragons.;1;;;;;<i>Sit down</i>;<i>You have the strange and unsettling feeling this very moment has already happened... many times. Someone is approaching.</i>;;<i>Run away</i>;<i>You can't run. Someone is coming. You have the strange and unsettling feeling this very moment has already happened... many times.</i>;
start;;270;throne;daenerys;age=0 and dynasty>0;reign;400;Welcome home, Mother of Dragons.;1;;;;;<i>Sit down</i>;<i>You have the strange and unsettling feeling this very moment has already happened... many times. Someone is approaching.</i>;;<i>Run away</i>;<i>You can't run. Someone is coming. You have the strange and unsettling feeling this very moment has already happened... many times.</i>;
start;;296;jaime;tyrion;;del;max;Why did you ask me to be your Hand? You know I don't have one to spare. Is this a joke?;;1;;;;I wouldn't dare;;>;A good one, though;;>
start;_;297;jaime;tyrion;;;;Your wit will get you killed someday, you know that?;;;;;;I need you, Jaime;;>;I'm well aware;;>
start;_;299;jaime;tyrion;;;;The Dothraki Queen made a mistake leaving you in charge. The people want you dead. I cannot forgive you, but I will not let you die.;;;;;;Thank you;;>;I know;;>
start;;298;jaime;tyrion;;600;200;Two brothers to defend the Kingdom, a cripple and an imp, a kingslayer and a kinslayer. Will bards write songs about us?;;;-1;1;;An improvement on the current ones;;;That's why I pay them;;
start;;69;hand;sansa;;del;max;How ironic. Sansa Stark back in King's Landing, but now sitting on the Iron Throne. My dear sister would have hated that.;;1;;;;Where is she?;;>;How did you talk me into this again?;;>_127
start;_;126;hand;sansa;;;;No one knows. Jaime probably had something to do with it, but he too has disappeared.;;;;;;I see;;>;I'm not ready;;>
start;_;127;hand;sansa;;;;The Kingdom needs you, Sansa. The fact Winterfell is still standing is the best proof of your abilities as ruler.;;;;;;Thank you;;;Let's do this;;
start;;70;hand;cersei;;del;max;My Queen, your filthy brother escaped King's Landing with Daenerys and a few Starks. No one expected your return.;1-2;;-1;-2;;Send men after them;;;Let them be;;
;;982;dungeon;arya;;del;max;<i>This is the moment. The Red Keep is sleeping. You stand up and strap Needle to your back.</i>;;;;;;<i>Go left</i>;;>;<i>Go right</i>;;>
;_;983;dungeon;arya;;;;<i>The silence is deafening.</i>;;;;;;<i>Go left</i>;;>;<i>Go right</i>;;>
;_;984;dungeon>stairs;arya;;;;<i>This is it. You can almost hear her breathing.</i>;;;;;;<i>Go up the stairs</i>;;>;<i>Go back</i>;;>_end_keep
start;_;335;cersei;arya;;;;Who are you? What are you doing in my room?;;;;;;You're on my list;<i>You slit the Queen's throat in one effortless motion. The following work is gruesome and tedious, but in the morning you impersonate Cersei perfectly.</i>;kill_cersei and newqueen;I am Arya Stark...;;>_end_arya
start;;336;cersei;arya;;400;max;Arya? The little Lady Arya? But you're dead and forgotten, my dear child.;;;;;;You're on my list;<i>You slit the Queen's throat in one effortless momentum. The following work is gruesome and tedious, but in the morning you impersonate Cersei perfectly.</i>;kill_cersei and newqueen;Maybe I am...;;>_end_arya
start;;337;cersei;arya;;reign;max;I don't fear ghosts. I make them.;;;;;;You're on my list;<i>You slit the Queen's throat in one effortless momentum. The following work is gruesome and tedious, but in the morning you impersonate Cersei perfectly.</i>;kill_cersei and newqueen;I will not kill you...;;>_end_arya
start;_end_arya;338;end>strangled;arya;;;;<i>Distracted by Cersei, you feel too late the impossibly strong hands of the Mountain around your neck.</i>;;;;;;;;;;;
start;;1124;hand;arya;!arya_super;reign;150+30;I heard the strangest of rumors. A septon preaching in Braavos recruiting faceless men to hunt red priests in Westeros.;;-1;;;;Valar dohaeris;;arya_super and >;Interesting;;
;_;1125;hand;;;;;Pardon me?;-1;;1;;;I said more wine!;;>>>morewine;Nothing;;
start;_;13;drogon;daenerys;;;;<i>Drogon lies curled in the dragon pit. The fight with his brother Viserion has left him in a still, deep sleep.</i>;;;;;;Drogon?;<i>He does not stir, not even for you.</i>;;<i>Leave quietly</i>;;
start;;167;sam;jon;has_sam!hand and has_sam!coins;500;11000;Jon! I came as soon as I heard. You're the King now?;2-1;;;;;;;>;I wish I wasn't;;>
start;_;168;sam;jon;;;;<i>He darkens...</i> I heard the news from the North. So many dead.;1;;-2;0-2;;We will fight;;>;We will defend ourselves;;>
start;_;169;sam;jon;;;;If anyone can do it, it's you, Jon. How can I be of service?;1-1;;;-1+1;;Be my Hand;;sam>hand;Just stay around;;
start;;1503;sam;jon;;500;800-100;If I knew a truth that might undo all you believed of yourself, would you want me to tell you?;;-1;2;1;;Of course;;>;Best not;;
start;_;1504;sam;jon;;;;Eddard Stark was not your father. Your parents were Lyanna Stark and Rhaegar Targaryen, who were married before your birth.;;;;;;How?;;>;Impossible;;>
start;_;1505;sam;jon;;;;The records prove it. Ned Stark sacrificed his own honor to protect you, and now your birthright will help you keep the throne!;;;;;jonheir_keep;I finally understand;;;I reject these lies;;
start;endready;451;kingsguard;!lannister;seen_227 and !has_jaime;reign;100+80;Your Highness, an urgent raven from our scouts! Jaime Lannister has been spotted on the Kingsroad. Should we capture him?;;;-1;;;;<i>A few days later, Jaime is brought to the capital and sent to the dungeons.</i>;>;;;
start;_;452;soldier;;;;;Your Highness, we must do something about our Lannister prisoner. His health is declining.;;1;;;;Show me the way;<i>You visit Jaime in his cell.</i>;> and add_jaime and set_dungeon;Let him rot;;
start;_;453;jaime;;;;;Welcome to my own little kingdom, Your Grace. Though I'm afraid its filth might offend your regal nostrils.;;;-1;;;It's ghastly;;>;How are you?;;>
start;_;454;jaime;;;;;Apart from the beatings and the threats to cut off my remaining hand, of I've been enjoying your hospitality immeasurably.;-1;;;;;I need your help;;>;I can help you;;>
start;_lophead;455;jaime;;;;;Just lop my head off now. I will never be your puppet.;;1;1;;;Please hear me out...;<i>You explain that with Cersei gone, Jaime holds the power to unify the Kingdom behind your rule. All it would take is...</i>;>_offerjaime;If you wish;;kill_jaime
start;_offerjaime;456;jaime;male;;;100;Me, Hand of the King? Ha ha, what an active imagination you have. And I'm sure your current Hand is just thrilled about all this.;-2;;;;;<hand>?;;>;The decision is mine;;>_458
start;_;457;hand;;;;;Truth be told, Your Grace, this office ill suits me. I would be happy to step aside, for the good of the realm.;0+1;;;;;Thank you;;>;Good;;>
start;_;458;jaime;;;;;If I agree to be your Hand, you must give Casterly Rock back to me.;-1;;2;-1-2;;;;> and jaime>hand;;;>_jaimebest
start;_;459;jaime;;;;;Very well, Your Grace. I look forward to our new professional relationship.;1;;1;;;Leave;;;Join me for lunch;;
start;_offerjaime;460;jaime;female;;;100;Marriage? You want to marry me? <i>Laughing.</i> Did you hit your head on that Iron Throne?;1;;;;;I have my reasons;;>_jaimeoath;Forget it;;>_jaimebest
start;_offerjaime;461;jaime;sansa;;;max;Marriage? You want to marry me? <i>Laughing.</i> Last I checked, you were married to my brother.;2;;;;;I'm a widow;;>_jaimeoath;Forget it;;>_jaimebest
start;_jaimebest;462;jaime;;;;;Now, please release me. You have my word that I will vanish from the world. None shall hear from me again.;-1+2;;2;;;Go;;;I'm sorry...;;kill_jaime
start;_jaimeoath;463;jaime;;;;;Impossible. You seem to forget I renounced wedlock when I joined the Kingsguard.;;-2;1;;;I revoke your oath;;>;A kingslayer with honor...;;>_jaimebest
start;_;464;jaime;;;;;Do I even have a choice in this?;1;;;;;;;>;;<i>Jaime jumps on the Queensguard on your left. He manages to kill two guards before being overwhelmed.</i>;del_jaime
start;_;465;jaime;;;;;And you? I've heard what you have been through. Is this your wish?;pos;pos;pos;pos;;No, it's my choice;;>_jaimechoice1;No, it's my duty;;>_jaimechoice2
start;_jaimechoice1;466;jaime;;;;;Then I accept.;pos;pos;pos;pos;;Take my hand;;love_jaime and lannister>!antagonist;I changed my mind;;
start;_jaimechoice2;467;jaime;;;;;Then I must decline. I'm tired of this game.;;1;2;1;;I understand;;;You will regret this;;
;;1379;hand;sansa;love_jaime and war>0 and !one_super;50;6000;Your wedding to Jaime will not be possible until we're at peace with all our enemies. Do you wish to attend the small council?;2-1;;1;;;;;>_council_choice;;;
;;1256;hand;sansa;love_jaime and war=0 and !one_super;20;100+5000;Now we're at peace, your wedding with Jaime is a unique opportunity to bring the Seven Kingdoms together.;;2;;;;Let's go over it;;>;Remind me later;;
;_;1257;septon;;;;;We will have a grand ceremony in front of the Seven!;;2+2;;;;;<i>Your decision to marry in front of the Seven was not well received by the Northmen and the Iron Islanders, which further delayed the wedding.</i>;>>516;Not just the Seven;;>
;_;1258;septon;;;;;Pardon me? You want to marry in front of all the gods of Westeros? Blasphemy!;2-1;-2;2-1;1;add_greyjoy;;;>;;;>>516
;_;1259;greyjoy;;;;;Really, all the gods of the Seven Kingdoms? Even the Drowned God?;1;-1;;;;;<i>The High Septon tries his best to change your mind, but your resolve doesn't falter.</i>;add_arya and greyjoy>!antagonist and >;;;>>516
;_;1260;arya;;;;;You did get the shiny Knight of your girlish dreams. A one-handed Lannister traitor, but shiny nonetheless.;;;;;add_martell;Will you do what I asked?;;>;He is different;;>
;_;1261;arya;;;;;He will not be hurt, I promise you. I will be his shadow.;;;;;;Thank you;;>;;;>>
;_;1262;martell_female;;;;;Why should Dorne attend this farce of a wedding? A Lannister funeral, though...;1;;;;unsullied>!antagonist and dothraki>!antagonist;Come closer...;<i>You explain to <martell_female> that this alliance will give you control over the West. The lions will turn to lambs.</i>;martell>!antagonist and >;Enough!;;>534
;_;1264;hand;;;;;Your wedding is tomorrow! A special guest is here to see you.;;;;;add_daenerys;;;>;Who?;;>
;_;1265;daenerys;;;;;Look at you, a true Queen. You did so much more with words than I could have with my armies and my dragons.;;;;;;Why did you leave?;;>;The throne is still yours;;>_1363
;_;1266;daenerys;;;;;Everything changed, dear Sansa. My support for you, though, remains unwavering. Should you need me, I will do all I can.;;;;;one_super;Thank you;;>>>>>>>>_185;Don't leave!;;>>>>>>>>_185
;_;1363;daenerys;;;;;That crown weighs too heavily on me. Like my father before me, I was consumed by it. At last, I too am ready to be free.;;;;;;I understand;;>_1266;I won't make the same errors;;>_1266
;;1751;hand;;war=0 and dynasty>2;600;1000;We can confidently say that the War of the Five Kings is over! We're at peace!;;1;1;1;;Finally!;;;It won't last;;
start;;651;tyrion;daenerys;age>2;del;800;Your first steps as the ruler of Westeros have been hesitant, but I will help you, My Queen.;-1;;1;;;I'm afraid of this city;;>;;;>
start;_;652;tyrion;;;;;King's Landing is a trap, a city of shifting sands that will never let you go.;;;1;-1;;Thank you;<i>After Tyrion leaves the room, you're surprised by a presence right behind your back.</i>;>;Not very useful;<i>After Tyrion leaves the room, you're surprised by a presence right behind your back.</i>;>
start;_;653;varys;;;;;Tyrion is one of the few who deserves to be called a good man.;;;;;;He's a friend;;>;He's conniving;;>
start;_;654;varys;;;;;That's exactly why he would have made a good King.;;-1;-1;1;;;;;;;
walkers;;1178;banker;;horn_super;400;200+50;We know you stole the Horn of Winter from our vaults. This is your one and only chance to return it.;;;;1+1;;;;!horn_super;;;noironbank
walkers;_end_walkers;1771;tyrion;;riders_super and !rhaegalready;reign;max;Rhaegal is ready to attack the Army of the Dead, my Queen. I suggest you target the White Walkers directly.;pos;pos;pos;pos;;;;>_1773;;;>_fullend_walkers
walkers;_end_walkers;1772;sansa;;riders_super and rhaegalready;reign;max;Rhaegal is ready to attack the Army of the Dead, my Queen. I suggest you target the White Walkers directly.;pos;pos;pos;pos;;;;>_1773;;;>_fullend_walkers
walkers;_;1773;military;;;;;The Walkers are dust and ash! They've stopped!! We've survived winter!;;;1;-1;!winter and summer;Let's rejoice;;set_hills;We have much to rebuild;;set_hills
walkers;_end_walkers;1563;crowd;;lightbringer_super;reign;max;<i>The cold wind of winter is running through the shivering armies of Westeros gathered in front of you.</i>;0+1;;;;power=50 and add_varys;Westeros!;;>;My brothers!;;>
walkers;_;1564;crowd;;;;;<i>You carry on.</i> I am a cripple, a traitor, a failure, a monster some would say. I've loved and killed. I am a man.;-1;;;;;I am a King!;;>;You are men too;;>
walkers;_;1565;crowd;;;;;Look at you. Look at your imperfections, your greed and your brutality. No one can excuse that. And yet today...;2;;;;;... you are heroes;;>;... you are nice;;>
walkers;_;1566;crowd;;;;;Today you fight for the beauty of the dawn, for the love of your children, for your brothers, for the stranger, for...;-1;;;;;... your life!!;<i>You brandish your sword over your head.</i>;>;... Westeros!!;<i>You brandish your sword over your head.</i>;>
walkers;_;1567;varys;;;;;Your speech was incredibly moving, but I think you could have skipped it and just shown them the shiny sword.;;;;;;Well...;;>_resulttalkww;Really?;;>_resulttalkww
walkers;_end_walkers;1267;crowd;;one_super;reign;max;<i>Two hundred thousand fighters from every corner of Westeros are gathered in front of you. Yet you do not hear a sound.</i>;2;;;;power=50;Westeros...;;>;My people...;;>
walkers;_;1268;crowd;;;;;<i>You carry on after a pause...</i> Today we let go of our petty squabbles to face the horrors of winter. Today we...;-1;;;;;die!;;>;fight!;;>
walkers;_;1269;crowd;;;;;I want to see Lannisters and the West...;-1;;;;;scream!;;>;roar!;;>
walkers;_;1270;crowd;;;;;I want to see Martells and Dorne...;1;;;;;strike!;;>;attack!;;>
walkers;_;1271;crowd;;;;;I want to see the Iron Islanders...;1;;;;;reave!;;>;shoot!;;>
walkers;_;1272;crowd;;;;;I want to see my beloved Northmen...;-1;;;;dragonww;fight!;;>_resulttalkone;bite!;;>_resulttalkone
walkers;_resulttalkone;1273;crowd;;;;10;Take your positions! Attack the army of the dead! <i>The crowd cheers half-heartedly.</i>;;;;;speech;...;;>_startbatww and set_battle_before;...;;>_startbatww and set_battle_before
walkers;_resulttalkone;1274;crowd;;power>50;;max;Take your positions, use fire and be merciless. Today we are the hunters! <i>The crowd cheers enthusiastically.</i>;;;;;speech;...;;>_startbatww and set_battle_before;...;;>_startbatww and set_battle_before
walkers;_end_walkers;1380;crowd;;alliance_super;reign;max;<i>The joint armies of the North and the South are sprawled before you. The men are waiting for you to talk.</i>;0+1;;;;power=40;Every storm passes...;;>;Every war ends...;;>
walkers;_;1381;crowd;;;;;<i>You carry on...</i> Every tyranny fades away eventually, every Queen or King. Tonight you're not fighting for me.;1;;;;;You fight for Westeros;;>;You fight for yourself;;>
walkers;_;1382;crowd;;;;;You're fighting for something that will stay and grow. You're fighting for life itself.;;;;;add_jon;You...;;>;We...;;>
walkers;_;1383;jon;;;;;You're fighting for mankind! <i>Loud cheers.</i>;1;;;;add_daenerys;<i>Kiss Jon</i>;;>;It's my speech;;>
walkers;_;1384;daenerys;;;;;Join us in the battle to come! <i>Even louder cheers.</i>;1;;;;dragonww;<i>Kiss Daenerys</i>;;>_resulttalkww;Really?;;>_resulttalkww
walkers;_end_walkers;1179;military;;dragonglass_super;reign;max;The hundred thousand men under your command are armed with dragonglass daggers and arrowheads.;;;;;;Good;;>;And?;;>
walkers;_;1180;hand;;;;;The odds are still against us, but these weapons are giving hope to our men.;;;;;;Let me talk to them...;;>;Let's do this;;>_fullend_walkers
walkers;_;1181;crowd;;;;;<i>The core of your army stands before you.</i>;1;;;;nb_goodtalk and power=50;Are you lambs?;;>;Are you lions?;<i>Only the Lannisters troops cheered in response to that awkward question.</i>;>
walkers;_;1182;crowd;;;;;<i>You carry on...</i> Show me your fangs, Westerosi beasts! <i>They brandish their weapons.</i> Tonight we fight with...;1;;;;;fire;;>;steel;<i>Of course steel is pretty useless against the wights and White Walkers.</i>;>
walkers;_;1183;crowd;;;;;And...;-1;;;;;iron;<i>Although that won't make much of a difference against the army of the dead.</i>;>;dragonglass;;>
walkers;_;1184;crowd;;;;;Today we fight with our guts, with our teeth... fueled by the love of our children and our friends, with honor and...;-1;;;;;bravery!;<i>A few Knights started a prayer.</i>;>_resulttalkww;savagery!;;>_resulttalkww
walkers;_resulttalkww;1185;crowd;;;;10;<i>The crowd cheers half-heartedly. The men slowly turn towards the army of the dead that spreads as far as the eye can see.</i>;;;;;speech;...;;>_startbatww and set_battle_before;...;;>_startbatww and set_battle_before
walkers;_resulttalkww;1186;crowd;;power>50;;max;<i>The crowd cheers enthusiastically. The men slowly turn towards the army of the dead that spreads as far as the eye can see.</i>;;;;;speech;...;;>_startbatww and set_battle_before;...;;>_startbatww and set_battle_before
walkers;_end_walkers;1188;hand;;horn_super;reign;max;The White Walkers are approaching our first line of defense. What are your orders?;pos;pos;pos;pos;;Blow the horn!;;>;Retreat;;>_fullend_walkers
walkers;_;1189;walker;;;;;<i>As the Horn of Winter blares, the land of Westeros trembles and splits, and a hundred metallic giants rise from the earth!</i>;;;;;;...;;> and kill_walker;...;;> and kill_walker
walkers;_;1190;hand;;;;;The White Walkers are buried by the earth giants! We have won the war!;;;1;-1;!winter and summer;Let's rejoice;;set_kingslanding;We have much to rebuild;;set_kingslanding
walkers;_end_walkers;1191;military;;valyrian_super;reign;max;We have sighted the army of the dead at the Trident. We're ready as we can be.;pos;pos;pos;pos;;Attack!;;>;Are you sure?;;>_fullend_walkers
walkers;_;1192;walker;;;;;<i>Armed with Valyrian steel, your armies cut deeply through the ranks of the dead, isolating the White Walkers.</i>;;;;;;...;;> and kill_walker;...;;> and kill_walker
walkers;_;1193;military;;;;;We killed the Walkers! We've survived winter!;;;1;-1;!winter and summer;Let's rejoice;;set_hills;We have much to rebuild;;set_hills
walkers;_end_walkers;1194;&pyromancer;;trap_super;reign;max;The army of the dead is going over the Gods Eye icecap as we speak. It's time to trigger the trap!;pos;pos;pos;pos;;FIRE!;<i>On your command, companies scurry around the lake igniting the wildfire, creating an inferno.</i>;> and set_godseye;I have doubts;;>_fullend_walkers
walkers;_;1196;military;;;;;We did it! The White Walkers are reduced to cinders. Their whole army is gone.;;;1;-1;!winter and summer and set_kingslanding;Let's rejoice;;set_kingslanding;We have much to rebuild;;set_kingslanding
walkers;_end_walkers;1197;military;;machines_super;reign;max;All is ready Your Grace. Just give the order.;pos;pos;pos;pos;;FIRE!;;> and add_walker;We're not ready;;>_fullend_walkers
walkers;_;1198;walker;;;;;<i>Thousands of war machines start raining green fire on the army of the dead.</i>;;;;;;...;;> and kill_walker;...;;> and kill_walker
walkers;_;1199;military;;;;;This is a complete victory, Your Grace! The wights took fire like dry leaves.;1+1;;-1+1;;!winter and summer;March on Winterfell;;>>_wintercourt;Regroup in the Capital;;set_kingslanding
;_end_walkers;1487;kingsguard;cersei;;10;10000;I am well and truly cursed, dying in the service of one such as you.;;;;;;Guards!;<i>No one comes. <kingsguard> falls upon his own sword, just as the doors to your throne room begin to crackle with frost.</i>;>;Stand and face them!;<i><kingsguard> falls upon his own sword, just as the doors to your throne room begin to crackle with frost.</i>;>
;_;1488;walker;cersei;;;;<i>The vanguard of the Night King is before you. Paralyzed by fear or magic, you cannot raise the vial of poison to your lips.</i>;0-9;0-9;0-9;0-9;;What...;;> and set_eternity;What...;;> and set_eternity
;_;1489;end>walker;cersei;;;;<i>The cold shock tears your breath away. You will ride with the kings of winter for eternity. At least you keep your crown.</i>;;;;;;;;;;;
walkers;_end_walkers;754;walker;;;;1;<i>You feel a hand as cold as death against your heart. And then the beating stops.</i>;0-9;0-9;0-9;0-9;;What...;;> and set_eternity and !winter;What...;;> and set_eternity and !winter
walkers;_fullend_walkers;755;end>walker;;;;;<i>You will still be here in a thousand years, a wretched wight with a crown, drooling on a rusty throne.</i>;;;;;;;;;;;
walkers;;1200;&maester;;summer;400;max;The long winter is at last at an end! It is time to rejoice, Your Majesty!;0+1;0+1;0+1;0+1;;Wine!;;>>>morewine;;;
walkers;_startbatww;1275;military;;;;;The men are in position. We have spotted the Night King and his three generals. Will you lead the battle?;2-1;;;;;;;>_batww_events and inc_battle;;;>_batww_results
battle;_batww_events;1280;crowd;;;reign;0;<i>The battle unravels in front of you. From every direction, fire and fury are spreading.</i>;;;;;set_battle_after>2;...;;>_batww_results;...;;>_batww_results
battle;_batww_events;1276;military;;;reign;max;<i>The first Walker is surrounded by scores of undead giants, bears and other monstrous creatures. You give your order.</i>;;;;;>_batww_choice;;;;;;
battle;_batww_choice;1281;archer>helmet;;>;10;10;Archers$<i>You shoot a barrage of flaming arrows. The monstrous wights surrounding the Walker generals catch fire easily.</i>;1;;;;power++;Press on!;;>_batww_events;Retreat;;>_batww_events
battle;_batww_choice;1282;archer>helmet;;<;10;10;Archers$<i>You shoot a barrage of flaming arrows, but you're too late.</i>;-1-2;;;;power---;Press on!;;>_batww_events;Retreat;;>_batww_events
battle;_batww_events;1296;&hand;;;reign;1000000;<i>Another Walker is coming at you, wave after wave of wights behind him.</i>;;;;;>_batww_choice;;;;;;
battle;_batww_choice;1297;soldier;;>;10;10;Infantry$<i>Your soldiers fight the wights head to head. Many die that day.</i>;0+1;;;;power---;Press on!;;>_batww_events;Retreat;;>_batww_events
battle;_batww_choice;1284;soldier;;<;10;10;Infantry$<i>Your soldiers are butchered by the army of the dead, which they then join a few moments later.</i>;-3-2;;;;power----;Press on!;;>_batww_events;Retreat;;>_batww_events
battle;_batww_events;1278;&hand;;;reign;1000000;<i>The Night King is raising your dead soldiers on the left flank of your army.</i>;;;;;>_batww_choice;;;;;;
battle;_batww_choice;1285;kingsguard;;>;10;10;Knights$<i>A company of Knights armed with Valyrian steel manages to repel the Night King before he can raise too many of your own.</i>;1;;;;power+;Press on!;;>_batww_events;Retreat;;>_batww_events
battle;_batww_choice;1286;kingsguard;;<;10;10;Knights$<i>Your Knights fought bravely but they're quickly surrounded by the wights.</i>;-1;;;;power---;Press on!;;>_batww_events;Retreat;;>_batww_events
battle;_batww_events;1279;&maester;;;reign;100;<i>The Night King is riding the blue-eyed Viserion.</i>;;;;;>_batww_choice;;;;;;
battle;_batww_choice;1289;drogon>open1;;dragonww and >;10;10;Drogon$DRACARYS! <i>Daenerys shouts and Drogon soars to counter his dead brother. And prevails.</i>;1;;;;power+++;Press on!;;>_batww_events;Retreat;;>_batww_events
battle;_batww_choice;1290;drogon>open1;;dragonww and <;10;10;Drogon$DRACARYS! <i>Drogon ascends in to the air and destoys half the army of the dead before a giant arrow pierces his heart.</i>;0+1;;;;power-----;Press on!;;>_batww_events;Retreat;;>_batww_events
battle;_batww_choice;1287;scorpion;;!dragonww and >1279;10;10;Scorpion$<i>A bolt arches with precision toward Viserion and strikes! The dragon wight shrieks and falls, a cloud of glass and powdered bone.</i>;2;;;;power++;Press on!;;>_batww_events;Retreat;;>_batww_events
battle;_batww_choice;1288;scorpion;;!dragonww and <;10;10;Scorpion$<i>The scorpion is armed and fired, but Viserion is too far away.</i>;-2;;;;power---;Press on!;;>_batww_events;Retreat;;>_batww_events
walkers;_batww_results;1291;military;;;;10;All is lost! Run Your Majesty, run!;;;;;!inc_battle;What...;;>_fullend_walkers;What...;;>_fullend_walkers
walkers;_batww_results;1187;military;;power>50;;max;Our army has pierced the enemy flank! The Walkers are dead. We are safe!;;;;;!winter and summer and !inc_battle;Let's rejoice;;set_hills and power=30 and faith=30 and money=20 and people=40;We have much to rebuild;;set_hills and power=30 and faith=40 and money=50 and people=20
death;;1101;septa;;faith=0 and cersei_super;;max;Your pride and cruelty are as foul as your blasphemy. Humble yourself before the Seven, rule with faith, and we will spare you.;;4;-1;1;;But will I spare you?;<i>The Septa begins to tremble in the cold surety of your gaze, defiance giving way to fear. You allow her to flee, and the Faith sends a tribute the following day.</i>;;What...;;>_end_shame
death;;194;pious;;faith=0 and storm;;max;Pray with me for the mercy of the Mother. My friend, we will not see the sun again, the horrors of winter are here...;0-9;;0-9;0-9;add_walker;We will fight;;>_end_walkers;;;>_end_walkers
death;;45;pious;;faith=0;;max;The Seven have no use for a ruler like you. Embrace the faith by showing humility, and we may spare you.;;;;;;What...;;>_end_shame;What...;;>_end_shame
death;_end_shame;53;end>flea_bottom;;;;100;<i>Your walk of shame ends bloodily in a dark alley of Flea Bottom.</i>;;;;;;;;;;;
death;;1102;noble;;faith=100 and arya_super;;max;The Faith of the Seven is as strong as ever and they want you gone. The septons hired an assassin. Me. Valar morghulis.;;-4;;-1;;Valar dohaeris;<i>The assassin ceases his attack instantly then nods nonchalantly.</i> All men must serve. Septons will change their minds. A man gives a promise.;;What...;;>_end_heart
death;;1145;pious;;faith=100 and storm;;max;Pray with me for the justice of the Father. My friend, we will not see the sun again, the horrors of winter are here...;0-9;;0-9;0-9;add_walker;Let's meet them!;;>_end_walkers;What...;;>_end_walkers
death;;46;noble;;faith=100;;max;The Faith of the Seven is as strong as ever, and they want you gone. The Septons hired an assassin. Me. Valar morghulis.;;;;;;What...;;>_end_heart;What...;;>_end_heart
death;_end_heart;54;end>heart;;;;100;<i>The faceless man doesn't seem to move an inch, yet you see your own heart torn from your chest.</i>;;;;;;;;;;;
death;;1103;military;;power=100 and jon_super;;max;Your Grace, it's time for your bath. Your tyranny requires a special kind of cleansing.;-4;;;-1;;<i>Sullen look</i>;<i>The traitor is dragged from your room by a motley crew of smallfolk, wildlings and black brothers. He is allowed no words in defense before he dies.</i>;;What...;;>_end_wildfire
death;;1146;military;;power=100 and storm;;max;The army of the dead is now gathered in the Neck. The North is dead. All is dead.;;0-9;0-9;0-9;add_walker;Retreat!;;>_end_walkers;Never!;;>_end_walkers
death;;47;military;;power=100;;max;Your Grace, it's time for your bath. Your tyranny requires a special kind of cleansing.;;;;;;What...;;>_end_wildfire;What...;;>_end_wildfire
death;_end_wildfire;55;end>wildfire;;;;100;<i>You're thrown into a large cauldron of wildfire. You swallow flames with your final scream.</i>;;;;;;;;;;;
death;;1813;melisandre>fire;daenerys;>55;del;10000;Even Daenerys cannot escape the purifying rage of the green flames.;;;;;;...;;>_ruler_choice;...;;>_ruler_choice
death;;1107;people;;people=100 and daenerys_super;;max;A group of enraged Lords is fomenting a coup! Quick, you need to escape, they are here!;1;-1;-4;;;DRACARYS!;<i>The sight of Drogon above the Red Keep quickly appeases the revolutionary ardor of the rebellious Lords.</i>;;What...;;>_end_pole
death;;1148;noble;;people=100 and storm;;max;I despair to tell you that Winterfell has fallen. We will not survive winter.;0-9;0-9;;0-9;add_walker;We will;;>_end_walkers;Gather the men;;>_end_walkers
death;;51;people;;people=100;;max;A group of enraged Lords is fomenting a coup! Quick, you need to escape, they are here!;;;;;;What...;;>_end_pole;What...;;>_end_pole
death;_end_pole;59;end>pole;;;;100;<i>Tied to a pole and hooded, abhorrent acts are committed upon your person before the mercy of death is granted to you.</i>;;;;;;;;;;;
death;;1104;noble;;power=0 and sansa_super;;max;All power now belongs to your rivals. They've decided to get rid of you. Your trial starts tomorrow.;4;;1;;;Call the banners!;<i>At your call, men from every corner of the vast North rally behind you. Your claim to the throne is stronger than ever.</i> ;;What...;;>_end_grey
death;;193;military;;power=0 and storm;;max;The army of the dead is now gathered in the Neck. The North is lost. All is lost.;;0-9;0-9;0-9;add_walker;Retreat!;;>_end_walkers;Never!;;>_end_walkers
death;;48;noble;;power=0;;max;All power now belongs to your rivals. They've decided to get rid of you. Your trial starts tomorrow.;;;;;;What...;;>_end_grey;What...;;>_end_grey
death;_end_grey;56;end>greyscale;;;;100;<i>You're exiled to Old Valyria. Very soon greyscale turns your skin to stone.</i>;;;;;;;;;;;
death;;1105;anyone;;money=100 and jaime_super;;max;The wealth of the Crown is attracting many greedy eyes. I'm afraid for you, my (King*Queen), a lot of us are.;;;;-4;;Leave me alone;<i>Your bed stays cold and undisturbed that night, like all the nights before.</i>;;What...;;>_end_kiss
death;;1147;&spider;;money=100 and storm;;max;White Harbor has been swept away by the army of the dead. No army can stop them.;0-9;0-9;0-9;;add_walker;Mine will;;>_end_walkers;My horse;;>_end_walkers
death;;49;anyone;;money=100 and dynasty>0;;max;The wealth of the Crown is attracting many greedy eyes. I'm afraid for you, my (King*Queen), a lot of us are.;;;;;;What...;;>_end_kiss;What...;;>_end_kiss
death;_end_kiss;57;end>kiss;;;;100;<i>That night, the kiss of your lover is both sweet and poisonous. Your agony lasts until sunrise.</i>;;;;;;;;;;;
death;;1106;!banker;;money=0 and tyrion_super;;max;An emissary of the Iron Bank is here, the City Watch is now at his command. They know who's paying them...;;-1;;4;;Excellent! Bring him in;<i>You amaze the emissary of the Iron Bank with an ingenious tax scheme on religious pilgrimages. He instantly lends you a new line of credit.</i>;;What...;;>_end_swords
death;;192;&spider;;money=0 and storm;;max;White Harbor has been swept away by the army of the dead. No wall can stop them.;0-9;0-9;0-9;;add_walker;Mine will;;>_end_walkers;My horse;;>_end_walkers
death;;50;!banker;;money=0;;max;An emissary of the Iron Bank is here, the City Watch is now at his command. They know who's paying them...;;;;;;What...;;>_end_swords;What...;;>_end_swords
death;_end_swords;58;end>swords;;;;100;<i>Forty swords are plunged into your body by the Gold Cloaks surrounding you.</i>;;;;;;;;;;;
death;;1108;anyone;;people=0 and gendry_super;;max;An angry mob is breaking through the castle gates as we speak!;-1;;4;-1;;Let me talk to them;<i>The leader of the mob is a tanner you used to buy your work aprons from. You make a joke, share a a pint and vow to help the people.</i>;;What...;;>_end_keep
death;;191;noble;;people=0 and storm;;max;I despair to tell you that Winterfell has fallen. We will all be dead soon.;0-9;0-9;;0-9;add_walker;We will;;>_end_walkers;Gather the men;;>_end_walkers
death;;52;anyone;;people=0;;max;An angry mob is breaking through the castle gates as we speak!;;;;;;What...;;>_end_keep;What...;;>_end_keep
death;_end_keep;60;end>red_keep;;;;100;<i>You escape to the labyrinthine passageways below the Red Keep. Alone and in despair, you never find your way out.</i>;;;;;;;;;;;
recruit;;240;hand;;!has_pyromancer and kingslanding and !seen_241;500;200;We've found a rat lurking in the lower levels of the castle...;1;;;;;Show me;;> and add_pyromancer;Another day;;
recruit;_;241;pyromancer;;;;;Your Grace, Your Majesty, Your Highness, I am <pyromancer>, the proud leader of the Alchemist's Guild.;2+1;-2-1;-1;;;I see;;;Away with you;;del_pyromancer
recruit;cleganeon;1533;goldcloak;arya;!has_clegane;500;180;We caught a peculiar piece of scum brawling in the outskirts of the city. I think he may be someone you know.;;;1;;;Send him in;;add_clegane and >;No, I just want more wine;;
recruit;_;1534;clegane;arya;;;;You may be wearin' Cersei's face, but I'd know your flea-bitten stink anywhere. Got to Braavos in the end, did you?;-1;;;;;What do you want?;;>;You're mad;;>_1535
recruit;_;1814;clegane;arya;;;;Strong ale would be nice.;;;;;;Enough!;;>;;;>
recruit;_;1535;clegane;arya;;;;The Faceless Queen. Sounds like a legend. But it's not time to tell it yet, eh?;;;;;;Why did you come?;Few things to finish here, so I'll be seein' ye. <i>He grunts cryptically, bows and leaves.</i>;>>>>;You'd better not;Don't plan to, <i>he grunts, giving you a serious look.</i> Got some things to finish here, so I'll be seein' ye.;>>>>
recruit;_;1536;clegane;arya;;;;It's done, my brother is dead. Definitely dead. Before you ask, yes it was the right thing to do AND I still enjoyed it.;;;1;;;You're a real hero;;>;Just leave now;;
recruit;_;1537;clegane;arya;;;;Only about as much as you're a real Queen. <i>He scowls.</i> Now if your Majesty will permit, I'll soon ride north.;;;1;;;I will miss you;;;Just leave now;;
recruit;;1538;clegane;arya;;500;200;Still got that list of yours? Got the stomach for killing yet?;1;-1;;;;Oh yes;;;It's over;;
recruit;;1539;clegane;arya;;500;200;So when you did Cersei Lannister in... how'd it feel?;;-1-1;0-1;;;Wonderful;;;I don't feel;;
recruit;;1540;clegane;arya;winter;400;200;Lost my stomach for the smell of human bodies. All that's left for me is to fight the dead. Put me on yer army's vanguard.;2-1;;;;;All right;;;Never;;
recruit;;1541;clegane;sansa;winter and !has_clegane;500;400;I'm riding North with yer brother's army. Don't have much hope, so I... seeing as it's the end of things, I...;;1;-1;;;You will return;<i>The grizzled, inarticulate Hound stares at you for a moment longer, then gives an oddly graceful bow as he leaves.</i>;del_clegane;<i>Kiss him</i>;<i>You gently kiss the burned face of the Hound who once saved you. He leaves without another word.</i>;del_clegane
recruit;;255;&hand;lannister;!has_clegane;500;110;The Mountain, or what was left of him, was discovered in the large hearth of the Kitchen. He roasted alive in his armor.;1;;1;;;Who is responsible?;;> and add_clegane;I needed him;;> and add_clegane
recruit;_;256;clegane;;;;;So, I assume you found my brother? <i>He's bound in chains which doesn't prevent him from spitting in your face.</i>;1+1;;-1-1;;;You're dead;;kill_clegane;Why?;;>
recruit;_;257;clegane;;;;;<i>He ignores you, looks around.</i> Didn't change much here. Still a shithole draped in silk.;1+1;-1-1;;;;You're dead;;kill_clegane;You want to die;;>
recruit;_;258;clegane;;;;;And why wouldn't you kill me? It's not like you would drown in tears of remorse. <i>He laughs.</i>;1;;-1;;;You're free to go;;>>;Bend the knee;<i>He leaves the room, still laughing</i>;>>
recruit;_;1490;maester;cersei;;;;Let me try to restore the spark of life to the Mountain once again. There's just enough left of him in this carcass.;3;-1;-1;-1;;;;mountaindrama;;;
recruit;;1491;maester;cersei;mountaindrama;150;400;Something is amiss with your protector, the Mountain. I must admit him to my private hospital.;1;;-1;;;Fix him!;;>;Unacceptable;;>
recruit;_;1492;maester;cersei;;;;The residue of his old life still clings to him. It's most fascinating... but unpredictable. Allow me to study him, for your safety.;;;;-1-1;;Make it quick;<i>The silent hulk is by your side again before long. He's developing a putrid scent, but you feel vulnerable without him.</i>;>>;No, I need him with me;<i>Your guardian knight does smell slightly putrid. But without him, who would protect you? Or fear you?</i>;>>
recruit;_;1493;maester;cersei;;;;The- The Mountain... He came upon us at the gates, and with no warning, broke Ser Crakehall's neck! My Queen, why?;-1;;;;;I don't know;;>;I ordered it;;>>
recruit;_;1494;maester;cersei;;;;I admit that the arts I have used to keep the Mountain with us are... experimental.;;1;1;;;You've failed;<i>Perhaps you've been a fool to trust the mad ideas of an disgraced maester. But what choice have you had?</i>;;Fix him!;<i><maester> reluctantly returns to his laboratory with the large, declining body.</i>;>>
recruit;_;1495;maester;cersei;;;;Sound the alarm! Protect the Queen! Oh Gods, his is the fury of a soul with no rest! Help, help! I can't control it!;0-9;0-9;0-9;0-9;;What...;;>;What...;;>
deaths;_end_mountain;1496;end>abomination;cersei;;10;10;<i>The great abomination once known as Gregor Clegane clubs you to death, a violent revenge for a forbidden existence.</i>;;;;;;;;;;;
afterdeath;_after_death;1752;melisandre>noeyes_dark;daenerys;;del;max;<i>Drogon seems to dissolve into the horizon. The vision slowly recedes in the flames. The fire is roaring pleasantly.</i>;;;;;;...;;>;...;;>
afterdeath;_;111;melisandre>fire;daenerys;;del;;I... I don't understand... Daenerys is blood of the Dragon. She would not flee.;;;;;;...;;>;...;;>
afterdeath;_;747;melisandre>fire;daenerys;;del;;Lord of Light, I would never doubt Your power. Your design is perfect. Only my understanding is flawed.;;;;;;...;;>;...;;>
afterdeath;_;113;melisandre>fire;daenerys;;del;;If Daenerys is not Azor Ahai reborn then who is? Tyrion Lannister? What a bold idea...;;;;;;...;<i>The fire twists and turns, and the scarred face of King Tyrion emerges from the flames.</i>;>_ruler_choice;...;<i>The fire twists and turns, and the scarred face of King Tyrion emerges from the flames.</i>;>_ruler_choice
afterdeath;_ruler_choice;116;daenerys;;;0;100;<do not translate>;;;;;>force_end;;;nextreign=3;;;
afterdeath;_after_death;1587;melisandre>fire;;seen_547;del;max;Lord Snow is an enigma, half-wolf, half-dragon. Could he be the key to it all?;;;;;;...;<i>The crackling fire sculpts the shape of Jon on the Iron Throne. His hand rests on the pommel of Longclaw.</i>;>_ruler_choice;...;<i>The crackling fire sculpts the shape of Jon on the Iron Throne. His hand rests on the pommel of Longclaw.</i>;>_ruler_choice
afterdeath;_ruler_choice;119;jon;;seen_547;0;lock;<do not translate>;;;;;>force_end;;;nextreign=4;;;
afterdeath;_after_death;1588;melisandre>fire;;seen_274;del;max;The Mad Queen is consumed by the black demon of bitterness. And yet she stands, proud and unforgiving.;;;;;;...;<i>The figure of Queen Cersei rises from the flames, a sadness edging the hard arrogance of her features. </i>;>_ruler_choice;...;<i>The figure of Queen Cersei rises from the flames, a sadness edging the hard arrogance of her features. </i>;>_ruler_choice
afterdeath;_ruler_choice;117;cersei>helmet;;seen_274;0;lock;<do not translate>;;;;;>force_end;;;nextreign=1;;;
afterdeath;_after_death;765;melisandre>fire;;seen_752;del;max;It seems the fragile dove of the North is growing sharp fangs.;;;;;;...;;>;...;;>
afterdeath;_;766;melisandre>fire;;;;;What if Sansa...;;;;;;...;<i>From the heart of the fire appears the tall and pale figure of Queen Sansa. Her crown weighs heavy, but she stands and rules.</i>;>_ruler_choice;...;<i>From the heart of the fire appears the tall and pale figure of Queen Sansa. Her crown weighs heavy, but she stands and rules.</i>;>_ruler_choice
afterdeath;_ruler_choice;118;sansa;;seen_752;;lock;<do not translate>;;;;;>force_end;;;nextreign=2;;;
afterdeath;_ruler_choice;227;three_eyed_raven;;seen_119 and seen_117 and seen_118 and seen_223 and seen_225 and seen_226;del;lock;You... <i>Melisandre hears a muffled voice whispering in her ear.</i>;;;;;;...;;>_crow2_choice;...;;>_crow2_choice
afterdeath;_ruler_choice;949;raven;;seen_227;0;10;<i>Nine ravens appear in the flames.</i>;;;;;>_winterpath_choice;;;;;;
afterdeath;_after_death;1293;melisandre>fire;;seen_900;del;max;The Kingslayer is enthralled by tumultuous desires. Is he honorable, lascivious or just foolish?;;;;;;...;<i>The fire draws an image of King Jaime, overlooking King's Landing from a balcony. He's not loved, but he doesn't care.</i>;>_ruler_choice;...;<i>The fire draws an image of King Jaime, overlooking King's Landing from a balcony. He's not loved, but he doesn't care.</i>;>_ruler_choice
afterdeath;_ruler_choice;223;jaime;;seen_900;0;lock;<do not translate>;;;;;>force_end;;;nextreign=5;;;
afterdeath;_ruler_choice;224;tyrion;;;0;lock;<do not translate>;;;;;>force_end;;;nextreign=8;;;
afterdeath;_after_death;1591;melisandre>fire;;seen_990;del;max;Gendry has blood of power and... exceptional skills. Hum...;;;;;;...;<i>The fire takes the color of blood and screams as it turns into a horned helmet.</i>;>_ruler_choice;...;<i>The flames take the color of blood and screams as it turns into a horned helmet.</i>;>_ruler_choice
afterdeath;_ruler_choice;225;gendry;;seen_990;0;lock;<do not translate>;;;;;>force_end;;;nextreign=7;;;
afterdeath;_after_death;1020;melisandre>fire;;seen_288;del;max;Arya Stark? <i>She sprinkles a handful of fragrant powder on the fire.</i> But how could she...?;;;;;;...;<i>Slick and deadly, the flames change shape quickly, revealing the blurry face of an assassin creeping up in a Queen's chamber.</i>;>_ruler_choice;...;<i>Slick and deadly, the flames change shape quickly, revealing the blurry face of an assassin creeping up in a Queen's chamber.</i>;>_ruler_choice
afterdeath;_ruler_choice;226;arya;;seen_288;0;lock;<do not translate>;;;;;>force_end;;;nextreign=6;;;
afterdeath;_after_death;112;melisandre>fire;;;500;100;I implore you, Lord of Light, lead me out of the darkness in which I have lingered since Stannis' demise.;;;;;;...;;>_ruler_choice;...;;>_ruler_choice
afterdeath;_after_death;114;melisandre>fire;;;del;600;I miss Stannis. He had a true heart and the blood of power. But he was not Azor Ahai reborn. I have to find a new path.;;;;;;...;;>_ruler_choice;...;;>_ruler_choice
afterdeath;_after_death;115;melisandre>fire;;;0;100;<i>Melisandre looks intently into the fire, considering her choices.</i>;;;;;>_ruler_choice;;;;;;
afterdeath;_after_death;276;melisandre>fire;;;200;100;<i>The fabric of this particular vision is rough and unfinished, like a hastily woven canvas.</i>;;;;;>_ruler_choice;;;;;;
afterdeath;_after_death;1031;melisandre>fire;;;500;100;My nights are dark and full of terrors. How many more times will I have to look in the flames?;;;;;;...;;>_ruler_choice;...;;>_ruler_choice
afterdeath;_after_death;1028;melisandre>fire;;;500;100;You are the star in the night's sky, the dawn over the horizon. Shine a light on your servant.;;;;;;...;;>_ruler_choice;...;;>_ruler_choice
afterdeath;_after_death;272;melisandre>fire;;;500;50;More! More! Show me more, Lord of Light! Who will wield Lightbringer? Who will be Azor Ahai reborn?;;;;;;...;;>_ruler_choice;...;;>_ruler_choice
afterdeath;_after_death;748;melisandre>fire;;;300;100;Let me interpret your message once more.;;;;;;...;;>_ruler_choice;...;;>_ruler_choice
afterdeath;_crow2_choice;809;raven;;hiddenaway;;lock;Lady Melisandre.;;;;;>_crow3_choice;;;;;;
afterdeath;_crow2_choice;810;raven;;hiddenaway;;lock;Red Priestess of Asshai.;;;;;>_crow3_choice;;;;;;
afterdeath;_crow2_choice;811;three_eyed_raven;;hiddenaway;;lock;Disciple of R'hllor.;;;;;>_crow3_choice;;;;;;
afterdeath;_crow2_choice;812;raven;;hiddenaway;;lock;Witch of the East.;;;;;>_crow3_choice;;;;;;
afterdeath;_crow3_choice;813;raven;;hiddenaway;;lock;I salute you.;;;;;>_crow4_choice;;;;;;
afterdeath;_crow3_choice;814;raven;;hiddenaway;;lock;I fear you.;;;;;>_crow4_choice;;;;;;
afterdeath;_crow3_choice;815;raven;;hiddenaway;;lock;I care for you.;;;;;>_crow4_choice;;;;;;
afterdeath;_crow3_choice;816;raven;;hiddenaway;;lock;I envy you.;;;;;>_crow4_choice;;;;;;
afterdeath;_crow3_choice;817;three_eyed_raven;;hiddenaway;;lock;You are strong.;;;;;>_crow4_choice;;;;;;
afterdeath;_crow3_choice;818;raven;;hiddenaway;;lock;I wonder about you.;;;;;>_crow4_choice;;;;;;
afterdeath;_crow3_choice;819;raven;;hiddenaway;;lock;I love you.;;;;;>_crow4_choice;;;;;;
afterdeath;_crow3_choice;820;raven;;hiddenaway;;lock;I despise you.;;;;;>_crow4_choice;;;;;;
afterdeath;_crow3_choice;821;raven;;hiddenaway;;lock;I mock you.;;;;;>_crow4_choice;;;;;;
afterdeath;_crow4_choice;822;raven;;hiddenaway;;lock;Here lies the heart of the game.;;;;;>_melistone;;;;;;
afterdeath;_crow4_choice;823;raven;;hiddenaway;;lock;Here time is fading.;;;;;>_melistone;;;;;;
afterdeath;_crow4_choice;824;raven;;hiddenaway;;lock;Here we should meet again.;;;;;>_melistone;;;;;;
afterdeath;_crow4_choice;825;raven;;hiddenaway;;lock;For the Red Messenger will fall anew.;;;;;>_melistone;;;;;;
afterdeath;_crow4_choice;826;raven;;hiddenaway;;lock;The hour has come.;;;;;>_melistone;;;;;;
afterdeath;_crow4_choice;827;raven;;hiddenaway;;lock;The world beyond will raise.;;;;;>_melistone;;;;;;
afterdeath;_crow4_choice;828;three_eyed_raven;;hiddenaway;;lock;For winter is home again.;;;;;>_melistone;;;;;;
afterdeath;_crow4_choice;829;raven;;hiddenaway;;lock;The Seven Kingdoms shiver.;;;;;>_melistone;;;;;;
afterdeath;_crow4_choice;830;raven;;hiddenaway;;lock;All the world suspends.;;;;;>_melistone;;;;;;
afterdeath;_crow4_choice;831;raven;;hiddenaway;;lock;For the long night looms again.;;;;;>_melistone;;;;;;
afterdeath;_crow4_choice;832;raven;;hiddenaway;;lock;We idle in the embers.;;;;;>_melistone;;;;;;
afterdeath;_crow4_choice;833;raven;;hiddenaway;;lock;We neglect the flesh and the mind.;;;;;>_melistone;;;;;;
afterdeath;_crow4_choice;834;raven;;hiddenaway;;lock;For the walkers are rising again.;;;;;>_melistone;;;;;;
afterdeath;_crow4_choice;835;raven;;hiddenaway;;lock;You have consumed yourself.;;;;;>_melistone;;;;;;
afterdeath;_crow4_choice;836;raven;;hiddenaway;;lock;Follow my voice and mayhap...;;;;;>_melistone;;;;;;
afterdeath;_crow4_choice;837;raven;;hiddenaway;;lock;Lightbringer will find you again.;;;;;>_melistone;;;;;;
afterdeath;_melistone;1155;melisandre>noeyes_dark;;;del;max;<i>Frightened and shaken by what she just saw in the fire, Melisandre leaves the hearthstone...</i>;;;;;;...;<i>... but a few days later the strangest of visions invade her dreams.</i>;>force_end and nextreign=9;...;<i>... but a few days later the strangest of visions invade her dreams.</i>;>force_end and nextreign=9
afterdeath;_melistone;1532;melisandre>fire;;;;10;Lord of Light, I bow to you. You bring light to the darkest corner of my nightmares.;;;;;;...;;>_ruler_choice;...;;>_ruler_choice
commander;;1753;crow;commander;;del;max;My Lord Commander, wake up! Wake up! We've heard the horn blow once. The rangers are back!;;;;;winter;Lead me;<i>You follow the steward to the Wall's gate. No rangers are to be seen.</i>;set_wall>1 and >;It can wait;<i>You finish your dinner then head to the Wall's gate. No rangers are to be seen.</i>;set_wall>1 and >
commander;_;1157;maester;commander;;del;;Where are they? I don't like this at all. The snow is falling, we should head back to Castle Black.;;;;;;You're right but...;;>;No, I think we should go;;>
commander;_;1158;crow;commander;;del;;We cannot leave our men. If something has happened...;;;;;;You are right;;>;I...;;>
commander;_;1159;crow;commander;;del;;And you feel it too, don't you? Something is calling to us from out there.;;;;;;;<i>You carry on beyond the Wall. The cold settles in your bones.</i>;>;;<i>You carry on beyond the Wall. The cold settles in your bones.</i>;>
commander;_;1161;walker;commander;;;;<i>The White Walker reaches toward you. The noises of the forest stop, as if time was suspended.</i>;;;;;;<i>Attack</i>;<i>The Walker grasps your sword with his bare hands. You take a step back as nine ravens start to attack the Walker.</i>;>_interaven_choice;<i>Flee</i>;<i>The Walker was about to touch you when nine ravens start to attack him furiously. You take a few steps back.</i>;>_interaven_choice
commander;_interaven_choice;1754;raven;commander;;;10;<do not translate>;;;;;>_1163;;;;;;
commander;_interaven_choice;1755;raven;commander;;;10;<do not translate>;;;;;>_1163;;;;;;
commander;_interaven_choice;1756;raven;commander;;;10;<do not translate>;;;;;>_1163;;;;;;
commander;_interaven_choice;1757;raven;commander;;;10;<do not translate>;;;;;>_1163;;;;;;
commander;_interaven_choice;1758;raven;commander;;;10;<do not translate>;;;;;>_1163;;;;;;
commander;_interaven_choice;1759;raven;commander;;;10;<do not translate>;;;;;>_1163;;;;;;
commander;_interaven_choice;1760;raven;commander;;;10;<do not translate>;;;;;>_1163;;;;;;
commander;_interaven_choice;1761;raven;commander;;;10;<do not translate>;;;;;>_1163;;;;;;
commander;_interaven_choice;1762;raven;commander;;;10;<do not translate>;;;;;>_1163;;;;;;
commander;_;1163;forest_child;commander;;del;;This way. My friends won't be able to control him for long.;;;;;;. . .;;>;. . .;;>
commander;_;1763;forest_child;commander;;del;;The tide of winter will swell again. Take my nine birds, they will show your kind how to restore the balance.;;;;;;. . .;;>;. . .;;>
commander;_;1164;end>interlude;commander;;;;<i>The 13th Lord Commander came back to Castle Black with nine ravens. Their descendants spread throughout Westeros.</i>;;;;;;;;;;;
afterdeath;_endofends;1203;weirwood;;;;;<i>The Weirwood's leaves are rustling in the wind. You hear tinkling laughter.</i>;;;;;;...;;>;...;;>
afterdeath;_;1800;forest_child;;;;;Melisandre of Asshai, you travelled through so many dreams to come here. Yet what did you achieve?;;;;;;I found Azor Ahai;;>;The Lord of Light guides me;;>
afterdeath;_;1801;forest_child;;;;;Are you certain? You saw flames dancing in the hearth. You heard the distorted voices of faded ghosts.;;;;;;You are right;;>;No!;;>
afterdeath;_;1802;forest_child;;;;;You, secluded in this room for so many moons. You didn't hear the screams. You didn't smell the blood or feel the cold.;;;;;;What happened?;;>;How?;;>
afterdeath;_;1803;forest_child;;;;;It's time to go out, to breathe and to fight. They need you.;;;;;;Yes / <i>Reset</i>;;>force_gameover;No!;;>_ruler_choice
afterdeath;_after_death;1165;melisandre>fire;;seen_227;del;max;R'hllor, darkness is infecting the purity of your visions but I must understand. Show me the nine messengers of winter.;;;;;;...;<i>Nine ravens appear in the flames.</i>;>_winterpath_choice;...;<i>Nine ravens appear in the flames.</i>;>_winterpath_choice
afterdeath;_after_death;1202;melisandre>fire;;seen_227;120;10000;In the night there is a path, in the darkness a light.;;;;;;...;;>_ruler_choice;...;;>_ruler_choice
afterdeath;_after_death;1201;melisandre>fire;;seen_227;120;200;<i>Melisandre is dumbstruck, mesmerized by the fire.</i>;;;;;>_ruler_choice;;;;;;
afterdeath;_after_death;1799;melisandre>fire;;riders_super and summer;del;max;Two dragons? Is that all it will take to save the Seven Kingdoms from certain destruction?;;;;;;...;;>_winterpath_choice;...;;>_winterpath_choice
afterdeath;_winterpath_choice;950;raven;;!seen_1799;;lock;<i>The raven stands on a burning road. The deep echo of two dragons' screams vibrates through the flames.</i>;;;;;;<i>Select a ruler</i>;;>_ruler_choice;<i>Back</i>;;>_winterpath_choice
afterdeath;_after_death;1621;melisandre>fire;;valyrian_super and summer;del;max;That vision is promising, but even if it was possible to produce Valyrian steel again, I doubt it would be enough.;;;;;;...;;>_winterpath_choice;...;;>_winterpath_choice
afterdeath;_winterpath_choice;954;raven;;!seen_1621;;lock;<i>The raven flies away as a failed Maester grabs a handful of glittering dust.</i>;;;;;;<i>Select a ruler</i>;;>_ruler_choice;<i>Back</i>;;>_winterpath_choice
afterdeath;_after_death;1622;melisandre>fire;;machines_super and summer;del;max;Cersei is animated by a fierce and mad fire. I wish to believe she could be the chosen one.;;;;;;...;;>_winterpath_choice;...;;>_winterpath_choice
afterdeath;_winterpath_choice;964;raven;;!seen_1622;;lock;<i>The raven is asleep on the frame of a great war machine.</i>;;;;;;<i>Select a ruler</i>;;>_ruler_choice;<i>Back</i>;;>_winterpath_choice
afterdeath;_after_death;1623;melisandre>fire;;one_super and summer;del;max;The old Targaryen dream of uniting the Seven Kingdoms behind one ruler is to be fulfilled by a Stark Queen?;;;;;;...;;>_winterpath_choice;...;;>_winterpath_choice
afterdeath;_winterpath_choice;956;raven;;!seen_1623;;lock;<i>The raven is on the branch of a lonely tree, amongst a crowd of soldiers from all the Seven Kingdoms.</i>;;;;;;<i>Select a ruler</i>;;>_ruler_choice;<i>Back</i>;;>_winterpath_choice
afterdeath;_after_death;1624;melisandre>fire;;dragonglass_super and summer;del;max;Obsidian can provide powerful weapons against the Army of the Dead but it's hard to come by.;;;;;;...;;>_winterpath_choice;...;;>_winterpath_choice
afterdeath;_winterpath_choice;952;raven;;!seen_1624;;lock;<i>The raven gazes at its reflection in a shard of dragonglass.</i>;;;;;;<i>Select a ruler</i>;;>_ruler_choice;<i>Back</i>;;>_winterpath_choice
afterdeath;_after_death;1625;melisandre>fire;;lightbringer_super and summer;del;max;Are you mocking me My Lord? Only the real Azor Ahai can defeat the Dead. Not this one-handed impostor.;;;;;;...;;>_winterpath_choice;...;;>_winterpath_choice
afterdeath;_winterpath_choice;958;raven;;!seen_1625;;lock;<i>The raven pecks at the pommel of a shiny sword as scores upon scores of soldiers run smiling to their deaths.</i>;;;;;;<i>Select a ruler</i>;;>_ruler_choice;<i>Back</i>;;>_winterpath_choice
afterdeath;_after_death;1626;melisandre>fire;;trap_super and summer;del;max;Tyrion Lannister's creative use of wildfire is certainly plausible, but will it be enough to save mankind?;;;;;;...;;>_winterpath_choice;...;;>_winterpath_choice
afterdeath;_winterpath_choice;960;raven;;!seen_1626;;lock;<i>The raven flies over a large frozen lake, which exudes a green haze.</i>;;;;;;<i>Select a ruler</i>;;>_ruler_choice;<i>Back</i>;;>_winterpath_choice
afterdeath;_after_death;1627;melisandre>fire;;horn_super and summer;del;max;The Horn of Winter is a legend, a foolish legend from a dark corner of Essos.;;;;;;...;;>_winterpath_choice;...;;>_winterpath_choice
afterdeath;_winterpath_choice;962;raven;;!seen_1627;;lock;<i>The raven shrieks as metallic giants emerge from the earth in front of a stag and a hidden wolf.</i>;;;;;;<i>Select a ruler</i>;;>_ruler_choice;<i>Back</i>;;>_winterpath_choice
afterdeath;_after_death;1628;melisandre>fire;;alliance_super and summer;del;max;I must admit that this vision is interesting in many ways. But Arya's trickery could not have stayed hidden that long.;;;;;;...;;>_winterpath_choice;...;;>_winterpath_choice
afterdeath;_winterpath_choice;966;raven;;!seen_1628;;lock;<i>The raven flies over a red tree under which a blond Queen strikes an unexpected alliance.</i>;;;;;;<i>Select a ruler</i>;;>_ruler_choice;<i>Back</i>;;>_winterpath_choice
war;;30;sansa!antagonist;!cersei;!has_sansa and dynasty>2;800;2000;I came in a hurry. The Iron Fleet is ravaging the Wolfswood again, and we're spread too thin.;1;2+1;1-1;-1-1;;The army will help;;> and northrequest;I wish I could help;;
war;_;31;sansa;;;;;That "army" of yours is littered with Lannister scum. I would rather recruit rats.;;;2;-1-1;;Take the Dothraki, they're bored;;greyjoy>antagonist and northrequest;Out of my sight;;
war;;1811;greyjoy_male&spider;;greyjoy&antagonist;10;max;It'll cost you dear, but the Iron Islanders will sign any peace treaty I put in front of them.;;;1;-1-1;;;;greyjoy>!antagonist;;;
war;_;1812;greyjoy_male;;;;;You've made a grave mistake, I will make your life a misery.;;;;;greyjoy_male>!spider;;;;;;
war;;271;spider;;greyjoy&antagonist;500;500-50;The war you accidentally started with the Iron Islanders is an irrelevant distraction from the real threats against the Kingdom.;-1-2;-2;2;;;;;;War has its uses;;
war;;1570;martell_female;;yes_martell_female<0;80;800;You've played Dorne for a fool for too long. You are no (King*Queen) of mine.;-2+1;;1;;;Wait...;;>>>>>;Guards!;;kill_martell_female and >>
war;;156;hand!martell;;;500;60;Dorne is gathering a strong force along the Prince's Pass. We may have to send the (King's*Queen's) army to control the situation.;2-3;;-1;-1-3;;;;martell>antagonist;;;>>>
war;;157;tyrell;;;500;60;Dorne is ravaging our lands. We request your support.;3-2;;2-1;-1-1;;;;martell>antagonist;Call your banners;;
war;;108;hand;;greyjoy&antagonist;600;10+40;We've overwhelmed the Iron Fleet, and Pyke is ours. We could put a more biddable Greyjoy on the Salt Throne.;2;;2;;;;;greyjoy>!antagonist and add_greyjoy;;;>
war;_;109;spider;;;;;What then? We shouldn't place one of our own. Strength and brutality rule the Ironborn, making them difficult to govern.;-1;-2;-5;3+2;;Plunder their islands;;greyjoy>!antagonist;Order a Kingsmoot;;greyjoy>!antagonist and add_greyjoy
war;blacksails;233;&maester;!cersei;greyjoy&antagonist and money>50 and kingslanding;500;100;The Blackwater is entirely covered with the sails of the Iron Fleet! They want to parlay.;4-2;2;1+3;;set_boats;;;> and add_greyjoy;;;del_greyjoy
war;_;234;greyjoy;;;;;I think we should be allies. I respect your claim... and your treasury.;;;;-2-3;;;;greyjoy>!antagonist;;;
court;;33;high_septon;;has_hand;500;70;Your Hand is pillaging my personal stash of mustard. It has to stop.;;;-1;;;I...;;>;Mustard?;;>
court;_;34;hand;;;;;It's a superb aphrodisiac, especially when you rub it...;;1;-1;;;Enough!;;;Can I have some?;;
court;;35;high_septon;;;500;70;The young of the city are wastrels. They must learn the Seven.;-1;3+2;;;;;;>;;;
court;_;68;spider;;;;;My little birds are of great use to the Crown.;;-3;;;;;;;;;
court;;37;tyrell;;!has_tyrell;500;300;The earth at Highgarden is blackened and dead, we can grow nothing.;2;;1+1;-3-2;;Let me help;;;Nothing except more Tyrells;I'm Olenna's grand-daughter.<i>She was visibly offended.</i>;
court;;71;hand;;;500;50;I will never mince my words for your comfort, my (King*Queen).;2+3;;-2;;;I should hope not;;;;;
court;;72;grand_maester;;kingslanding;500;60;We need coin to rebuild the Maester's hall in King's Landing.;2;1;1;-2-2;;;;>_coingrows;;;
court;;78;lannister_male;female;;500;100c10;Your beauty astounds me!;-2-2;-1;2+2;;;As it should;;>;Are you drunk?;;>
court;_;79;lannister_male;;;;;I was impertinent, forgive me, I beg you.;;-1;2;;;;;;;;
court;;81;lannister;stark;winter;500;100;You were right, Winter was coming. Now it's here, so can you tell me something new?;-1;-2;3;3;;;;;;;
court;;106;hand;;;500;50;Repressing the slave trade requires coin and persistence. Some lords of the Reach are bringing slaves from Essos.;4-2;;3;-2+1;;Hang them;;;Tax them;;
court;;129;!lannister;sansa;;500;60;You must dazzle your court with your beauty!;-4+1;2;-3-1;;;;;;But not my wit?;;
court;;130;nobleman;sansa;;500;50;Take charge of your destiny, punish those who have wronged you.;;;;2+1;;;;;;;
court;;131;stark_male;stark;winterfell;500;130;The North remembers, don't you forget the North...;-1;;;;;;;;I am the North;;
court;;132;nobleman;sansa;;500;60;May I offer you some advice, My Queen?;-2-1;2;-1;;;Please do;<i>It was something about etiquette and protocol. You quickly drifted away...</i>;;I'm fine for now;;>>>
court;_;133;nobleman;sansa;;;;You must always keep your friends close and your enemies closer...;-1+1;;;;;And?;;>;I said no advice;;>>>
court;_;134;nobleman;sansa;;;;Everyone is your enemy and everyone is your friend.;;;1;1;;This advice will change my life;;>>>;Thank you;;>>>
court;_;135;nobleman;sansa;;;;Whatever doesn't kill you makes you stronger.;-1+4;;-1+2;;;I doubt it's that simple;;;Oh, do shut up;;
court;;147;hand!antagonist;;;400;60;A bandit camp is terrorizing travellers on the Goldroad before Deep Den. They're mocking the Crown!;1-2;;;-1;;Send the army;;>;;;
court;_;148;antagonist;;;;;You're a mad (King*Queen), a delusional ruler who just made the worst mistake. These bandits are innocent villagers.;;;;;;;;;;;
court;;151;tyrell;;lannister!antagonist;500;100;Lord Crakehall and his mad siblings are ravaging our lands.;;-1;2;-1;;I will help;;>;Couldn't care less;;
court;_;152;lannister;;;;;Do you listen to Tyrells now? The rose is rotting. Lord Crakehall is a lively and impulsive lad.;1+1;;1;-1-1;;Talk to him;;;I made my decision;;>_lannisterantago
court;;158;greyjoy!hand;;greyjoy!antagonist;500;100;Let me try to reach Asshai. Fund me and you will get a share of the... hum... profits.;;;;-2-1;;;;;You mean reaving?;;
court;;159;maester;;;500;60;Someone stole the White Book, the record of the names and deeds of every knight of the Kingsguard!;-1+1;-2;2-2;2-2;;;;;Replace it with a fake one;<i>As easily as that, the story of the Seven Kingdoms was rewritten.</i>;
court;;160;spider;daenerys;;500;100c10;The Dothraki seem to enjoy Arbor wine a bit too much.;-2;-2;3;;;Good for them;;;No more wine;;
court;;179;daenerys;!tyrion;kingslanding and !brothel;500;200;Someone is rebuilding Littlefinger's brothel. There's a large hand hanging over the entrance.;2-1;;;;brothel;Tyrion!;;>_brotheltyrion;Do I have time for this?;;>_brotheltyrion
court;_brotheltyrion;180;hand;;tyrion!hand;;200;This is an extremely bad joke. I will close this nefarious bog right away.;-1;;2;;;;;>>>_brothelclose;;;
court;_brotheltyrion;181;tyrion;;tyrion&hand;;200;What? I have very fond memories of that place and it's a critical asset in our diplomatic efforts.;;-2-1;2;;;Carry on;;;But the Hand sign!;;>
court;_;182;tyrion;;;;;It's very appropriate. <i>He makes an obscene gesture with the Hand pin.</i>;;;;;;I see;;;Enough;;>>>_brothelclose
court;;213;pyromancer;;;500;50;I've accidentally spilled a bit of wildfire on your map of Westeros. Ha! I hope it's not a bad omen.;2;;1;-2;;Repaint it;;;Remove the map;;
science;endready;183;pyromancer;;seen_227 and wildsearch;reign;100+120;Finally! I did it! I have engineered a new way to store wildfire. Should I start production?;1-1;;;;;Show me first;<i>The pyromancer produces a small translucent sphere containing a deadly swirling green liquid.</i>;>;Out of my view;;
science;_;184;pyromancer;;;;;Wildfire is very stable when enclosed in glass in this manner. Do you want a demonstration?;;;-1;;;;<i>The pyromancer juggles with the sphere before throwing it through a window. You recoil instinctively. A strong explosion and shouting comes from the street.</i>;>;No, thank you;;
science;_;1204;pyromancer;;;;;Give me ten moons and you will have hundreds of war machines that defy imagination.;2-1;-1;;0-2;;;;>>>>>>>>>>>;;;
science;_;1205;pyromancer;;;;;I am delighted to bring you the most formidable war machines known to man.;1-1;;;-1-1;machines_super;Take this reward;;>>>>>>>>_185;Your work is complete;;kill_pyromancer and >>>>>>>>_185
science;;36;maester;;;500;40;You must take your tincture, your Grace, your nerves are fraught.;-2-1;;;;;;;;;;
science;;107;pyromancer;!cersei;;del;10+300;The Alchemists' Guild is becoming active again and our knowledge belongs to you.;2;-2;;-2;;;;;I don't need you;;
science;maester_research;576;maester;;;500;500-30;As the Grand Maester, I can lead the work of all the Maesters of the realm. What should they work on?;1-1;;;;;Let's see...;;>_maester_choice;I'm not interested;;
science;maester_research;120;maester;;;500;120;The Archmaester's Conclave has decreed that the White Walker threat is real.;;;;;;It's never too late;;>;<i>Clap loudly</i>;;>
science;_;121;maester;;;;;They would like to offer their assistance. What should they do?;1-1;;;;;Let's see...;;>_maester_choice;I'm not interested;;
science;_maester_choice;577;maester;;;;0;I'm sorry, Your Majesty, but I have nothing to suggest.;1-2;;1-2;;;Nevermind;;;Disgraceful;;
science;_maester_choice;122;military;;;10;10;Engineer€ new weapons.;1+1;;;;;;;;Well...;;>_maester_choice
science;_maester_choice;123;banker;;;10;10;Gather€ money for the treasury.;;-1;;2+1;;;;;Well...;;>_maester_choice
science;_maester_choice;124;septon;;;10;10;Study$I'll explore whether the wights have souls, or not.;1;;1;;;;;;Well...;;>_maester_choice
science;_maester_choice;125;maester;;;10;10;Write€ an account of the history of the Kingdom.;;;1+1;;;;;;Well...;;>_maester_choice
science;;136;maester;;;500;100;I've found a book. It seems to be a collection of songs and tales from the Children of the Forest. Allow me to study it.;1;-3-1;;-2;;;;;;;
science;;137;soldier;;kingslanding and !seen_146;500;120;The undead have been spotted in King's Landing!;-3-1;;-2-2;-2;;Evacuate the city!;;>;I need more information;;>
science;_;138;&spider;;;;;They're not exactly undead... it seems they imbided a new substance. Some sort of fancy liquor from Tyrosh called the Brown Walker.;1+1;;;-1-1;;Investigate;;>_investigatebw;Why "Brown"?;;>
science;_;139;spider;;;;;It's better not to dwell on that kind of detail.;1-1;;;-1-1;;Investigate;;>>>;Enough;;
science;_investigatebw;140;soldier;;;;;Your Grace, the Brown Walker is not from Tyrosh. It seems to be fabricated by someone within your inner circle.;1-1;;;;;And?;;>;Enough;;
science;_;141;soldier;;;;;There is evidence that medicines missing from the royal stock could have been used to distillate the liquor.;1-1;;;;;Who has access?;;>;Enough;;
science;_;142;hand;;;;;We have questioned the Grand Maester's assistants and I am inclined to believe their innocence. That leaves only one option...;;;-1;;;;;>_grandmaester;I don't believe this;;
science;_grandmaester;143;grand_maester;;;;;W...what? How dare you question my honor!;;2;-1;;;I didn't;;>;It's my right;;>
science;_;144;hand;;;;;I’m not questioning the honor of the Grand Maester, I am denying it’s existence!;1;;-2;;;I agree;;>;I disagree;;>
science;_;145;hand;;;;;He has sought to undermine your authority at every turn.;1;;;;;I agree;;>;I disagree;;>
science;_;146;grand_maester;;;;;The stress of this position is not reflected in the salary, I was forced to supplement, but I would never betray you.;2+1;;;;;Too late;;kill_grand_maester;You can go;;
science;;149;maester;;;500;100;Do you know the meaning of this metal? <i>He shows you a shining link amongst the twelve links of his chain.</i>;-1;;;1;;It's gold;;>;It's iron;;>
science;_;150;maester;;;;;It's Valyrian steel. It means I have knowledge of the Higher Mysteries.;;-3;;;;Magic?;<i>The Maester looks at you intently but doesn't say anything.</i>;;And?;<i>The Maester looks at you intently but doesn't say anything.</i>;
science;;153;maester;;;500;80;The Citadel has long sought to learn the secrets of the seasons. Give me funds to develop my new theory.;;-3;2+2;-3-1;;;;;;;
kingdom;;154;soldier;;;500;60;The strangest tales are told about the new Lord Commander of the Night's Watch. Let me send a contingent to the Wall.;-1-1;;;-1-1;;;;;What tales?;;>
kingdom;_;155;soldier;;;;;He's alleged to have bedded a wildling sorceress pale as a corpse.;1;;2;-2;;It's worth investigating;;;Good for him;;
kingdom;;80;stark;!stark;summer;500;180;Do not forget what the North sacrificed during the Long Night my (King*Queen)!;1;;3+1;-1;;I won't;;;Winter is gone;;
kingdom;;161;&nobleman;;;500;50;Twenty-eight recruits for the Wall have killed the Brother accompanying them. They are terrorizing the Kingsroad after Harrenhal.;-1-1;;1-3;-2;;Send a company;;;Blame the Night's Watch;;
kingdom;;165;goldcloak;;!has_crow and kingslanding;500;100;I've caught a crow of the Night's Watch trying to sneak in through the Old Gate. He claims he has an urgent message for you.;2-1;;1;;add_crow;Let me see him...;;>;I don't care;;
kingdom;_;166;crow;;;;;I'm no deserter! I've lost the letter from the Commander, but he sent me here to help you.;-1+1;;2-1;;;Welcome;;;My sword...;;kill_crow
kingdom;;1026;crow;;!winter and !summer;500;100;I've fought the White Walkers. We are not ready for what is coming.;2-1;;1;;;We will be;;;You're right;;
kingdom;;550;crow;;;500;60;We're seeing more deserters from the Watch. Can't have it spreading. Help us dig out the bad seeds in our ranks.;2;;;-2;;;;>>>;;;>>>
kingdom;_;551;kingsguard;;;;;A few public beheadings of Night's Watch deserters would show everyone that oaths cannot be broken without consequences.;2+1;;-2;;;;;;;;
kingdom;;170;spider;;martell!antagonist;500;60;I overheard a displeasing confabulation about a possible attempt against Storm's End from Dorne.;2-1;;;-2;;Investigate;;>>>;Why would they do that?;;
kingdom;_;753;spider;;;;;I have proof that Dorne is behind the trouble in the Stormlands. Should we retaliate?;-1-2;;-2;-2;martell>antagonist;;;>>>>wardorne;;;
kingdom;;171;hand;;kingslanding;500;130;The Stormlands are rising behind the heir of House Caron. He took Storm's End and is threatening King's Landing.;-1+1;;;;add_nobleman;Take Storm's End;;>_intronoble;Do any Baratheons survive?;;>
kingdom;_;172;maester;;;;;Baratheons are a rare breed these days. Let me see... you have Gendry, Robert's bastard.;1+1;;1+1;;;Bring him in;;>_gendry;Take Storm's End;;>_intronoble
kingdom;_gendry;945;maester;;!has_gendry;;max;He has gone into hiding, Your Grace. We have no knowledge of his whereabouts.;;;;-1-1;;Investigate;;>_intronoble;Forget it;;>_intronoble
kingdom;_gendry;173;gendry;;;;10;Take Storm's End? Me? Ha ha ha. That's a good joke. Now if you'll excuse me, I have to finish this armor.;;;1-1;;;Be gone;;>_intronoble;Fool;;>_intronoble
kingdom;_intronoble;1067;nobleman;;;;;My house only wants to bring peace to this troubled land. I implore you, please don't attack Storm's End!;;1;1;-1;;I won't;<i><nobleman> remained in the capital as your esteemed guest.</i>;;I will;<i>You denied <nobleman>'s claim to Storm's End and kept him as an hostage.</i>;
kingdom;;174;maester;;martell!antagonist;500;60;I received a disturbing message from Dorne. The Water Gardens have been pillaged by a band of pirates from Lys.;1-1;;-1;;;Carry on...;;>;Not interested;;
kingdom;_;175;maester;;;;;A certain Salladhor Saan has declared himself Lord of Sunspear and Prince of Dorne. This is not good news.;-1;;;;;Send an emissary;;;Could Ellaria help?;;>_ellariahelp
kingdom;_ellariahelp;176;spider;cersei;;;max;Those pitiful sounds you hear? Her screams. She is broken. You destroyed everything she ever cared about.;-2-1;0-2;2-1;;;I forgot;;;I don't hear anything;;
kingdom;_ellariahelp;177;maester;;;;10;She's mad with grief. The death of Oberyn and the Sand Snakes have ruined her.;-2;;1;;;I trust her;;;Leave her alone;;
court;;620;nobleman;;;500;100;My quest to find a suitable bride is hopeless. Would you spare some advice for a lost soul?;-1;;;1;;Lady Cassel?;;>;Do not talk to me;;
court;_;621;spider;;;;;She's dead.;;1;-1;;;Lady Dayne?;;>;Lady Roote?;;>
court;_;622;spider;;;;;Missing, presumed dead.;;;-1;1;;Lady Manderly?;;>;Lady Karstark?;;>
court;_;623;spider;;;;;Crucified.;-1;;;;;Oh dear...;;>;Well...;;>
court;_;624;maester;;;;;Ah, I know a perfect choice! The young daughter of Lord Appleton?;;1;1;;;<nobleman>?;;>;;;
court;_;625;nobleman;;;;;She's been sent to relatives overseas to avoid the war. Let's hope her journey is safe.;-1;;;;;Poor man...;;;Indeed;;
kingdom;;178;&spider;stark;!has_cersei and seen_274;500;300;We've found Cersei! She was hiding on Tyrosh with the Iron Fleet and a few Lannister men.;2-1;1;;1-2;;Bring her in;;add_cersei and >>>_trialcersei;Send an assassin;;
kingdom;;211;septon;;;500;50;Strange reports from the Reach. A few towns are claiming their children have been abducted... and replaced by abominable wights.;;;3;;;What does it mean?;;>;That's ridiculous;;>
kingdom;_;212;maester;;;;;The concordance of the reports could suggest an unknown epidemic.;;;4-2;;;Send a few Maesters;;;Ignore them;;
kingdom;;214;hand;;tully!antagonist;500;50;Riverrun is under siege by unruly tribes from the Vale. Should we send some help?;2-1;;;-1-1;;;;;;;
walkers;;1497;hand;cersei;age<5 and !jaimeseen;400;800;Finally, a raven from your brother Jaime. Perhaps at last he is willing to answer your pleas!;;;;;jaimeseen;Jaime...;;>;Read it!;<i>You can't forgive Jaime for breaking your sacred bond, in your hour of deepest grief and greatest need. </i>;>
walkers;_;1498;hand;cersei;;10;10;It... is brief. It says your armies are needed in the North if we are to survive winter. He says there's no time to spare.;;;1;;;He wrote to me;;;Burn the message;;
walkers;;1499;pious;;storm;500;400;The depth of your perversity has brought death itself to our doors. Confess your sins, so we can be saved!;2;3-1;;;;;;;Never;;
walkers;;1500;soldier;female;storm;500;400;See them massing on the horizon, dark against the snow? It's the White Walkers. Seven save us! We must flee South, my Queen!;-1-2;-1;;;;What's the use?;;;No, you must fight;;
kingdom;;215;hand;;storm and !wallfallen;500;100+100;The Lord Commander of the Night's Watch says the army of the White Walkers draws near. He is requesting help on the Wall.;1;;2;-1-1;;Send some men;;;Don't answer;;
kingdom;;216;coins;;;500;50;Highgarden is richer than ever. It attracts unwanted attention from House Tyrell's former bannermen.;2-1;;;2-2;;Who could I send?;;>_send_choice;Don't do anything;;
kingdom;_send_choice;1029;coins;;;;0;I don't see anyone we could trust with this task.;;;;0-4;;Well...;;;Thank you...;;
kingdom;_send_choice;217;tyrion;;has_tyrion;10;10;Why do I have the faintly sneaking suspicion you want me gone?;1+1;;;;;You must go;;del_tyrion;No, wait;;>_send_choice
kingdom;_send_choice;219;septon;;;10;10;May the light of the Seven guide me on my way.;;1+1;;;;Good;;del_sansa;No, wait;;>_send_choice
kingdom;_send_choice;220;nobleman;;;10;10;At your command, Your Grace.;;;1+1;;;Good;;del_nobleman;No, wait;;>_send_choice
kingdom;_send_choice;222;arya;;has_arya;10;10;Why me? I am no one.;1+1;;;;;I need you there;;del_arya;No, wait;;>_send_choice
kingdom;;228;coins;;winter;500;120;If the Kingdom is to survive Winter, we need to supply grain and cattle to the capital from the Reach. Our stores are half-empty.;2;;4;-3;;;;;;;
kingdom;;229;hand!martell;;;500;50;Dornish bandits are attacking supply convoys from Highgarden. King's Landing needs those provisions!;-3-2;;-3;-1-1;;Attack Dorne!;;martell>antagonist;Are you certain?;;>
kingdom;_;230;hand!martell;;;;;Who else could be involved in such an attack?;-1-1;;2;-2;;You?;<i>It seems you've lost a Hand tonight.</i>;self>antagonist and self>!hand;So you don't know;;
kingdom;;231;antagonist;lannister;;500;200;You're the scum of the earth. I will gladly dance on your grave, demon.;-2;;;;;Guards to me!;;kill_antagonist;Get out of my sight;;
money;_coingrows;73;coins;;;;;Coin! And where do you think that springs from?;1-1;;;1+1;;Good governance;;;Certainly not from your purse;;
money;;74;coins;;money<40;500;500;A thousand pardons my (King*Queen), but you must live within your means!;;2;;2;;We will try;;;We will save money by removing you;;
money;;162;coins;;has_spider;500;70;The Iron Bank is buying all the tin it can get its hands on. We might want to find out why...;;;;1-1;;;;;<spider>?;;>
money;_;163;spider;;;;;Indeed, Braavosi sailors talk of a mysterious experiment to create Valyrian steel. The recipe's meant to call for a lot of tin...;1;-2;;1-2;;Steal it;;;Ignore it;;
faith;;32;septon;;;500;100;May the Mother fill you with mercy, my (King*Queen).;2;5-2;-2-2;;;And the Warrior fill you with rage...;;;Why do you need my mercy?;;
faith;;75;pious;;overall<40;500;200;Prayer and piety will solve the Kingdom's problems.;-2;2+3;-2;-2;;;;;;;
faith;;164;spider;;faith>20;500;100;A Septon has been spotted with a courtesan in a rather... irreligious prostration. Should we accidentally reveal this?;-5-2;-3;1;;;;<i>The hypocrisy of the Church was obvious to everyone.</i>;;;;
spider;;76;spider;;power<40;500;200;To truly know the people's minds, one must have many, many ears. Now is the time to rebuild your spy network, Your Grace.;3+2;;-2;-2;;;;;;;
spider;;77;soldier;;;500;50;Threats have been made against your person. You must be protected.;3+2;;;-2-1;;;;;;;
walkers;;187;raven>white;;age>23 and !has_raven and !summer;reign;max;<i>The raven is white and bears no message.</i>;;;;;;Winter is here...;;winter;What?;;>
walkers;_;1027;maester;;;;;The Archmaesters send white ravens for only one reason. Winter is here.;-1;;1;;winter;Fetch my coat;;;Finally;;
;;1149;raven>white;;age>23 and !winter and !summer;reign;2000;<i>The raven is white and bears no message.</i>;;;2-1;;winter;<i>Feed it</i>;;;<i>Kill it</i>;<i>Despairing at the prospect of a dreadful winter falling upon you, you squeeze the raven until it's neck snaps. It didn't stop the first snowflakes from falling.</i>;kill_raven
walkers;_;185;&maester;;!winter and !summer;;;We received a white raven from Oldtown. Winter is here.;1;-1;;;winter;At last;;;Pray to the Mother;;
walkers;;186;hand;;age>23 and !winter and !summer;reign;2000;The Archmaesters have announced that winter is here.;-1;;1;;winter;We should celebrate;;;We should prepare;;
walkers;;188;noble;;age>23 and !winter and !summer;reign;2000;I've seen snow for the first time in my life!;-1;;1;;winter;It's beautiful...;;;Summer child;;
walkers;;189;&hand;;storm and kingslanding;500;400;The White Walkers have breached the Wall at Eastwatch! You must gather the small council right away.;2-3;2-3;2-3;2-3;wallfallen;;<i>The Red Keep is rustling with anxious whispers as you head to the map room. A painter just finished the advance of the White Walkers.</i>;set_invasion and >_councilwalker1 and nb_council+;;;
walkers;;190;&hand;;wallfallen and kingslanding and storm;500;400+30;Winterfell is under siege by the White Walkers!;2-4;2-4;2-4;2-4;;Summon the small council;<i>The map is slowly filling with blue. The council members look aghast and upset.</i>;set_invasion and nb_council+ and >_councilwalker1;I don't believe you;;
walkers;_councilwalker1;196;lannister;;;reign;10;I don't believe this. It's a scheme the Starks are putting together to fool us.;1;;1;;;Why would they?;;>_councilwalker1;;;>
walkers;_councilwalker1;195;hand;;;0;2;There's nothing we can do. Should we adjourn the council?;-3-3;-2-2;-2-2;-2-2;;;;;;;>_councilwalker1
walkers;_councilwalker1;197;hand;;;reign;10;The White Walkers will continue to advance. We have no hope of facing them by ordinary means.;;;;;;What are the options?;;>_retreat1_choice;;;>_councilwalker1
walkers;_retreat1_choice;1023;hand;;;;0;We don't have any obvious options!;;;;;;;;;;;
walkers;_retreat1_choice;200;military;;;10;10;Attack$If we join all available forces together, we may yet have a chance of overwhelming the Walkers.;1+1;;-1-1;-1-1;;;;;;;>_retreat1_choice
walkers;_retreat1_choice;198;stark_male;;;10;10;Defend$If Winterfell falls, all the North is lost. We must honor our duty to defend it at any cost.;;;1+1;1+1;;;;;;;>_retreat1_choice
walkers;_retreat1_choice;199;maester;;;10;10;Retreat$Attacking the Walkers has proven fruitless. Let us retreat, and buy precious time.;;;;1+1;;;;;;;>_retreat1_choice
walkers;_councilwalker1;201;maester;;;reign;10;The White Walkers seem animated by an insatiable urge to kill. If only we knew why...;-1;-1;;;;Good question;;;I will not ask them;;>_councilwalker1
walkers;_councilwalker1;206;maester;;;reign;10;Shall we issue orders to the Night's Watch?;1;;1-1;;;;;>_orderwatch_choice;;;>_councilwalker1
walkers;_orderwatch_choice;1046;maester;;;;0;I don't see anything else we can do.;0-1;2;0-1;;;We should pray;;;We should drink;;
walkers;_orderwatch_choice;207;maester;;;10;10;Barricade€ themselves with the wildlings and townfolk in Castle Black? If you wish, Your Grace.;-1-1;;;;;;;;I've changed my mind;;>_orderwatch
walkers;_orderwatch_choice;208;maester;;;10;10;Attack€ the undead army from the top of the Wall? It will be done.;;;-1-1;;;;;;I've changed my mind;;>_orderwatch
walkers;_orderwatch_choice;209;maester;;;10;10;Slow down€ the undead by destroying all the bridges along the Kingsroad, then retreat to Winterfell?;;;;-1-1;;;;;I've changed my mind;;>_orderwatch
walkers;;202;maester;;wallfallen;400;500-50;I did some calculations. There are 680 leagues between the Wall and King's Landing.;1;-1;1;;;Carry on;;>;Not interested;;
walkers;_;203;maester;;;;;The Walkers are slow but relentless. They can probably cover eight leagues a day.;1;;;;;Carry on;;>;Enough;;
walkers;_;204;maester;;;;;If we do not act... the White Walkers will be upon us in only ninety days' time.;-1;;;;;Thank you;;;You forget Viserion;;>
walkers;_;205;hand;;;;;You mean the monstrous undead dragon? He's hard to miss. We can only hope the Night King prefers to stay with his army.;-1-1;;1-1;;;Very well;;;That's not reassuring;;
science;;210;maester;;;500;50;A young Maester from Maidenpool has been dabbling in forbidden works, with corpses and spiders. We must not allow it.;2;3;-2;;;;;;;;
walkers;;232;soldier;;winter;500;120;How are we supposed to kill an enemy that cannot die?;3;-4;;;;Dragonglass;;>>>293;Prayers;;
walkers;;235;maester;;;500;100;A band of pirates from the Stepstones are threatening our deposit of dragonglass.;-1-1;;2-1;;;Hide it;;;Where's the Iron Fleet?;;>_callironfleet
walkers;_callironfleet;236;noble;;greyjoy&antagonist;;10;We're at war with them, did you forget?;;;;-1-1;;I want talks;;>>>>blacksails;;;
walkers;_callironfleet;237;noble;;greyjoy!antagonist;;10;Probably whoring in Pentos. Shall I send them a raven?;1+1;;;;;Please do;;;;;
walkers;;246;maester;;winter;400;200;Our effort to contain the threat from the North is not enough. Who should we request help from?;1-1;;1-1;;;Let's see...;;>_raven_choice;We are strong!;;
walkers;_raven_choice;1030;maester;;;;0;We have no other option!;1-1;;1-1;;;We are strong!;;;I don't care;;
walkers;_raven_choice;247;raven;;lannister!antagonist;10;10;Casterly Rock$<i>Send a raven to Casterly Rock.</i>;;-1-1;;1+1;;;;;;;>_raven_choice
walkers;_raven_choice;248;raven;;<;10;10;Highgarden$<i>Send a raven to Highgarden.</i>;-2-2;;1+1;2+2;;;;;;;>_raven_choice
walkers;_raven_choice;250;raven;;dothraki!antagonist;10;10;Dothraki$<i>Enlist the Dothraki.</i>;2+2;;;;;;;;;;>_raven_choice
walkers;_raven_choice;249;raven;;<;10;10;Second Sons$<i>Mobilise the Second Sons.</i>;3+3;;;-2-2;;;;;;;>_raven_choice
walkers;_raven_choice;252;raven;;greyjoy!antagonist;10;10;Iron Fleet$<i>Request the Iron fleet's help.</i>;;;;-2-2;;;;;;;>_raven_choice
walkers;_raven_choice;251;raven;;<;10;10;Oldtown$<i>Request Oldtown's help.</i>;1+1;-1-1;;-1-1;;;;;;;>_raven_choice
walkers;;292;hand;;!nb_glass and seen_227 and !seen_1624;reign;600-40;We received a raven from Dragonstone. A new shaft of dragonglass has been discovered! Should we start mining?;;;;-1-1;;;;nb_glass+++;;;
walkers;;1774;hand;;nb_glass>2 and !dragonglass_super;15;450;Should we accelerate the mining of dragonglass? It could give us a decisive advantage against the White Walkers.;1+1;;2;-1-1;;;;nb_glass+++;;;
walkers;;293;hand;;nb_glass>2 and !dragonglass_super;15;450;We're now producing <nb_glass>000 dragonglass daggers a moon. Should we carry on our mining operations?;;;;-1-1;;;;nb_glass++;;;!nb_glass
walkers;;294;hand;;nb_glass>5 and !dragonglass_super;500;400;You know that even if you reduce Dragonstone to dust, you still won't have nearly enough weapons to fight the Walkers?;;;;;;We will see;;;;;
walkers;;295;hand;;nb_glass>6 and !dragonglass_super;500;800;While mining for dragonglass, we discovered a large shaft suitable to be shaped into scorpion arrowheads.;1+1;;;-1-1;;Proceed;;nb_glass++ and >>>293;How?;;>
walkers;_;1093;maester;;;;;We need to vanquish Viserion, the undead dragon. I could adapt the scorpion ballista to shoot a dragonglass arrow.;2;;;-1-1;;Proceed;;nb_glass++ and >>>293;;;!nb_glass
walkers;;1206;maester;;nb_glass>10;500;100+250;We have produced enough dragonglass weapons to face the White Walkers!;-1+2;;1+1;;dragonglass_super;Distribute them;;>>>>>>>>_185;Store them;;>>>> and >>>>>>>>_185
walkers;_;1207;maester;;;;;The Iron Islanders have stolen our dragonglass weapons!;2;;;-1-1;!dragonglass_super;Chase them;;;Don't bother;;
walkers;;340;maester;;winter;400;100;The White Walkers do not know good nor evil. They rise, stride and kill. That's their purpose.;1;;1;;;That's the challenge;;;Something must drive them...;;
walkers;;341;people;;storm;500;100;I saw them... Y-Your Majesty, I saw the Walkers! There's no end to them. They mass as far as the horizon.;2-1;-1;-1;2;;Tell us everything;;;Be silent!;;
walkers;;342;spider;;storm;500;100;There is one sure way to slow those frightful Walkers. But you must follow my word, and ask no questions.;;;1;-2-1;;;;;;;
court;;238;!tyrion;;has_tyrion and kingslanding;500;100;The state of King's Landing's sewerage system is abhorrent.;-1;-2;1-3;;;Tyrion!;;>;And?;;
court;_;239;tyrion;;;;;I would not adventure into this river of shit for all the gold in the world. I had quite enough at Casterly Rock.;;-2;2;;;Obviously;;;I'm disappointed;;
faith;;242;septon;;faith<50;500;200;The Mother looks at you with sorrow, as the Father is about to pass your sentence. Repent before it's too late.;;3+2;2;;;I repent;;;I bow to no God;;
faith;;243;noble;;!has_septon;500;200;(My King*My Queen) I implore you... we cannot ban the Faith of the Seven. You need to recognize the new High Septon.;;2-1;2-1;;;;;>>_newsepton and add_septon and septon>high_septon;I have some conditions...;;>
faith;_;244;noble;;;;;We cannot guarantee the obedience of the Faith to the Crown. Not after the recent events.;;4-3;2-2;;;I will see him;;>>_newsepton and add_septon and septon>high_septon;Then no...;;
faith;_newsepton;245;septon;;;;;I pray for your sins. I hope for your redemption.;-1;1;;;;;;;Don't;;
court;;254;tyrion;;kingslanding;500;60;The Red Keep is like a toad, squatting on that pile of garbage we call King's Landing.;2;;;;;You're right;;;It's pleasant;;
faith;;634;septon;cersei;!has_septon and !cersei_super;500;100+50;The Church is as open-hearted as the Maiden and as merciful as the Mother. We're willing to forgive your sins.;-1;2-1;;;;My sins, really?;;>;<i>Snap your fingers</i>;<i>The Mountain breaks the little man in two like a twig. Sadly, you manage to spill a bit of wine on your dress.</i>;kill_septon and cersei_super
faith;_;635;septon;;;;;<i>Recoiling...</i> I-I mean... of course the Faith must support the Crown. We will give to your royal treasury as well.;;2;;2+1;;Good;;cersei_super;Now leave;;cersei_super
faith;;259;septon;;faith>60;500;100;In this time of corruption and decay the Faith is strong and will grow with or without your help.;-3;1+3;3;-2;;With;;;Without;;
faith;;260;septon;;!greatsept;600;120;We've started to rebuild the Great Sept on our own. Help us and we will tell the poor that you are pious and good.;-2;2;4;-2-1;greatsept;;;;Too late for that;;
faith;;261;septon;;greatsept and faith>50 and !greatseptdone;500;100+30;The new Sept is finished, and with it a new center of our Faith is finally here. Would you like to suggest a name?;2+1;-4;-2;;greatseptdone;Great Sept of Cersei;;;Great Sept of the Mother;;
faith;;1501;septa;cersei;!greatsept and !greatseptdone;600;150;How long will you punish all the Faith for the actions of a fringe group? Please, rebuild the Great Sept.;;2+1;2;-1-1;;If you bless my reign;<i>The blessing wins the support of some smallfolk. And the new Great Sept will be built... very slowly.</i>;greatsept;Never;;
faith;;1502;septa;cersei;!greatseptdone;600;300;It will take a century to rebuild the Great Sept at this rate. I beseech you, commit more funds to the work.;;2+1;;-1-1;;All right;;>>>261;Perhaps next year;;
faith;;262;septon;;faith<50;500;80;The Septs of the Kingdom are being attacked by hordes of miscreants. Please send your men!;-1;4;;-2;;;;;;;
cersei;endready;1542;hand;jaime;!has_cersei and seen_227;reign;10+100;A raven just arrived from the West. We have captured Cersei. Will you summon her to face justice?;2-1;2-1;1;-1;add_cersei;I will;;>>>>_trialcersei;No...;;
cersei;_trialcersei;263;spider;;;;;It's time to put an end to the Mad Queen. Cersei's trial must start now.;;;3-2;;;;<i>Cersei is brought to the Great Hall. She is heavily shackled and rattles her way to the stand.</i>;>_trialcersei1 and add_cersei;;;
cersei;_trialcersei1;265;cersei;jaime;;;max;Jaime, my sweet, beautiful brother. Hasn't it always been just us two? Now, I say your name and weep.;-1-1;;;;;Cersei...;;>_trialcersei2;I...;;>_trialcersei2
cersei;_trialcersei1;266;cersei;tyrion;;;max;Little Brother, don't you think it's a shame the White Walkers have no mind to enjoy jokes?;-1-1;;;;;And why is that?;;>_267;I...;;>_267
cersei;_trialcersei1;264;cersei;;;;10;Call this masquerade a trial if you want, but don't expect my cooperation.;-1-1;;;;;Cersei...;;>_trialcersei2;I...;;>_trialcersei2
cersei;_;267;cersei;tyrion;;;max;If they saw you on this throne, they would laugh until they fell to dust. It's the most hateful joke ever to defile the Seven Kingdoms.;;1;1;;;Too bad...;;>_trialcersei2;How...;;>_trialcersei2
cersei;_trialcersei2;1543;cersei;jaime;;;max;I also wept when I saw the statue of the children. Thank you.;;;;;add_pyromancer;Let's proceed;;>_273;I am sorry;;>_273
cersei;_trialcersei2;268;cersei;;;;10;SILENCE... You low little creature. Don't you dare so much as let your eyes shift my way.;0-1;;;;add_pyromancer;Let's proceed;;>;Enough of this;;>
cersei;_;273;pyromancer;;;;;Queen Cersei ordered the destruction of the Great Sept of Baelor. I had no choice but to supply her endeavor. I...;;0-1;0-1;;;And?;<i>A commotion in the crowd, and a swiftly-thrown knife fells <pyromancer> where he stands. The assassin escapes the (Kingsguard*Queensguard), and Cersei wears a fey smile.</i>;kill_pyromancer and >_toleratetreason;And?;<i>A commotion in the crowd, and a swiftly-thrown knife fells <pyromancer> where he stands. The assassin escapes the (Kingsguard*Queensguard), and Cersei wears a fey smile.</i>;kill_pyromancer and >_toleratetreason
cersei;_toleratetreason;274;cersei;;;;10;I will not tolerate treason. <i>Looking at you.</i> Now ask yourself why I didn't kill you instead?;1;1;1;;;I have no time for this;<i>The trial was indefinitely postponed.</i>;del_cersei;You will die;;kill_cersei and killcersei
cersei;_toleratetreason;1544;cersei;jaime;;;max;I will not tolerate traitors. <i>Looking at you.</i> Except you my love. You have always been my greatest weakness.;;1;;;;Let's proceed;;>;You will die for this;;kill_cersei and killcersei
cersei;_;1545;hand;jaime;;;;Cersei Lannister has been found guilty of all charges, as well as on violations of the obscene kind. The sentence is death.;;;;;;I understand;<i>Despite all she's done, losing Cersei is like losing your other hand. But the past can't be undone.</i>;kill_cersei and killcersei;I'll see her alone;;>
cersei;_;1546;cersei;jaime;;;;You had the chance to ask for leniency for me, but you didn't. I suppose you're just like father, now.;;;;;;I'm...;;>;That's enough;;>
cersei;_;1547;cersei;jaime;;;;You don't want to be King. Let us take this Essence of Nightshade and leave the world as we came in. Together.;-5-4;;-4-5;;;I... agree;;>_end_twins;I refuse;<i>You call the guards to take her away. Your sister is executed at dawn.</i>;kill_cersei and killcersei
cersei;_end_twins;1548;end>twins;jaime;;max;10000;<i>The bodies of the Lannister twins are found on the floor of the throne room, clutching one another through the last convulsions.</i>;;;;;;;;;;;
cersei;;1549;pious;jaime;;400;10000;No royal child should die unremembered, no matter their legacy. Shall we erect a statue remembering the children of Cersei?;;2+1;1;-1-1;;;;>>;;<i>It is already hard for you to remember them. A garish statue would worsen your heart.</i>;
cersei;_;1550;pious;jaime;;;;The memorial statue of the three late children of Cersei Lannister is complete. What should the engraving on the plinth say?;;1;1;;;Baratheon;<i>The statue of the children declares that their father was Robert Baratheon.</i> ;;Lannister;<i>The statue of the children declares that their father was Jaime Lannister.</i>;
;;1553;varys;jaime;killcersei and winter and seen_227;reign;50+200;Something is happening. It was only a rumor for the last few moons, but I managed to turn it into...;;;;;;What are you talking about?;;>;I don't understand;;>
;_;1554;varys;;;;;It would be best for you to come to the window.;;;;;;;;>;;;
;_;1555;crowd;;;;;LONG LIVE JAIME! LONG LIVE THE KING! LONG LIVE AZOR AHAI!;;;;;;What in the world...;;>;I...;;>
;_;1556;hand;;;;;They seem convinced that you are a hero sent by the Lord of Light to save them from the White Walkers.;;;;;;Legends!;;>;That's... why?;;>
;_;1557;varys;;;;;They think that you killed Cersei like Azor Ahai when he plunged his sword in his lover's heart.;;;;;;I'm the Kingslayer;;>;No, no, no;;>_1559
;_;1558;hand;;;;;And now Queenslayer. They love you as much as they despised the Mad Queen.;;;1;;;;;>;Not that one;;
;_;1559;varys;;;;;The people of Westeros will believe any tale that will bring them hope. After all, they believe in the Seven.;;;;;;Indeed;;>;And the Lord of Light apparently;;>
;_;1560;septon;;;;;This is outrageous. My King, I implore you, we have to stop this heresy before it spreads too far.;;3+1;;;;;;;;;>
;_;1561;varys;;;;;You are right. It's a unique opportunity to unite all of Westeros behind you. You only need one little accessory...;;;;;;What?;<i><spider> produces a strange sword attached to a metal glove similar to your golden hand. It is glowing.</i>;>;No, leave me alone;;
;_;1562;crowd;;;;;LIGHTBRINGER! LIGHTBRINGER! LIGHTBRINGER!;1;-1;1;1;redproblems and add_militant;<i>Brandish the sword</i>;;>>>>>>>>_185 and lightbringer_super;<i>Leave</i>;;
recruit;;278;&spider;!daenerys;!has_daenerys;500;60;With Daenerys gone, the Dothraki are difficult to contain. They've already destroyed a few villages in the Reach, taking slaves.;-1-1;;;-1;;Send the Unsullied;;>;Find them;;
recruit;_;279;&spider;;;500;70;The Unsullied are turning into seasoned mercenaries. They are asking for more money.;-1+1;-2;1;-2-1;;;;;;;
recruit;entryrecruit;280;noble;;!seen_288 and !has_arya;reign;160+10;Ser Boros Blount and Ser Osmund Kettleblack have been found skewered outside a brothel.;2;-2;3;-1-2;;Reinforce the patrols;;>>>>_cerseimen;Close the brothels;;>>>>_cerseimen and brothel and >>>_brothelclose
recruit;_cerseimen;661;maester;cersei;;;10;Ser Ilyn Payne has been assassinated! There must be a saboteur within your close circle!;;;;0-2;;Investigate;;>>_282;Ignore it ;;
recruit;_cerseimen;281;maester;!cersei;;;10;Ser Ilyn Payne has been assassinated! There must be a traitor among Cersei Lannister's cronies.;;;;0-2;;Investigate;;>>_282;Ignore it ;;
recruit;_;282;spider;;;;;All signs and whispers tell me there are four suspects who could have slain Ilyn Payne.;2-1;;;;;Show them to me;;>_suspects_choice;Later;;
recruit;_suspects_choice;283;spider;;;;0;The assassin must not be among them. Shall we carry on the investigation?;2;;1;-1-1;;;;;;;
recruit;_suspects_choice;284;lannister_soldier;;;10;100;The Guard$I'm innocent! I was on my way to my garrison.;-1-1;;-1-1;;;You!;<i>You make an example of the guard, yet you cannot escape serious doubts over your decision.</i>;kill_lannister_soldier;Not you;;>_suspects_choice
recruit;_suspects_choice;285;soldier;;;10;100;The Soldier$You cannot stick that on my arse! I fought for you in too many wars!;;;-2-2;;;You!;<i>You make an example of the soldier, yet you cannot escape serious doubts over your decision.</i>;kill_soldier;Not you;;>_suspects_choice
recruit;_suspects_choice;286;nobleman;;;10;100;The Lord$<i>Muttering hesitantly.</i>;-2-2;;;-1-1;;You!;<i>You make an example of the nobleman, yet you cannot escape serious doubts over your decision.</i>;kill_nobleman;Not you;;>_suspects_choice
recruit;_suspects_choice;287;septon;;;10;100;The Septon$By the Grace of the Beggar, why are you restraining me?!;;1+1;;;;You!;<i>In the blink of an eye the Septon escapes his restraints and holds a blade to your throat. His face seems to dissolve.</i>;add_arya and >;Not you;;>_suspects_choice
recruit;_;288;arya;;;;;You got my hint, well done! <i>She tells the guards to leave the room with the other suspects.</i> I couldn't let you kill these innocents.;-1-1;;-1;;;What...;;>_endarya;What...;;>_endarya
recruit;_endarya;1589;arya;stark;;;max;Did I scare you? Good. I don't want you close to me while I see to my list. There's only one left on it now.;0-1;0-1;0-1;0-1;;Cersei...;<i>She disappears before you can do anything about it.</i>;;No!;<i>She disappears before you can do anything about it.</i>;
recruit;_endarya;289;arya;!stark;;;10;<i>She withdraws the sword.</i> You have nothing to fear. There's only one name left on my list, and it's not yours.;0-1;0-1;0-1;0-1;;Cersei...;<i>She disappears before you can do anything about it.</i>;;No!;<i>She disappears before you can do anything about it.</i>;
recruit;_endarya;662;arya;cersei;;;max;<i>She withdraws the sword.</i> You are the last name on my list. You won't die today, but soon. Savour every minute of your agony.;0-1;0-1;0-1;0-1;;Wait...;<i>She disappears before you can do anything about it.</i>;;No!;<i>She disappears before you can do anything about it.</i>;
kingdom;;290;&coins;;;500;60;Starving villagers from the Neck have migrated to the Riverlands. I fear they will turn into bandits if nothing is done.;2-1;;-4;1-2;;Call the banners;;;Divert food to the Neck;;
faith;;291;militant;;!has_militant and faith>55;500;700c100;The Faith of the Seven is strong in the heart of Westeros. It's a new era of purity and chastity!;-2;3-2;2;;;;;faithmilitant;Arrest this man;;kill_militant
faith;;1648;militant;;;400;200;The people are at your window to hear their (King to renew his*Queen to renew her) vow to defend the Faith and fight heresy.;-2;3-2;;;;;;faithmilitant;Arrest this man;;kill_militant
faith;;1649;militant;;redproblems;40;400c40;We will exterminate the scourge of R'hllor in our city streets.;-1;2+1;-1;;;;;faithmilitant;;;
faith;;1650;septon;;faithmilitant;400;600;Why did you allow the Faith Militant to prosper again? They are fanatics, they will turn against you.;0-1;1+2;0-1;0-1;;To purge blasphemy!;;;They didn't really ask;;
faith;;1651;septa;;faithmilitant;400;200;Red Priests fight with the Faith Militant in sacred spaces!;0-1;1+2;0-1;0-1;;It's a holy war;<i>The religious conflict can only escalate, with weaponry on both sides growing in scale.</i>;;I will disarm them;<i>You try to de-escalate the religious conflicts, but the weaponry on both sides is growing in scale.</i>;
faith;;1652;kingsguard;;redproblems and yes_militant<-1 and has_militant;10;600;The Faith Militant is slaying all whom they suspect of following R'hllor! The city is revolting, Your Grace, you must hide!;;;;;;What...;;>;What...;;>
deaths;_end_holywar;1654;end>knights;;;max;10000;<i>Flaming swords and fanatics swarm the Keep in madness. A barefoot preacher throws a knife that finds its home in your breast.</i>;;;;;;;;;;;
faith;;1653;militant;;yes_militant<-1 and faith>60;10;100+20;My beloved (King*Queen), the Father has chosen you to atone for the sins that maculate this grotesque throne.;;0-9;;;;What...;;>_end_shame;What...;;>_end_shame
faith;;1655;septon;;;500;200;The Red God's charlatans have always spewed their nonsense in Flea Bottom. But lately, there are more of them...;;;;;;And?;;>;I have no time for this;;redproblems and add_militant
faith;_;1656;septon;;;500;200;I fear no foreign god. But it's said the followers of R'hllor take child slaves to be trained as priests. We must forbid such practices.;;-2+1;;;redproblems and add_militant;We will watch them;;;We will expel them;<i>The Gold Cloaks are instructed to crack down on blasphemous practices in the city.</i>;
faith;;1657;spider;;redproblems;400;150c20;My little birds tell me that the Lord of Light's followers have taken root in the city. They believe you are the chosen one.;-1;-1;2;;;Let them;;;Unacceptable;;
faith;;1658;coins;;redproblems;400;150c20;The followers of the Red God have been preaching in the street, they are disrupting trade! Please, bid them move!;;1;-1;2-1;;I shall;;;Be patient;;
faith;;1659;handmaiden;;redproblems;400;150c20;I saw it in the fire! The Lord of Light is real! You are his envoy! I must see flames... more flames!;;-2+1;;;;Calm her;;;Imprison her;;kill_handmaiden
faith;;1660;melisandre;;redproblems;400;150c20;Praise R'hllor! Bless us with flames! Destroy the false idols of the Seven!;;-4+3;;;;Not so fast;;;Guards! To me!;;kill_melisandre and add_militant and >1652
afterdeath;_after_death;1661;melisandre>fire;;seen_1660;del;100000000;How did I allow that brutish (King to lay his*Queen to lay her) hands on me?;;;;;;...;;>_ruler_choice;...;;>_ruler_choice
faith;;1662;spider;;redproblems;400;150c20;I despise the Red God with all my heart, but I worry that persecuting his followers will only make things worse.;2+1;-1;-2;;;Let us be strong;<i>Dangerous heathens cannot be allowed to reject your rule.</i>;;Let us be tolerant;;>
faith;_;1663;high_septon;;;;;Tolerant?! My (King*Queen), it is impossible! Their practices are an affront to the Seven and a threat to your sovereignty.;;2-1;;;;;;>;;;>
faith;_;1664;hand;;;;;What about a compromise? Let them practice in the city, so long as they do not take children?;-1;0-1;1;;;Good idea;<i>Though their loyalties are unknown, the followers of the Red God soon settle quietly into the fabric of city life.</i>;!redproblems;They must also kneel to me;<i>Though their loyalties are unknown, the followers of the Red God soon settle quietly into the fabric of city life.</i>;!redproblems
kingdom;;300;coins;;;500;80;Lady Tarly refuses to pay the (King*Queen)'s taxes. She demands the remains of her husband and her son.;;2;-1;-3;;Send soldiers;;;Send peacock ashes;;
kingdom;;301;nobleman;;;500;40;The poor of King's Landing made a new song about you, Your Majesty.;-1;;;;;Tell me!;;>_songhear;I'm busy;;
kingdom;_songhear;302;nobleman;;;;10;I must warn you, it's a song of soldiers lost to melancholy.;2;;;;;Yes, please;;;Sounds awful;;
kingdom;_songhear;303;nobleman;;;;10;With great pleasure! The song is a lovely, tuneful ballad.;;-1;1;;;Yes, please;;;Sounds awful;;
kingdom;_songhear;304;nobleman;;;;10;I'm told you love sober, pious hymns such as these?;;2;;;;Yes, please;;;;;
kingdom;_songhear;305;nobleman;;;;10;Well, it's a bit of a... let's call it a bawdy song. The title is, er, The Iron Brothel.;;;2;;;Yes, please;;;Sounds awful;;
kingdom;;306;varys;tyrion;;500;100;Do you remember what you told me in Pentos?;;;-1;;;Refresh my memory;;>;What is said in Pentos...;;
kingdom;_;307;varys;;;;;You said that a drunken dwarf will never be the savior of the Seven Kingdoms.;-1;-2;1;;;Do I look that drunk?;;;But I'm sober;;
kingdom;;308;maester;;;500;60;Dragons, White Walkers, magic and dark omens. We're entering a time of legends.;-1;-3;1;;;;;;;;
faith;;309;pious;;;500;50;The Mother is bestowing miracles on this wretched land. Our prayers are answered!;;2;;;;What miracles?;;>;Not now;;
faith;_;310;pious;;;;;A blind man began screaming his love for the Seven as he saw the world for the first time.;1;3+1;;;;A miracle!;;>>;Investigate;;>>
faith;_;311;spider;;;;;The man was just a little nearsighted. The people are anxious, and such stories and fancies comfort them.;-2+1;3;2;;;Let it go;;;Stop it;;
kingdom;;312;hand;;kingslanding;500;100;The corruption of the City Watch is such there's now a word for it. You can't do anything without paying the "Golden Share".;2-2;;;-2;;Raise their wages;;>;Disband them;;>
kingdom;_;313;goldcloak>helmet;;;;;Please, postpone that order! Forgive my insolence, but I'll root out this corruption and I save the honor of your Crown.;;;;-2-1;;;;>>>;;;
kingdom;_;314;coins;;;;;The captain of the City Watch is as corrupt as the rest. He used the Crown's money to open his own brothel.;2-1;;;;;Bring him in;;>;Let him be;;
kingdom;_;315;goldcloak>helmet;;;;;You're mistaken. This is actually part of my plan to bring the Gold Cloaks in line.;2+2;;;2-2;;Off with your head!;;kill_goldcloak;Carry on;;
money;;316;banker;;!has_banker;500;600;Your Grace, it's an honor and a privilege to meet you. I'm <banker>, the new representative of the Iron Bank in Westeros.;-1;;-1;3;;Welcome;;;I'm busy;;
money;;317;banker;;power<50;500;120;Keep in mind, the Iron Bank doesn't bet on the losing side. Do you know how easy it is to find new pretenders to the Iron Throne?;-2;;;2;;I'll be strong;;;Watch yourself;;
money;;318;banker;;;500;100;The Iron Bank can extend you a small loan. I will return to collect the money, plus interest, in six moons. Agreed?;;;;2+2;;;;>>>>>>>;;;
money;_;319;banker;;;;;Are you ready to pay off part of our little debt?;-2+2;;;1-3;;;;;Die!;;kill_banker and noironbank
kingdom;;320;nobleman;;kingslanding;500;80;The poor are filling up Flea Bottom as quickly as rats. The city is at its breaking point!;-1;;-4;-1-1;;Relocate them!;;;Let them be;;
court;;321;nobleman;;;500;100;The path you took to the Iron Throne matters not to me. You're the (King*Queen) I choose.;2+1;-1;-2-1;;;I will lead;;;I will listen;;
start;;322;jaime;cersei;!jaimeseen and age<5;400;800;I pledged to ride North. I intend to honor that promise.;-2;;-1;;;Then leave;;del_jaime;You're committing treason!;;>
start;_;323;jaime;;;;;Treason? What, are you going to order your personal abomination to kill me? <i>He points to the Mountain.</i>;3;-2;-2;;;;;kill_jaime;You will not walk away from me!;<i>You nod, Ser Gregor draws his blade.</i> I don't believe you. <i>Says Jaime before leaving, untouched.</i>;del_jaime
kingdom;;343;anyone;;kingslanding;500;50;Shouldn't we reinforce King's Landing's defenses? The outer walls could easily be breached in their condition.;2;;1;-2-1;;;;;;;
kingdom;;344;soldier;!daenerys;;500;50;You have no army of your own. Should we call your banners?;2+1;-1;;-1;;;;;;;
kingdom;;345;hand;!daenerys;;500;50;Daenerys has left behind a dangerous number of Unsullied. What should we do with them?;1+1;;;-1;;Train them;;;Any suggestions?;;>
kingdom;_;346;hand;;;;;They're as disciplined as they're deadly. We should use them in the fight against the White Walkers.;-1-1;;;;;Send them to the Wall;;;;;
kingdom;;347;maester;daenerys;;400;100;Your dragons are something of a miracle. Would you allow me to study them?;;-2;1;;;;;;;;
faith;;348;pious;;unsullied!antagonist;500;100;The Unsullied are godless killers. They need spiritual guidance. Allow me to provide it.;-1;3;;-1;;;;>>>>371;;;
kingdom;;333;hand;;;500;50;A mysterious army has taken over the ruins of Harrenhal. I recommend we send forces to expel them.;-1;;;-2;>>>>;;;;;;
kingdom;_;334;hand;;;;;The soldiers we sent to Harrenhal have not returned. This is disturbing.;-3;;-1;;harrenhalspook;Send more;;;;;
;;1693;nobleman;;harrenhalspook;500;200;Harrenhal is a ruin hiding strange forces. I've served you well, it's time you appoint me Lord of Harrenhal to purge and repair the keep.;;;;1;;;<i><nobleman> and his banners ride to lay claim to the fortress.</i>;del_nobleman and >>>;;;
;_;1694;maester;;;;;We sent a raven to enquire about Harrenhal, but no reply. It's all very worrying.;1;;1;;;Why?;;>;I'm not concerned;;
;_;1695;maester;;;;;It's a cursed ruin, not at all habitable. It's almost certainly been taken over by bandits. And ghosts.;;;;;;Ghosts...;;;There are no ghosts!;;
;;1696;grand_maester;;harrenhalspook;500;200;Dark tales from Harrenhal. I suggest you send a contingent of the faithful to purify the place.;;2+1;;;;;;;;;
court;;349;commoner_female;;!seen_361;500;150;May I take your linens to the laundry?;;;2-2;;;Please;;>>>;How dare you speak to me?;;>>>>
court;_;350;nobleman;;;;;Your Grace, where... where is your crown?;;;2;;add_handmaiden and add_nobleman;I've lost it;;>;Someone stole it;;>
court;_;351;handmaiden;;;;;I swear I put it back in the chest and locked it. I keep the key on me always.;2-2;;1-1;1-1;;If not you, then who else?;;>;We must forge another;;
court;_;352;handmaiden;;;;;I don't know! Please believe me, I implore you.;2;-1;-3;;;Guards!;;kill_handmaiden;I believe you;;>>>
court;_;353;spider;;;;;A little bird told me that <handmaiden> hasn't told you everything she knows about the crown...;2-1;;1-1;1-1;;Bring her!;;>;I don't care.;;
court;_;354;handmaiden;;;;;Please, I could never...I have a lover, who could have taken the key, but I would never...;;;-1-1;;;Who is it?;;>>;Say no more!;;
court;_;355;spider;;;;;<handmaiden> provides the name of her lover. It's <nobleman>.;1;;-2;;;Guards, seize him!;;>;What did you do to her?;<i><spider> never answered, and you never saw <handmaiden> again.</i>;>
court;_;356;nobleman;;;;;Your Grace, what is this? What are you accusing me of?;-2;;2;;;You stole my crown;;>;You killed <handmaiden>;;>
court;_;357;nobleman;;;;;Who told you these lies? <handmaiden> is nothing to me. I am innocent!;-1;-2;-1;;;Executioner!;;kill_nobleman and >>>;Take the Black;<i><nobleman> is sentenced to join the Night's Watch. Shortly after he left court for the Wall, he was killed in a tavern brawl.</i>;del_nobleman and >>>
court;_;358;soldier;;;;;We have found your crown, Your Grace. In the cell of the laundress.;;;1;;;Who?;;>;What?;;>_laundressreveal
court;_;359;hand;;;;;She launders your linens each morning...;;;0-2;;;Oh;;>;Ha;;>
court;_laundressreveal;360;soldier;;;;;She is dead from poison. Here, this note she left explains much.;1;1;1;;;Read it to me;<i>Forgive me. I could not bear to see someone else with <nobleman>, my true love. I stole the crown to frame your handmaid.</i>;;Throw it out;;
court;_;361;hand;;;;;We must send apologies and compensation to <nobleman>'s family.;2;;1;;;Of course.;;;Let's keep quiet about this;;
kingdom;;362;coins!lannister;;;500;100;A bannerman of the Lannisters is in an open rebellion against the Crown. We should make an example.;-2;;1;;;;;>;;;>
kingdom;_;363;hand;;;;;Here's a crafty solution: Let's offer a knighthood to that House's heir. The lad is promising, and we can keep him close.;2+1;;1;2;;;;add_kingsguard and >;;;
kingdom;_;364;kingsguard;;;;;I will serve you with dedication and honor.;-1;;1;;;Thank you;;;Be quiet;;
kingdom;;365;dothraki;;has_maester;500;100;I like soup. Give more soup to Dothraki riders.;;;;;;Soup?;;>;Do I look like the cook?;;>
kingdom;_;366;maester;;;;;I think he means wine. The Dothraki have developed quite a taste for it. Should we give them more?;2;-1;-1-1;-1-1;;;;;;;
kingdom;;367;hand;!daenerys;;500;50;The Dothraki have allied with the Brotherhood. There's a natural understanding amongst bandits and cutthroats.;-2+1;;1;;;Let them be;;;No mercy;;dothraki>antagonist
faith;;368;pious;;winter;500;60;With winter falling on the Kingdom, heretical worship of the Old Gods returns. You must denounce it before it is too late.;-2;3-2;-1;;;;;;;;
kingdom;;369;nobleman;;;500;100;A few wildling families who entered the Kingdom after Hardhome have just arrived. Should we send them back North?;;-2;-3-1;-2+1;;;;;;;
science;;370;maester;daenerys;!daenerys_super and dynasty>0;500;99999;Though you are the Dragon Queen, your great weapon sleeps. Shall I apply myself to the study of how to wake Drogon?;;-1;;-1-1;;Do what you can;;>>>_1019;Let me try;;>
;_;796;drogon>open&yes;daenerys;!daenerys_super;500;300;<i>Drogon is in the Dragonpit. He's been sleeping for many days.</i>;pos;pos;pos;;;DRACARYS!;;daenerys_super;Drogon!;<i>The dragon doesn't wake up.</i>;
;_;1019;maester;;;;;Drogon is afflicted with an acute lethargy I'm unable to cure. Do you wish to see him?;1-1;;;;;;;>_796;;;
kingdom;;371;hand;;has_unsullied and unsullied!antagonist;500;60;Many Unsullied are curiously beginning to adopt the faith of the Seven. What could this mean?;1;-2-1;;;;Stop them!;;>;Let it be ;;>_wechoosequeen
kingdom;_;372;unsullied;;;;;No.;;;;;;Pardon?;;>;What?;;>
kingdom;_wechoosequeen;373;unsullied;;;;;Unsullied are free men. We choose (King*Queen), we choose Gods.;-2;3-1;1;;;;;>>>>;;;>>>>
kingdom;_;374;hand;;;;;The Unsullied are now calling themselves the "Sons of the Warrior". They might turn into a weapon of the Faith, dangerous to us.;2;-2;;-1;;Hunt them;;unsullied>antagonist;Respect their faith;;
court;;375;knight>helmet;;!has_knight and !seen_376;500;1000;Your Grace, I would like to pledge my allegiance to you. Will you hear my oath?;2;1;;;;;;>;No need;;
court;_;376;knight;;;;;<i>He recites.</i> I will shield your back and keep your counsel and give my life for yours if need be. I swear it by the old gods and the new.;-1+2;1;1;;;And I vow...;And I vow that you shall always have a place by my hearth, and meat and mead at my table. I pledge to ask no service of you that may bring you dishonor. I swear it by the old gods and the new. Arise.;;And I really...;And I really don't need another armored simpleton following me around with vibrant faith in his pathetic destiny. <i><knight> looks at you, visibly in shock. You show him out.</i>;
kingdom;;377;raven;;winter;500;50;<i>It's a raven from Winterfell. With the Northmen occupied fighting Wildlings, the North cannot protect itself.</i>;1-1;1;1-1;-1-2;;<i>Send help</i>;;;<i>Ignore</i>;;
faith;;378;pious;;age<4;500;800;Your reign begins in a time of great darkness for the realm. We pray you will show restraint and fairness in your rule.;-2+1;1;1;1;;Certainly;;;Don't question me;;
kingdom;;379;nobleman;;people<50;500;200;The people are exhausted and famine threatens. Assign some of your men to distribute rations.;-2-1;2;4;-2-2;;;;;;;
court;;380;handmaiden;;!winter and age>23 and !summer;500;100000;I've seen snow for the first time in my life!;;;-1;;winter;Summer child;;;It's beautiful;;
;;1697;pious;;has_cook and has_spider;500;700+100;Devoted souls have told me about a certain tavern, a pit of despair hidden in the twisted guts of Flea Bottom.;;2-1;;;;;;;Interesting...;<i>Later that night, concealed under dirty rags smelling of dead things, you leave the Red Keep by a forgotten postern gate. Ignored by all, you enter a dank tavern near the city walls.</i>;set_tavern and >_387 and add_commoner_female and add_commoner_male
;endready;1775;raven;gendry;has_arya and seen_227;reign;60+80;<i>The raven carries an anonymous message.</i>;;;;;;<i>Read it</i>;<i>It's time to play another game.</i>;>>>>spidersecrets;<i>Destroy it</i>;;
;endready;1776;maester;jon;seen_227;reign;100+80;We received a raven from Daenerys! I came straight to you, no one knows of it yet.;;;;;;Show me;;>;It's too late;;
;_;1777;raven;;;;;<i>Jon, our fight will never end. But neither will my love and affection for you. I cannot help you much, but this might be useful...</i>;;;;;;<i>Carry on reading</i>;<i>... A rumor is traveling through Essos. The Warlocks of Qarth have been robbed of a very precious thing and the thief is hiding in King's Landing. Farewell. -- Daenerys</i>;>>>>spidersecrets and pirateready_keep and add_cook and add_pirate and add_sam;<i>Destroy it</i>;;
spider;spidersecrets;381;spider;;dynasty>0;40;400;<i>Whispering</i>. Your Highness, I would like to talk to you. Not here. Step this way, if you please.;;-2;;;;<i>Follow</i>;<i><spider> leads you to a small room where a few of [his%her] little birds are waiting for you.</i>;>_whispider_choice;I have nothing to hide;;
spider;_whispider_choice;382;spider;;;;0;Apologies, Your Highness, but discretion is the better part of whispering. Perhaps I can help you another time.;;;;;;Come back in five moons;;>>>>>>spidersecrets;Go away;;
spider;_whispider_choice;383;little_bird;;;;10;Bribes$The major Houses are all feeling insecure. With some judicious bribes, we could ensure their loyalty promptly.;2+2;;;-1-1;;Do it;;;;;
spider;_whispider_choice;969;little_bird;;!summer and has_arya and seen_227;reign;10;Game$Let's play a game. <i>To your shock, the face before you transforms, revealing Arya Stark!</i>;;;;;>_409;;;;;;
spider;_whispider_choice;384;little_bird;;<;;10;Secrets$A foul-enough secret can undo even a High Septon. Let me use what I know against him.;-1-1;2+2;;;;Do it;;;;;
spider;_whispider_choice;385;little_bird;;<386;;10;Debts$Let's make it time to collect on some loans the Crown made in the time of King Robert.;;;-1-1;2+2;;Do it;;;;;
spider;_whispider_choice;386;little_bird;;kingslanding and has_cook;;10;Tavern$Wear this disguise, and I will take you out among the people in secret, so you might meet them...;1+1;;1;;;;<i>Concealed under dirty rags smelling of dead things, you exit the Red Keep by a forgotten postern gate. Ignored by all, you enter a dank tavern near the city walls.</i>;set_tavern and > and add_commoner_female and add_commoner_male;;;
spider;_;387;cook;;;;;Welcome to my humble establishment m'(Prince*Princess). What'll it be? Ale, pie or both?;1;;;-1;add_nobleman;Both;;>_overhear;I know you!;;>
spider;_;1094;cook;;;;;Do you? Really? <i>He winks ostensibly which must have been seen by about half the room.</i>;;;;;;Right;;>_overhear;<i>Look away</i>;;>_overhear
spider;_overhear;1140;commoner_male;gendry;!gendry_super;30;200;Did you know I met King Gendry when he was just a pup? Old Tobho used to beat the crap out of him.;;;;;;<i>Keep listening</i>;;>;<i>Stop listening</i>;;>_overhear
;_;1141;commoner_female;;;;;I remember! Tobho was a nasty piece of shit. Mind you, a good blacksmith, but the beatings...;;;;;;<i>Keep listening</i>;;>;<i>Stop listening</i>;;>_overhear
;_;1142;commoner_male;;;;;The boy never turned bitter though. Never laid a hand on his master even when he was big enough to do so.;;;;;;<i>Reveal yourself</i>;;gendry_super and set_defaut;<i>Look away</i>;;>_overhear
spider;_overhear;388;commoner_female;;;;4;Look! That's the (King*Queen)!;0-9;0-9;0-9;0-9;;What...;;>;What...;;>
spider;_end_crushed;389;end>swords;;;;;<i>You soon find yourself amid a restless crowd. They are drunk, they have long knives, and they are all starting to stare at you...</i>;;;;;;;;;;;
spider;_overhear;390;spider;;;10;1+10;<i>Whispering.</i> Time to make our exit, Your Grace. Too many eyes.;1-1;;1-1;;;;;set_defaut;;;>_overhear
spider;_overhear;391;commoner_male;;;10;20;These lords, I can sell them anything...;1+1;;;;;<i>Keep listening</i>;;>;<i>Stop listening</i>;;>_overhear
spider;_;392;commoner_male;;;;;Last week I sold pig blood for the price of Arbor wine. And so much of it!;;;;;;<i>Keep listening</i>;;>;<i>Stop listening</i>;;>_overhear
spider;_;393;commoner_male;;;;;Mind you, it was one of those funny old Lords, not quite right. Kept moaning about the 'damn traitor' on the throne.;;;;;;<spider>!;<i><spider> appears at your shoulder. [He%She] whispers in your ear.</i>;>;<i>Stop listening</i>;;>_overhear
spider;_;394;spider;;;;;Interesting piece of information indeed. I'll look into what all that pig blood could be used for.;2;;;;;;<i>You return to the castle in the dead of night.</i>;set_defaut;;<i>You return to the castle in the dead of night.</i>;set_defaut
spider;_overhear;395;commoner_female;;;10;10;Come here you! Yes, you! Come play dice with us!;;;;-1-1;;;;>_overhear;No thank you;;>_overhear
spider;_overhear;756;pirate;jon;seen_227 and pirateready_keep and !valyrian_super;10;40;I've spent my life roaming around the Summer Sea. And I alone discovered its greatest wonder in Qarth!;;;;;;<i>Keep listening</i>;<i>He removes a leather pouch from his left pocket.</i>;>;<i>Stop listening</i>;;>_overhear
spider;_;757;pirate;;;;;This, my friends, is the secret of the rise of Valyria and also its doom.;;;;;;<i>Keep listening</i>;;>;<i>Stop listening</i>;;>_overhear
spider;_;758;pirate;;;;;<i>He pours some sand on the table.</i> Add this powder to melted steel and you will be able to forge Valyrian steel.;;;;;;<i>Keep listening</i>;;>;<i>Stop listening</i>;;>_overhear
spider;_;759;soldier;;;;;Valyrian dust? I must have it! There's a bag of gold dragons in it for you!;;;;;;<i>Keep listening</i>;;>;<i>Stop listening</i>;;>_overhear
;_;1208;pirate;;;;;No. Only a King could buy such a secret.;;;;-2-2;;Pardon me...;<i>You buy the Valyrian dust for a regal ransom. Back in the Throne Room, you call for Sam to have a look at it...</i>;passturn and >;<i>Stop listening</i>;;>_overhear
;_;1209;sam;;;;;You really expect me to forge Valyrian steel with this? This is a mix of sand and dried blood... <i>He stops mid-sentence.</i>;;;;;;What is it Sam?;;>;You're very pale;;>
;_;1210;sam;;;;;This dust is certainly a sham, but it reminds me of something. Something I read. Follow me...;;;;;;Certainly...;<i>Sam hurries to his quarters. Dusty papers and quills tumble aside as he digs an ancient tome from a pile of his things..</i>;>;You can't...;<i>Sam hurries to his quarters. Dusty papers and quills tumble aside as he digs an ancient tome from a pile of his things..</i>;>
;_;1211;sam;;;;;This is collection of myths from Essos I borrowed at the Citadel. It includes a handwritten recipe... here, the black goat broth!;;;;;;And?;;>;Enough with this;;>
;_;1212;sam;;;;;The Black Goat of Qohor! Don't you know? No of course. Let me see, if I replace this with...;;;;;;Sam?;<i>He's completely lost in the book. You eventually give up and head back to the Throne Room.</i>;>>>;I don't understand;<i>He's completely lost in the book. You eventually give up and head back to the Throne Room.</i>;>>>
;_;1213;sam;;;;;I did it! I know how to forge Valyrian steel! That recipe was a code, and I can show it to you!;;;;;add_blacksmith;This is incredible;;>;No time for this;;>
;_;1214;blacksmith;;;;;You ask me to forge Valyrian steel? <i>He laughs.</i>;;;;;;<i>Read Sam's notes</i>;<i>He stops laughing. You spend the next days distributing Sam's notes to the Street of Steel's blacksmiths.</i>;>;I'm serious;Only fools and thieves pretend to be able to forge Valyrian steel, <i>says the blacksmith before leaving you.</i>;
;_;1215;blacksmith;;;;;We will be the first to forge Valyrian steel for thousands of years! Give us eight moons and we will arm all your soldiers.;1;;;-2-2;;Do it;;>>>>>>>>>;;;
;_;1216;blacksmith;;;;;My King, we've made enough Valyrian steel for your entire army! We've also made arrowheads and ballista.;1+2;;;1-1;valyrian_super;Thank you!;;>>>>>>>>_185;Make more!;;>>>>>>>>_185
spider;_overhear;396;soldier;!gendry;;10;20;These Lords and Ladies! And the one we got on the throne for now? Same shite, different dog.;-1-1;;;;;<i>Keep listening</i>;;>;<i>Stop listening</i>;;>_overhear
spider;_;761;courtesan;;;;;I feel for you, my brother. (He*She) doesn't give a damn about you or me.;;-1-1;;;;<i>Keep listening</i>;;>;<i>Stop listening</i>;;>_overhear
spider;_;762;soldier;;;;;I've heard (he*she)'s laying with all sorts of dead animals, even sheep!;-5-5;-5-5;-5-5;-5-5;;That's a lie!;;>_end_crushed;<i>Stop listening</i>;;>_overhear
spider;_overhear;853;sellsword;;!has_sellsword;10;14+7;...And then I fell on my knees. The bastard was about to skewer me like a suckling piglet. Only he forgot about this.;;-1-1;;;;<i>Carry on listening</i>;<i>The sellsword tosses an elaborate arakh onto the table. It's the distinctive blade wielded by Dothraki screamers.</i>;>;<i>Stop listening</i>;;>_overhear
spider;_;854;sellsword;;;;;Next thing he knew, his innards were hanging outta his belly like lies from a Lannister's mouth!;;;;;;Hey you, come here;;>;<i>Stop listening</i>;;>_overhear
spider;_;855;sellsword;;;;;You want to hire me and my men? You don't look like you've got the coin for that, my (good lad*pretty lass).;2+2;;;-2-2;;Looks aren't everything;;>_overhear;Forget it;;>_overhear and del_sellsword
spider;_overhear;397;commoner_male;;;10;20;Shivers down my spine, I've never seen anything like it. Unnatural creatures lurking in the darkness!;1+1;;;;;<i>Keep listening</i>;;>;<i>Stop listening</i>;;>_overhear
spider;_;398;commoner_male;;;;;They kill cats. I heard that cursed King's name Joffrey spoken.;-1-1;;;;;<i>Keep listening</i>;<i>The drunk has taken too much notice of you already. You return to the castle in the dead of night.</i>;>>> and set_defaut;<i>Stop listening</i>;;>>> and >_overhear
spider;_;399;spider;;;;;A body has been found, not twenty paces from the tavern... and it's a familiar one.;1+1;;1;;;Show me the body;;>;Not now;;
spider;_;400;commoner_male;;;;;<i><spider> says</i>: The corpse was not... in good condition.;;;;;;The drunk!;;kill_commoner_male;I know him;;kill_commoner_male
;_overhear;1119;cook;;;10;10;Your Sublimity asked for another drink? Really? You don't think it's time to head back to your room?;1;1;1;;;You're right;<i>You return to the castle in the dead of night.</i>;>>> and set_defaut;Mind your own business;;nb_wine+ and >_overhear
spider;;401;spider;;kingslanding;500;100;Unsettling tidings. We hear of many animal deaths in Flea Bottom, Your Grace.;;;1-1;;;And?;;>;Not now;;
spider;_;402;spider;;;;;Cats and other small creatures. But killed cruelly, and... displayed.;;;1-1;;;Update me;;>;Not a priority;;
spider;_;403;spider;;;;;Hooded figures have been gathering in the night, for who knows what purpose. It is almost certain to be related.;;1-1;;;;;;>;Enough;;
spider;_;404;soldier;;;;;Those who murder animals soon move on to people...;1-1;;;;;Are there missing people?;;> and >>>>_406;Not helpful;;>>>>_406
spider;_;405;spider;;;;;Some, but no more than the average number of runaways.;-1;;1;;;Thank you;;;Leave me now;;
spider;_;406;maester;;;;;Your Highness, upon studying some of these animal remains, I have concluded that the perpetrator has medical knowledge.;;;;;;Disturbing;;;I have no time to worry;;
kingdom;;407;spider;stark;;reign;100+30;May I speak freely?;;;;;;;;>;;;
kingdom;_;408;spider;;kingslanding;;;Your position here is precarious indeed. It would be best if you return to the North.;;;1+1;;;You're right;;>_wintercourt;;;
;;838;arya;lannister;!tyrionlie;80;200;Let's play a game. It's called the 'game of faces'.;;;;;;;Here's how to play, <i>she says</i>. I ask you a question, and you lie as convincingly as you can. Be careful what your lies imply.;>;;;
;_;839;arya;;;;;What are you?;1;;;;;I am a simple (man*woman);;>;I am a strong (King*Queen);;>
;_;840;arya;;;;;Do you love someone?;;;1;;;I hate everyone;<i>Arya turns around you as she asks these questions.</i>;>;I do;<i>Arya turns around you as she asks these questions.</i>;>
;_;841;arya;;;;;Which faith do you follow?;;1;;;;The Old Gods;;>;The Seven;;>
;_;842;arya;;;;;Are you rich?;;;;-1;add_courtesan and add_septa and add_jon;I am rich;<i>Arya is behind you. You turn towards her but she's not there. Instead...</i>;>_aryalie;I am powerful;<i>Arya is behind you. You turn towards her but she's not there. Instead...</i>;>_aryalie
;_aryalie;1629;septa;jaime;;10;10;Your next words will be heard by the Father, so think carefully. Are Cersei's children yours?;;1;;;;They are mine;;>;I am virtuous;;>
;_;1630;jon;jaime;;;;And did you throw Bran from the tower in Winterfell?;0-9;0-9;0-9;0-9;;Yes I did;;>;No I didn't;;>
;_end_jaime;1631;end>broken;jaime;;;;<i>The sick echo of crunching bones hangs in the courtyard, long after your body hits the stones.</i>;;;;;;;;;;;
;_aryalie;1632;courtesan;tyrion;;10;10;Why did you kill Shae? She loved you so much.;;;1;;;She betrayed me;;>;It was an accident;;>
;_;1633;courtesan;tyrion;;10;10;You are such a poor liar. I wish you could tell me a convincing lie.;;;;;;You are very attractive;;>_end_tyrion;I hate myself;;tyrionlie
spider;_;409;arya;;;;;Let's play a game of shadows. <i>To your shock, the face before you transforms, revealing Arya Stark!</i>;;;;;;;The castle is on fire, and you are in the main hall, <i>she continues.</i> There are four doors. Choose the one that will save you.;>_doors_hidden_choice;;;
spider;_doors_hidden_choice;410;arya;;;;10;It's a dead end. The fire catches your robe, and you are disfigured by your burns. Will you show your face to the people?;;;-3;;nb_game_keep+;;;;;;
spider;_doors_hidden_choice;411;arya;;;;10;You flee through the sewers. Floating in the filth is a bloated corpse still wearing its purse of gold. Do you take the gold?;;-1;;2;nb_game_keep+;;;;;;
spider;_doors_hidden_choice;412;arya;;;;10;You enter a crypt of nine tombs. The fire won't let you turn back. Which tomb hides the only secret exit?;;;;;nb_game_keep+;Let me see...;;>_d2_hidden_choice;Enough;;
spider;_doors_hidden_choice;413;arya;;;;10;You enter a room lined with enough wildfire jars to destroy the city. The fire draws closer. Will you bury the jars in sand?;-1;;3;;nb_game_keep+;Bury the jars;;;Escape;;
spider;_d2_hidden_choice;414;arya;;;;10;A White Walker emerges from this tomb. Do you stand and fight?;-2-1;;1;;;;;;;;
spider;_d2_hidden_choice;415;arya;;;;10;Inside this tomb is Dawn, the legendary sword of House Dayne. Will you take it?;2+1;;-1;;;;;;;;
spider;_d2_hidden_choice;416;arya;;;;10;Here lies the one you once loved, beautiful and untouched in death. Do you kiss their lips?;;-1;2+1;;;;;;;;
spider;_d2_hidden_choice;417;arya;;;;10;Inside this tomb is the corpse of a Septon. Will you pray for him?;-1;2+1;;;;;;;;;
spider;_d2_hidden_choice;418;arya;;;;10;You reach the courtyard. Sixteen chests now stand before you. You must choose one to open. Which will it be?;;;;;;Let me see...;;>_d3_hidden_choice;Enough;;
spider;_d2_hidden_choice;419;arya;;;;10;Inside this tomb is the corpse of a merchant. Will you take his gold?;;-1;;2+1;;;;;;;
spider;_d2_hidden_choice;420;arya;;;;10;Inside this tomb is the body of a direwolf. Will you take his pelt?;2;;-2;;;;;;;;
spider;_d2_hidden_choice;421;arya;;;;10;Inside this tomb is the corpse of a dead (King. Will you take his*Queen. Will you take her) crown?;2+1;;-1;1;;;;;;;
spider;_d2_hidden_choice;422;arya;;;;10;Inside this tomb is a sleeping (man who looks exactly like you. Will you wake him*woman who looks exactly like you. Will you wake her) up?;2;-1;-1;;;;;;;;
spider;_d3_hidden_choice;423;arya;;;;10;This chest contains a fortune in diamonds and gold coins. Will you take it?;3+1;-2;;;;;;;;;
spider;_d3_hidden_choice;424;arya;;;;10;This chest contains a book describing the miracles performed by the Lord of Light. Will you read it?;2;-3;1;;;;;;;;
spider;_d3_hidden_choice;425;arya;;;;10;This chest contains clay statues of the Seven. Will you say your prayers to them?;-1;3+1;-1;;;;;;;;
spider;_d3_hidden_choice;426;arya;;;;10;This chest contains a dragon egg. Will you take it?;2+1;-1;-2;3+1;;;;;;;
spider;_d3_hidden_choice;427;arya;;;;10;This chest contains a dragonglass dagger. Will you wield it?;3+1;;;;;;;;;;
spider;_d3_hidden_choice;428;arya;;;;10;This chest contains a stone head. Will you touch it?;-1;-1;-1;-1;;;;;;;
spider;_d3_hidden_choice;1808;arya;;<429;;10;You've won my game, but you haven't won my trust.;;;;;;Who?;;;Wait!;;
spider;_d3_hidden_choice;429;arya;gendry;seen_1775 and !horn_super;;10;Very good. You've won my little game. As a prize, I'll leave you now.;;;;;;Where are you going?;;>;No, stay;;>
spider;_;970;arya;;;;;A certain famed horn has come to the attention of the Iron Bank of Braavos. I need to find it before they do.;;;;;add_soldier;Retrieve it;Do you really think it's up to you? <i>She laughs and leaves.</i>;del_arya and >>>>>>>;Ignore it;Do you really think it's up to you? <i>She laughs and leaves.</i>;del_arya and >>>>>>>
spider;_;1217;soldier;;;;;I am back.;;;;;add_arya;Pardon?;;>;From where?;;>
spider;_;1218;arya;;;;;<i>Arya removes her mask.</i> I have found the Horn of Winter.;;;;;;What is that?;;horn_super and >>>>>>>>_185;Please stop doing that;;>
spider;_;1219;arya;;;;;Do I scare you?;-1-1;;1;;;A little bit;;horn_super and >>>>>>>>_185;Never mind;;horn_super and >>>>>>>>_185
spider;_d3_hidden_choice;430;arya;;;;10;This chest contains a dead crow. Will you bury it?;-2;1;1;;;;;;;;
spider;_d3_hidden_choice;431;arya;;;;10;This chest contains the pin of the Hand of the (King*Queen). Will you wear it?;2+1;;1;1;;;;;;;
spider;_d3_hidden_choice;432;arya;;;;10;This chest contains only a spider that scrambles out as you open the lid. Will you kill it?;-2;1;-3;;;;;;;;
spider;_d3_hidden_choice;433;arya;;;;10;This chest contains a flask of wine. Will you drink it?;2;1;1;;;;;>>>morewine;;;
spider;_d3_hidden_choice;434;arya;;;;10;This chest contains a bloody arbalest. Will you fire it?;2+1;;-3;1;;;;;;;
spider;_d3_hidden_choice;435;arya;;;;10;This chest contains a Maester's chain. Will you wear it?;2;-3;2;;;;;;;;
spider;_d3_hidden_choice;436;arya;;;;10;This chest contains a log from a heart tree upon which the Children of the Forest carved a face. Will you weep over it?;;-2;3+1;;;;;;;;
spider;_d3_hidden_choice;437;arya;;;;10;This chest contains the beating heart of a stallion. Will you eat it?;2;-2;2;1;;;;;;;
spider;_d3_hidden_choice;438;arya;;;;10;This chest contains an iron coin with the words "Valar Morghulis" written under it. Will you take the coin?;;;;1;;;<i>Arya gives you an Iron Coin and whispers.</i> ;;;;
afterdeath;_after_death;1528;melisandre>fire;;nb_game_keep>4 and !horn_super and seen_227;120;100000000;Arya's game of shadows is reminding me of something...;;;;;;...;;>_crow2_choice;...;;>_crow2_choice
faith;;439;pious;;has_handmaiden and dynasty>1;500;100+50;Did you know that <handmaiden>, one of your servants, is a fanatic of the Red God? She burns things in her room.;;2;-1;;;Bring her in;;>;Leave her alone;;
faith;_;440;handmaiden;;;;;R'hllor is my God. He guides me in our darkness.;;-3;2;;;I respect your beliefs;;> and >>>>meetmeli;Heresy is a crime;;kill_handmaiden
faith;_;441;handmaiden;;;;;Thank you My (King*Queen). I shall not forget this.;1;;;;;Be safe;;;Be careful;;
faith;meetmeli;442;handmaiden;;seen_439;220;150;<i>Whispering</i>. Your Highness, someone wants to meet you. Someone I'd trust with my life. Please, will you follow me?;;-1;;;;Show me the way;;> and add_melisandre;;;
faith;_;443;melisandre;;;;;May the Lord cast his light upon you, for the night is dark and full of terrors.;;-1;;;;Lady Melisandre!;;>;Red witch!;;>
faith;_;444;melisandre;;;;;Your curiosity has called me, and I come peacefully to answer. Look into the fire, and I will guide you through the darkness...;;-1;;;;;<i>You lose yourself in the flames, as if you never existed, as if you are yourself another reflection. The world catches fire and you see an immense figure looming over you.</i>;> and dreamloop;;;
faith;_;445;melisandre>fire;;;;;What are you... what are you looking at? Can you... can you see me? No! No, no, that cannot be.;;;;;;<i>Nod</i>;;>;<i>Scream</i>;;>
faith;_;446;melisandre>fire;;;;;You are looking back at me. This is truly wonderful. What is R'hllor trying to tell me?;;;;;;Melisandre...;;>;Let go of me!;;>
faith;_;447;melisandre>fire;;;;;How can you be real? You are only a flicker of light in the fire, and yet you are here.;;;;;;What?;;>_meligift;You're mad...;;>_meligift
faith;_meligift;1445;melisandre>fire;;!facedetect_keep;;10;The Lord of Light has a gift for you. Come closer, yes, closer. Let me look you in the eyes.;;-1;;;;;;facedetect_keep and >_448;;;>_448
faith;_meligift;1446;melisandre>fire;;facedetect_keep;;10;Will you keep the gift of my Lord? I would understand if you did not. It can be disturbing to look into someone else's soul.;;;;;;I will keep it;;>_448;Stop this!;;>_448 and !facedetect_keep
faith;_;448;melisandre>fire;;;;;Now go. The danger is far too great. You must return.;;;;;;...;<i>The towering figure recedes in the flames. The other Melisandre looks at you in shock.</i>;> and !dreamloop;...;<i>The towering figure recedes in the flames. The other Melisandre looks at you in shock.</i>;> and !dreamloop
faith;_;449;melisandre;;;;;I've never seen the fire behave like that. You have the strongest link to my Master. Let me guide you on Azor Ahai's path.;1;-1-1;1;;;;;;;;
afterdeath;_after_death;450;melisandre>fire;;seen_448;del;max;What did you show me, my Master? Does it mean (he*she) is Azor Ahai? That cannot be.;;;;;;...;;>_ruler_choice;...;;>_ruler_choice
kingdom;;468;nobleman;;kingslanding;500;10+30;The people of King's Landing are eager to see their (King*Queen), Your Grace.;;;1+1;;;Show me the way;;> and add_crowd;Another time;;
kingdom;_;469;crowd;;;;;<i>A low rumble welcomes your arrival. They wait for you to speak.</i>;;;;;;Good people of King's Landing...;;>;I came here to...;;>
kingdom;_;470;hand;;;;;<i>Anxiously taking you aside.</i> May I enquire what you are going to talk about?;1;;1;;;Interesting question;;>_meetcrowd;Do not worry;;>_meetcrowd
kingdom;_meetcrowd;471;crowd;;;500;100000;<i>You carry on.</i> Winter is falling on us from the North, and we face pure horrors cut from the fabric of nightmares...;2;;-2;;;...White Walkers!;;>_walkerscrowd;...Northmen!;;>_northmencrowd
kingdom;_northmencrowd;472;crowd;;stark&antagonist;;10;<i>The crowd laughs. You continue.</i> Yes! We will defend ourselves against these filthy invaders...;2;-2;-1;-1-2;;...at all costs!;;>_aftercrowd;...and heretics.;;>_aftercrowd
kingdom;_northmencrowd;473;crowd;;stark!antagonist;;10;<i>The crowd laughs.</i> But we will welcome them, because they are followed by a very real threat we need to face as one Kingdom...;2;1;3;;;...ONE PEOPLE!;;>_aftercrowd;...or we will die.;;>_aftercrowd
kingdom;_walkerscrowd;474;crowd;;;;10;<i>The crowd whispers in fear. You continue.</i> But fear not! For we will prevail, thanks to...;-1;1;2;1;;...our allies.;;>_aftercrowd;...my armies.;;>_aftercrowd
kingdom;_aftercrowd;578;crowd;;;;10;<i>The crowd is listening intently.</i> I'm not coming to you empty-handed. I have a promise to make...;1-2;;1+3;-2;;...bread for everyone!;;>;...no more conscription!;;>
kingdom;_;475;hand;;;;10;That was an inspiring speech! I shouldn't have doubted you. My apologies.;-1;1;1;;speech;Accepted;;;Watch yourself;;
science;;476;maester;;;500;60;May I have your permission to map the night's sky? The official maps drawn by Maester Greybane are decidedly incomplete.;-1;;2;;;;;;;;
faith;;477;high_septon;;;500;60;We need funds to restore the Septs that have fallen into disrepair. They are rare places of hope for your people.;;2+1;;-1-1;;;;;;;
faith;;478;high_septon;;;500;50;The children of the poor should receive a religious education. Let us educate them.;-1;2+1;-1;;;;;>;;;>
faith;_;479;kingsguard;;;;;And have swarms of zealots on your hands when they're grown? The children of the poor should learn military skills.;2;-3;-1;;;;;>;;;>
faith;_;480;maester;;;;;Shouldn't we start by teaching them how to read, write and count?;-1;-1;2+1;2+1;;;;;;;
spider;;481;spider;;;500;40;Strange magical rumors abound. Let me bend my ear toward these latest whispers...;;2;1;-1;;;;;;;
science;;482;maester;;;500;50;A shipment of instruments is due to arrive from the Maesters of the Citadel. Please order that no one opens the boxes.;1;-2;;;;;;;;;
science;;483;maester;;;500;50;I've received word that rare tomes have been unearthed in the ruin of Harrenhal. I wish to purchase them.;2;-1;;-1-1;;;;;;;
spider;;484;handmaiden;;;500;50;Gossip travels freely in the kitchens. Shall I report any interesting snippets to you, Your Highness?;1;;-1;-1;;;;;;;
court;;485;handmaiden;!lannister;;500;50;Choose the red outfit. It makes you glow with power, Your Majesty.;-2;;;-1;;;;;I'm no Lannister!;;
kingdom;;486;soldier;;;500;50;Young people these days just aren't drawn to the life of a soldier, and our recruitment is down. Make military service compulsory.;2+1;-1;-2-1;;;;;;;;
kingdom;;487;kingsguard;;kingslanding;500;50;We need to make more swords and daggers, but the blacksmiths of the Street of Steel are too expensive.;1;;1;-2-1;;I will pay the price;;;I will control the price;;
money;;488;soldier;;;500;50;Modern siege equipment would make us unbeatable. Really, the investment is worth it...;2+2;;;-2-1;;;;;;;
money;;489;coins;;;500;50;Remember, Your Highness, there will always be drains on your purse. Please consult me before commiting to large expenditures.;-1;;-1;2+1;;;;;;;
money;;490;coins;;;500;40;Peace is much more profitable than war.;-2;;2;1+1;;;;;;;
kingdom;;491;blacksmith;;;500;50;Metal has fallen from the sky near Oldtown! Please, let me forge you a celestial sword.;1;-1;1;-1-1;;;;;;;
kingdom;;492;hand;;kingslanding;500;100;The prisons simply cannot take one more convict. Would you consider pardoning those who agree to join our armies?;2;1;-2;1;;;;;;;>>>
kingdom;_;493;soldier;;;;;The people are complaining about the smell coming from the prison ships in the harbour.;;;1-1;;;Prison ship?;;>;I don't care;;
kingdom;_;494;hand;;;;;The prisons are full, and you didn't want convicts in your army. Ships were the only option left, Your Grace.;-1;2-1;2-1;-2-1;;Build a new prison;;;Send the ships away;;
kingdom;qualitycrow;495;crow;!jon;;500;50;The quality of the men sent to the Wall has declined considerably. You lords and ladies have forgotten who's protecting this realm.;2;;1;-2;;I'll address it;;;Fly away, little crow;;
kingdom;qualitycrow;579;crow;jon;;500;50;The quality of the men sent to the Wall has declined considerably. You have forgotten your brothers, Lord Snow.;2;;1;-1-1;;I will help you;;;My hands are tied;;
court;;496;noble;;winter;500;80;I cannot buy Arbor wine anymore! Some items are very hard to find, even when you're rich.;1;-2;-1-1;;;I'll address it;;;Drink water;;
court;;497;noble;;;500;50;There are not enough peasants to farm my land. I need more.;-1;-1;-2+1;;;I'll supply them;;;We don't have slaves;;
court;;498;nobleman;;!winter;500;100;We should organise festivities to celebrate...I don't know, some dead hero?;-1;1;-2;1;;Ned the Honorable?;;>>_startturney;Joffrey the Illborn?;<i>No one liked the idea of remembering the dark days of Joffrey's rule.</i>;
spider;;499;spider;!daenerys;power<50 age>3 and kingslanding;500;300;Whispers tell me of an assassination attempt on your person in three moons' time. Unfortunately, Your Grace, I'm certain it's true.;1;;1;;;And?;<i><spider> is gone.</i>;>>>>;I don't believe you;<i><spider> is gone.</i>;>>>>
spider;_;500;handmaiden;;;;;Your Highness, your valet is dead! He found a manticore of Essos in your bed!! And right as you were about to retire for the night...;2;;1;;;<spider>!;;>;I need a drink;;>
spider;_;501;spider;;;;;Sad news about my agent, but good to know the inspections of your chambers were fruitful. May I recommend a bold response?;2-1;;1;;;Please do;;>;Leave me alone;;
spider;_;502;spider;;;;;We should pretend the assassin succeded. Whoever ordered this will now move quickly to seize the throne, unmasking themselves.;;;1;;;I'm tempted...;;>;This is... unheard of;;>
spider;_;503;spider;;;;;It's a remarkable opportunity. Disappear for a few days, then make your glorious return, 'risen from the dead.' The people will love it!;-1;-1;-1;-1;;Do it;<i>You spend the next weeks in a hidden chamber of the Hand's Tower. Only a few echoes of what happens outside reach you. A prisoner in your own castle, you wonder if you have made a wise decision. One day...</i>;>_afterdisappear;Don't do it;;
spider;_afterdisappear;504;soldier;;;;;Who are you?;;;;;;I'm your (King*Queen)!!!;;>;Make a guess...;;>_finaldisappear
spider;_;505;soldier;;;;;Sure... and I'm the High Septon.;;;;;;What?;;>;No, but...;;>
spider;_finaldisappear;506;soldier;;;;;You do look a bit like the (King. But I saw him*Queen. But I saw her) just a few minutes ago.;;;;;;Where is <spider>?;;>;I doubt...;;>
spider;_spiderdisappear;507;spider;;;;;It was an ugly strategem. But I had to replace you with a lookalike... it's the only way to get this Kingdom back on track.;;;;;;How?;;>;Why?;;>
spider;_;508;spider;;;;;You're an appalling ruler. The Kingdom is on the verge of collapse, while the threat from the North grows every day.;0-9;0-9;0-9;0-9;;What...;;>;What...;;>
spider;_;509;end>ship;;;;;<i>The Master of Whisperers put you on a ship heading for the legendary lands of Yi Ti. No one knows if you survived the journey.</i>;;;;;;;;;;;
kingdom;;510;soldier;;has_dothraki!antagonist;500;50;The Dothraki are master horse breeders. Could we recruit them to improve our stables?;1;-1;-1;-1-1;;;;;;;
kingdom;;511;hand;;!winter;500;50;Please, let me take care of the daily tedium of kingdom management. You should enjoy your reign!;-2-1;;;-1;;;;;;;
kingdom;;512;hand;;;500;50;The commoners are modifying their dwellings with poor materials. Flea bottom is a tinder box about to catch fire.;-1;-2;-1-2;1;;Raze them;;;Inspect and issue permits;;
faith;;513;pious;;;500;120;Young people are flirting openly outside the Sept. It has become a plaza of sin!;1;2+1;-2;;;Patrols will be increased;;;To be young and in love!;;
kingdom;;514;hand;;;500;50;People do not trust the City Guards. They are setting up their own militia.;1+2;;1;-2;;Recruit the militia;;;Stop the militia;;
kingdom;;1040;hand;;;500;100;A dozen knights from House Bolton are practicing a rather loose interpretation of their vows.;;1-1;1-1;;;Which part?;;>;They all do;;
kingdom;_;1041;hand;;;;;The part about protecting the weak and upholding the good. They're pillaging market towns around Riverrun.;1-2;1;1;-1-1;;Send the army;;;Look the other way;;
kingdom;;515;hand;;;500;50;Wells have begun to dry up. A water crisis is upon us.;;;2-1;-1-1;;Dig deeper;;;Tell people to drink less;;
war;;1444;military;!lannister;lannister!antagonist;500;200;The Lannisters have betrayed us. They killed the whole company! It is war!;0-2;;-1;-1;lannister>antagonist;Send the army;;;Defend the capital;;
war;;516;hand;;greyjoy!antagonist;500;200;What remained of the Iron Fleet left King's Landing after pillaging the port!;1+1;1-1;1-1;-1-1;greyjoy>antagonist;Defend the coast;;;Locate them;;
war;;517;&maester;!stark;stark!antagonist and !one_super and !alliance_super;500;200;The North declared war on us! House Stark is calling their banners.;1+1;;1;-2;stark>antagonist;Raise the banners!;;;They took their time;;
war;;534;hand;;martell!antagonist and !one_super and !alliance_super;500;200;Dorne has declared war. Their allies are the pirates of the Stepstones, who once attacked them!;0-1;;1;1-2;martell>antagonist;Send the army;;;Defend the east;;
war;;518;&coins;!daenerys;unsullied!antagonist;500;200;The Unsullied have rallied to our enemies. They're pillaging the west!;0-1;;1;1-2;unsullied>antagonist;Send the army;;;Defend the east;;
war;;1076;&hand;!daenerys;dothraki!antagonist;500;200;The Dothraki are turning against us!;0-2;;1;1-2;dothraki>antagonist;Send the army;;;Defend King's Landing;;
court;;519;arryn;;has_greyjoy;500;100;That Greyjoy pillock compared me to a pigeon! I am descended from the Winged Knight!;-1+1;;1+1;;;How insensitive;;;Fly away then;;
court;;520;arryn;;;500;50;It would be my House's greatest honor if you would foster my son and teach him to be a great knight.;;1;1;-1-1;;;;;;;
war;;521;greyjoy!hand;;greyjoy&antagonist;500;600-50;The Iron Islanders do not accept you as (King*Queen). You did not pay the Iron Price for your rule. Pay us a tribute and we may leave your shore.;-2-1;-1;2;-1-1;;;;del_greyjoy;;;del_greyjoy
war;;522;greyjoy!hand;;greyjoy&antagonist;500;30+30;You need a sea force to protect your ships from pirates, we need to feed our Ironborn. Can we make an arrangement?;1+1;;1;-1-1;;;;greyjoy>!antagonist;;;
war;;523;greyjoy!hand;;faith>50;500;80;If you start punishing heresy, then you'll have to murder every Iron Islander. My people will never renounce the Drowned God!;;-3;1;;;I understand;;;Heretic!;;greyjoy>antagonist
kingdom;;524;greyjoy;;greyjoy!antagonist;500;40+20;My blood is made of salt and iron. One more minute in this silk-lined castle and I will have to break something.;-2;-1;;;;Try the throne;;;Go away;;del_greyjoy
kingdom;;525;greyjoy!hand;!lannister;greyjoy!antagonist;500;100;If you're having Lannister problems, we're happy to help. We're long overdue for a visit to Casterly Rock.;2;;;-1-1;;Please do;;;Don't;;
kingdom;;526;greyjoy!hand;;greyjoy!antagonist;500;80+20;Our patience is at an end. It's time to pay your debt! We demand gold, and complete sovereignty over our Iron Islands.;-1-1;;;-2-2;;;;;;;greyjoy>antagonist
kingdom;;527;martell!antagonist;;;500;100;We Dornish people are nothing if not honest. We would never use stealth or trickery to undermine you.;-1;;1;1;;I have no doubt;;;Should we bet?;;
kingdom;;528;martell!antagonist;;;500;100;You seem a little tense. I have a wonderful oil that will make your muscles melt.;;-1;1;;;Thank you!;<i>This was indeed very good.</i>;;Literally?;;
kingdom;;533;tyrell;;;500;80;The roses have been trampled, but there is still beauty in this world. Love, laughter and happiness are not out of reach.;-2;1;2;;;I agree;;;<i>Clap loudly</i>;;
kingdom;;532;tully;!stark;;500;60;Our ties to the Starks are strong. But returning order to the Riverlands and keeping our people safe has become more important.;-2;;12-28;;;Music to my ears;;;I don't care;;
kingdom;;529;stark;!stark;;500;50;You Southerners do not know the feeling of true cold in your very marrow.;-1;2;;;;I do;;;Teach me;;
faith;;546;pious;;;500;100;Bran Stark is a monstrous warg with terrible power. He is able to turn people into living puppets! Allow me to send an assassin.;1;2;-3;;;;;;;;
faith;;552;hand;;;500;60;There have been rumblings in your court that trials by combat are not necessarily the best way to bestow justice.;;-2-1;2;;;I agree;;>;I disagree;;>
faith;_;553;pious;;;;;Trials by combat reveal the favor of the Seven! It is blasphemy to abandon them!;-1;1;-1;;;;;;;;
court;;554;maester;;;500;100;You have cut your finger, your Highness. I have here a balm that will soothe your pain.;-1;-1+1;1;;;Give it to me;;>>>;I will suffer;;>>> and >>>>>>_end_fever
court;_;555;maester;;;;;The cut on your finger is not looking good. I would advise you to avoid unnecessary contact with others for the next few weeks.;-2-1;-1;2;;;;;;;;
court;;556;septon;!cersei;kingslanding;500;100;You are expected to attend today's service in remembrance of the victims of the Great Sept of Baelor.;-1;3+1;-1;;;;;;;;
court;;559;courtesan;;!winter;500;50;Your knights are restless. You should organize a contest of strength. Lifting boulders, bulls, jousting, that sort of thing.;2;-2;2+1;-1-1;;;;>>_startturney;;;
court;;560;septon;;;500;50;The heir of House Tallhart has started flaying peasants who aren't paying their tithe. You must not allow this!;1-2;2-2;2+1;-3;;I will correct them;;;I won't interfere;;
court;;561;spider;;;400;100;We suspect that the Warlocks of Qarth are trying to undermine your claim to the throne.;-2-1;2;-1;;;I doubt that;;>;But why?;;>
court;_;562;septon;;;;;They believe the Walkers' invasion of Westeros represents a perverse sort of population cull.;-1;;;-1-2;;Send spies to Essos;;>>>>>;Increase my security;;>>>>>
court;_;563;handmaiden;;;;;A gift has just arrived from the Isle of Naath! What a beautiful box... please, let me open it!;;1;1;;;Please do;<i><handmaiden> opens the box. It contains a silk scarf and a beautiful butterfly. The butterfly rests on her hand before fluttering out of the window. She screams in panic.</i>;>_565;No, that's for me;<i>You open the box. It contains a silk scarf and a beautiful butterfly. The butterfly rests on your hand before fluttering out of the window. You feel your heart thump.</i>;>
court;_;564;end>butterfly;;;;;<i>First come the pains and spasms of Butterfly Fever. Then, over an agonizingly slow fortnight, the flesh sloughs from your bones.</i>;;;;;;;;;;;
afterdeath;_after_death;1032;melisandre>fire;;>564;del;max;The ruler of Westeros at the mercy of a mere butterfly. That was unexpected...;;;;;;...;;>_ruler_choice;...;;>_ruler_choice
court;_;565;spider;;;;;Don't approach her! This butterfly is from Naath! The slightest touch could spread lethal disease.;-1;;1;;del_handmaiden;How awful!;;;You're very late;;
battle;_end_battle;793;end>knights;;;;;<i>You die quickly in the ensuing melee. The final blow falls by accident, from one of your own knights.</i>;;;;;;;;;;;
battle;_startbatnorth;735;military;;;;;The Northern forces know these woods very well. They will not break easily. Try to engage them and pin them down.;;;;;;Let's see...;;>_batnorth_events and power=50 and inc_battle;Lead the battle for me;;>_batnorth_results
battle;_batnorth_events;1420;crowd;;;reign;1;<i>From your position you have a clear view of the battlefield as both armies clash.</i>;;;;;set_battle_after>2;...;;>_batnorth_results;...;;>_batnorth_results
battle;_batnorth_events;1421;noble;;;reign;max;<i>The northmen advance as a thick fog spreads through the battlefield. The commanders are eagerly looking to you.</i>;;;;;>_batnorth_choice;;;;;;
battle;_batnorth_choice;745;soldier;;>;10;10;Infantry$<i>Your infantry manages to stop the enemy's advance. They're now a static target but the fog is too thick for their archers to fire.</i>;0+1;;;;power++;Press on!;;>_batnorth_events;Regroup;;>_batnorth_events
battle;_batnorth_choice;1422;soldier;;<;10;10;Infantry$<i>Your infantry moves too slowly to do anything. The Northmen wash over your positions.</i>;-2;;;;power---;Press on!;;>_batnorth_events;Regroup;;>_batnorth_events
battle;_batnorth_events;1423;military;;inc_battle=3;reign;max;<i>A group of Wildlings emerges suddenly from the fog. They're threatening you directly .</i>;;;;;>_batnorth_choice;;;;;;
battle;_batnorth_choice;1424;archer>helmet;;>;10;10;Archers$<i>Your archers regroup around you and send a few volleys of arrows that hack through the Wildlings.</i>;1+2;;;;power+;Press on!;;>_batnorth_events;Regroup;;>_batnorth_events
battle;_batnorth_choice;1425;archer>helmet;;<;10;10;Archers$<i>Your archers send volley after volley in the melee with mixed results.</i>;1+1;;;;;Press on!;;>_batnorth_events;Regroup;;>_batnorth_events
battle;_batnorth_events;1426;throne;;;reign;100000;<i>The fog finally lifts, revealing a large party of Northmen on your left flank. This is the final stand.</i>;;;;;>_batnorth_choice;;;;;;
battle;_batnorth_choice;1427;kingsguard>helmet;;>;10;10;Knights$<i>You lift your arm and instantly your Knights storm the Northern forces, catching them by surprise.</i>;1+1;;;;power+++;Press on!;;>_batnorth_events;Regroup;;>_batnorth_events
battle;_batnorth_choice;1428;kingsguard>helmet;;<;10;10;Knights$<i>In the fog, your Knights are disorganised and not very efficient.</i>;-2;;;;power--;Press on!;;>_batnorth_events;Regroup;;>_batnorth_events
battle;_batnorth_results;1429;military;;;;10;We've lost this battle.;;2-1;2-1;2-1;!inc_battle and kingslanding;Pray to the Warrior;;>_end_battle;Run!;<i>Your scattered forces flee the battlefield back to King's Landing. Though harassed by the enemy you finally reach the Capital.</i>;set_kingslanding and passturn
battle;_batnorth_results;1430;military;;power>50;;max;We're crushing them!;-2+3;1;2-1;;!inc_battle and stark>!antagonist and kingslanding and power=50;Bring their leader;<i>A fragile peace ensued after the battle. You come back to King's Landing with a hostage.</i>;set_kingslanding and passturn;No mercy;<i>The Northern forces are crushed to death. You come back to King's Landing hearing distressed whispers from your own soldiers.</i>;set_kingslanding and passturn
battle;;566;&hand;;;;0;Should we proceed to the battlefield, Your Grace?;;;;;;;;>;;;
battle;wardorne;794;military;;martell&antagonist and kingslanding;reign;200;We have spotted the Dornish forces out towards Storm's End. Shall we prepare for battle?;3-1;1;1;;;;<i>You leave King's Landing for the Stormlands in the morning. It is cold and damp.</i>;> and set_battle_before and !kingslanding;;;
battle;_startbatdorne;1298;military>helmet;;;;;The Dornish forces are strong but undisciplined. Will you lead us in this battle?;;;;;;;;>_batdorne_events and power=50 and inc_battle;;;>_batdorne_results
battle;_batdorne_events;1299;crowd;;;reign;1;<i>The battle unravels in front of you. From every direction, fire and fury are spreading.</i>;;;;;set_battle_after>2;...;;>_batdorne_results;...;;>_batdorne_results
battle;_batdorne_events;1300;military;;;reign;max;<i>You noticed their archers are struggling to keep up with the rest of the Dornish forces. Your commanders are looking at you.</i>;;;;;>_batdorne_choice and archers_late;;;;;;
battle;_batdorne_choice;1301;archer>helmet;;archers_late;10;10;Archers$<i>You shoot a barrage of flaming arrows, bringing chaos to the enemy ranks and preventing their archers from approaching.</i>;1+1;;;;power++;Press on!;;>_batdorne_events;Regroup;;>_batdorne_events
battle;_batdorne_choice;1302;archer>helmet;;!archers_late;10;10;Archers$<i>Your archers keep their counterparts at bay. Your soldiers are now under much pressure, but the next move is yours.</i>;-1-2;;;;archers_late and power++;Press on!;;>_batdorne_events;Regroup;;>_batdorne_events
battle;_batdorne_events;1303;anyone;;archers_late;reign;1000000;<i>The Dornish infantry is trying to pierce your left flank. Their archers are far away.</i>;;;;;>_batdorne_choice;;;;;;
battle;_batdorne_choice;1304;kingsguard>helmet;;archers_late;10;10;Knights$<i>You destroy their infantry as if they were lambs awaiting slaughter. </i>;1+1;;;;!archers_late and power++;Press on!;;>_batdorne_events;Regroup;;>_batdorne_events
battle;_batdorne_choice;1305;kingsguard>helmet;;<;10;10;Knights$<i>Your Knights ride fiercely, but they get too close to the Dornish archers who send a deadly volley of arrows that decimate your ranks.</i>;-2-1;;;;power-;Press on!;;>_batdorne_events;Regroup;;>_batdorne_events
battle;_batdorne_choice;1306;soldier;;archers_late;10;10;Infantry$<i>Your infantry attacks the Dornish forces head-on.</i>;-1-2;;;;!archers_late and power--;Press on!;;>_batdorne_events;Regroup;;>_batdorne_events
battle;_batdorne_choice;1307;soldier;;!archers_late;10;10;Infantry$<i>Your infantry is floundering under a continuous stream of arrows.</i>;-2-1;;;;power---;Press on!;;>_batdorne_events;Regroup;;>_batdorne_events
battle;_batdorne_events;1308;throne;;;reign;1000000;<i>The Dornish riders are trying to pierce your centre. Their archers are in position and threaten you.</i>;;;;;!archers_late and >_batdorne_choice;;;;;;
battle;_batgeneric_choice;1318;lannister_soldier;jaime;;10;10;Red guards$<i>Disciplined and deadly, the Lannisters troops advance with force.</i>;1;;;;power+;Press on!;;>_somecard;Regroup;;>_somecard
battle;_batgeneric_choice;1309;freefolk;stark;!archers_late;10;10;Wildlings$<i>Unburdened by heavy equipment, they surge ahead with bravery and speed. Unfortunately, few survived the arrows.</i>;-2-1;;;;power--;Press on!;;>_somecard;Regroup;;>_somecard
battle;_batgeneric_choice;1310;freefolk;stark;<;10;10;Wildlings$<i>The wildlings manage to sneak up on the enemy from the west, surprising them in the rear.</i>;-1+2;;;;!archers_late and power++;Press on!;;>_somecard;Regroup;;>_somecard
battle;_batgeneric_choice;1319;lannister_soldier;arya;;10;10;Red guards$<i>Disciplined and deadly, the Lannister troops advance with brutal force.</i>;1;;;;power++;Press on!;;>_somecard;Regroup;;>_somecard
battle;_batgeneric_choice;1320;militant;gendry;has_militant;10;10;Militants$<i>The Faith Militant throws its forces in to the melee singing exalted odes to the Warrior.</i>;-1+2;0+2;;;power+;Press on!;;>_somecard;Regroup;;>_somecard
battle;_batgeneric_choice;1698;commoner_male;gendry;<;10;10;Smallfolks$<i>Undisciplined and furious, a mob made up of farmboys and peasants charge the enemy in your name.</i>;-1;;;;power+;Press on!;;>_somecard;Regroup;;>_somecard
battle;_batgeneric_choice;1311;banker;tyrion;;10;10;Bribes$<i>A small company suddenly turns against your enemy. Your money was well spent.</i>;0+2;;;;!archers_late and power+;Press on!;;>_somecard;Regroup;;>_somecard
battle;_batgeneric_choice;1312;pyromancer;cersei;inc_battle>1;10;10;Wildfire$<i>The world glows green as concussions of wildfire shatter the battlefield.</i>;-1;;;;power+++;Press on!;;>_somecard;Regroup;;>_somecard
battle;_batgeneric_choice;1313;pyromancer;cersei;inc_battle=1;10;10;Wildfire$<i>You order the ignition of the wildfire vials scattered across the battlefield too soon. You gain no advantage from the display.</i>;-1;;;;!archers_late and power-;Press on!;;>_somecard;Regroup;;>_somecard
battle;_batgeneric_choice;1314;drogon>open1;daenerys;!archers_late;10;10;Drogon$DRACARYS! <i>Although harried by a few arrows, Drogon lays waste to their army.</i>;1;;;;power+++;Press on!;;>_somecard;Enough!;;>_somecard
battle;_batgeneric_choice;1315;drogon>open1;daenerys;<;10;10;Drogon$DRACARYS! <i>Drogon engulfs the battlefield in fire. Tens of thousands of men will die if you press on.</i>;1;;;;power++++++;Press on!;;>_somecard;Enough!;;>_somecard
battle;_batdorne_results;1316;military;;;;10;We've lost this battle.;;2-1;2-1;2-1;!inc_battle and martell>!antagonist and kingslanding;Pray to the Warrior;;>_end_battle;Run!;<i>Your scattered forces flee the battlefield back to King's Landing. Though harassed by the enemy you finally reach the Capital.</i>;set_kingslanding and passturn
battle;_batdorne_results;1317;military;;power>50;;max;We're crushing them!;-2+3;1;2-1;;!inc_battle and martell>!antagonist and kingslanding and power=50;Bring their leader;<i>A fragile peace ensued after the battle. You come back to King's Landing with a hostage.</i>;set_kingslanding and passturn;No mercy;<i>The Dornish forces are crushed to death. You come back to King's Landing hearing distressed whispers from your own soldiers.</i>;set_kingslanding and passturn
money;;580;coins;;;500;50;We don't have enough silver to mint coins. How about a system of paper tokens?;;-1;-2;2+1;;;;;;;
money;;581;coins;;;500;50;We could introduce a new tax for landlords, though it may ruffle the feathers of a few Houses.;;;2;2;;;;;;;
money;;582;coins;;;500;60;You want to keep an eye on the major Houses? Appoint them into offices close by, and make them pay for the honor.;2;;-1-1;2;;;;;;;
money;;583;coins;;;500;50;One of your bannermen is imposing tolls on local roads, and collecting trade tariffs of his own. Will you tolerate this?;-1;;;-2-1;;;;;;;
money;;584;coins;;winter;500;60;We should send a representative to Myr to buy grain. Winter grows harder every day, and the spectre of famine looms.;1;1;2;-1-1;;;;;;;
faith;;585;pious;lannister;;400;100;Your heart has gentled and your spirit has become noble.;-1;2+1;1;;;;;;;;
lover;;798;courtesan;;;400;130;I can be a good listener, and I have a few other skills not taught in the pleasure houses of Braavos!;;-1;2;-1;;;<i>You are charmed with her wit and intelligence and a strong bond of friendship begins to grow.</i>;;;;
lover;;586;courtesan;jaime;!jaime_super;400;130+70;I saw you once before. You are no longer the man you were.;-1-1;;;;;<i>Look down</i>;<i>You walk away from the courtesan, staring at your golden hand.</i>;>>>>>;Before what?;;>
lover;_;587;courtesan;;;;;Your sister. <i>She can't help whispering.</i>;-1;;1;;;Wait...;;>;Go away!;;>>>>
lover;_;588;courtesan;;;;;Won't you come to my chamber, Your Grace? I can make you forget your worries.;1;;1;-1;;;<i>Though part of you wishes to, the shadow of your first and only love fills your view.</i>;>>;;;
lover;_;589;courtesan;;;;;Do you not find me beautiful? Am I not good enough for you?;-1;-2-1;2;-1;;It's not that;;courtlove;Not really;;
lover;;590;courtesan;jaime;courtlove;400;10+80;How much do you trust your brother?;1;;-1;;;Enough, why?;;>;I don't, why?;;>
lover;_;591;courtesan;;;;;He paid me to seduce you, though that didn't work out...;-1+1;;;;add_tyrion;Interfering little shit;;>;Waste of money;;>
lover;_;594;tyrion;;;;;I was trying to help you, brother! You've been moping around. I do know a nocturnal visitor always cheers me up!;;-1;;;;How could you?;;>;You should know...;;>
lover;_;595;tyrion;;;;;I apologise profusely. If you're determined to lay alone night after night, who am I to argue?;1;;1;;jaime_super;Indeed;;;Get out;;
council;smallcouncilstart;597;hand;;dynasty>0 and kingslanding;reign;30+20;Would you like to join the small council? Anything in particular you'd like to discuss?;1;;1;;;Yes...;;>_council_choice and nb_council+;No, thank you;;
council;smallcouncilstart;598;hand;;dynasty>0 and kingslanding;reign;30+20;The small council is about to begin. Anything you wish to add to our agenda?;1;;;;;Yes...;;>_council_choice and nb_council+;No, thank you;;
council;smallcouncilstart;1458;hand;;dynasty>0 and kingslanding;reign;30+20;We have urgent items to discuss during the small council if you wish to join us.;1;;;;;Yes...;;>_council_choice and nb_council+;No, thank you;;
council;smallcouncilstart;1459;hand;;dynasty>0 and kingslanding;200;30+20;We are struggling to get everyone together for the small council meeting.;2;;;;;I will not wait...;;>_council_choice and nb_council+;Don't bother;;
council;_;604;hand;;kingslanding;;;Another small council starts now. Do you wish to attend?;1;;;;;;;>_council_choice and nb_council+;;;
council;_council_choice;599;kingsguard;;war>0;4;10;Diplomacy$Certainly, we could review our strategic plans. If you would allow me...;1+1;;;;;Please...;<i>Which of your enemies would you like to talk to?</i>;>_war_choice and >>>>>>>_604;Forget it;;>_council_choice
council;_council_choice;1220;maester;;seen_227;4;10;Winter$You wish to discuss the way we could survive winter?;;;;;;Please;;>_research_choice;Forget it;;>_council_choice
council;_council_choice;636;maester;;!seen_227;4;10;Projects$You wish to talk about our projects for the Capital?;;;1+1;;;Let's see...;;>_building_choice;Forget it;;>_council_choice
council;_council_choice;680;spider;;has_spider;4;10;Whispers$Of course... although we should talk in a more confidential setting. Will you follow me?;;;;;;;<i><spider> leads you to a small room where a few of [his%her] little birds are waiting for you.</i>;>_whispider_choice;Forget it;;>_council_choice
council;_council_choice;603;hand;;;1;10;Leave$Are you leaving? Would you like to be notified when the next council occurs, five moons from now?;1;;1;;;;;>>>>>>_604;;;
council;_research_choice;1221;maester;;;;0;That's everything we can do for now.;1-1;;;;;Any other items?;;>_council_choice;Finish without me;;
council;_research_choice;1699;military;;nb_glass>0;10;10;Dragonglass$We could accelerate the rhythm at which we excavate dragonglass.;;;;-1-1;;Do it;;nb_glass++;Forget it;;>_research_choice
council;_research_choice;1223;spider;;<;10;10;Information$I would like to ask the Night's Watch to report on the movements of the Army of the Dead.;;;;;;Do it;;;Forget it;;>_research_choice
council;_research_choice;1222;pyromancer;cersei;seen_227;reign;10;Wildfire$I just received a raven from Qohor. They have made a breakthrough in the study of wildfire. Let me carry on this research.;;;;-1-1;;Do it;;wildsearch;Forget it;;>_research_choice
council;_research_choice;1778;hand;;kingslanding;10;10;Winterfell$You... you wish to travel to Winterfell. But... why?;1;;;;;Do not question me;;>>_wintercourt;Forget it;;>_research_choice
council;_research_choice;1224;coins;;;10;10;Trade$I suppose we could encourage trade across the Narrow Sea to fill our granaries.;;;;1+1;;Do it;;;Forget it;;>_research_choice
;_building_choice;1225;maester;;;;0;Unfortunately that's everything we can feasibly build at the moment.;-1;;1;;;Thank you;;;Useless;;
council;_building_choice;726;septon;;greatsept and !greatseptdone;10;10;Great Sept$We're struggling to rebuild the Great Sept. Your support is essential.;;3;2;-2-2;;;;;Forget it;;>_building_choice
council;_building_choice;727;septon;;!greatsept and !greatseptdone;10;10;Great Sept$You... you want to rebuild the Great Sept of Baelor?;;3+1;;-2-2;;;;greatsept;Forget it;;>_building_choice
council;_building_choice;1700;spider;;;reign;10;Tourney$The Kingdom is falling from the War of the Five Kings directly into Winter. Give your people a distraction, a Grand Tourney for example.;1;1;2+1;-1-1;;Do it;;>_startturney;Forget it;;>_building_choice
council;_building_choice;728;goldcloak>helmet;;<;10;10;Walls$We could indeed reinforce the walls of King's Landing.;2+1;;1;-1-1;;;;greatsept;Forget it;;>_building_choice
council;_building_choice;729;hand;;!brothel;10;10;Brothel$You want to reopen Littlefinger's brothel? Certainly, it can be done.;;;2+1;-1-1;;Do it;;brothel;Forget it;;>_building_choice
council;_building_choice;730;hand;;!dragonpit;10;10;Dragonpit$You want to rebuild the Dragonpit? But... it's... it's...a rather large undertaking.;2+1;-1;-1;-3-3;;Do it;;dragonpit;Forget it;;>_building_choice
council;;539;hand;;war>1;reign;50+70;We're at war on many fronts. Should we try to negotiate?;-2;;2-1;1-1;;;<i>Which of your enemies will you convene to broker a cease-fire?</i>;>_war_choice;;;
council;_war_choice;1021;hand;;;;0;I'm afraid there's not much we can do right now.;1;;-1;;;Prepare for attack;;;Prepare for defense;;
council;_war_choice;1022;lannister_male;;lannister&antagonist;;10;Lannister$What makes you think I will forget your aggressions? A Lannister always pays his debts.;;;-1;;add_lannister_male;You attacked us first!;;>;<i>Laugh</i>;;>_1365
council;_;1364;lannister_male;;;10;10;<i>Smiling and arrogant.</i> This pretension of hurt feelings suits you marvelously.;;1;;;;It's the truth;;>_lannidecision;<i>Laugh</i>;;>_1365
council;_;1365;lannister_male;;;10;10;<i>Intrigued but unsettled.</i> What are you laughing at?;-1;;;1;;A penniless lion;;>;A defenseless lion;;>_1367
council;_;1366;lannister_male;;;10;10;<i>Elusive and tense.</i> Casterly Rock is as rich and strong as ever.;;;;;;I see that...;;>_lannidecision;Leave me now...;;>_lannidecision
council;_;1367;lannister_male;;;10;10;<i>Confident and upbeat.</i> Then you will not be disappointed.;;;;;;I see that...;;>_lannidecision;No...;;>_lannidecision
council;_lannidecision;1368;military;;;;;He's gone. What do you reckon your Majesty? How should we deal with these Lannisters?;1;1;1;1;;Cut their credit...;<i>You design an ingenious blockade on most of the credit lines held by the Lannisters with the Iron Bank. Pressured by their unpaid bannermen, they quickly accept a peace treaty.</i>;lannipeace;Prepare an attack...;;del_lannister_male
council;_war_choice;540;martell;;martell&antagonist;;10;Martell$We will avenge our family by wiping our feet on your backs. King's Landing will burn. You will all burn.;;;;;add_martell_female;You cannot afford it;;>;What about a trial by combat?;;>_1370
council;_;1369;martell;;;10;10;<i>Cold and still.</i> We fight our wars with blood and poison, not with coins and cowardice.;;1;;;;I am no coward;;>_1371;I respect your family;;>_1372
council;_;1370;martell;;;10;10;<i>Fuming and restless.</i> To fall like Oberyn into another of your traps? No, this time you will all suffer the sting of the sand snakes.;-1;;;;;You are beautiful;;>;I...;;>_martelldecision
council;_;1371;martell;;;10;10;<i>Laughing and merry.</i> You are an adorable little lamb waiting fervently to have your throat cut.;;;;;;Wait...;;>_martelldecision;You...;;>_martelldecision
council;_;1372;martell;;;10;10;<i>Absent and thoughtful.</i> Our parents were beautiful beings. Fierce but gentle.;;;;;;I...;;>_martelldecision;We...;;>_martelldecision
council;_martelldecision;1373;hand;;;;10;She stormed out. What should we do about Dorne?;;;;-2;;Offer them money...;;del_martell_female;Divert their attention...;<i>You give Dorne the opportunity to attack the Lannisters at the same time as you send them what was left of Ellaria and the Mountain. You sign a peace treaty shortly after.</i>;martellpeace and martell>!antagonist
council;_martelldecision;1385;hand;arya;;;max;She stormed out. What should we do about Dorne?;;;;-2;;Offer them money...;;del_martell_female;Offer them revenge...;<i>Later that night you bring <martell_female> in a cell under the Red Keep where you kept the corpses of Cersei and the Mountain. She leaves silently, without asking who you really are. Soon after, enduring peace is made with Dorne.</i>;martellpeace and martell>!antagonist
council;_martelldecision;1386;hand;lannister;;;max;She stormed out. What should we do about Dorne?;-1;;;-2-2;;Offer them money...;;del_martell_female;Attack them...;;del_martell_female
council;_war_choice;541;stark_male;;stark&antagonist and !summer;reign;10;Stark$You've betrayed us for the last time, but it doesn't matter, the North will endure and prevail.;;;;;add_stark_male;The North will freeze;;>;The North is weak;;>_starkdecision
council;_;1375;stark_male;;;;;<i>Sad and cynical.</i> Maybe, probably. My only solace is that we will come back to haunt you.;;;;;;I will help the North;;>_1377;It's not what I want;;>
council;_;1376;stark_male;;;;;<i>Irate and scornful.</i> You know the truth, we paraded wights right in front of you. Every man, woman and child is doomed.;;;;;;We will see;;>_starkdecision;Not if I can prevent it;;>_1377
council;_;1377;stark_male;;;;;<i>Serious and distant.</i> I don't expect anything from you. Your gifts are as poisonous as your jests.;;;;;;I...;;>_starkdecision;Enough...;;>_starkdecision
council;_starkdecision;1387;hand;;;;max;He stormed out. What should we do about Winterfell?;-1;;;-2-2;del_stark_male;Offer them men...;;;Let's go there...;;>_wintercourt
council;_war_choice;542;greyjoy_male;;greyjoy&antagonist;;10;Greyjoy$I don't care for your diplomacy. I will pay the Iron price and take what is mine.;;;-1;1;add_greyjoy_male;You need my food;;>;You need my gold;;>
;_;1395;greyjoy;;;;;<i>Ironic and bitter.</i> My needs are larger than the Summer Sea. I doubt you will ever meet them.;;;;;;Try me;;>;You're a peculiar Iron man;;>
;_;1396;greyjoy;;;;;<i>Curious and nonchalant.</i> All right, so here is my offer. Give me an office in your court and the Iron fleet is yours.;;;;;;Grand Maester?;;>_1398;You will betray yours?;;>
;_;1397;greyjoy;;;;;<i>Sombre and biting.</i> The Iron men are a vicious and boring lot. I have seen so much more during my travels.;;;;;;;;>_greyjoydecision;;;>_greyjoydecision
;_;1398;greyjoy;;;;;<i>Laughing and excited.</i> Ha ha ha, I know more creative ways to use metal chains. Surprise me, show me you understand me.;;;;;;;;>_greyjoydecision;;;>_greyjoydecision
council;_greyjoydecision;1701;hand;;;;max;He's gone. What should we do about him?;-1;-1;;;;Offer him an office...;;> and >>>>>>_604;Attack...;;del_greyjoy_male
council;_;1399;maester;;;;;An office? Surely you're not suggesting...;;;1;-2;;Master of Coins;<i>You quickly learn that the new Master of Coins' accounting skills were limited to defrauding the treasury. Also, the war with the Iron Islands carried on.</i>;del_greyjoy_male;Master of Whisperers;;> and >>_1401
council;_;1400;spider;;;;;<i>Blank stare.</i>;;-1;;;;Indeed;;del_spider;Guaaaaards!;;kill_spider
council;_;1401;greyjoy;;;;;Wise choice. I will gladly serve you as a Master of Whisperers. I have friends in every port and every castle.;1;;-1;;greyjoy_male>spider;Our secret;;greyjoy>!antagonist;I've changed my mind;;del_greyjoy_male
council;_war_choice;543;dothraki;;dothraki&antagonist;;10;Dothraki$My khalasar will kill and reap and take your horses and your women.;;;;;add_dothraki;You will starve;;>;I can send you back;;>_1419
;_;1418;dothraki;;;;;<i>Angry and callous.</i> Our bloodriders will turn your green lands to ashes and your red city to dust.;0-2;;0-1;0-1;;Wait...;;;No...;;
;_;1419;dothraki;;;;;<i>Pensive and mournful.</i> Me nem nesa... It is known that our hearts lie in the Great Grass Sea.;;;1;;add_greyjoy;I will send you back;;>_dothrakidecision;Wait...;;>_dothrakidecision
;_dothrakidecision;1431;hand;;greyjoy&antagonist;;max;You will never be able to send that many Dothrakis back to Essos. We need the Iron Fleet.;;;1;;;Let's talk to them;;>_war_choice;Nevermind;;
;_dothrakidecision;1432;greyjoy;;greyjoy!antagonist;;max;Are you really mistaking us for fat merchants? We do not ferry horse meat.;2;;1;-2-2;;I will pay;;del_dothraki and dothraki>!antagonist and dothrakiback;Nevermind;;
council;_war_choice;544;unsullied;;unsullied&antagonist;;10;Unsullied$We do not bow to you.;-1+1;;;;add_unsullied;Then shake my hand;;>;I can crush you;;
;_;1433;unsullied;;;;;<i>Shocked and repulsed.</i> We do not do that either.;;;;;;. . .;;;. . .;;
council;;545;&hand;;storm;400;100;The Walkers are advancing more quickly than expected. They are very close to Winterfell now.;1;;-2-1;;;Prepare the defense;;;Store food;;
travel;_wintercourt;605;hand;;kingslanding;;;We're ready to travel to Winterfell.;;;1+1;-1-1;;;<i>You start your journey to Winterfell, followed by your army and most of the court.</i>;winterfell and !kingslanding and >_ontheroad and set_kingslanding>2 and inc_road;I changed my mind;;
;;1506;maester;jon;!winterfell;400;300;My Lord, a raven from your sister Lady Sansa at Winterfell. She urgently requests you to visit her there.;-1;-1;2;-1-1;;Then I ride North;<i>You start your journey to Winterfell, followed by your army and most of the court.</i>;winterfell and !kingslanding and >_ontheroad and set_kingslanding>2 and inc_road and northrequest;Now? Impossible;;
travel;_ontheroad;1047;kingsguard>helmet;;;10;10;Corpses litter the road ahead. Should we bury the dead?;-1;;1;;;Bury them;;>_ontheroad and inc_road-;Leave them;;>_ontheroad
;_ontheroad;1460;noble;;;10;10;A fair maiden is begging to be allowed to ride with us. She's escaping a brutal father apparently.;-1;;;;;Of course;;add_kirsten and >;;;>_ontheroad
;_;1702;kirsten;;;;;Thank you My (Lord*Lady), I'm so glad you came this way. I thought I was going to die.;;1;1;;;Share my carriage;;>_ontheroad;It's nothing;;>_ontheroad
;_ontheroad;1461;maester;!lannister;;10;10;This scream came from a man tortured and tied to a tree. He accused a bannerman of the Lannisters before collapsing.;;;;;;Hunt them;;>_ontheroad and >>_lanniwar;Carry on;;>_ontheroad
;_ontheroad;1462;soldier;;;10;10;Mud is slowing us down, perhaps we should split the party up?;-1;;;;;;;>_ontheroad;;;>_ontheroad
;_ontheroad;1463;pious;;;10;10;Everyone is soaked from the rain, we need to stop and dry out before illness comes.;2;;;;;;;>_ontheroad;;;>_ontheroad and inc_road-
;_ontheroad;1464;military;;;10;10;A farm up ahead has lot's of food stored. Shall we take our tribute?;1;;-1-1;;;;;>_ontheroad;;;>_ontheroad
travel;_ontheroad;1434;unsullied;daenerys;daenerys_super and inc_road=1 and winterfell;10;max;Mother of Dragons should fly there with the wind. Not with the dust like Unsullied. We will follow.;;;;;;;;>_welcomewinter and !inc_road and set_winterfell and add_jon and add_sansa and add_stark_male;;;>_ontheroad
travel;_ontheroad;607;kingsguard>helmet;;godseye and inc_road=1;10;max;To avoid unwelcome attention, we will follow the Goldroad until we cross the Blackwater Rush. Then we shall head north.;1;;1;;passturn;Good plan;;>_ontheroad;I have some doubts;;>_ontheroad
travel;_ontheroad;1437;hand;;godseye and inc_road=2;10;max;Scouts have reported the Blackwater is very near. We will cross it tomorrow.;2-1;;;;;Good;;>_ontheroad;I'm tired;;>_ontheroad
travel;_ontheroad;1438;maester;;godseye and inc_road=3;10;max;We've just crossed the Blackwater. We will leave the Goldroad and head north. Be wary, the terrain will get rougher.;;;;;passturn;;;>_ontheroad;;;>_ontheroad
travel;_ontheroad;606;kingsguard>helmet;;winterfell and inc_road=1;10;max;The Kingsroad is long and full of dangers Your Majesty. While we travel, I would advise you to stay close to your carriage.;-1;;-1;;passturn;;;>_ontheroad;;;>_ontheroad
travel;_ontheroad;608;&hand;;winterfell and inc_road=3;10;100;We've made good progress, Your Majesty. The Trident is close now. Would you like to stop at Harrenhal?;;;;;;;;>_ontheroad and inc_road-;No, press on;;>_ontheroad
travel;_ontheroad;609;kingsguard>helmet;;winterfell and inc_road=4;10;100;I'm afraid the bridge over the Trident has collapsed. Should we try to repair it, or make a detour?;1;;;-1;passturn;Repair it;;>_ontheroad and inc_road-;Make a detour;;>_ontheroad and inc_road--
travel;_ontheroad;610;&hand;;winterfell and inc_road=5;10;100;Moat Cailin is in sight! We're close to Winterfell now. Should we camp here?;;;;;passturn;;<i>Moat Cailin is a pile of muddy rubble in the middle of stinking swamps. You don't spend too much time there.</i>;>_ontheroad and inc_road-;No, press on;<i>You leave behind the marshes of the Neck. The north opens up in front of you, vast and bitterly cold.</i>;>_ontheroad
travel;_ontheroad;611;&coins;;winterfell and inc_road=6;10;100;White Harbor is a few dozen leagues to the east. I can ride there to meet Lord Manderly and request his support in meat and coin.;1;;;1;;;;>_ontheroad;;;>_ontheroad
travel;_ontheroad;612;soldier;;;10;10;We've spotted a ragged band of mercenaries. Should we hunt them down?;1;;;1;passturn;Please yes;;> and add_commoner_male and inc_road-;No, carry on;;>_ontheroad
travel;_;613;commoner_male;;;;;No matter your banner, we will fight you. We are the Brotherhood, we are Westeros. You're just a mayfly sitting on a throne.;-1;1;1;;;Let him go;;>_ontheroad and del_commoner_male and inc_road-;Die;;kill_commoner_male and >_ontheroad and inc_road-
travel;_ontheroad;614;maester;;;10;10;The state of your army is concerning. The road is long, and an epidemic of dysentery is spreading. Please slow down.;-1;;;1-1;passturn;;;>_ontheroad;;;>_ontheroad
travel;_ontheroad;615;kingsguard>helmet;;;10;10;The men are too scared to enter the dense forest ahead. Should we attempt a detour?;-1;;1;;;;;>_ontheroad and inc_road-;;;>_ontheroad
;_ontheroad;1703;knight;;godseye;10;60;What is this green stain all over my beautifully weaved scabbard from Qohor? It's ruined now!;-5-5;-5-5;-5-5;-5-5;;Get rid of it;;> and !inc_road;Do... not... move;<i>Wildfire was leaking from one of the jars. The convoy is stopped until pyromancers could inspect all of them.</i>;>_ontheroad and inc_road-
;_;1704;end>wildfire;;;;;<i>Petulantly, the Knight threw the scabbard in the camp fire. The whole area instantly disappeared in a gigantic ball of green flames.</i>;;;;;;;;;;;
travel;_ontheroad;616;maester;;;10;10;A caravan of merchants is just ahead! Shall we stop and see their wares?;;;;-1;;;<i>You end up buying a few items, a sword and some books.</i>;>_ontheroad;;;>_ontheroad
travel;_ontheroad;617;soldier;;;10;10;A pack of starving wolves is harassing the rear, where we carry supplies. Should we go on a hunt?;2;;1;1;;;;>_ontheroad;;;>_ontheroad
travel;_ontheroad;619;&hand;!arya;inc_road>5 and winterfell and stark&antagonist;10;max;Winterfell is in sight. Should we prepare for a siege, or for a battle?;-1;;-1;1;passturn and !inc_road and set_battle_before;Battle!;;>_startbatnorth;How would I know?;;>_startbatnorth
travel;_ontheroad;618;&hand;;inc_road>5 and winterfell;10;max;Finally! Winterfell is in sight. How should we announce our arrival?;1;;;;add_jon and add_sansa and passturn and add_stark_male and add_crow;Sound the horn;<i>As you approach Winterfell, the more you see the signs of winter and war. Northmen and Wildlings stand silent as you travel through, hungry and beaten.</i>;>_welcomewinter and !inc_road and set_winterfell and add_stark_male;Send someone;<i>As you approach Winterfell, the more you see the signs of winter and war. Northmen and Wildlings stand silent as you travel through, hungry and beaten.</i>;>_welcomewinter and !inc_road and set_winterfell and add_stark_male
travel;_ontheroad;1439;&hand;;inc_road>5 and godseye;10;max;Finally! Harrenhal is in sight. Shall we camp here or closer to the ruins?;1;;;;set_gogseye;Here;;>_welcomegodseye and !inc_road;Closer;<i>As you approach Harrenhal, you cross a few merchants and farmers. They look at you with a combination of fear and bitterness.</i>;>_welcomegodseye and !inc_road
travel;;1440;&hand;;!kingslanding and daenerys_super;23;10+40;Should we head back to the capital? The Seven Kingdoms need to see a (King*Queen) sitting on the Iron Throne.;3-2;1;1;;;;<i>You fly back to King's Landing the following day. Your court follows you laboriously.</i>;set_kingslanding and kingslanding and !winterfell and !godseye and !wall;;;
travel;;1441;&hand;;!kingslanding and !daenerys_super;23;10+40;Should we head back to the capital? The Seven Kingdoms need to see a (King*Queen) sitting on the Iron Throne.;3-2;1;1;;;;<i>You spend the next moon on the road. Finally the familiar shape of the Red Keep appears on the horizon.</i>;set_kingslanding and passturn and kingslanding and !winterfell and !godseye and !wall;;;
winterfell;_welcomewinter;1009;sansa;arya;seen_1235;reign;max;You destroyed my family. The sight of your evil face is a violation of the North itself.;-1;;1;;;I come in peace;;>;This is my right;;>
winterfell;_;1388;jon;arya;;;;<i>Ignoring you.</i> Sansa. Give me the order and I shall bring justice to our brother and our mother.;;;;;;We shared salt and bread!;;>;I'm your guest!;;>
winterfell;_;1389;sansa;arya;;;;As was Robb when he was murdered by your father and his cabal.;;;;;add_varys;I'm not...;;>;My father...;;>
winterfell;_;1390;varys;arya;;;;Jon, Sansa. Don't hurt her. This... this is not Cersei.;;;;;;<i>Remove Cersei's face</i>;;>;<i>Escape</i>;;>_startbatstark
winterfell;_;1391;sansa;arya;;;;Arya? Arya! But why would you do that?;;;;;add_jon;<i>Hug her</i>;<i>You tell everything to Sansa and Jon in quick, anguished breaths. The list, Braavos, the faceless men, Cersei, the throne...</i>;>;<i>Put back the face</i>;<i>You coldly explain how with your revenge completed, you found yourself in a unique position to bring peace to the Kingdom.</i>;>
winterfell;_;1392;jon;arya;;;;Why didn't you tell us? We could have killed you.;;;;;;I doubt that;;>;;;>
winterfell;_;1393;sansa;arya;;;;It means... it means we have a chance, just one chance to survive winter.;;;;;alliance_super and stark>!antagonist and winter;;;;Maybe;;
winterfell;;1010;lannister_male;arya;winterfell;400;400;Give me the order and I will torture and execute every remaining Stark.;;;;;;I cannot do that;;>;Never;;>
winterfell;_;1011;lannister_male;arya;winterfell;;;Why do you hesitate? Have you lost your nerve? Have you become soft?;;;;;;I rule wisely;;>;What do you think?;;kill_lannister_male
winterfell;_;1012;lannister_male;arya;winterfell;;;You are changed. You are no Lannister lioness! Women's grief and weakness have ruined you.;;;;;;;;;;;kill_lannister_male
winterfell;_welcomewinter;633;stark;!stark;winterfell;;10;A feast has been arranged to welcome you to our hearth! Won't you come and sit at the head of the table?;1;1;1;;;;;;;;
winterfell;_welcomewinter;626;stark;stark;winterfell;;10;Welcome home, your Highness! How strange to call you that.;;;;;;It's good to be back;;;;;
winterfell;_welcomewinter;1705;jon;sansa;winterfell and !sansa_super;;max;Welcome home, Your Highness! The bannermen of your father are all here to welcome you.;1;;;;sansa_super;You mean my bannermen;;;Lovely;;
winterfell;_welcomewinter;1507;sansa;jon;winterfell;500;200;Jon, I'm so pleased you answered my summons. Sorry, I suppose I'd better call you King, now.;1;;;;;You'd better!;;>;<i>Hug her</i>;;>
winterfell;;1110;sansa;jon;winterfell;500;1000-400;Bran is... unwell. It's better to leave him alone. Will you stay long?;1;;1;;;I leave in a fortnight;;;I will stay;;
winterfell;;628;stark;;winterfell;400;100;Supplies are low and hunger will soon begin to gnaw at our stomachs. Will you help us?;;1;2+1;-1-1;;;;>_northremembers;;;>_badnorth
winterfell;_northremembers;637;stark;;winterfell;500;;Your help will not be forgotten. The North remembers.;-1;;-1;;;It's nothing;;;Thank you;;
winterfell;;1508;sansa;jon;winterfell;400;200;You should pray at the Godswood, so that the spirit of the North blesses your reign. Sometimes I feel our father there...;;-2;2+1;;;I will;<i>Forgetting the Old Gods would alienate your fellow Northmen. Sansa was wise as usual to invite you.</i>;>;I'd rather not;<i>The religious climate in King's Landing is fragile. And besides, you aren't entirely ready to face the past.</i>;>
winterfell;;1509;sansa;jon;winterfell;400;300;Once, all I wanted was to see my family again. But we are all so changed now, it might have been easier if... never mind. Shall we talk?;;;;;;All right;;>_homevisit;I must return;<i>You decide not to stay away from King's Landing for long. Sansa will understand that preparations for Winter must be made.</i>;
winterfell;_homevisit;1510;sansa;;jonheir_keep;;10;Truth$So you are not my half-brother, but my cousin? This changes little for me, and only underlines how much my father loved you.;-1;;1;;;We're still family;;;It's a big change...;;
winterfell;_homevisit;1511;sansa;;<;;10;Arya$What am I to do about Arya? I have no idea where she is. She scares me.;;;;;;Reach out to her;;;Give her time;;
winterfell;_homevisit;1512;sansa;;;del;10;Daenerys$What, exactly, is your relationship to the Dragon Queen?;-1;-1;;;;Well...;Forget I asked, <i>she interrupts, avoiding eye contact.</i>;;She's a powerful ally;She has her own appetite for the throne, <i>Sansa says.</i> ;
winterfell;_homevisit;1513;sansa;;<;;10;Winterfell$As Lady of Winterfell, I'll be your Warden of the North too, right?;;;;;;Of course;;;It's 'Wardeness';;
winterfell;_homevisit;1514;sansa;;!sansadivorce;;10;Marriage$Yes, Tyrion Lannister is still my Lord Husband. I keep waiting for one of us to ask for the annulment, but...;;2+1;1;;;Let me handle it;<i>As King it's a relatively small matter for you to dissolve the marriage Sansa was forced into by the Lannisters.</i> ;sansadivorce;Let him do it;;
winterfell;_homevisit;1515;sansa;;<;;10;Marriage$After everything, I've no interest in being wedded again. Please, Jon, don't tell me I have to...;;;;;;No need;;;Remember your duty;<i>You remind Sansa that she is the best hope for the Stark family line.</i>;
winterfell;;1516;hand;;winterfell;400;50+70;It is time we return to King's Landing, my (Lord*Lady). Will you leave some of your guardsmen behind to defend Winterfell?;-1;1;1;-1-1;;Good idea;;;We need them more;;
winterfell;;629;stark;;winterfell;400;150;We require salt to preserve food for the long winter. Can you provide some?;;;2;-1-1;;;;>_northremembers;;;>_badnorth
winterfell;;630;stark;;winterfell;400;150;The keep is in dire need of repair, but we are short of healthy labourers. Can you provide some of your soldiers?;-2-1;;2;;;;;>_northremembers;;;>_badnorth
winterfell;_badnorth;631;stark;!stark;winterfell;400;150;No House made more sacrifices than ours to protect this kingdom. We demand you provide soldiers now!;-2-1;;2;;;;;;;;
winterfell;_badnorth;632;stark;!stark;winterfell;400;150;I would not test the North if I were you, Your Majesty.;1;;1;;;Thank you;;;I'm not afraid;;
winterfell;;663;stark;!stark;winterfell;400;150;I invite you to the Stark family crypt to pay your respects.;1;1;2;;;;;;;;
winterfell;;664;noble;;winterfell;400;150+50;While we're in the North, perhaps we should hunt some wolves and use their pelts for winter cloaks?;2;;1;1;;;<i>You go on a hunt with a large party. After a few days of unsuccessful tracking...</i>;>;;;
winterfell;_hunt;665;&hand;;;reign;;The night is closing in. We'd best make our way back. <i>Howling in the distance</i>;-1;;;;;;;;We're so close;;>
winterfell;_;666;military;;;;;<i>Howling becomes louder</i> Your Majesty, it's my duty to protect you! I beg you, let us return.;-1;;;;;;;;A little further;<i>You hear sudden shouting from the rear of the party. By the time you turn around, a large wolf knocks you over and is standing on your chest.</i>;>_wolfchest and add_wolf
winterfell;_wolfchest;667;wolf;!arya;;;10;Grrrrrrr...;;;;;;<i>Scream</i>;;>;<i>Stay calm</i>;<i>One of your knights bravely attracts the beast to himself by swinging his sword around. He dies horribly but honorably, while you escape back to Winterfell.</i>;
winterfell;_;681;end>wolf;;;;;<i>The wolf tears your throat out effortlessly.</i>;;;;;;;;;;;
winterfell;_wolfchest;668;wolf;arya;;;10;Grrrrrrr...;;;;;;Nymeria?;;>;<i>Stay calm</i>;;>
winterfell;_;682;wolf;arya;;;;<i>Nymeria licks your face and nuzzles you in recognition, despite your disguise.</i>;1+1;1+1;1+1;1+1;;<i>Hug her</i>;<i>A few men came at that moment, witnessing the unexpected scene of a frail and weeping Cersei embracing a monstrous dire wolf. It became a song and a legend.</i>;;<i>Push her away</i>;<i>Nymeria leaves before the men who follow you could see her. You head back to the camp.</i>;
winterfell;;1634;freefolk;!jon;!wildlingproblems;500;200;We Free Folk helped take Winterfell back. Now we want safe lands for our people in return.;-1;-1;2+1;-1;add_crow;Certainly;<i>You agree to portion some of the rugged Frostfangs south of the Wall as Wildling territory.</i>;>>>>_thegift;But...;;>
winterfell;_;1635;freefolk;;;10;10;We were promised so much by Jon Snow. We were promised land and safety.;;;-1;;;You will have them;<i>You agree to portion some of the rugged Frostfangs south of the Wall as Wildling territory.</i>;>>>>_thegift;It's complicated;<i>You let the Wildlings move to a camp outside Queenscrown, but swear to the old families of the North that it's only temporary.</i>;>>>>_queenscrown and add_jon
winterfell;_thegift;1636;crow;;;10;10;I beg you, don't give so much land to the Wildlings so close to the Wall. Already we've brawled with them for resources.;-1;;-1;1;;I'll move them;<i>Amid much dispute from the old families of the North, you allow the Wildlings to move to a camp near Queenscrown.</i>;>>>>_queenscrown and add_jon;You must get along;;wildlingproblems
winterfell;_queenscrown;1637;jon;;;10;10;I came as soon as I heard. You've placed the Wildlings in a camp? They are not animals!;;;-2-1;;;It's temporary;;>;You cannot...;;>
winterfell;_;1638;jon;;;10;10;You -- forgive me, Your Majesty, but you must let me govern in the North. I understand the issues there.;-3;;1;;;;;!wildlingproblems and del_jon;Don't question me;;wildlingproblems and del_jon
winterfell;;1639;freefolk;!jon;wildlingproblems;400;500;Them crows will murder us! A woman and child of the Free Folk came to the Wall seeking shelter, and they killed them!;;1;2-1;;;I will investigate;;>;Stay in your area!;;
winterfell;_;1640;hand;sansa;;;;You are Queen of the Seven Kingdoms now, not the lady of some snowy outpost. Aren't there better uses for your time?;1;;2;;;Justice for all;;>>>;You're right...;<i>Your priority must be to prepare the kingdom for the long winter, else there'll be no land left to dispute.</i>;
winterfell;_;1641;freefolk;sansa;;;;The crow who let a woman and her baby freeze made restitution, thanks to you. We will fight the Night King alongside you.;-1;;;;;Thank you;<i>Matters soon settle in the North, and the Free Folk are able to work together with the Night's Watch a little better.</i>;!wildlingproblems;Then kneel before me;<i><freefolk> laughs heartily, helps herself from a tray of food, and leaves.</i>;
winterfell;;1642;crow;sansa;wildlingproblems;400;400;The Wildlings who settled near the Wall are raiding the Watch's resources for their private use. Our defenses will surely weaken.;1;1;2;-1-1;;I'll supply them;;>>>_queenscrown;Deal justice yourself;<i>The Wall is meant to keep Wildlings out as well as Walkers, isn't it?</i>;
money;;1643;coins;;;500;50;We could fashion you a new crown your Majesty. A majestic one with gold, rubies and dragonglass shards.;2;-1;;-2-1;;;;;;;>>
money;;1644;pious;;;500;50;We're offering you this humble crown. It has been crafted from a twisted hazel tree by silent sisters.;;2+1;;;;;;;;;
;;1665;hand!greyjoy;;!has_banker;80;500;A representative of the Iron Bank of Braavos is here? He can't possibly be bringing good news.;;-1;;2-1;;Send him in;<i>A tall man enters the room and bows deeply.</i> It is a distinctive honor to meet the ruler of the Seven Kingdoms. ;> and add_banker;Send him away;;
;_;1666;banker;;;;;The matter that brings me here is mildly... irritating. We tried to send a representative to collect a debt from House Greyjoy but...;;;;1;;They killed him?;;>;How boring;;
;_;1667;banker;;;;;They sent his body back to Braavos in a fishing net. He was... not whole. This sort of violation is unprecedented.;-1;;;1;;How awful!;;>;What did you expect?;;>
;_;1668;banker;;;; ;All the world will suffer if the Crown allows such treatment of the Bank. It is your duty to address this.;;;-1;;;I shall;<i>You call your council to discuss the matter privately.</i>;>_bankingchoice;No it is not;;>
;_;1669;banker;;;;;With no help from the Crown, we have no choice but to suspend all the lines of credit opened in Westeros, yours included.;;;;2-1;;Wait!;;>_bankingchoice;Guards! Arrest this man!;;kill_banker and noironbank
;_bankingchoice;1670;hand;;greyjoy&antagonist;10;10;You seem to forget we're at war with the Greyjoys. There's not much we can do except raise more troops and invade them.;1+1;;;0-2;;Do it;;;Forget it;;
;_bankingchoice;1671;hand;;greyjoy!antagonist;10;10;You could invade the Iron Islands. But they would have the advantage, thanks to their new fleet.;;;;2;;Do it;<i>You suffer some losses. The Greyjoys are enflamed by the conflict, but the Bank is satisfied.</i>;greyjoy>antagonist ;Forget it;;
;_bankingchoice;1672;greyjoy_male;;;10;10;I've come as you asked, to respond to the Iron Bank's lies. We are your allies! I swear, it wasn't us who killed the moneylender!;;;;;;Who was it?;;>;Yes, it was ;<i>How else could the Iron Islanders have received a new fleet? You sentence him to be executed.</i>;kill_greyjoy
;;1674;spider;;lannister&antagonist;500;250;Offer a noble daughter to a minor Lannister cousin as a wife and hostage, then have her assasinate him. I know someone.;1;;-1;-1-1;;Do it;<i>If anything it encouraged the Lannisters to harass your lands more.</i>;;It is a bad idea;;
;;1675;banker;;greyjoy&antagonist;500;200;You want to prevail over the Greyjoys? Simple! Issue a decree that forbids anyone from exchanging money or goods with them.;2+1;;-2;1+1;;Good idea;;>;;;
;_;1676;spider;;;;;You need only pretend to take that action. Ally with the Greyjoys privately. Their new fleet could be useful.;1+2;;1;;;Excellent;;greyjoy>!antagonist and >>>_1666;;;
;;1677;banker;;martell&antagonist;500;250;I don't know if it may be of interest to Your Majesty, but Dorne is in debt to the Iron Bank.;;;;;;Who isn't?;;>;;;
;_;1678;banker;;;;;<i>Chuckles lightly.</i> Indeed, indeed. If you're willing to cover their debt, I'm sure we can convince them to consider peace.;1;;1;-2-2;;Do it;;martell>!antagonist;;;
;;1679;nobleman;;noironbank;80;200;I cannot raise my banners for you. I require a loan from the Iron Bank, but it seems there is a lending freeze!;1;;1;-2-1;;I will lend it;;;I see;;
;;1680;septon;;noironbank;80;200;Thefts are increasing, desperation has hit the lowest of the people, thanks to the Iron Bank's lending freeze.;-1;1;1;-2-1;;Let us help;;;More bodies for the Wall!;;
;;1681;coins;;noironbank;50;250;The Iron Bank is on the hunt! I suppose I could move some coins around, to restore funds to the treasury.;;;;2+1;;Please do;;;;;
money;;638;banker;;;400;100;I would like to offer a generous sum to support your efforts to bring order to the kingdom.;;;;1-1;;In exchange for?;;>;;;
money;_;639;banker;;;;;Nothing, really. Consider it a humble favor that will enrich the crown.;;;;;;Now you scare me;;>;;;
money;_;640;banker;;;;;The Tyrells owe large sums to the Iron Bank. Our only request is that you enforce the law by seizing some of their assets...;;;-2;2+1;;As is my right!;<i>You took control of what was left of the Tyrell's lands and split their revenues with the Iron Bank.</i>;>;Never!;;
kingdom;;641;septon;tyrion;!has_sansa;500;100;Your Highness, your marriage to Sansa has never been officially annuled. Isn't it time?;-1;2;;;add_sansa;;;>>>;;;>>>
kingdom;;642;sansa;tyrion;;500;100;I never had the chance to tell you... I was a stupid girl, and you protected me. I understand now.;;1;2;;;You were alone;;>;Nonsense;;>
kingdom;_;643;sansa;;;;;I should have trusted what I saw, instead of clinging to dreams. You were my protector, yet I fled with a traitor.;1;;1;;;Oh, Sansa...;;>;No I was not...;;>
kingdom;_;644;sansa;;;;;Perhaps you weren't the proud knight of my childish dreams. But you were an ally, and yes, a friend.;1;;1;;;<i>Take her hand...</i>;;>;Always;;>
kingdom;_;645;sansa;;;;;I'm afraid it may be too late to consummate our marriage, my Lord Husband.;;-1;;;;Our divorce then?;<i>She laughs, and you spend one single, memorable night together. The following morning your divorce is officially registered.</i>;>;;;
kingdom;;646;kingsguard;!jon;!has_sam and !has_jon and !summer;500;200;We have arrested a man on the Kingsroad. He looks like a man of the Watch, but speaks like a Maester.;2+1;;1;;;Bring him in;;> and add_sam;No time for this;;
kingdom;_;647;sam;;;;;Your Majesty, my name is Samwell Tarly. I made this journey at the request of Jon Snow.;1;2;1;;;You're my guest;;>;You're my prisoner;;>_649
kingdom;_;648;sam;;;;;Thank you, Your Grace. The army of the dead needs all your attention. I'm here to help.;1;;;;;How?;;>_650;And why would...;;>_650
kingdom;_;649;sam;;;;;Do as you wish, but hear me first. The threat from the North is real. I saw it with my own eyes, and now I offer my help.;1;;;;;How?;;>_650;And why would...;;>_650
kingdom;_;650;sam;;;;;I will study texts, report my findings to Jon and support your efforts. There's much work to do. Do you agree?;2;-1;1;;;;;;;;del_sam
kingdom;sampush;656;sam;!jon;;500;100;One of your boorish knights is distressing Gilly, my wife. You must deal with him, now.;;;2+1;;;;;;;;>_samreveal
kingdom;sampush;657;sam;!jon;stark&antagonist;500;400;What sane leader would wage a war with the North when so much is at stake? I pray that you stop this folly.;-2+1;1;1;-1-1;;You're right;;stark>!antagonist;I'm sane;;>
kingdom;_samreveal;658;sam;;;;;Stop this or I will reveal to the Kingdom a truth that will bring you down: Jon is the one true heir to the throne!;-2;;;;;What?;;>;I know;;>_660
kingdom;_;659;sam;;;;;Jon is the son of Rhaegar Targaryen and Lyanna Stark. I can prove they were married when he was born.;;;1;;jonheir_keep;I see...;;>;Then?;;>
kingdom;_;660;sam;;;;;Then you will do as I say.;1;2;-2;;;;;;Or...;;kill_sam
lover;;714;sellsword;female;!has_sellsword;400;300;Your Grace, I have travelled for months to meet you, the legendary Queen of the Andals.;-1;1;;;;Greetings;;>;I'm busy;;>
lover;_;715;sellsword;female;;;;I expected beauty and spirit, but not wisdom and strength. I am enamored of you. I want to be your lover!;;-2;2;;;What you want is a brothel;;>;What you want is to die;;>
lover;_;716;sellsword;female;;;;A direct Queen, I like it. To business then. The Golden Company currently lacks a patron... or patroness...;;;;-1;;I will think about it;;>>>;Not interested;;>>>
lover;_;717;sellsword;female;;;;To convince you of my effectiveness at understanding the intricacies of your politics, I have brought you a gift.;1+1;;1+1;;;Show me;<i>A severed head with a shock of golden hair is placed by the mercenary in front of you.</i>;>_gifthead;Not now;;
lover;_gifthead;737;sellsword;cersei;;;max;One from your endless supply of cousins. This one was relaying notes and secrets to the Starks.;1;;;;;What do you want?;;>_719;I don't need mercenaries;;del_sellsword
lover;_gifthead;738;sellsword;arya;;;max;One from your endless supply of cousins. This one was relaying notes and secrets to the Starks.;-1;;;;;And the cost?;;>_719;Because I asked him...;;kill_sellsword
lover;_gifthead;718;sellsword;!cersei;;;10;Only a minor Lannister cousin. But as you see, I will root out your enemies, wherever they may be.;1;;;;;And the cost?;;>_719;I don't need mercenaries;;del_sellsword
lover;_;719;sellsword;female;;;;Well, a good pile of gold of course, what else? I promise you, you will not regret your decision.;1;;;-1-1;;We will see;;;I expect to;;
lover;;720;sellsword;female;;500;100;I am honored to serve you, Your Majesty. I hope that we will be seeing much more of each other.;1;;;;;Me too;;>_722;Kneel before your Queen;;>_722
lover;;1706;sellsword;;;500;100;Should I send for more men from Essos? The (King*Queen)'s troop are harassed daily, let me help you.;2;;;-1-1;;;;;;;
lover;;721;hand;;has_sellsword;500;100;I must advise caution with these sellswords. Their price is often more than just gold. There is always something else they're after.;;2+1;;1;;Thank you;;;Do not worry;;
lover;_;722;noble;female;;500;1000;That... that dog! The way he looked at you disgusts me, I wish to pluck his eyes out. He offended your purity.;-2+1;2;;;;Breathe, breathe;<i>He sputters in anger and embarrassment as the rest of the court laughs.</i>;;My purity is not of your concern;<i>He sputters in anger and embarassment as the rest of the court laughs.</i>;
lover;;723;banker;;;500;200;The Golden Company are in quite some debt with the Iron Bank. It would be hard to spend that much on beer and whores alone...;-1;;;1;;I will be cautious;;;Not my business;;
lover;;724;sellsword;female;yes_sellsword>2;400;1000;<i>In your chamber later that night.</i> I was not lying about your appeal earlier.;;;;;;You scared me!;<i>He flops down on your bed with a grin and admires his surroundings</i>;>;GET OUT!;<i>He leaves your chamber with a smile. You decide to post more guards outside.</i>;
lover;_;725;sellsword;female;;;;Now, I think I've made my intentions clear. What do you say? Shall I stay or shall I go and never darken your door again?;;-2;1;;;Stay;<i>You join him on the bed. The first kiss is easy. The next morning, you feel a new sense of joy.</i>;;Go;<i>The Kingdom comes first. You must not allow your flesh to weaken.</i>;
;;1707;goldcloak;;has_sellsword;500;80;Foreign sellswords walking among honorable soldiers... It's a disgrace. May we at least have a pay rise, to set us apart?;1;;1;-1-1;;;;;;;
;;1708;sellsword;;kingslanding;500;120;Let me be honest: Your Gold Cloaks are barely more than thugs terrorizing the city. They need a lesson in humility and service.;;;;;;From you?;;>;That's enough;;
;_;1709;sellsword;;;;;Just because I'm an independent sword doesn't mean I don't have honorable standards.;1;;1;-1;;Honorable and expensive;;;Don't bother;;
;;1710;sellsword;;!brothel and has_sellsword;500;80;I humbly beg you to reopen the pleasure houses of the capital. As you know, men have needs.;-1;;1;-1-1;;;;brothel and add_courtesan;They also have duties;;
;;1711;courtesan;;has_sellsword;500;80;Your sellswords are lazy pigs. They keep complaining about the talents of my friends but spend their time snoring on my cushions.;2;;;-1;;I will send them away;;del_sellsword;They need rest;;
;;1712;nobleman;;has_sellsword;500;80;Sellswords are marauding all over the lands below the Neck. How long must we accept their plunder?;-1;;1;-2-1;;I will pay them more;;;Long enough;;
;;1713;spider!sellsword;;has_sellsword and !storm;500;300;Sellswords will be the first to flee when the horrors of winter descend upon us. Don't give so much power to them.;-1;;1;2+1;;;;del_sellsword;;;
;;1714;sellsword;;storm;500;20+200;You don't pay us enough to fight horrors like the White Walkers. Farewell, (King of the dead*dear Queen).;-1-2;;;-2-1;;I will pay more;<i>He took the coins you gave him but the following morning the Golden Company has left for Essos.</i>;del_sellsword;Guards!;;kill_sellsword
;;1715;daenerys;cersei;!has_daenerys and has_sellsword and !summer;400;100+20;Why did you hire the Golden Company?;;;;;;Nice to see you too;;>;I'm glad you're here;;>
;_;1716;daenerys;;;;;Don't play your games with me Cersei. We had an understanding.;1;;;;;Coud you refresh my memory?;;>;;;>
;_;1717;daenerys;;;;;My allies and considerable armies are marching to defend Westeros. When we win, your throne will be mine.;;-1;;;;IF you win;;>;So many heroes;;>
;_;1718;daenerys;;;;;Only two truths are known: the dead will come, and I will have your throne. Fight beside us, and I will let you have Casterly Rock.;;;;;;I will;;stark>!antagonist;I will not;;stark>antagonist
;;731;maester;;stark!antagonist and kingslanding;500;100;Should I send a raven to Winterfell to enquire whether they are prepared for winter?;;1;2;-1-1;;;;>;;;
;_;732;maester;;;;;The raven is back.;;;;;;That was quick;;>_ravensays;But...;;>_ravensays
;_ravensays;733;raven;sansa;;;100;<i>We always need grain, whatever you can spare we will take. -- Jon</i>;-1;;1+2;-2+1;;<i>Offer grain</i>;;northrequest;<i>Sell grain</i>;;
;_ravensays;734;raven;!sansa;;;100;<i>We always need grain, whatever you can spare we will take. -- Sansa</i>;-1;;1+2;-2+1;;<i>Offer grain</i>;;northrequest;<i>Sell grain</i>;;
;;739;handmaiden;cersei;;500;120;May I brush your hair, My Queen?;-1-1;1;-1;;;He was a gentle boy...;;>;;;
;_;740;handmaiden;cersei;;;;<i>She doesn't seem to notice your mutterings. She starts to brush your hair.</i>;;;1;;;He used to give me flowers...;;>;<i>Stand up</i>;;
;_;741;handmaiden;cersei;;;;I beg your pardon, Your Majesty?;;1;;;;He was beautiful, perfect...;<i>You continue to talk to yourself.</i>...I spoilt him...I knew what he was... and I still loved him.;>;<i>Stand up</i>;;
;_;742;handmaiden;cersei;;;;<i>Trembling</i>. Who... who, Your Majesty?;1;;;;;WHO?;;>;No one;;>
;_;743;handmaiden;cersei;;;;<i>Looking down.</i> Please Your Highness, I implore you...;-1;;1;1;;Why would you do that?;<i>As she left, you remind her that her tongue will be cut out if she mentions this to anyone.</i>;;More wine;<i>As she left, you remind her that her tongue will be cut out if she mentions this to anyone.</i>;>>>morewine
;entryrecruit;744;sansa;!daenerys;stark!antagonist and !seen_752 and !has_sansa;reign;200+100;I would like to buy some wildfire from your stock.;-1-1;;;2+2;add_maester;Certainly;;>>>_sansafire and northrequest;But why?;;>
;_;751;sansa;;;;;The price I'm willing to pay should cover your silence regarding this transaction. Do you accept?;-2;;;2+2;add_maester;;;>>>_sansafire and northrequest;;;
;_sansafire;752;maester;;;;;Sansa blew up The Twins! She laid wildfire all over the grounds. The whole castle is rubble!;0-1;0-1;0-1;;;What!;;>;How on earth?;;>
;_;763;sansa;;;;;I couldn't allow the lair of the Freys to stand. They betrayed everyone and everything that matters.;-1;;-1;;;You're hysterical!;;>;And the real reason?;;>
;_;764;sansa;;;;;<i>Looking at you icily.</i> The Twins have always been a thorn in the North's side. Now the South can't invade us.;;;;;;I see;;;I understand;;
;entryrecruit;767;spider;tyrion;!seen_274 and !has_cersei;reign;800;As you requested, we've tracked down Cersei. She has retreated to Casterly Rock with most of the Lannister forces.;1-1;;1;;;What are her plans?;;>;I have no time for my sister;;
;_;768;spider;;;;;She called her banners. Most of the West is rising against us.;pos;;;;;Come closer...;<i>You explain your idea to <spider>, who nods keenly.</i> Brilliant idea. I'll bring you just the person you need.;>>>;Let her ;;
;_;769;spider;;;;;Here is the man you need to dislodge your sister from Casterly Rock.;1;;1;;;Excellent!;;>;You made me wait!;;>
;_;770;pirate;;;;;I'm a bloody pirate! You will have to pay me a fortune to execute this stinking plan of yours.;;-1-1;2;;;Pirates should...;;>;Lannisters always...;;>
;_;771;pirate;;;;;... piss on your boots. You're asking me to sneak through Casterly Rock's sewers to capture Cersei. Pay the price.;;;;-2-2;;;;>>>;;;
;_;772;spider;;;;;I heard from our independent sea rover that the mission was a success. The West is appeased, and Cersei is our prisoner.;1;;-1;;add_cersei;Good;;>>>_trialcersei;Thank you;;>>>_trialcersei
;_ingenious_resol;776;spider;;;;;We could buy the prototype.;1+1;;1;-2-2;;Do it;;;And the other solution?;;>
;_;777;spider;;;;;Unpleasant... We could steal, murder and destroy. A swift operation that won't leave a wall standing.;2+2;-2-1;;-1-1;;Do it;;;;;
;ingenious;775;spider;!lannister;;400;60;The son of Lord Gaunt, a vassal of the Lannisters, has found a way to protect horses during battles. We need this.;;;;;;What can we do?;;>_ingenious_resol;Don't worry;;
;ingenious;773;spider;;;400;60;A minor bannerman from Sunspear has developed an ingenious siege machine. Dorne must not have it.;;;;;;What can we do?;;>_ingenious_resol;Don't worry;;
;ingenious;774;spider;;!has_blacksmith;600;150+50;A clever blacksmith from the Neck has designed new armor, much lighter and stronger than ours. We must have it.;1-1;1;;;;What can we do?;;>_ingenious_resol and >>>> and add_blacksmith;No we must not;;
;_;856;blacksmith;;;;;You summoned me? I'm no lord, I'm just a blacksmith. I swear I've done nothing wrong!;;;;;;Who is this?;;>;You remind me of...;;>
;_;857;spider;;;;;This is the talented blacksmith we talked about. Let me study his work and see how it could be of use to the army.;;;;1-1;;Let me talk to him;;>;Do as you wish;;
;_;985;blacksmith;;;;;Yes M'(Lord*Lady). I can help you make more weapons and armor. Is that what Your Majesty wants?;2;;1;-1-1;;We need you;;;Go away;;del_blacksmith
;entryrecruit;1590;blacksmith;arya;!seen_990;reign;380+20;We have too much iron to store. What should we do with it?;1+1;;;-1+1;;Make swords;;>;Sell it;;>
;_;986;noble;arya;;;;You shouldn't let this boor approach you, My Queen. His filth brings a bad smell.;;;-1;;;It's true;;>;On the contrary;;>
;_;1150;blacksmith;arya;;;;What... What are you looking at? My (King*Queen), I have to go back to work now.;;;;;;I know who you are;;>;Nevermind;;
;_;987;blacksmith;arya;;;;You must be mistaken. I've lived all my life in a marsh town outside Greywater Watch.;;;;;;You're no frog-eater;;>;You cannot fool me;;>
;_;988;blacksmith;arya;;;;I... what... no...;;;;;;Come with me;<i>The blacksmith recoils in fear, and then flees before the Queensguard can respond. Sheathed in Cersei's stupid dress, you have no hope of chasing him..</i>;;Hot Pie sends his regards;<i>You take the dumbstruck blacksmith by the hand and lead him to a private room. There, you remove Cersei's face.</i>;>
;_;989;blacksmith;arya;;;;Seven Hells! Arya! What are you doing here? How did you know...;;;;;add_gendry;You look well, Gendry;;> and del_blacksmith;You can't fool me;;> and del_blacksmith
;_;990;gendry;arya;;;;Ha, that's better. We have so much to talk about.;;;;;;;;;;;
;;778;&hand;;war>0 and winter;500;100;With winter on us, the war creates costly burdens for the people of Westeros. We should ease taxes.;1;;2;-2-1;;;;;;;
;;779;hand;;;500;60;The utter destruction of House Frey has "liberated" a few assets we may want to retrieve as quickly as possible.;;-3-1;-1;2+2;;;;;;;
;;780;kingsguard;;greyjoy&antagonist;500;50;We're constantly harassed by pirates and Ironborn. We need to build a flotilla.;2+1;;;-1-3;;;;;;;
;;781;maester;;;500;50;The newly fledged ravens are uncommonly intelligent. I wonder how this could help us?;1;;1-1;-1-1;;Ask the citadel;;;Ask the ravens? Ha!;;
;;782;raven;;;500;100;<i>This raven is covered in blood, although it's not obviously hurt. It doesn't carry any message.</i>;5-5;6-5;6-4;5-5;;<i>Tend him</i>;;;<i>Kick him</i>;<i>It was not the raven's blood.</i>;>
;_;783;end>throne;;;;;<i>You're found dead a few minutes later, body slashed to ribbons by the barbs of the Iron Throne. Or so it appears.</i>;;;;;;;;;;;
;;784;nobleman;;;500;50;A talented troupe wandering the west is presenting a very popular play about you. Should we invite them?;;-1-1;3;-1-1;;;;>>> and add_commoner_male;;;
;_;785;commoner_male;;;;;I'm the most talented actor of Westeros, here to give a performance to the most talented (King*Queen) of Westeros.;1;;-1+1;-1-1;;<i>Laugh</i>;;;Off with your head!;;kill_commoner_male
;;786;septa;;;500;100;Houses of ill repute are spreading diseases, a fair punishment for whose who pay to fulfill their carnal needs.;-1;3+2;-3-1;-1-2;;I will close them;;>>>_brothelclose;Septs are worse;;
;;787;coins!lannister;!lannister;lannister!antagonist;500;100;The tariffs imposed by the Lannisters along the Goldroad are creating vast inequalities in trade. Something must change.;1+2;;1+1;3+1;;;;>>>>_lannimuch and >;;;
;;788;hand&lannister;!lannister;yes_lannister_male<0;500;100;As you know, there's no love lost between me and my family. So heed my advice here: Don't poke the Lion.;;;;-1-1;;You're right;;;It's their own doing;;>>>1592
;;789;hand!lannister;stark;lannister!antagonist;500;100;We have reached a precarious truce with the Lannisters. The peace of the Kingdom is at risk.;;;;-1-1;;You're right;;;It's their own doing;;>>>1592
;_lannimuch;790;coins!lannister;!lannister;;;;The Lannisters have doubled the tariffs they're imposing on goods! It has a direct effect on our treasury.;2-1;;1;2-3;;Let's stop them;;>>_lanniwar;I can't do anything;;
;;1592;lannister_male;!lannister;yes_lannister_male<0;80;600;I had the highest expectations for your reign, but you are the worst possible ruler. The Lannisters will not stand this.;1;;1;-2-2;;Stay;;>>>>>_lanniwar;Leave then;;>>_lanniwar
;_lanniwar;791;hand;;!one_super and !alliance_super;reign;;Lannister soldiers have attacked the (King*Queen)'s army outside Harrenhal! What are your orders?;1;;-2-1;;lannister>antagonist and set_battle_before;Attack them;;>_startbatlanni;Regroup;;>_startbatlanni
battle;_startbatlanni;1593;military>helmet;;;;;The Lannisters are disciplined and well armed. If possible, avoid direct confrontation.;;;;;;Let's see...;;>_batlanni_events and power=50 and inc_battle;Lead the battle for me;;>_batlanni_results
battle;_batlanni_events;1594;crowd;;;reign;1;<i>From your position, you have a clear view of the battlefield as both armies clash.</i>;;;;;set_battle_after>2;...;;>_batlanni_results;...;;>_batlanni_results
battle;_batlanni_events;1595;noble;;;reign;10000;<i>The Lannister soldiers advance on you inexorably, hidden behind large red shields. You give your order...</i>;;;;;>_batlanni_choice;;;;;;
battle;_batlanni_choice;1596;kingsguard>helmet;;>;10;10;Knights$<i>Your Knights charge the Lannisters. A lot of them fall but the soldiers are stopped.</i>;2+1;;;;power--;Harass them!;;>_batlanni_events;Press on the right;;>_batlanni_events
battle;_batlanni_choice;1597;kingsguard>helmet;;<;10;10;Knights$<i>Unable to gallop, your Knights are pinned down and slaughtered.</i>;1;;;;power---;Regroup!;;>_batlanni_events;Disband!;;>_batlanni_events
battle;_batlanni_events;1598;military;;;reign;10000;<i>You hear a thunderous explosion. War machines hidden behind trees not far away are ramming at your positions.</i>;;;;;>_batlanni_choice;;;;;;
battle;_batlanni_choice;1599;archer>helmet;;>;10;10;Archers$<i>Your archers are close enough to target the machines but Lannister soldiers are closing in on them.</i>;-2;;;;power+;Stand your ground!;;>_batlanni_events;Retreat!;;>_batlanni_events
battle;_batlanni_choice;1600;archer>helmet;;<;10;10;Archers$<i>Your archers' arrows are nothing against their shields.</i>;-1-2;;;;power--;Fire! fire!;;>_batlanni_events;Halt fire!;;>_batlanni_events
battle;_batlanni_events;1601;throne;;;reign;100;<i>A small company of sellswords wearing the same armor and shields as your soldiers snuck behind your back.</i>;;;;;>_batlanni_choice;;;;;;
battle;_batlanni_choice;1602;soldier;;>;10;10;Infantry$<i>Your infantry surrounds the sellswords. Many men died to protect you.</i>;0+1;;;;power+;Show no mercy;;>_batlanni_events;Take prisoners;;>_batlanni_events
battle;_batlanni_choice;1603;soldier;;<;10;10;Infantry$<i>Your infantry is not able to face the threat. They crumble quickly.</i>;-1;;;;power---;Come back slugs!;;>_batlanni_events;Regroup!;;>_batlanni_events
battle;_batlanni_results;1604;military;;;;10;We've lost this battle.;;2-1;2-1;2-1;!inc_battle and kingslanding;Pray to the Warrior;;>_end_battle;Run!;<i>Your scattered forces flee the battlefield back to King's Landing. Though harassed by the enemy you finally reach the Capital.</i>;set_kingslanding and passturn
battle;_batlanni_results;1605;military;;power>50;;max;We're crushing them!;-2+3;1;2-1;-1-1;!inc_battle and lannister>!antagonist and kingslanding and power=50;Bring their leader;<i>A fragile peace ensued after the battle. You come back to King's Landing with a hostage.</i>;set_kingslanding and passturn;No mercy;<i>The Lannister forces are put to the sword. Your army comes back to King's Landing in ghastly silence.</i>;set_kingslanding and passturn
recruit;recruitcoins;800;banker;;!has_coins;6;100+50;You must appoint a Master of Coin, or face the consequences of your indigence.;;;1;2-2;;You're right;<i>You gather the few candidates for the office of Master of Coin.</i>;>_coins_choice;I need no coin pusher!;;noironbank
recruit;recruitcoins;801;maester;;!has_coins;6;100+50;You need a Master of Coin! Your ledgers are in utter disarray and the Iron Bank is becoming impatient.;;;1;3-3;;You're right;<i>You gather the few possible candidates for the title of Master of Coin.</i>;>_coins_choice and add_banker;I need no ledgers!;;noironbank
recruit;_coins_choice;802;maester;;;0;0;All the contenders for the office of Master of Coin have fled the city!;;;;1-1;noironbank;Bring them back;;;Don't concern yourself;;
recruit;_coins_choice;803;lannister_male;;lannister!antagonist;10;10;Give me this office and you will hear the treasury roar!;;;-1-1;2+2;;I need you;;self>coins and !noironbank;<i>Roll your eyes</i>;;>_coins_choice
recruit;_coins_choice;808;courtesan;;<;10;10;I will be an honest and meticulous Master of Coin. My House is loved by the people.;;-1-1;;1+1;;I need you;;self>coins and !noironbank;<i>Scratch your head</i>;;>_coins_choice
recruit;_coins_choice;804;arryn!hand;;arryn!antagonist;10;10;I know what your army needs. My cousin is a man of figures, and these books don't seem that arduous to me.;;;1+1;;;I need you;;self>coins and !noironbank;<i>Sigh</i>;;>_coins_choice
recruit;_coins_choice;805;knight;;<;10;10;I may not be versed in the art of balancing books, but I can surely sort this mess.;1+1;;;-1-1;;I need you;;self>coins and !noironbank;<i>Look away</i>;;>_coins_choice
recruit;_coins_choice;806;stark_male!hand;;stark!antagonist;10;10;I used to watch over the books of the Starry Sept in Oldtown. Grant me this office and the Mother will be grateful.;;;1+1;1+1;;I need you;;self>coins and !noironbank;<i>Bite your tongue</i>;;>_coins_choice
recruit;_coins_choice;807;septa;;;10;10;I've overseen the most successful brothel of the Seven Kingdoms. I'm well qualified for this office.;-1-1;1+1;;;;I need you;;self>coins and !noironbank;<i>Pray in silence</i>;;>_coins_choice
recruit;;89;maester;;!has_hand;10;200+150;Your Grace, the office of the Hand of the (King*Queen) has been empty for too many moons. Would you like to appoint a new Hand?;1;1;1;;;;;>_hand1_choice;;;nohand
recruit;_hand1_choice;1809;maester;;;0;0;That was our last option.;1;;;;nohand;I have enough hands;;;Forget it;;
recruit;_hand1_choice;90;tyrell;;tyrell!antagonist;8;10;Give me this office and I will help you rebuild trade. Economic prosperity is the only way we can survive winter.;-1-1;;;1+1;;I need you;;self>hand;<i>Turn around</i>;;>_hand1_choice
recruit;_hand1_choice;93;goldcloak>helmet;;<;8;10;We all know that you need a strong Hand. It should be me.;-1-1;;;-1-1;;I need you;;self>hand;<i>Wince</i>;;>_hand1_choice
recruit;_hand1_choice;91;lannister!coins;;lannister!antagonist;8;10;Winter is on us. If we are to face the horrors that come with it, it can only be as one people.;1+1;;-1-1;;;I need you;;self>hand;<i>Ignore</i>;;>_hand1_choice
recruit;_hand1_choice;339;septon;;<;8;10;The City Watch is yours if you give me this office.;-1-1;2+2;;;;I need you;;self>hand;<i>Shake your head</i>;;>_hand1_choice
recruit;_hand1_choice;92;stark_male!antagonist;;;8;10;Let me be your Hand and together we can spread the Faith of the Seven throughout the known world.;;;1+1;-1-1;;I need you;;self>hand;<i>Dismiss him</i>;;>_hand1_choice
recruit;_hand1_choice;96;maester;;;8;10;I know a Maester cannot be Hand of the (King*Queen), but these are troubled times and you need the support of Oldtown.;-1-1;-1-1;1+1;1+1;;I need you;;self>hand;<i>Stay silent</i>;;>_hand1_choice
recruit;;843;hand;;!has_spider;20;200+50;Your court is a scorpion's lair brewing cabals and conspiracies.;2-2;;1-1;;;What should I do?;You need a new Master of Whisperers. Here are some candidates I've chosen for you...;>_spider_choice;Fantasy!;;
recruit;_spider_choice;844;cook;;;;10;Do I look dangerous to you?;;;;;;Not very...;;> and add_cook;<i>Ignore him</i>;;>_spider_choice
recruit;_;845;cook;;;;;Then you need me. No one will look at me twice! I'm the ideal spy.;-1-1;;1+1;;;;;self>spider;;;>_spider_choice
recruit;_spider_choice;846;commoner_female;;;;10;You need shadows, the whisper of a blade as it brings death. I am no one.;1+1;;;;;I need you;;self>spider;<i>Look away</i>;;>_spider_choice
recruit;_spider_choice;847;soldier;;<;;10;I've infiltrated the army. Let me be your Master of Whisperers and I will seal your grip on the throne.;1+1;;;-1-1;;I need you;;self>spider;<i>Back off</i>;;>_spider_choice
recruit;_spider_choice;848;courtesan;;;;10;The powerful men of the realm are lining up to share my bed and spill their darkest secrets on my pillows.;;-1-1;1+1;;;I need you;;self>spider;<i>Turn away</i>;;>_spider_choice
recruit;_spider_choice;849;septa!coins;;<;;10;I hear many prayers and confessions. I will deliver them to you for the good of the people and the glory of the Seven.;;1+1;;;;I need you;;self>spider;<i>Shiver</i>;;>_spider_choice
recruit;_spider_choice;850;varys;;;;10;Yes, I'm back. Please hear my plea before you call the (Kingsguard*Queensguard).;;;;;;;;> and add_varys;<i>Shout</i>;;kill_varys
recruit;_;851;varys;;;;;Whether I wish you well or not is irrelevant. You sit the Iron Throne, and I am committed to protect Westeros.;;;1+1;;;Stay;;self>spider;Go away;;>_spider_choice and del_varys
recruit;;852;&hand;;!has_grand_maester;reign;500+200;The Archmaesters of the Citadel have elected the new Grand Maester! He is here, waiting to meet you.;1-1;-1+1;2-2;;add_maester;Bring him in;;>_maesters;Not now;;
recruit;_maesters;1719;maester;;;reign;10;Greetings your Grace. I'm glad to put my modest skills in economics to the service of the Kingdom's prosperity.;;;;3;self>grand_maester;I need you;;;<i>Scorn</i>;;>>>spidermaster
recruit;_maesters;1720;maester;;;reign;10;Your Majesty, it's an honor. I was the Archmaester of medicine. I will heal the people.;;;3;;self>grand_maester;I need you;;;<i>Scorn</i>;;>>>spidermaster
recruit;_maesters;1721;maester;;;reign;10;Your Grace. I was the Archmaester of warcraft, I will do something about this lethargic horde you call an army.;1+2;;;;self>grand_maester;I need you;;;<i>Scorn</i>;;>>>spidermaster
recruit;_maesters;1722;maester;;;reign;10;I was the Archmaester of higher mysteries. The others despise my art, but faith and magic will prevail in the fight to come.;;3;;;self>grand_maester;I need you;;;<i>Scorn</i>;;>>>spidermaster
recruit;spidermaster;1374;spider;;;500;180-10;Would you like me to get rid of the new Grand Maester? It can be arranged without too much fuss...;1+1;;;-1;;;;del_maester;;;
;;1529;arryn;jon;;400;200;Allow my Lord Robin to wed Sansa Stark. A marriage between our houses would fortify her rule in Winterfell.;-2;2+1;-1;;;;<i>Sansa agrees to the marriage, but refuses to see you. You hear she no longer considers you a brother.</i>;del_sansa;;;>
;_;1530;arryn;jon;;;;I'm surprised, my Lord. Your sister is no longer so young, and has already flitted among many protectors. We're doing her a favor.;-3-2;;1;-1-1;;She doesn't want to;I see. Well, our house may not want to offer military support to a King who doesn't represent our interests, <i>he says.</i>;arryn>antagonist;Are you questioning your King?;No, <i>he says,</i> but my family is free to keep its distance from a King who cares not for our interests.;arryn>antagonist
sansa;;858;arryn;sansa;;500;100;May I interrupt, Your Majesty?;-1;;;;;I don't...;;>;;;>
sansa;_;859;arryn;sansa;;;;I will be quick and direct, then. Will you reward the Vale of Arryn for supporting the North all along?;;;;;;It's compli...;;>;;;>
sansa;_;860;arryn;sansa;;;;How about strengthening our family ties? Your cousin Robin is coming of age and he's ever so... sweet.;;;1;;;You mean weak;;>;Never...;;>
sansa;_;861;arryn;sansa;;;;The Knights of the Vale could serve the crown. They have great knowledge of mountains and...;;-1;;;;Goats;;>>;Stop interrupting!;;>>
sansa;_;862;maester;sansa;;;;Yes, Your Majesty? What is the content of the message you wish to send to Lord Arryn?;-1+2;;;-1;;A wish...;<i>You tell your sweet cousin Robin how much you miss him and that you would be grateful if he could send some Knights to fight during the Kingdom's unrest. He only sends a handful of foot soldiers.</i>;;A threat...;<i>You send a threat to Robin that dragons will burn down the Eyrie if he doesn't send his Knights to the capital. The story scares him, of course, and he obeys.</i>;
;;863;maester;;;500;400;One of your duties as (King*Queen) is to serve justice. We happen to have a difficult case.;;;2-1;;;Tell me more...;;>_justice;Do I look that bored?;;
;_justice;864;commoner_male;!lannister;lannister!antagonist;210;10;I... w-well... my (Lord*Lady)... I mean...;;;1-2;;;Speak up!;;>;Sorry, too late;;
;_;865;commoner_male;;;;;The soldiers... They were drunk. They attacked the tanner's daughter. We're all afraid.;;;;;;What soldiers?;;>;Hire sellswords;;
;_;866;commoner_male;;;;;They wore red coats. Lannisters. <i>He spits.</i>;;;3;;;They will pay;;>_lannisterantago;They are my allies;;
;_justice;867;commoner_male;;;210;10;Flea Bottom is infested with rats and other vermin. They bite and spread disease. We need you.;-1;;1;;;;;;;;
;_justice;868;commoner_female;;;210;10;Some young women have gone missing! We fear for their safety and virtue. Please help us!;;1;1;-1;;;;;;;
;_justice;869;commoner_female;;;210;10;The baker has been putting sawdust into the bread! We are extremely angry! We want justice.;1;;2+1;;;;;;;;
;_lannisterantago;870;lannister;!lannister;;;;You're a fool if you imagine for one second Lannisters will bend the knee to you.;2-3;;-1-1;;;This is justice;No, it's war. <i>[He%She] replied. The Lannister army left the capital to regroup in the Reach.</i>;lannister>antagonist;Do not worry;;
recruit;;871;handmaiden;;!has_handmaiden;del;1200;How do you feel, Your Grace? I've started a fire in your room if you wish to retire. This castle is so cold.;;;1;;;Thank you;;;I'm busy;;
recruit;;872;kingsguard;;!has_kingsguard;del;800;<kingsguard> at your service, my (King*Queen). I will stand guard outside your door.;-1;;;;;Take this chair;;;Don't interrupt;;
recruit;;873;arryn;stark;!has_arryn;del;1200;May the Seven look upon your rule with benevolence and grace.;-1;2+1;1;;;;;;;;
recruit;_brothelclose;1476;handmaiden;;;;;Apologies! I tried to stop her barging in here.;;;;;add_courtesan and add_kingsguard;Who?;;>;What...;;>
recruit;_;874;courtesan;;;;;You cannot close my establishment down!;;;;;;How did you get in?;;>;<kingsguard>!;;>
recruit;_;947;courtesan;;;;;He won't eject me! This virtuous knight likes to play the serving wench in our... pantomimes. Am I shocking you?;;1;;;;Immensely;;>;Barely;;>
recruit;_;948;pious;;;;;You cannot seriously reconsider closing this pit of blasphemous immorality!;;-2;1;;;I am;;;I am not;;
recruit;;875;septa;;!has_septa and faith<50;del;1000;The Starry Sept of Oldtown sent me to bring back your Kingdom on the path of faith and virtue. Shall we pray?;-1;3-1;;;;;;;;;
recruit;;877;kirsten;;!has_kirsten;del;600;Greetings, Your Majesty. I am Lady Calloway, the heiress of House Lowrie. My father sent me to learn the ways of the court.;;;;;;Welcome;;;You won't be disappointed;;
recruit;;878;spider;;!has_cook and dynasty>1;del;300+200;Please, whatever happens, do not let him know I'm here...;;;;;add_cook;Who?;;>;What?;;>
;_;1095;cook;;;;;Apologies, your Magnanimity, did you see <spider> by any chance?;;;-1;;;Yes, here;<i><spider> slowly emerges from behind a pillar. [He%She] scowls and speaks in sharp whispers to <cook> before turning to you.</i>;>_1096;Magnanimity?;<i><cook> leaves the room. <spider> slowly emerges from behind a pillar.</i>;>
;_;1810;spider;;;;;Thank you. That cook chased me everywhere. He wants to be a spy.;-1;;;;;Good for him;;;I have enough spies;;
;_;1096;spider;;;;;You betrayed me! That cook has chased me everywhere. He wants to be a spy.;-1;;;;;Good for him;;;I have enough spies;;
recruit;;880;tully_male;!cersei;!has_tully_male;del;800;We've suffered greatly. Our men are dead and our House's future is uncertain. Help us to discover where Edmure is.;1;;;-1;;;;;;;
recruit;;881;tyrell_female;!cersei;!has_tyrell_female;del;800;Don't forget a rose also has thorns! Our gold was widely hidden, still more than enough to hire mercenaries to avenge us.;1;;1;;;You're welcome here;;;Doubtful;;
recruit;;882;martell_female;!lannister;!has_martell_female and martell!antagonist;del;900;Oberyn had many daughters and we grow older and stronger every day. Being called 'Sand' is not a detriment to ruling Dorne.;;;;;;Welcome;;;;;
recruit;;883;blacksmith;;;500;100;We lack iron for armor, shall I order more from abroad?;1-1;;;-1-1;;;;;;;
recruit;;884;kingsguard;jaime;;400;500;Your Grace, the impossible has happened! Your Valyrian sword was found shattered in the throne room!;1-1;;;;;Find a blacksmith;;> and add_blacksmith;Nevermind;;
recruit;_;885;blacksmith;;;;;I am sorry, but I do not have the knowledge to repair this sword.;;;;;;Why?;;>;;;
recruit;_;886;blacksmith;;;;;Only the blacksmiths of Qohor have the learning to repair such metal. I know someone, but he's quite expensive.;;;;-1-1;;Do it;;;;;
recruit;;887;military;;war>0 and has_blacksmith;400;400;We need swords and shields for the knights, pikes and spears for infantry as well as repairs and maintenance.;2-2;;;;;Summon the blacksmith;;>;No way;;
recruit;_;888;blacksmith;;;;;I'm a blacksmith, not a magician. If you want that on time, you need the whole Street of Steel to work for you.;-1-2;;;-2-2;;Whatever it takes;;;Forget it;;
;;889;lannister_male!antagonist;!lannister;>tyrion;500;200;If you want to keep my support, then Tyrion has to go. Every time my eyes fall on that filthy little traitor I want to throw up.;-1;;;;;Maybe...;;>;;;>
;_;890;tyrion;;;;;Every time I meet this blond addlepate of a cousin, I smell the rotten fish of Casterly Rock's port.;-1;;1;;;<i>Laugh</i>;;>>>>_lanniwar;We need him;;
;;891;tyrion;!lannister;!has_lannister_male and lannister!antagonist;500;300;I don't know if you're aware, but I have legions of cousins. Lannisters are like rabbits, and Casterly Rock is a big warren.;2-1;;;1;;Bring some to the court;;>;I don't care;;
;_;892;tyrion;;;;;Wise decision, Your Grace. It's better to keep them domesticated. They tend to bite otherwise.;1;;;;add_lannister_male;Keep an eye on them;;;I hope you don't bite;;
;entryrecruit;893;tyrion;cersei;!seen_900 and !has_tyrion;reign;150+60;Sweet sister, Jon Snow sent me to you. We have one last chance to survive winter, and it's in your hands.;;;;;;I'm glad you came, because...;;>;Do you empty his chamber pot too?;;>
;_;894;tyrion;;;;;Spare me your bitter jests. You're not so attractive when you're sarcastic. You turn even more sour and ridiculous.;;;;;;Not so ridiculous now;;>;I'm no buffoon like you are;;>
;_;1292;lannister_soldier;;;;;<i><kingsguard> looks at you questioningly, without uttering a word.</i>;;;;;add_jaime;<i>Point to Tyrion</i>;<i><kingsguard> leaves the room in a hurry. The knight accompanying Tyrion removes his mask.</i>;>;<i>Look away</i>;<i><kingsguard> leaves the room in a hurry. The knight accompanying Tyrion removes his mask.</i>;>
;_;895;jaime;;;;;He's right, Cersei. I, too, have seen the army of the dead.;;;;;;Jaime!;;>;Traitor. Traitors.;;>
;_;1226;jaime;;;;;You remember the last time we talked? When you threatened to kill me with your personal monster?;;;;;;I couldn't give that order;;>;Another treason;;>
;_;1227;jaime;;;;;I understood something that day. About you, about me, about us.;;;;;;I will listen to you;;>_offercersei;Now I can give that order;;>
;_;896;tyrion;;;;;Of course we expected to meet with your... legendary charm. Wouldn't you like to hear our offer?;;;;;;I'm listening;;>_offercersei;Never;;>
;_;897;jaime;;;;;At least hear us speak. Give us leave to mine at Dragonstone, safe from your attacks.;;;;;;And in exchange?;;>_exchange_choice;;;
;_offercersei;898;jaime;;;;;We need your help, Cersei. Please. Let us mine at Dragonstone so we can defend the North.;;;;;;And in exchange?;;>_exchange_choice;;;
;_exchange_choice;968;lannister_soldier>helmet;;;;0;<i><kingsguard> enters the room with a company of Gold Cloaks.</i> What's your command your Grace?;3+2;-1-3;-1-4;;;Kill them both;;del_jaime and del_tyrion;Take them away;;
;_exchange_choice;899;tyrion;;;10;10;You can do whatever you want with me. I offer myself as your hostage.;1+1;;;;;I agree;;del_jaime;;;>_exchange_choice
;_exchange_choice;900;jaime;;;10;10;I swear I will never leave you again. I wish there was another way for me to defend the Kingdom.;;-1-1;;;;I agree;;del_tyrion and jaimesacrifice;;;>_exchange_choice
;_exchange_choice;901;banker;;;10;10;Money$White Walkers are not promising customers. Support the North and we will keep funding you.;;;;2+2;;I agree;;;;;>_exchange_choice
;_exchange_choice;902;&hand;;;10;10;Nothing$Nothing in exchange? You want them to be indebted to you, then?;;;2+2;;;I don't have to explain;;;;;>_exchange_choice
;icecap;1228;&hand;;;500;50;A small fishing village is reporting the Gods Eye is now entirely covered in ice. They fear for their livelihoods.;;;0+1;2;;Help them dig holes;;;Pay them;;
;endready;1229;spider;tyrion;seen_227;reign;300;Smallfolk are talking about a rumor, according to which, demonic ravens are fighting in the bowels of the Red Keep.;;;1;;add_cat and tyrionready;Interesting;;>>>>971 and >>icecap;Old wives' tales;;>>>>971 and >>icecap
;;971;cat;!arya;kingslanding and seen_arya;150;100+20;Meeeow... <i>The old tomcat tries to catch a raven resting on the Iron Throne. He fails and looks at you angrily.</i>;;;;;add_dungeon;<i>Catch him</i>;<i>The cat escapes through concealed stairs behind heavy ornate hangings. You follow him down to the dungeons of the Red Keep.</i>;>_dungeon and set_dungeon;<i>Stroke him</i>;<i>The cat hisses and jumps out of your reach.</i>;
;endready;991;cat;arya;kingslanding and seen_227;reign;100+80;Meeeow... <i>The old tomcat tries to catch a raven resting on the Iron Throne. He fails and looks at you angrily.</i>;;;;;add_dungeon;<i>Catch him</i>;<i>The cat escapes through concealed stairs behind heavy ornate hangings. You remove Cersei's gown and follow him down to the dungeons of the Red Keep.</i>;>_dungeon and set_dungeon;<i>Stroke him</i>;<i>The cat hisses and jumps out of your reach.</i>;
;_dungeon;972;dungeon>stairs;;;0;0+3;<i>This stairs lead back to the Throne room.</i>;;;;;;<i>Exit the dungeon</i>;;set_trone;<i>Go back</i>;;>_dungeon
;_dungeon;973;dungeon;;;reign;1000;<i>This room is empty. The cat is nowhere to be seen.</i>;;;;;;<i>Go left</i>;;>_dungeon;<i>Go right</i>;;>_dungeon
;_dungeon;1779;dungeon;;;4;10;<i>The air smells of rotting flesh.</i>;;;;;;<i>Go left</i>;;>_dungeon;<i>Go right</i>;;>_dungeon
;_dungeon;974;dungeon>leftbroke;;;4;10;<i>You hear faint sounds. The walls are cold and damp.</i>;;;;;;<i>Break the wall</i>;;>_dungeon;<i>Go right</i>;;>_dungeon
;_dungeon;975;dungeon>rightbroke;;;4;10;<i>Did you see a light coming through this door? It must be your imagination.</i>;;;;;;<i>Go left</i>;;>_dungeon;<i>Break the wall</i>;;>_dungeon
;_dungeon;1230;dungeon>door;tyrion;tyrionready;4;2+5;<i>You see a faint green glow under the door.</i>;;;;;;<i>Open the door</i>;<i>The door opens on a vast room excavated into the rock. Dozens of people work around a gigantic vat of wildfire.</i>;> and add_pyromancer and set_tavern>1;<i>Go right</i>;;>_dungeon
;_;1231;pyromancer;;;;;Your Grace, to what do I owe the pleasure of your visit? You have taken a wrong turn mayhap?;;;;;;What are you doing here?;;>;I'm here on purpose;;>
;_;1232;pyromancer;;;;;The secret of wildfire's fabrication is no one's business. Not even yours.;;;;;;And it's safe with me...;<i>You explain to the Pyromancer that it will remain so, provided he makes sure he gives you full access to the wildfire produced here.</i>;>;And it stops now...;;>_wildend
;_;1233;pyromancer;;;;;That could be arranged. I will get back to you in six moons. I hope you will find a good use for this wildfire.;;;;;set_trone;I always do;;>>>>>>>_wildfireprod;We will see;;>>>>>>>_wildfireprod
;_wildend;1234;end>wildfire;;;;;<i>On the pyromancer's sign, Guild apprentices throw you in a cauldron of wildfire standing nearby.</i>;;;;;;;;;;;
;_dungeon;976;dungeon;arya;;4;10;<i>You smell a faint fishy smell. It seems to come from the right.</i>;;;;;;<i>Go left</i>;;>_dungeon;<i>Go right</i>;;>
;_;977;dungeon>leftbroke;arya;;;;<i>You hear a muffled hiss. It sounds far away.</i>;;;;;;<i>Break the wall</i>;;>;<i>Go right</i>;;>_dungeon
;_;978;dungeon>cat&no;arya;;;;<i>You neither hear nor smell anything in this room.</i>;;;;;;<i>Go left</i>;;>;<i>Go right</i>;;>_dungeon
;_;979;dungeon>rightbroke;arya;;;;<i>You glimpse movement just before entering this room. But where is that damn cat now?</i>;;;;;;<i>Go left</i>;;>_dungeon;<i>Break the wall</i>;<i>The cat hides just behind the wall. As you catch him he goes limp and looks at you with unexpected affection.</i>;>
;_;980;cat;arya;;;;<i>You hear a familiar voice whispering very close to your ear.</i> I see through you, dear sister.;;;;;;Bran!;<i>The cat hisses but you still hear the voice whispering.</i>;>;<i>Draw your sword</i>;<i>The cat hisses but you still hear Bran's voice whispering in your ear.</i>;>
;_;981;cat;arya;;;;You're hiding very well, but I knew only Arya could catch this vicious creature. I can barely control him.;;;;;;Why are you in my head?;;>_903;It's not a bad cat;;>_904
;_;904;cat;arya;;;;Ha ha, if you could hear the insults and profanities he's thinking right now. I'm blushing.;;;;;;Bran is in Winterfell;;>;How are you doing this?;;>
;_;903;cat;arya;;;;The Bran you knew stayed beyond the Wall. Each day my powers become stronger. Today I can talk to you.;;;;;;Why did you bring me here?;;>;What do you want?;;>
;_;1235;cat;arya;;;;Come here. Come to Winterfell. That is the only way...;;;;;set_trone;Bran?;<i>The cat sees a mouse in the corner. He jumps away from you and Bran's voice fades away. You head back to the throne room.</i>;;What?;<i>The cat sees a mouse in the corner. He jumps away from you and Bran's voice fades away. You head back to the throne room.</i>;
;;1236;pious;arya;;400;200;Will you allow us to build a new Sept outside Harrenhal? We will pay you a large tribute.;;2-1;;1+1;;;;;;;
wildfire;_wildfireprod;1237;pyromancer;tyrion;;;;<i>Whispering.</i> As... requested, the wildfire we have produced is yours. What do you want to do with it?;;;;;;Let me see...;;>_wild_choice;I don't know yet;;
wildfire;_wild_choice;1238;pyromancer;;;;0;I'm afraid we're running out of options. I will safely store the wildfire for now.;;;;;;;;>>>>>_wildfireprod;;;>>>>>_wildfireprod
wildfire;_wild_choice;1239;pious;;;10;10;Septs$You want every Sept of the Seven Kingdoms to store a little each?;;-1-1;;;;;;;Forget it;;>_wild_choice
wildfire;_wild_choice;1240;crow;;;10;10;Wall$You want to transport the wildfire to the Wall?;;;1+1;;;;;;Forget it;;>_wild_choice
wildfire;_wild_choice;1241;military;;;10;10;Lake$You want to store the wildfire under the icecap of the Gods Eye? Are you quite alright? It is a crazy idea.;1+1;;;;;Let's go...;<i>You leave King's Landing the next morning with your advisors, a few troops and a large shipment of wildfire concealed under blankets.</i>;godseye and !kingslanding and >_ontheroad and set_kingslanding>2 and inc_road;Forget it;;>_wild_choice
wildfire;_wild_choice;1242;banker;;;10;10;Bank$You want us to buy your wildfire? I suppose we could find some use for it.;;;;2+2;;;;;Forget it;;>_wild_choice
wildfire;;992;pyromancer;;;500;100;We know other recipes besides that of wildfire. Give us money and in four moons you will be amazed beyond belief!;;-1;;-2-2;;Magic?;;>;;;
wildfire;_;994;pyromancer;;;;;All will be revealed in the fullness of time. A leap of faith is all I ask of you now.;;;;;;Agreed;;>>>>>;I'm afraid ;;>>>>>
wildfire;_;993;little_bird;;;;;The pyromancers are giving the biggest fireworks show we've ever seen! It's amazing!;;;;;;Did I pay for this?;;;;;
wildfire;;995;pyromancer;;;500;50;Our Guild is... misunderstood. Only acknowledge and praise us, and we will be loyal to you, and ruthless to your enemies.;2;-1;-1;;;;;;;;
;_welcomegodseye;1723;pyromancer;tyrion;;;max;We have stored the wildfire under the icecap of the lake. May I reiterate my humble opinion about this crazed idea?;;;1;;trap_super;Too late;;>>>>>>>>_185;No you may not;;>>>>>>>>_185
;;996;kingsguard;;;500;50;Perhaps a new nomination to the (King*Queen)sguard is in order. I have a few candidates. They all embody the knightly virtues.;2-1;;;;;I'm sure they do...;;>_guard_choice;I don't have the time;;
;_guard_choice;1044;kingsguard;;;;0;I'm sorry, your Highness, I'm running out of options.;1-2;;;;;Do not worry;;;Do not waste my time;;
;_guard_choice;998;soldier;;;10;10;Ser Chaffton€, young and inexperienced, but his swordsmanship is quite advanced for his age.;1+1;;;;;;;;Someone else;;>_guard_choice
;_guard_choice;999;soldier;;;10;10;Ser Walker€, wise and experienced, he has earned great esteem for his piety and ethics.;;1+1;;;;;;;Someone else;;>_guard_choice
;_guard_choice;1000;soldier;;;10;10;Ser Grey€, from a loyal family sure to appreciate his appointment... generously.;;;;1+1;;;;;Someone else;;>_guard_choice
;_guard_choice;1001;soldier;;;10;10;Ser Taner€, popular and dynamic, the kind of hero the people admire. His appointment would be much rejoiced.;;;1+1;;;;;;Someone else;;>_guard_choice
;;1002;commoner_male;;;500;100;We demand justice! The meat we're buying is rank, and it's definitely not beef.;;;-2-2;;;Cats?;;>;Eat bread;;
;_;1003;commoner_male;;;;;Worse...;1;;-1;;;Discipline the butchers;;;Investigate ;<i>You were almost relieved when the meat was found to come from rats.</i>;
;;1004;hand;;;500;50;Overcrowding in King's Landing is causing unsanitary conditions. Latrines and wells must be dug.;;;2;-2;;;;;;;
;;1005;maester;;winter;500;80;Art and music are flourishing amongst the young. It must be the sense of impending doom.;-1;;2;-1-1;;Organise a festival;;;Make them dig latrines;;
;;1006;hand;;;500;50;These awful little pamphlets have been circulating recently, spreading dissent and aiming to undermine your reign.;;;-2;;;Let me see;;;Execute the writer;;
;;1007;hand;;;500;50;Wells are starting to dry up. We will face a water crisis if nothing is done.;;1;2;-1-1;;Dig deeper;;;Clear the slums;;
;;1008;coins;;;500;50;Some Lords are finding loopholes in the tax system and not paying their dues!;-2;;;2;;Prosecute;;;Do nothing;;
;;1013;sansa;!stark;winterfell;500;100;I will ask my bannermen to look to the future and leave behind past conflicts.;-1+2;;-1;;;I will too;;;We need to be strong;;
;;1014;tyrell_female;lannister;;500;100;I come bearing a gift. Will you accept it? Do not worry, it's sedated.;2;;;;;;<i>A massive cage is brought into the throne room, a low rumbling growl is coming from inside.</i>;>;;;
;_;1015;tyrell_female;lannister;;;;Of course it's safe! It is the most noble of beasts, the majestic emblem of your house. Won't you come closer?;1;;;;;;;>;;<i>You have <tyrell_female> removed from the court and the lion presented as an exhibit to the people. It proved to be a popular entertainment.</i>;
;_end_lion;1042;end>wolf;;;;;<i>As you walk to the cage, <tyrell_female> opens it in a flash and the beast leaps forward, baring its fangs and lunging towards you.</i>;;;;;;;;;;;
afterdeath;_after_death;1043;melisandre>fire;;>1042;del;10000;We certainly heard (him*her) roar...;;;;;;...;;>_ruler_choice;...;;>_ruler_choice
;_justice;1016;commoner_male;;;210;10;Drunken Gold Cloaks run roughshod all over Flea Bottom, destroying what little we have.;-1-1;1;1;;;I will arrest them;;;Leave the capital;;
;;1017;cook;;;500;100;You must show your courtiers what they mean to you! May I prepare a feast the likes of which has never been seen?;;;;;;What is the menu?;;>;;;
;_;1018;cook;;;;;They will want roast boar and lemon cakes. Boring! Let me try something more ambitious, ripe pork and jellied calf brains.;-1;;2;;;Boar;;;Brains;;
;;1682;cook;;!winter;500;50;There's one thing I know, and it's that a warm meal can melt the coldest heart. Let us have a feast, My Splendor!;1;;1;-1-1;;Good idea;;;No familiarity;;
;;1683;cook;;!winter;500;50;What will you have today, Your Magnitude? A joint of hot roasted meat, or a pure sweetgrass stew?;-1;1;;;;Joint;;;Stew;;
;;1684;cook;;!winter and !seen_1685;500;100;What sort of pie should I make for your armies, my Liege? The popular Lamprey pie, or the strong Dothraki blood pie?;-1;;1;;add_dothraki;Lamprey;;;Blood pie;;>
;_;1685;dothraki;;;;;The little man wants to make pie with Dothraki? We will not be eaten. We will eat him instead.;;;1;;;I don't think he meant...;;;Bon appétit;<i>The bloodrider ranted he could truly never understand your heathen language. He then left in frustration without touching the trembling cook.</i>;
;;1686;cook;;!winter;500;50;What shall I serve? Trenchers of onion and gravy from Flea Bottom, or fresh oysters brought by raven from White Harbor?;;;-1;1;;Trenchers;;;Oysters;;
;;1687;cook;;!winter;500;50;I received ingredients from afar! Would you like expensive puff pastry from Pentos, or licentious black sausage from Lys?;;;1;-1;;Pastry;;;Sausages;;
;;1688;cook;;!winter;500;50;A treat for Your Firmness: Two special new brews: honeyed wine made by wildlings or orange-scented wine made by Silent Sisters?;;-1;1;;;Wildlings brew;;;Silent Sisters brew;;
;;1689;cook;;!winter and kingslanding;500;50;Let me serve you a 'Bowl o' Brown'. It's the most popular dish in Flea Bottom, it even smells the same.;-1;;1;;;All right...;<i>It's strangely sustaining, although you try not to think about what the different meats in it could be.</i>;;No!;;
;;1690;cook;;!winter and stark!antagonist and kingslanding;500;50;Tonight we entertain northerners. Shall I serve roasted goat with veined white cheese, or suckling pig with sweet honey-soaked cakes?;;;1;;;Goat;;;Pig;;
;;1691;cook;;!winter;500;50;Your good health is on my shoulders, Your Grace. Please drink this clotted mare's milk.;-1;;1;;;Delicious;;;No!;;
;;1692;cook;;!winter and martell!antagonist;500;50;What sort of dessert shall we serve to delight the Dornish? Applecakes with Summerwine, or apricot tarts with Arbor Gold?;;;;;;Applecakes;;;Apricot tarts;;
;;1033;unsullied;;;500;100;Pages and squires here are weak. Unsullied training is cruel, but simple lessons will help your future army.;2+1;;;-1-1;;Train them;;;;;
;;1034;unsullied;;;500;100;Some of us want sail to Astapor. We seek our origins. Can we go?;-1;;1;;;You are free;;del_unsullied;Please stay;;
;;1080;unsullied;;;500;100;I don't understand people here. They eat always and smell bad.;;;;;;You will get used to it;;>>>>>>>;;;>>>>>>>
;;1048;unsullied;;;500;100;Unsullied are lazy and fat. Rich food and soft beds are corrupting. Can we hunt for you?;2;-1;-1;;;;;;;;
;;1045;lannister;!lannister;has_dothraki!antagonist;500;100;The Dothraki won't pay for their food, wine or women! I am not their slave. They have to pay their due.;-2;1;;;;;;>>;;;>>_lanniwar
;_;1035;dothraki;;;;;What is 'pay'? We take what we can catch on a horse.;1;1;1;1-1;;The rules are different here;;dothraki>antagonist;I will pay;;
;;1036;dothraki;;;500;100;There are some fine strong horses in this land, we will have them!;-2;;-1;-1-1;;;;;Not all of them;;dothraki>antagonist
;;1037;freefolk;;;500;100;Free Folk have been slaughtered, and us still living made to suffer. Promise me you will protect my last people.;-1;;1;;;;;;;;>_samunhappy
;_samunhappy;1059;sam;;;500;100;I'm not a brave man nor a strong one, but I know right from wrong. And this is wrong.;-1;;1-2;;;I have no other choice;;;No it's not;;
;;1038;freefolk;;summer;500;100;We will not kneel or call you (King*Queen). We will return to the land beyond the wall now the Walkers are gone, or die trying.;;1;1;-1;;You are free to go;;;;;>_samunhappy
;;1039;freefolk;;;500;100;We fought the army of the dead, and our sacrifices delayed its advance. You owe us.;-1;;1;-1-1;;;;;;;>_samunhappy
tourney;tourneystart;1606;hand;;!winter;500;100;The long winter approaches, but alliances are fragmented, families destroyed. Why not have a royal tourney, to build morale?;1;;2;;;;;>>_startturney;;;
tourney;tourneystart;1049;coins;;!winter;500;100;Thanks to some clever juggling, I've come up with a cultural fund to entertain the people. How shall we spend it?;;;2;;;A tourney!;;>;Better spent on weapons;<i>The people were dissappointed that the monotony of daily life was not broken.</i>;
tourney;_;1050;coins;;;;;We don't have quite enough, I'm afraid. Perhaps we could borrow a small amount just to tide us over this difficult period?;;;;-1-1;;;<i>Ravens were sent out across the land calling knights to compete in the grandest tournament ever seen.</i>;>;;;
tourney;_;1051;coins;;;;;Alas, I forgot: We must offer prize money as well. Without rewards, our investment thus far is wasted!;;;;-1-1;;Borrow more;;>>_startturney;You are incompetent;;
tourney;_startturney;1447;&handmaiden;female;;;10;The jousting lists are open! Would you like a refreshment while the men are eviscerating eachother?;;;;;add_kingsguard and set_tourney;;;>>>>_morewine and >_championtourney;;;>_championtourney
tourney;_startturney;1448;maester;male;;reign;10;Will you joust in your own tourney, my Lord? It's not unheard of, and may inspire the people... Or do you want to select a champion?;;-1;;;add_kingsguard and set_tourney;My horse!;;>_jousting_events and nb_jousting;My champion!;<i>You can't risk getting injured at such an important time for the Seven Kingdoms.</i>;>_championtourney
tourney;_starturney;1749;kingsguard;tyrion;;reign;max;Would you like to join us on the lists, My King?;1;;;;;That wouldn't be fair to the others;;>;Are you mocking me?;;>
tourney;_;1750;maester;tyrion;;;;I've improved the design of your saddle, if you still wish to participate.;;;;;add_kingsguard and set_tourney;My horse!;;>_jousting_events and nb_jousting;My champion!;;>_championtourney
tourney;_championtourney;1607;kingsguard;;;;;Which of the jousting knights will receive your blessing, my (Lord*Lady)? Ser Greyson the Fair or Ser Hawthorn the Pious?;;-2;2;;add_knight and add_commoner_female;Greyson!;;>_royaltourney1;Hawthorn!;;>_royaltourney1
tourney;_royaltourney1;1608;knight;;;10;20;The champion of the joust is Ser Greyson! House Blount will serve a gift of pigeon pies to all the noble families attending!;;-1;1;;;Wonderful;;>_royaltourney2;I hate pigeons;;>_royaltourney2
tourney;_royaltourney1;1609;knight;;;10;20;The champion of the joust is Ser Hawthorn! House Hetherspoon will serve a goose sauced with mulberry to all the families attending!;;-1;1;;;Wonderful;;>_royaltourney2;I hate goose;;>_royaltourney2
tourney;_royaltourney1;1610;knight;;;10;20;The joust is a draw. Clumsy business! My (King*Queen), will the Crown furnish some consolation desserts to all the guests?;;;;-1-1;;Of course!;;>_royaltourney2;No, tight timings;;>_royaltourney2
tourney;_royaltourney2;1611;commoner_female;;;10;10;And now, let us have a song! Which song will Your Grace bid us play?;;;2;;;A cheerful tune;<i>The bards play 'The Bear and the Maiden Fair'.</i>;>_royaltourney3;A mournful tune;<i>The bards play 'The Rains of Castamere.' Turns out it's the only song they know.</i>;>_royaltourney3
tourney;_royaltourney3;1612;nobleman;;;10;20;I feel new hope for the future, and vigorous loyalty to my (King*Queen). Let my House swear loyalty to yours until death.;1;;1;;set_defaut;Thank you;;;No need;;
tourney;_royaltourney3;1613;courtesan;;brothel;10;20;We hosted so many guests at our little pleasure house thanks to the royal tourney! Now we can afford to pay our back taxes!;;;;2+2;set_defaut;Now, please;;;It can wait;;
tourney;_royaltourney3;1614;spider;;;10;20;The tourney brought new faces to this city, and new whispers. It seems your information network has expanded, Your Grace.;2+1;;;;set_defaut;Excellent;;;Now is not the time;;
tourney;_royaltourney3;1615;septon;;;10;20;I was able to lead all of the tourney crowds in a sacred prayer for the future of the Seven Kingdoms. We may see a surge of faith...;;2+1;;;set_defaut;I hope so;;;I hope not;;
tourney;_jousting_results;1449;maester;;nb_jousting>4 and jousting_win;;max;You've won the tourney! The people are eager to cheer for you.;;;2+1;2+2;!nb_jousting;;<i>You spend the rest of the day bathing in your glory. The tourney ended up being quite profitable.</i>;set_defaut;;;set_defaut
tourney;_jousting_results;1450;maester;;jousting_win;;10;You've won this joust! Let me tend to this little bruise on your cheek.;;;;;!jousting_win;Next!;;>_jousting_events and nb_jousting+;I've had enough;;!nb_jousting and set_defaut
tourney;_jousting_results;1451;maester;;jousting_win;;10;How ghastly, I hope the young man will survive that fall. Congratulations, Your Majesty!;;;;;!jousting_win;Next!;;>_jousting_events and nb_jousting+;I've had enough;;!nb_jousting and set_defaut
tourney;_jousting_results;1616;kingsguard;;jousting_win;;10;You did well, My King! The tip of the lance grazed your skin, but it's a minor wound. All are cheering you!;;;;;!jousting_win;Next!;;>_jousting_events and nb_jousting+;I've had enough;;!nb_jousting and set_defaut
tourney;_jousting_results;1617;maester;;!jousting_win;;5;<i>Pale and shaking.</i> My Lord, can you hear me? No, please don't try to move it.;;;;;;What...;;> and !nb_jousting and set_defaut;What...;;> and !nb_jousting and set_defaut
tourney;_end_jousting;1618;end>tourney;;;;;<i>Your life trickles away through many wounds.</i>;;;;;;;;;;;
tourney;_jousting_results;1452;maester;;!jousting_win;;10;How do you feel, Your Grace? I'm afraid you're out of the tourney... this is a nasty injury you have here.;2;-1;;;set_defaut;I can stand!;;!nb_jousting;I'm dying!;;!nb_jousting
tourney;_jousting_events;1453;kingsguard;;;10;100;This shouldn't be too difficult. Ser Stewyr is the heir of a destitute house from the Reach. He looks emaciated.;;;;;power=70;Let's hope he doesn't faint;;>_jousting_results;Any suggestions?;;>_jousting_choice
tourney;_jousting_events;1455;kingsguard;;;10;100;Ser Graeme joined the court only recently. He doesn't look like much, but he's said to be a wicked bruiser with a dark past.;;;;;power=60;I will prevail!;;>_jousting_results;Any suggestions?;;>_jousting_choice
tourney;_jousting_events;1454;kingsguard;;;10;100;That Ser Dundlee you're facing could well be the bastard son of a giant and a cockroach! I'm not confident, my Lord...;;;;;power=40;I will trample the cockroach!;;>_jousting_results;Any suggestions?;;>_jousting_choice
tourney;_jousting_events;1456;kingsguard;;;10;100;Oh... You're facing Ser Brakker, also known as "The Brakker of Bones". Ha... He's riding his famous stallion Hurricane.;;;;;power=20;Well...;;>_jousting_results;Any suggestions?;;>_jousting_choice
tourney;_jousting_events;1457;kingsguard;;;10;100;This is Ser Flester, the Knight of Kisses! Brilliant armor, attractive smile, but also an abysmal debt.;;;;;power=40;I will prevail!;;>_jousting_results;Any suggestions?;;>_jousting_choice
tourney;_jousting_events;1465;kingsguard;;;10;100;You're now facing Ser Fellman. He's over there, praying with a Septon. His lance is agile and he rides well.;;;;;power=50;I am the Warrior!;;>_jousting_results;Any suggestions?;;>_jousting_choice
tourney;_jousting_events;1466;kingsguard;;;10;100;This here is Ser Glover. A fine Knight full of pride and generosity. He's suspected of worshipping the Red God.;;;;;power=50;A heretic!;;>_jousting_results;Any suggestions?;;>_jousting_choice
tourney;_jousting_choice;1467;kingsguard;;;;0;I'm sorry, your Majesty, they've all gone. You will have to rely only on your skills.;;;;;;I will fight justly;;>_jousting_results;;;>_jousting_results
tourney;_jousting_choice;1468;soldier;;>1456;reign;100;Sabotage$Here, Your Majesty, ride this mare. She's in heat, which should distract your opponent's stallion.;1+1;;;;;Thank you;;jousting_win and >_jousting_results;I will fight justly;;>_jousting_results
tourney;_jousting_choice;1469;soldier;;<1468;reign;100;Sabotage$I could try to swap your opponent's lance for a broken one, but I'm afraid they're going to spot me.;1+1;;;;;Please try;;>_jousting_results;I will fight justly;;>_jousting_results
tourney;_jousting_choice;1470;banker;;>1457;reign;100;Bribes$Ser Flester is accustomed to falling from his horse with grace and certainty. Provided we pay some of his debts, of course.;;;;-1-1;;Let's pay;;jousting_win and >_jousting_results;I will fight justly;;>_jousting_results
tourney;_jousting_choice;1471;banker;;<1470;reign;100;Bribes$I'm afraid this animal you're fighting is not interested in the alluring glimmer of gold. He will throw me out.;;;;-1-1;;Please try;;>_jousting_results;I will fight justly;;>_jousting_results
tourney;_jousting_choice;1472;spider;;>1466;reign;100;Blackmail$Even if this rumor is not true, I can easily make it real. That should convince Ser Glover to be amicable with you.;;;-1-1;;;Sometimes you scare me;;jousting_win and >_jousting_results;I will fight justly;;>_jousting_results
tourney;_jousting_choice;1477;spider;;>1455;reign;100;Blackmail$I've gathered some rather interesting whispers about Ser Graeme. His fortune came from smuggling goods and women.;;;1+1;;;Please use that;;jousting_win and >_jousting_results;I will fight justly;;>_jousting_results
tourney;_jousting_choice;1473;spider;;<1472 and <1477;reign;100;Blackmail$I know a few secrets about your opponent, although I'm not convinced it will be enough.;;;-1-1;;;Please try;;>_jousting_results;I will fight justly;;>_jousting_results
tourney;_jousting_choice;1474;septon;;>1465;reign;100;Prayers$How could Ser Fellman risk damaging a ruler so precious to the Seven? Shall we join him in his prayers?;;1+1;;;;<i>Pray</i>;;jousting_win and >_jousting_results;;;>_jousting_results
tourney;_jousting_choice;1475;septon;;<1474;reign;100;Prayers$Pray with me, Your Grace. You're in no position to refuse help.;;2;;;;<i>Pray</i>;;>_jousting_results;<i>Scorn</i>;;>_jousting_results
;;1053;pious;;;500;100;The Seven will save us from any unnatural creatures! Prayer and penance are all we need.;-1;2;;;;;;;;;
;;1054;pious;;;500;100;The faithful are flocking to us in droves. The people recognize the truth! Are you ready to make penance?;-1;1;-1;;;;;;;;
;;1055;coins!septa;;;500;100;The Faith offers hot meals and warm beds to the suitably devoted. That's the only real secret to their success.;;-1-2;-2;2+1;;Forbid them;;;Offer the same;;
;;1058;septa;female;;500;100;Will you let me be a listening ear and a comforting presence?;-1;2+1;-1;;;;;;;;
;;1056;septa;sansa;yes_septa>1;500;400;There is a place for you with us. Peace, silence and joy await you if you choose to lay down the burdens of men.;;8+7;;;;Tell me more;;>_end_sansa;As a prisoner?;;>
;_;1057;septa;sansa;;;;A prisoner? No my child, you would be free to leave, if it were your will.;;;;;;Tell me more;;>;Leave me;;
;_;1569;septa;sansa;;;;I wish I could, but the secrets of the Silent Sisters are carefullly guarded. Follow me tonight and I will tell you all.;;8+7;;;;;;>;;;
;_end_sansa;1171;end>sansa;sansa;;;;<i>Wearied beyond measure by the trials of your short life, you turn from the Old Gods to hide yourself in silent contemplation.</i>;;;;;;;;;;;
afterdeath;_after_death;1815;melisandre>fire;;>1171;del;10000;Sansa will never find the Lord of Light's peace among these misguided naifs.;;;;;;...;;>_ruler_choice;...;;>_ruler_choice
;;1060;sam;;;500;100;Violence is never my first inclination. But if you'd seen what I've seen, you would not hesitate to prepare for war.;2-1;-1;;;;I will prepare for war;;;I will not;;
;;1061;sam;;;500;100;My wife and young son are with me. I ask you to make provisions for them, and guarantee their safety.;;1;1;-1-1;;;;;;;
;;1321;cook;;;500;100;Your Excellency, I cannot stay silent! The High Septon keeps pestering me about the food I serve. It's not too fatty!;;2;-1;;;Yes it is;;;No, it isn't!;;
;;1062;cook;;kingslanding;500;400;Your Illustrious Splendour, it's time to choose the wine for tomorrow's banquet! Only... well, I... gulp...;;-1;;;;What's the problem?;;>;Then go pick one!;;
;_;1063;cook;;;;;We've heard... crying sounds, coming from the cellar. But when we search the source, there seems to be no one.;;;;;;Crying?;;>;;;
;_;1064;cook;;;;;Yes... it's quite unnerving. It sounds like a small child.;;;;;;;;;;;
;;1065;hand;cersei;seen_1062;500;200;Some say the Red Keep is full of restless souls. Persecuted innocents, trapped within the walls, unable to leave...;-1;;;;;Robert's bastards?;;;Nonsense!;;
;;1097;handmaiden;cersei;morewine;500;100;I have your wine, Your Grace.;;;;;;I need more;;>>>1097 and nb_wine+;No more wine;;
;;1098;end>cersei;cersei;nb_wine>4;1;max;<i>Your body is found the following morning, lying in a broken heap at the foot of the stairs, a wine cup in hand.</i>;;;;;;;;;;;
;;1066;maester;daenerys;;500;100;I wish to discover the mysteries of dragon blood. Would you permit me to take a sample?;-1;;2;;;I am curious too;;;;;
;;1068;handmaiden;;;500;100;The most beautiful cape I've ever seen arrived this morning, a gift for you. Would you like to try it on?;-1;-1;2;;;;;;;;
;;1069;handmaiden;;;500;100;You should wear a sapphire to protect you from poison. Or maybe a bezoar ?;-1;-1;2;;;What poison?;;>;Neither;;>
;_;1070;handmaiden;;;;;A unicorn horn from the Land of Always Winter would also do the trick.;-1;;;;;From where?;;>;;;
;_;1071;handmaiden;;;;;Beyond the Wall. I assumed a person of your station would have one... perhaps you should send a party to find one?;-2;;-1;;;I deserve one!;<i>You send a party to find a unicorn horn. They never return.</i>;;Enough prattling;;
;;1077;tyrion;;>lannister_male;del;600;This nitwit is my cousin. He doesn't know what he's talking about. I beg you to ignore his ceaseless droning.;-1;;1;;;I will;;;I need him;;
;;1072;coins;;;500;100;We should remove the tariffs on imports and exports to King's Landing. Increased trade will benefit all!;;;1;2+1;;;;;;;
;;1073;coins;;;500;100;To move goods and people, new roads must be built and old ones repaired.;;;3;-2-2;;;;;;;
;;1074;coins;;;500;100;We should send a trade envoy to the Free Cities to cultivate ties.;1;;;2;;;;;;;
;;1075;cook;;;500;100;What should be done with the leftover food from the Keep?;-1;;2+1;;;Feed the poor;;;Feed the dogs;;
;;1322;greyjoy!hand;;greyjoy!antagonist;500;400;We don't need you to massage us like fat cats on embroidered cushions. We want to fight, we are the Iron Fleet!;1-1;-1;;;;Raid...;;>;Stay put;;
;_;1078;greyjoy;;;;;Marauding and debauchery? That's more like it.;;;;;;Listen...;;>_raid_choice;;;>_raid_choice
;_raid_choice;1323;greyjoy;;;;0;Maybe I'll just destroy a few nearby villages while you make your decision. <i>He spits on the floor.</i>;0-1;0-1;0-2;;;Do that;;;No, wait!;;
;_raid_choice;1324;greyjoy;;;10;10;Dorne$You're asking me to plunder the Dornish coastline? Love to!;1+1;;;1+1;;Go;;>>>>_dornish_rendition;No, wait...;;>_raid_choice
;_raid_choice;1325;greyjoy;;;10;10;Free cities$You want me to bring havok to Braavos, Tyrosh and Lys?;;;;2+2;;Go;;>>>>>_unhappybanker;No, wait...;;>_raid_choice
;_raid_choice;1326;greyjoy;!stark;;10;10;North$I guess you'd like us to ravage the North. Boring work, but we can do it.;;;-1-1;1+1;;Go;;;No, wait...;;>_raid_choice
;_raid_choice;1327;greyjoy;;<;10;10;Reach$There are a few fat Septs in the Reach. Always wanted to... pay my respects there.;;-1-1;;1+1;;Go;;;No, wait...;;>_raid_choice
;;1079;greyjoy&hand;;;500;100;The Ironborn are arrogant and petty. I'm glad to serve you as they fight and argue amongst themselves.;-2;;;;;I need you;;;I need the Iron Fleet;;
;;1081;banker;tyrion;!tyrion_super;500;1000-50;Your superb experience as a Master of Coin is thoroughly praised at the highest levels of the Iron Bank.;1;;;1;;You polish flatteries as well as coins;;>;Your humble servant!;;>
;_;1082;maester;tyrion;;;;Why are you listening to this unbearable popinjay?;;;;-1;;He's entertaining;;>;He pays for our food;;>
;_;1083;banker;tyrion;;;;And I know when not to listen. We will work well together. Please accept this humble contribution.;;;;2+1;;Thank you!;;tyrion_super;And if I say no?;;tyrion_super
;;1084;coins;arya;;500;100+60;My Queen, one of our most trusted friends across the Narrow Sea has sent an associate to see you.;;;1;;;What friend?;;>;I want peace!;;
;_;1085;coins;arya;;;;Illyrio Mopatis. His associate is called Master Rugen. He's in the small council room, will you meet him?;;;;;;Please do;;> and add_varys;;;
;_;1086;varys;arya;;;;Your Majesty, I apologize for the deception. Not my finest performance. But there is a matter most urgent...;;;;;;<i>Run to the door</i>;;>;I could have you killed;;>
;_;1087;varys;arya;;;;Will you really call your guards on me? I doubt it, just like I doubt you really are Cersei.;;;;;;<i>Remove Cersei's face</i>;<i>Varys looks at you in shock.</i> Arya Stark? Now that, I did not expect! <i>You tell him your story while he paces nervously through the room. Then he turns to you.</i>;>;Guards!;;kill_varys
;_;1088;varys;arya;;;;It changes everything. Everything! You may be the key to the Kingdom's salvation.;;;;;;I need you;;>;How?;;>
;_;1089;varys;arya;;;;You are... novel. I've employed faceless men on a few occasions in the past. But none sat on the Iron Throne.;;;;;;Will you stay?;;>_1090;What should I do?;;>
;_;1394;varys;arya;;;;I'm afraid you are trapped in your role. Never reveal who you really are, not to anyone. It could destroy this kingdom.;;;;;;Will you stay?;;>_1090;Go now;;del_varys
;_;1090;varys;arya;;;;The decision is yours, My Queen. Either I stay as your advisor, or I look after your interests from afar.;1;;1;;;Stay;;varys>spider;Go now;;del_varys
;;1099;sam;stark;lannister&antagonist;500;100;Gilly has been taken by Lannisters soldiers! They stormed through the Mud Gate and took hostages at the hospital!;-1-1;;1+1;-2-2;;I will pay;;;Let me talk to them;;>
;_notfair;1100;jaime;stark;;;;Don't do that. Heroes are for fairytales. How many more Starks need beheading before you understand?;-2;;2;-2-2;;You're right;;;You're wrong;<i>You try to talk to the red cloaks but the only answer you receive is the quarrel of an arbalest. You're only slightly injured. The hospital is razed the following night. Gilly is nowhere to be seen.</i>;del_sam
;;1112;kirsten;;has_kingsguard;500;100;Why is <kingsguard> following me everywhere? He scares me. Did he forget his vows?;;1;-1;;;Outrageous!;;;If only;;
;;1113;cook;;;500;100;What would you like for your repast?;;-1;;;;Sausages;;;Nothing;;
;;1114;sansa;cersei;!has_sansa and stark&antagonist;800;120;It's been a while Your Grace. You look... well.;;;;;;Sansa!;;>;What do you mean?;;>
;_;1328;sansa;cersei;;;;And a little tired. It must be difficult at your age to rule so ruthlessly.;;1;;;;Oh child;;>;The she-wolf bites;;>
;_;1115;sansa;cersei;;;;I'm not a little girl anymore. You of all people must understand how tragedy can harden a soul.;;;1;;;Why are you here?;;>;I'm bored;;kill_sansa
;_;1116;sansa;cersei;;;;You're right. To business. We will all be dead in six moons if we keep fighting one another. Simple.;1;;;;;All of you?;;>;What's the point?;;
;_;1117;sansa;cersei;;;;No? I see. Then we will abandon you to defend against the White Walkers alone. We will seek shelter on Bear Island and Skagos.;;;;;;. . .;;;. . .;;
;;1118;tyrion;jaime;;500;100;Us Lannisters don't shit gold anymore. We need to economize. I may have a solution.;;;;;;A new tax?;;>;Figs?;;>
;_;1329;tyrion;jaime;;;;An excellent laxative! No, I was thinking about selling some of our assets to merchants of the Free Cities.;-1;;;1+1;;;;;;;
;;1121;hand;tyrion;;500;100;You know, the people of Westeros would love to see your head on a pike.;1;;-1;;;Towering over them!;;;Always!;;
;;1122;courtesan;tyrion;;500;100;Your reputation has not faded among the ladies. Won't you come and see us one night?;;-2;;;;Us?;;;;;
;;1123;hand;sansa;;500;100;The Brotherhood Without Banners' ranks are swelling. I can see the attraction.;;;1;;;Find them;;;Outlaws;;
;;1131;handmaiden;;has_nobleman;500;100;Your Majesty, I hate to disturb you, but <nobleman> is bothering his female servants. They live in fear of his urges.;-1;;-1;;;Summon him;;;His House, his rules;;
;;1132;commoner_male;;;500;100;Disease has destroyed my hops. I need money to replant.;;;;-2;;;;;;;
;;1133;handmaiden;;;500;100;May I offer you a refreshment?;;-1;;;;Of course;;>;Not now;;
;_;1134;handmaiden;;;;;Arbor gold, Dornish red, something sweet from Volantis, pomegranate juice?;;;;;;Wine!;;>>>>>>>morewine;Juice?;;
;;1135;jon;daenerys;;500;100;My sword is yours, my life is yours, my heart is yours.;2;;-2;;;I'll need them all;;;I just need you;;
;;1136;spider;tyrion;;500;100;I know we all believe in White Walkers, grumkins and snarks now, but really, aren't you becoming a little erratic?;;;-2;;;I am doing my best;;;It's my main quality;;
;;1137;hand;sansa;;500;130;They say you spend even more time in the godswood than your father did. It can take you away from the world.;1;1;-1;;;You are right;;;You are wrong;<i>The only place you can find any peace cannot be given up lightly</i>;
;;1138;spider;stark;;500;130;Your ostentatious worship of the Old Gods risks upsetting the High Septon. His support is already tenuous.;;2;;;;I will take the risk;;;;;
;;1139;sansa;arya;;500;170;Family, duty, honor... I know what they mean now.;1;;;;;Me too;;;No you don't;;
;ratereigns;1143;maester;;dynasty>8 and mobile_keep;del;20+100;It is royal custom for the (King to write down his*Queen to write down her) thoughts about the Seven Kingdoms. Would you be so kind?;;;;;;<i>Rate this game!</i>;;rating_keep;Not now;;
;ratereigns;1144;banker;;dynasty>20 and !rating_keep and mobile_keep;del;20+100;The esteemed head of the Iron Bank, Fyrcho Parkoris, has requested I send him an evaluation of the Kingdom's assets.;;;;;;<i>Rate this game!</i>;;rating_keep;Not now;;
;;1151;jon;sansa;jonheir_keep;500;100;I will defend you to the death! Whatever my origins, I was raised a Stark!;;;;;;;;;;;
;;1152;jon;sansa;;500;50;I can advise you on military matters. But I'm sure you remember that neither Gods nor coins are my strong suit...;2;1;-1;;;;;;;;
;;1153;nobleman;;;500;50;Fashion is key to a regal bearing, my (Lord*Lady). If you dazzle your people with finery, they will adore you!;;;1;-1;;;;;;;
;;1154;high_septon;;;500;50;Perhaps a more humble appearance will please the pious. Power comes from within, not from fancy garments.;;1;-1;1;;;;;;;
;;1764;military;male;;500;100;My Lord, me and the lads are doing some fencing outside. Fancy a bit of fresh air with us?;;;1;;;Excellent idea;<i>You spend the rest of the afternoon outside. The exercise makes you forget the burden of the crown for a few hours.</i>;> and set_kingslanding>1;It's "My King" to you;;
;_;1765;rhaegal;jon;;;;<i>Rhaegal's massive shadow sweeps across the yard, scattering the soldiers. The beast settles against a far wall, closing his eyes. </i>;;;;;;Rhaegal!;;>;Hmm... Daenerys?!;;>
;_;1766;rhaegal>open1;jon;;;;<i>Daenerys is nowhere to be seen. The Dragon lifts an eyelid and growls...</i>;1;;;;;<i>Lift a hand</i>;;>;<i>Flee</i>;<i>You escape the yard before Rhaegal can catch you. He burns a few of your men before flying off towards the east.</i>;set_trone
;_;1767;rhaegal>open;jon;;;;<i>Rhaegal is looking straight at you. His growl is turning into a high pitched scream.</i>;1;;;;;Calm down;;>;<i>Flee</i>;<i>You escape the yard before Rhaegal can catch you. He burns a few of your men before flying off towards the east.</i>;set_trone
;_;1174;end>dragon;jon;;;;<i>The great teeth of the hungry dragon rip through your skin. He eats you whole and although death is swift, it is far from immediate.</i>;;;;;;;;;;;
;endready;1780;arryn;daenerys;seen_227;reign;100+80;A raven just arrived from the Eyrie. Your pet monster has destroyed a large part of their main keep. We cannot just accept this!;;;;;rhaegalready;Pet monster?;;>;Mind your words!;;>
;_;1781;arryn;daenerys;;;;It's your dragon, Rhaegal. We don't know if anyone is still alive. I fear for my Lord Robin.;;2;3-2;-1-1;;I will do something;;;Nothing I can do;;
;;1782;tyrion;daenerys;rhaegalready;reign;150+50;Incinerated cattle carcasses are turning up near Riverrun. I suppose we've found Rhaegal? We can't afford to lose more livestock.;-1;;2;;;I don't know what to do;;>;Let him be;;>
;_;1783;maester;;;;;The extensive studies I've conducted on dragons suggest to me that Rhaegal needs a rider...;;;;;;And?;;>;;;
;_;1784;maester;;;;;Of course, no one knows how to ride a dragon anymore. Except you, My Queen, but I would be so bold as to say you're a natural.;;;;;;Indeed;;>;Well;;>
;_;1785;tyrion;;;;;Maybe we could introduce Rhaegal to a few candidates, and hope he's not too hungry.;;;;;;<i>Look at him</i>;;>;;;
;_;1786;tyrion;;;;;You don't mean... no. Me? I can't even ride a horse! Damn it, I should really cut my tongue out. It only brings me ruin.;;;;;;Good;;>;Who else?;;>
;_;1787;maester;;;;;Since Jon is missing, we would need to look for candidates in the other Great Houses. Let me find them.;;;;;;Do it;<i>While your advisors look for the candidates, you fly towards the Riverlands to find Rhaegal.</i>;>_1788 and set_hills and add_rhaegal;Shouldn't they be Targaryens?;;>
;_;1804;maester;;;;;Yes, at least according to the legends. But dragons are intelligent and difficult creatures. They make their own choices.;;;;;;Let's try;<i>While your advisors look for the candidates, you fly towards the Riverlands to find Rhaegal.</i>;>_1788 and set_hills and add_rhaegal;I changed my mind;;
;_;1788;rhaegal>open1;;;;;<i>Rhaegal rears as his brother approaches. Drogon screams angrily, and the smaller dragon settles.</i>;;;;;;<i>Look at him</i>;<i>Rhaegal looks cunning and smart. He may abide his brother's orders but he's quicker.</i>;>>> and !rhaegalready and set_kingslanding>2;<i>Touch him</i>;<i>Rhaegal is panting and his heart is racing. You feel his fear, the anger he still carries against you.</i>;>>> and set_kingslanding>2
;_;1789;maester;;;;;The four potential riders are here. Should we introduce them to Rhaegal?;;;;;;;<i>You bring Rhaegal to the four candidates. Knowing your Dragon, who would be the best match?</i>;>_rhaegal_choice and add_tyrion and add_sansa and add_gendry and add_jaime;I changed my mind;;
;_rhaegal_choice;1790;tyrion;;!rhaegalready;;10;He seems vexed. He must think I will not make for a sufficiently sizable meal. Please send Jaime instead.;;;;;;Let's go;<i>You bring Tyrion by the hand to Rhaegal. He looks at the dwarf intently, snorts dismissively and lets him mount his back.</i>;>_riders;Stay;;>_rhaegal_choice
;_rhaegal_choice;1791;tyrion;;<;;10;He seems vexed. I'll bet he's thinking I won't make for a sufficiently sizeable meal. Please send Jaime instead.;;;;;;Let's go;<i>You bring Tyrion by the hand to Rhaegal. He looks at the dwarf intently for some time, then flies away without a sound.</i>;;Stay;;>_rhaegal_choice
;_rhaegal_choice;1792;sansa;;rhaegalready;;10;Such a gigantic beast moving with such grace. There's something troubling about him.;;;;;;Let's go;<i>You bring Sansa by the hand to Rhaegal. He gently puts his head against her hand. She takes hold of the dragon's ridge, and mounts him.</i>;>_riders;Stay;;>_rhaegal_choice
;_rhaegal_choice;1793;sansa;;<;;10;Such a gigantic beast, yet he moves with such grace. There's something troubling about him.;;;;;;Let's go;<i>You bring Sansa by the hand to Rhaegal. He looks at her intently for some time, then takes to the sky without a sound.</i>;;Stay;;>_rhaegal_choice
;_rhaegal_choice;1794;gendry;;;;10;He's massive! A real dragon, I never thought I'd see such a thing.;;;;;;Let's go;<i>You lead Gendry by the hand to Rhaegal. The dragon swiftly gobbles up the poor lad, sets the castle aflame, and disappears into the sky, never to return.</i>;>_riots;Stay;;>_rhaegal_choice
;_rhaegal_choice;1795;jaime;;;;10;I don't like dragons. I've seen men melt under your creature's flames.;;;;;;Let's go;<i>Jaime commands his archers to shoot at the dragon, escaping in the furore. Rhaegal becomes mad with rage, and lays waste to King's Landing.</i>;>_riots;Stay;;>_rhaegal_choice
;_riders;1796;tyrion;;!rhaegalready;;;I hope he won't change his mind. It's quite exhilarating! Although, how do you steer?;;;;;riders_super;Come ride with me;;>>>>>>>>_185;Be careful;;>>>>>>>>_185
;_riders;1797;sansa;;rhaegalready;;;He's so powerful. I don't know how yet, but we will ride alongside you, My Queen!;;;;;riders_super;I'm glad he likes you;;>>>>>>>>_185;I will teach you;;>>>>>>>>_185
;_riots;1798;maester;;;;;Rhaegal has ravaged Flea Bottom! Those who survived are rioting in the streets!;;;0-9;;;What...;;>_end_keep;What...;;>_end_keep
;;1768;maester;daenerys;yes_handmaiden<0;500;300;A raven from Meereen just arrived! Do you want to read it?;;;;;;;;>;;;
;_;1769;raven;;;;;<i>My Queen, the Sons of the Harpy are rising again. They've recruited an assassin, possibly a red priest. Be safe. -- Daario</i>;;;;;;<i>Hide the message</i>;;>>>;<i>Burn the message</i>;;>>>
;_;1770;handmaiden;;;;;My Queen, would you like some refreshment?;;;1;;;;;>;;;
;_;1175;end>poison;;;;;<i>The handmaiden starts singing hymns to the Red God as the poison seeps into your veins.</i>;;;;;;;;;;;
faith;;1571;melisandre;gendry;!has_melisandre;500;300;I see your King's blood has been recognized. I saw it in you long ago.;;;;;;You!;;;You tried to kill me;;>
faith;_;1572;melisandre;gendry;;;;I was under Stannis's spell. I remember our time together fondly, and only wish we could've explored more.;;;;;;Me too;;>_1574;;;
faith;;1573;melisandre;gendry;;500;120;Mighty King, I ask you to respect those who follow the Lord of Light. R'hllor has many ways to show you his gratitude.;;-2-1;;;;I will;;>;I won't;;>
faith;_;1574;melisandre;gendry;;;;Perhaps we can discuss this further tonight, if you wish.;;-1;;;;Do you know what I wish?;;>;Never again;;
faith;_;1575;melisandre;gendry;;;;Delights of all kinds. Pleasures beyond this earth. Ecstasy befitting a King of complex desires.;;;;;;;<i>You cannot resist her beauty, nor her experience. She departs in the morning, with a cold smile and a whisper:</i> You will make Kings rise and fall.;>;;;
faith;_end_gendry;1176;end>gendry;gendry;;;;<i>A foreboding shadow, then a swift, unnatural death. You curse your King's blood and the simple life you were denied.</i>;;;;;;;;;;;
faith;_after_death;1816;melisandre>fire;;>1176;del;10000;I still feel Gendry against my skin. Such power, such innocence, such promise.;;;;;;...;;>_ruler_choice;...;;>_ruler_choice
;;1577;courtesan;tyrion;brothel or yes_courtesan>0;500;120;My friends and I are eager to teach our good King the thousand meanings of the word "pleasure".;;;7+8;;;;;>;;;
;_end_tyrion;1177;end>tyrion;tyrion;;;;<i>A pain inseparable from extreme pleasure shoots through your chest as your heart gives up its fight, contented.</i>;;;;;;;;;;;
;;1244;commoner_female;;winter;500;100;The winter has brought disease. We need medicines to save our children.;;;2;-2;;;;;;;
;;1245;commoner_male;;winter;500;100;We are freezing! This cold is too dangerous for the old and the sick. Please help us!;;1;2;-2;;;;;;;
;;1246;maester;;winter;500;100;Plants are scarce and we are lacking medicines. Perhaps we should prioritise the nobility?;;;-2;;;;;>_1248;;;>
;_;1247;maester;;;;;Yes, maybe looking after women and poor children would be the most noble choice.;-2;2+1;2;;;;;;;;
;_;1248;maester;;;;;You're right. In difficult times, we should first treat those who have the skill to help the realm.;1;-3;-2;2+1;;;;;;;
;;1619;spider;;summer;80;500+100;It is time for you to lay down your burden. I can offer you the most precious of gifts: a simple life, far from the Iron Throne.;-6-5;;;;;;;>;;;
;_;1620;end>paradise;;;;;<i>You disappear from the world in peace and happiness. Your face is forgotten, but your legend endures.</i>;;;;;;;;;;;
;;1249;maester;;summer;500;200;Spring has come, and the snows are melting quickly. We must now assess the damage done by frost.;;;;;;;;;;;
;;1378;military;;summer;500;200;The wolves and bears are heading back north. This is your last chance for a grand hunting expedition.;;-1;-1;;;Good idea;;>_hunt;;;
;;1250;maester;;summer;500;200;Records must be written about your glorious victory over winter and death. Set the Citadel to work.;1;;1;;;;;>;;;>
;_;1251;maester;;summer;;;Of course, you will have the final say over the exact wording of your fantastical deeds.;;-2;-1;0-1;;I hope so;;;No need;;
;;1252;noble;;summer;500;200;The Great Houses would like to commission a statue of you in King's Landing.;1;-2;2;-2-3;;;;;Who's paying?;;
;;1253;military;;summer;500;200;Meltwater threatens to submerge towns. Flood defenses need to be put in place immediately.;1;1;3;-2-2;;;;;;;
;;1254;crow;;summer;500;200;I fear the magic that once fortified the Wall is lost to us forever. We have major repair work to do.;2-1;-1;1;-2-2;;;;;;;
;;1255;hand;;summer;500;200;May I suggest that we make preparations for the next winter? We don't want to have the same worries again.;2-1;2;-1;-1-3;;Rationing?;;;That's ages away;;
;;1294;arryn_male;jon;;500;100;I've always considered you a cousin. Surely you understand the challenging etiquette around bastard children...;1;;;;;What do you want?;;>;Catelyn was no mother to me;;
;_;1295;arryn_male;jon;;;;What we all want: favor and privilege. And to be left alone to govern our land as we see fit.;1;-2;;-1;;;;;You will not blackmail me;;
walkers;_overhear;1330;nobleman;;;reign;10+20;Oi! What are you looking at, you dirty toe rag? You want me to punch you?;3-1;;;;power=50 and add_pirate and add_courtesan;Just try;;>_brawl_events and inc_battle and nb_punch;;;>_overhear
battle;_brawl_choice;1331;crowd;;nb_punch=4;10;max;<i>The tavern begins to blur. Shouts ring out, and furniture breaks. Your vision swims, and...</i>;;;;;;...;;>_brawl_results;...;;>_brawl_results
battle;_brawl_events;1332;throne;;nb_punch=1;10;max;<i>Threatening drunkards surround you. You stagger on your feet, not quite sure how to react.</i>;;;;;>_brawl_choice;;;;;;
battle;_brawl_choice;1333;knight;;nb_punch=1;10;10;Talk to him$<i>You argue the futility of physical violence to the gentleman. He listens thoughtfully before punching you.</i>;-2;;;;>_brawl_choice and nb_punch+;;;;;;
battle;_brawl_choice;1334;knight;;nb_punch=2;10;10;Punch him$<i>As you throw your punch, you remember too late the adage:</i> Never attack an armored man bare-fisted.;-2;;;;>_brawl_choice and nb_punch+;;;;;;
battle;_brawl_choice;1335;knight;;nb_punch=3;10;10;Insult him$<i>You give a striking tableau of the Knight's depravity. Boiling mad, he runs at you, slips, and hurts himself badly.</i>;2;;;;>_brawl_choice and nb_punch+;;;;;;
battle;_brawl_choice;1336;pirate;;nb_punch=1;10;10;Insult him$<i>You are still mustering a witty insult when the pirate destroys you with banter involving your head and too many Dothrakis.</i>;-2;;;;>_brawl_choice and nb_punch+;;;;;;
battle;_brawl_choice;1337;pirate;;nb_punch=2;10;10;Flatter him$<i>The pirate is quite taken by your recollection of his famous adventures in Tyrosh.</i>;2;;;;>_brawl_choice and nb_punch+;;;;;;
battle;_brawl_choice;1338;pirate;;nb_punch=3;10;10;Talk to him$<i>You try to reason with the pirate. By the end, you're practically ready to join him on his next adventure.</i>;-1;;;;>_brawl_choice and nb_punch+;;;;;;
battle;_brawl_choice;1339;courtesan;;nb_punch=1;10;10;Flatter her$<i>You approach the courtesan with sweet words and long looks. She giggles, kisses you and steals your coin purse.</i>;-2;;;;>_brawl_choice and nb_punch+;;;;;;
battle;_brawl_choice;1340;courtesan;;nb_punch=2;10;10;Talk to her$<i>You have a long chat with the courtesan. You learn she trained as a septa, but has no regrets.</i>;1;;;;>_brawl_choice and nb_punch+;;;;;;
battle;_brawl_choice;1341;courtesan;;nb_punch=3;10;10;Punch her$<i>You aim a punch at the courtesan, but for some reason you end up on the floor. Wine, probably.</i>;-2;;;;>_brawl_choice and nb_punch+;;;;;;
battle;_brawl_choice;1342;nobleman;;nb_punch=1;10;10;Punch him$<i>The nobleman's nose bleeds a little. He wails and runs out of the room.</i>;2;;;;>_brawl_choice and nb_punch+;;;;;;
battle;_brawl_choice;1343;nobleman;;nb_punch=2;10;10;Insult him$<i>Your best insults are received with smirks. The nobleman seems quite proud that his debauchery is so famous.</i>;-2;;;;>_brawl_choice and nb_punch+;;;;;;
battle;_brawl_choice;1344;nobleman;;nb_punch=3;10;10;Flatter him$<i>You try to throw your best flatteries at the nobleman, but he's an expert who only snorts at your efforts.</i>;-2;;;;>_brawl_choice and nb_punch+;;;;;;
battle;_brawl_results;1345;spider;;;;10;<i>Carefully stepping through the mess...</i> I've never seen such a terrible brawl. Please, let's go back now.;0-1;0-1;0-1;0-1;!inc_battle and !nb_punch;My head hurts;<i>You return to the castle in the dead of night.</i>;set_defaut;Nooo...;<i>You're carried back to the castle in the dead of night.</i>;set_defaut
battle;_brawl_results;1346;spider;;power>50;;max;<i>You wake up the following morning, with a terrible headache...</i> It seems your drinking companions left you a small gift. Do you want it?;pos;pos;pos;pos;!inc_battle and set_kingslanding;;;;;;
;;1347;pious;cersei;has_courtesan;400;800-40;The Faith of the Seven has saved a fallen woman who lost her way. Have mercy, O Queen, and let her serve you at court.;;2;0-1;;;She may serve wine...;;> and add_courtesan;Mercy? No.;;
;_;1348;courtesan;cersei;;;;Should a Queen spend all her nights alone? I can at least serve your wine, and talk with you. Perhaps we might even...;;;-1;;;Oh, really?;;>;Just pour the wine;;
;_;1349;courtesan;cersei;;;;Begging your pardon, but you are not much loved here. Surely you'd welcome a confidant.;;;-1;;;If you earn my favor...;;loyalfriend;I called for wine!;;
;;1350;hand;cersei;tyrell&antagonist;400;200;My Queen, your enemies have been destroyed, but your anger is not soothed...;;;;;;And?;;>;Do I seem unhappy?;;>
;_;1351;hand;cersei;;10;10;Consider returning your prisoners, the cousins of House Tyrell, to their lands as your stewards. You could use some goodwill.;-1;;1;;;Excellent idea;;>>>> and add_tyrell;Impossible;;
;_;1352;tyrell;cersei;;;;Although I prayed for the honor of death, you released me to live with what you've done to us. Is this some new cruelty of yours?;0+1;;0-1;;tyrell>!antagonist;Most certainly;<i>You appoint her steward of Highgarden on your behalf. The compromise should soften the sting of your recent deeds.</i>;;I can use you;<i>You appoint her steward of Highgarden on your behalf. The compromise should soften the sting of your recent deeds.</i>;
;;1353;courtesan;cersei;tyrell!antagonist and loyalfriend;400;300;Tell me, My Queen, why did you release those Tyrell cousins? A rose bush can bloom again from nothing if you let it.;1;;;;;I won't;;;Just pour the wine;;
;;1354;courtesan;cersei;loyalfriend;400;300;My Queen? Those stories about you and your brother Jaime... as I have been your dear companion, tell me, are they true?;-1;;;;;They were once;<i>There was a time when all you ever wanted was to be able to admit this without fear.</i>;;Get out;;
;;1355;courtesan;cersei;loyalfriend;400;200+150;I lost a child once, too. It heals the heart to talk of it... will you share a memory of one of your children with me?;;;1;;;Yes...;<i>You take a deep drink and allow yourself to think about one of them...</i>;>_kids;Leave me;;
;_kids;1356;courtesan;cersei;loyalfriend;3;10;Joffrey$I want to know the Joffrey Baratheon that was in his mother's heart.;-1;;;;;A lovely child;<i>It is vividly painful to recall him as a child, enthusiastic about everything and completely devoted to you.</i>;>_kids;I regret...;<i>Joff lacked the discipline that father wanted, but you could never bring yourself to wield it over your first boy. Now they're both dead.</i> ;
;_kids;1357;courtesan;cersei;loyalfriend;3;10;Myrcella$Poor Myrcella... I too lost a daughter. Girl children are so precious... was she like you?;-1;;1;;;My girl...;<i>Your sons took your focus by necessity. But sweet, quiet Myrcella... she deserved the happy life you never had as a girl.</i>;;Not at all;<i>She was good, too good for this world. The cruelties and indignities that crushed you never touched her.</i>;>_kids
;_kids;1358;courtesan;cersei;loyalfriend;3;10;Tommen$Tommen was such a lovely boy. He made a fine king...;;-1;;;;Yes...;<i>Those Tyrells, that church, all the foul forces that polluted your sweet boy's mind... you'll see every last one dead.</i>;>_kids;Enough;<i>It's still too soon. You swallow the gall that rises abruptly in your throat, and turn away.</i>;
;;1359;courtesan;cersei;!has_jaime and loyalfriend;400;200;Don't be solitary in grief, Your Grace. I can do more than tidy your clothes and bring you fruit, if you allow me...;1;-2;1;;;Oh, all right;;;I think not;;
;entryrecruit;1402;kingsguard;cersei;has_spider;400;200;Your personal guards say that hooded people have been approaching them, seeking intimate tales about you.;1;;;;;Who could it be?;;>>;Ignore it ;;>>
;_;1403;spider;cersei;;;;No plot, rumor nor foul word against you is spoken here without my hearing it. Is there anyone you suspect?;;;;;;Indeed...;Show me the target of your suspicion by speaking some confirmation to them, <i><spider> whispers.</i>;>_investigation_choice;;;
;_investigation_choice;1404;spider;cersei;;;0;No one, then? I will be vigilant.;;;;;;Good;;;Go away;;
;_investigation_choice;1405;kingsguard;cersei;;10;10;Your Majesty? I'm glad to report that your bedroom is secure, if you wish to retire.;;;1;;;Thank you;;>>>_traitorsearch;<i>Walk away</i>;;>_investigation_choice
;_investigation_choice;1406;handmaiden;cersei;;10;10;Your Serenity, will you see the dresses I've laid out for you for tomorrow's dinner?;;;1;;;Certainly;;>>>_traitorsearch;<i>Walk away</i>;;>_investigation_choice
;_investigation_choice;1407;courtesan;cersei;loyalfriend;10;10;You are my Queen, and I hope also my dear friend. Please believe me: A nest of traitors lies among your servants.;;;1;;;I see;;>_spytest;<i>Walk away</i>;;>_investigation_choice
;_investigation_choice;1408;septa;cersei;;10;10;People laugh too loudly in the streets, and murmur unholy things in the taverns.;;1;;;;Certainly;;>>>_traitorsearch;<i>Walk away</i>;;>_investigation_choice
;_traitorsearch;1409;spider;cersei;;;;At your command, my many eyes and ears have searched for traitors in your ranks. And... may I speak frankly, Great One?;;;;;;Go ahead;;>;At your own risk;;>
;_;1410;spider;cersei;;;;Few gladly accept you as Queen. The court is too fearful to defy you, but nearly all of them have reason to plot your demise.;-1;;1;;;And you?;;>;Faithless idiots!;;
;;1411;spider;;;400;70;My only concern is the welfare of this kingdom. And you are its most worthy ruler, of course.;-1;1;;;;That's good to hear;;;Good dog;;
;_spytest;1412;hand;cersei;;;;Why don't we let her hear a precious-sounding falsehood, and see who learns of it?;;;-1-1;;;Fine idea;<i>You tell <courtesan> that you have secretly begun to serve the Lord of Light.</i>;add_pious and >>>>>_blasphemy;Anything better?;;>
;_;1413;spider;cersei;;;;Not as effective as simple torture, of course! But that would be excessive... w-wouldn't it?;-2+1;1;;;;For now;;;Desperate times...;<i>You send <courtesan> to the dungeons. One way or another, you always extract a confession... </i>;>>>_torture
;_torture;1414;courtesan;cersei;;;;I have nothing to confess. <i>The room is gruesome, yet <courtesan>'s face is almost intact. The work of an expert.</i>;-1;;1;;;Release her;<i><courtesan> survives the torture, but is much changed. You hear she escaped to Meereen, leaving you to drink alone.</i>;del_courtesan;Execute her;;kill_courtesan
;_blasphemy;1415;pious;cersei;;;;Your blasphemy will ruin this kingdom! Now the rumors say you worship the Red God in secret. Yes, we know of it!;;43102;;;add_tyrell;It's just a rumor;;>>>;<spider>!;;>_spiderblasphemy
;_;1416;tyrell;cersei;;;;You worship the Red God in secret: Admit it! Is there any vulgar offense you won't commit upon the Iron Throne?!;;-1-2;;;;Why would you care?;;>;<spider>!;;>_spiderblasphemy
;_spiderblasphemy;1417;spider;cersei;;;;Other than me, of course, the only one who heard the false rumour was <courtesan>. She must be the source. What will you do with her?;1;-1;;;;Make her confess;;>>>_torture;Banish her;<i>You can't entirely trust <spider> either. You can't trust anyone. You decide to exile <courtesan> quietly, with no farewell.</i>;del_courtesan
;;1485;pirate;;;500;100;A pirate's life is not as exciting as it once was. I want to open a tavern and gambling hall.;;-2;1;-1-1;;I will help;;;;;
;;1486;noble;;;500;100;I'm so tired of all these battles and dramas. Have we forgotten the perks of being rich and powerful?;;-1;-1;2;;Soon;;;Never;;
;;1517;maester;cersei;!jaimeseen and !has_jaime;500;100;Yes, My Queen, you are indeed bearing a healthy child! And the father is...?;;-1;;;jaimeseen;My brother Jaime;;>;Not your concern;;
;_;1518;maester;cersei;;;;I... Shall we send a raven to him in the North? I'm sure he is anxious to know all is proceeding well...;;;1;;;Indeed;;>>>_jaimeraven;Don't bother;;
;_jaimeraven;1519;maester;cersei;;reign;12;The raven we sent to Jaime Lannister returned, but there is no reply from him.;-1-1;;;;;Send another;;>>>_jaimeraven;Let us forget him;;
;_jaimeraven;1520;maester;cersei;;reign;10;The raven we sent to Jaime Lannister never returned. It's rare that ravens get lost, but perhaps this one did.;-1-1;;;;;Send another;;>>>_jaimeraven;Ah well;;
;_jaimeraven;1521;maester;cersei;;reign;8;The raven we sent to Jaime Lannister returned still carrying your message. Why would he send it back unread?;-1-1;;;;;Send another;;>>>_jaimeraven;Ugh!;;
;_jaimeraven;1522;maester;cersei;;reign;7;Ah! At last a raven from Jaime... ah, apologies, Queen, it's from his steward. He regrets Ser Jaime is occupied.;-1-1;;;;;Send another;;>>>_jaimeraven;With what?!;;
;;1551;noble;jon;;500;100;Legend says you once took up with a Wildling girl, north of the Wall, and loved her! They say you even dressed her like a Southerner lady!;-1;-1;1;;;Partly...;;;Never;;
;;1552;crow;jon;kingslanding;500;150;You may be our King, but you're still our brother as well, and we need you. Please, ride back to Winterfell with me tonight.;1;;1;;;My pleasure;;>_wintercourt;I'm needed here now;;del_crow
;;1578;maester;gendry;;500;100;You must commit to your lessons. You have not had the education of a Lord, let alone a King!;2;;;;;;I'm trying;;;I'm useless;
;;1579;septon;gendry;;500;100;The faith of the Seven is the official religion of Westeros. Will you agree to prosecute infidels, as a holy King ought?;-2;2;1;;;;;;;I don't know...;
;;1580;septon;gendry;;500;100;It's what a wise and learned king would do.;-2;2;2;;;;;;;;
;;1581;hand;gendry;;500;100;Throwing funds carelessly at the poor will bankrupt us. How will you refine your admirable generosity, My King?;1;;-2;;;Let's fund housing;;;Let's provide medicine;;
;;1583;cook;gendry;;500;60;A roast boar tonight, Your Holiness? You are aware of how the last Baratheon met his end?;1;;1;;;Yes I am;;;Not now;;
;;1584;courtesan;gendry;;500;100;Rich living is giving you a bit of padding, My King. I like it.;;-1;1;;;;;;;;
;;1585;arya;gendry;;500;10000;Gendry! I'm so glad to see you. I'm sorry, I mean 'Your Majesty'.;-1;;;;;You too, my Lady;;>;Glad to see you;;
;_;1586;arya;gendry;;;;Still not a lady!;;;-1;;;Yes you are;;;Still;;
;;1645;high_septon;jaime;;400;200;Too many shadows still hang over your family. Enter a path of humility and repentance and I may bless your reign.;-1;2+1;;;;Yes;;>_jaimesepton;I don't need you;;
;;1646;kingsguard;jaime;;500;200;With all respect, My King, your place is on the Iron Throne, not doing exercises among us. Allow us to defend you, as is our duty.;-1-1;;1;;;I see;<i>Seeing you train with your left hand must be depressing to your old comrades.</i>;;Nonsense;<i>You're probably depressing your old comrades, but you can't seem to stay away from them.</i>;
;;1647;spider;jaime;;500;200;The one once called 'Kingslayer' is now the King. Are you certain you're safe from your own guards?;1;;;;;;;;;;
;;1724;kirsten;;;500;150;Do you like my dress? I made it myself.;;;1;;;I do;;;;;
;;1725;kirsten;;!winter and !summer;500;150;My (Lord*Lady)! As winter is approaching, I've gathered the last flowers from the garden. Please accept them.;-1;;1;;;So sweet;;;Summer child;;
;;1726;courtesan;;>kirsten;500;1000;Your little protégée is very sweet. Let me refine her charms, and she will become a powerful asset in your hands.;2+1;-1;-2;-1-1;;;;;Let her be;;
;;1727;banker;;yes_banker<0;120;200;I despair to see how poorly you value the advice provided by the Iron Bank. It will cost you more than you can afford.;;-1;1;-2-3;;I'm listening;;;Get out!;;noironbank
faith ;;1805;septon;;;500;80;Your Highness, of course you know the meaning of the seven-pointed star...;;2-1;;;;May the Seven guide me;;;Of course;;
faith ;;1806;pious;;;500;80;A pilgrim of the Seven was killed by mercenaries on his way to the capital. Will you make restitution to his family?;;2-1;;-1-1;;;;;;;
faith ;;1730;pious;;;500;80;A holy house in the West was burned! It must have been those blasphemous Ironborn... Send an army!;;2+1;;-1-1;;I will;;;Do you have proof?;;>
faith ;_;1731;pious;;;;;What more proof do you need than for us to come begging, wounded? Don't the Seven matter in these times?;;2;;;;;;;;;
faith ;;1732;septon;cersei;kingslanding;500;160;Your family crest now hangs above the Iron Throne where the star of the Seven once gleamed? You offend the divinities...;;1-2;;;;I'm the only divinity;;;<i>Sit up</i>;<i>You force the old man to remove the Lannister crest by climbing the Iron Throne. He slips and impales himself.</i>;kill_septon
;;1735;goldcloak;;kingslanding;500;80;A band of filthy brats threw stones at my patrol in Flea Bottom. How am I to retaliate, Your Grace?;1;;-2-1;;;Use your judgment;;;Don't;;
;;1734;commoner_female;;;500;80;I've been loyal to you all my life, but now I'm suffering. Please take my children into your kitchen and pay them a wage.;;2-1;2+1;;;All right;;;We have enough staff;;
;;1807;lannister_male;;yes_lannister_male<0;400;200;I speak in the name of the Great Houses. Your reign is a disaster for the Kingdom.;-2+1;;0-1;0-2;;You may be right;;;Enough with you;;kill_lannister_male and >>>>_lanniwar
;;1736;sam;;yes_sam<0 and kingslanding;350;250;I beg you, let me leave King's Landing and go back to Horn Hill with Gilly. I'm obviously not welcome here.;;-1;2-1;;;I need you;;;Go now;;del_sam
;;1737;stark_male;;yes_stark_male<0;400;250;I despise what you have become. The North will rise against you!;-2+1;;2-1;;;So be it;;;I'll punish your treason;;kill_stark_male
;;1738;courtesan;;yes_courtesan<0;400;250;What kind of (King*Queen) are you, anyway? No courage, no conviction... who could respect that?;;;1-2;;;Who could respect you?;;;Get out;;kill_courtesan
;;1739;septa;;yes_septa<0;400;250;Be warned. Your obvious disregard for the Faith of the Seven could revive old grudges.;;2-1;1;-1;;Then let's pray;;;Go away;;add_militant and >>>1648
;;1740;septon;;yes_septon<0;400;250;The pursuit of power is corrupting your soul. You can still make amends if you repent with me, today!;-1;2+1;-1;;;;;add_militant and >>>1648;;;
;;1741;arryn_male;;yes_arryn_male<0;400;250;People are whispering about you. They say you're not decisive enough to rule.;2+1;-1-1;;-2-1;;Is this better?;;kill_arryn_male;I try my best;;
;;1742;tully_male;;yes_tully_male<0;400;250;I thought you valued my opinion. Tell me, my (King*Queen), am I not your most trustworthy advisor?;-1;;1;2-1;;;;;;;
;;1743;sansa;;yes_sansa<0;400;250;You're no better than Joffrey.;-1;;2-1;2-1;;That hurts;;;How dare you!;;kill_sansa and >>517
;;1745;kirsten;;yes_kirsten<0;400;250;I... I would like to be left alone, Your Majesty.;-1;;2;;;;;;;;
;;1746;noble;gendry;;del;160;Is the rumor true? About your birth?;-1;;1;;;No one knows;;;Watch your tongue;;
;;1817;septa;;yes_septa>0;400;250;Seven Blessings to you, my (son*daughter). Will you accept our prayers for the prosperity of your rule?;;3;;;;;;;;;
;;1818;martell_female;;;500;200;My father was a prince and my mother was a whore. What does that make me?;;-2;1;;;Desirable;;>>;Suspicious;;
;;1819;martell_female;;martell!antagonist and yes_martell_female>0;500;200;Will you be my lover tonight? I'm utterly bored of your brothels.;;-2;1;;;;;;;;
;;1820;martell_female;;yes_martell_female<0;500;200;Will you be my lover tonight? I'm utterly bored of your brothels.;;-2;1;;;;;>_end_kiss;;;
;_end_fever;1821;end>good;;;500;10+10;<i>An unexpected fever robbed you of your health and eventually your life. The people of Westeros wept for the loss of their good (King*Queen).</i>;;;;;;;;;;;