thematic;card;id;bearer;sign;conditions;lockturn;weight;question;override_yes;answer_yes;yes_church;yes_kingdom;yes_people;yes_economy;yes_custom;override_no;answer_no;no_church;no_kingdom;no_people;no_economy;no_custom;load_custom;vide
duel;_duel_won;345;owl;;;;;You fired at the perfect time! Your win shall be told in a future rhyme!;Yessss!;;;;;;;It was nothing;;;;;;;mus_stop;
duel;_duel_die;346;owl>super;;;;;Alas, you fired your arm too slow! Your enemy wins with a well-timed blow!;What...;;-100;-100;-100;-100;>_end_statue;What...;;-100;-100;-100;-100;>_end_statue;;
duel;_duel_missed;347;owl>super;;;;;Alas, you fired your arm too quick! Now in that stance, you're doomed to stick!;What...;;-100;-100;-100;-100;>_end_statue;What...;;-100;-100;-100;-100;>_end_statue;;
duel;_duel_toolate;1306;owl;;!tutoduel;;;Alas, you fired your arm too slow! Go ahead, give it another go!;;;;;;;>_startduel_tuto;Enough;;-5;-5;-5;-5;tutoduel;mus_stop;
duel;_duel_toolate;1307;owl>super;;tutoduel;;;You cannot finish what you don't begin. You made no move, so your enemy wins!;What...;;-100;-100;-100;-100;>_end_statue;What...;;-100;-100;-100;-100;>_end_statue;;
deaths;_end_statue;348;end>statue;;;;;<i>The owl transforms you into one of the duel room's statues. Now you, too, will watch over this chamber forever...</i>;;;;;;;;;;;;;;;;
intro;first_card;115;king;;dynasty=1;del;max;What a splendid wedding that was! How does it feel to be my <*Queen*>?;Great;;;;;;>;I don't even know you;;;;;;>;add_comtesse;
intro;_;135;king;;;;;You'll get used to it. My mom did! And you'll have <comtesse> to train you up. See you later!;Okay;;;;;;>;Ughh;;;;;;>;;
intro;_;137;comtesse;;;;;My, how young the new Queen is! It would honor me if you would call me 'mother'...;Pardon?;;;;;;>;No!;;;;;;>;;
intro;_comtintro;138;comtesse;;;;;Of course! Just <comtesse> is fine. It is my privilege to teach you how to balance court life.;Balance?;;;;;;>;Yeah, yeah;;;;;;>;;
intro;_show_data;139;comtesse;;;;;You shall be pious, yet flexible. Populist, yet royal. Mighty, yet peaceful. Wealthy, yet humble.;I shall!;<i>She leaves you to face your first decisions as queen.</i>;16;16;16;16;mus_anyone;Whatever;<i>She leaves you to face your first decisions as queen.</i>;-16;-16;-16;-16;mus_anyone;;
magic;;806;cat;;;80;14;Mew! Mew mew!;<i>Pet her</i>;<i>Somehow she still seems dissatisfied with you.</i>;;-5;5;;;Are you the Devil?!;;5;;-5;;;;
deaths;;1;king;;kingdom=100;;10000;Your strength has made us a kingdom to be feared! I must guard you from our enemies at all costs...;What...;;;;;;>_end_tower;What...;;;;;;>_end_tower;;
deaths;_end_tower;2;end>tower;;;;;<i>You live some years locked in a tower room alone. By the time you die, you have forgotten how to speak.</i>;;;;;;;;;;;;;;;;
deaths;;734;general;;kingdom=100 and !has_king;;max;Did you think the army would allow you to trample this great land? Your cruelty killed our king, and now it's your turn!;What...;;;;;;>_end_servant;What...;;;;;;>_end_servant;;
deaths;_end_servant;735;end>dishes;;;;10;<i>The army seizes control of the palace and strips you of your crown. You live out your days washing dishes.</i>;;;;;;;;;;;;;;;;
deaths;;3;anyone;;kingdom=0;;10000;The weakness of the royal family has doomed this land! We should never have taken a foreign queen...;What...;;;;;;>_end_aside;What...;;;;;;>_end_aside;;
deaths;_end_aside;736;ravenna;;statue;reign;max;My dear friend! My armies have come to fight for you. I have come, so that you may keep your rightful throne!;Thank you!;;;20;;;;I've got this;;;5;;;>_end_aside;;
deaths;_end_aside;4;end>aside;;;;100;<i>The city is sacked, and you marry an invading general in exchange for peace. He will never understand you.</i>;;;;;;;;;;;;;;;;
deaths;;5;anyone;;people=100;;10000;A wild crowd is outside bearing gifts for our beloved Queen! They're tearing the drawbridge down!;What...;;;;;;>_end_crushed;What...;;;;;;>_end_crushed;;
deaths;_end_crushed;826;doctor;;philocentre;reign;max;No, no! They're not here for the Queen. They're students of my Center for Philosophy, here to attend one of my lectures! Relieved?;;;;;-30;;;;;;;-15;;;;
deaths;_end_crushed;6;end>crushed;;;;100;<i>The crowd fights to kiss your ring. Your body is found crushed to death beneath an avalanche of trampled flowers.</i>;;;;;;;;;;;;;;;;
deaths;;7;farmer;;people=0;;10000;This land turns to ash in your fists. Today we, the people, rise up to seize your means of respiration!;What...;;;;;;>_end_guillo;What...;;;;;;>_end_guillo;;
deaths;play_clearperfume;737;farmer;;>;reign;max;<i>Sniff...</i> what were we doing? Revolting... yes, charming Queen, I'm sorry we are so revolting! We'll just leave now.;That's okay;;;;20;;;See that you do;;;;20;;;;
deaths;_end_guillo;9;end>guillotine;;;;10;<i>You are dragged through the city streets, amid revelry and uprising. You try not to lose your head, but it happens anyway.</i>;;;;;;;;;;;;;;;;
deaths;sainttest;404;archbishop;;church=100 ;;10000;So good of you to help usher in a new golden age for the Church. Now, let's test you for sainthood!;What...;;;;;;>_end_puritan;What...;;;;;;>_end_puritan;;
deaths;play_chickenbone;738;archbishop;;>sainttest;reign;10;I cannot believe my eyes! Could that be... the lost clavicle of Saint Bernadolo?;It's a chicken bone;;-20;;;;>;;;;;;;>_end_puritan;;
deaths;_;739;archbishop;;;;;It's obviously not! I must honor your reign by creating a reliquary for it.;That's right;;5;;;;enameledbone;A what? ;;-10;;;;enameledbone;;
deaths;play_enameledbone;742;archbishop;;>sainttest;reign;max;Gah! You must not shake the Clavicle of St. Bernadolo about like that. Such sacrilege! I must look away!;;;-10;;;;;;;-30;;;;;;
deaths;_end_puritan;11;end>puritain;;;;;<i>You go without water to prove your sainthood to the Cardinal. You wait for God to come, but only meet death this time.</i>;;;;;;;;;;;;;;;;
deaths;;13;archbishop;;church=0;;10000;I simply can't allow a scandalous Queen like you to remain on the throne. Your heathen ways spell treason!;What...;;;;;;>_end_heathen;What...;;;;;;>_end_heathen;;
deaths;play_clearperfume;405;archbishop;;>13;reign;max;Strange. Suddenly your ways seem quite charming... forgive me, my Queen!;Thanks;;30;;;;;Not forgiven;;30;;;;;;
deaths;play_clearperfume;406;archbishop;;>13;;10;That sleazy perfume shall not charm me again, you heretic! Your fate is sealed!;What...;;;;;;>_end_heathen;What...;;;;;;>_end_heathen;;
deaths;_end_heathen;15;end>burning;;;;10;<i>The Cardinal conspires to have you found guilty of witchcraft. It's he who puts the first torch to your stake.</i>;;;;;;;;;;;;;;;;
deaths;;16;king;;economy=100;;100000;We are the richest rulers of all time! Let's ride in our jeweled carriage, worth an entire kingdom's fortune!;What...;;;;;;>_end_carriage;What...;;;;;;>_end_carriage;;
deaths;_end_carriage;17;end>drown;;;;10;<i>The gleaming carriage is too heavy. The road crumbles beneath you, and you tumble into the sewer and drown.</i>;;;;;;;;;;;;;;;;
deaths;;743;anyone;;!has_king and economy=100;;max;You've hoarded all the wealth in the land and destablized our entire economy! It's time for forcible redistribution!;What...;;;;;;>_end_bandits;What...;;;;;;>_end_bandits;;
deaths;_end_bandits;744;end>explosion;;;;;<i>Duchesses and farmers alike storm the palace with barrels of gunpowder. The wine cellar collapses while you're hiding inside.</i>;;;;;;;;;;;;;;;;
deaths;;18;king;;economy=0;;100000;Your flagrant expenses have left our kingdom destitute!? I guess we'd better escape!;What...;;;;;;>_end_coup;What...;;;;;;>_end_coup;;
deaths;_end_coup;827;banker;;wonderhall;4;max;If we sold some of the artifacts in the Hall of Wonder, it could save the economy. Such wealth, hidden away all this time!;;;;;;30;;;;;;;;>_end_coup;;
deaths;_end_coup;19;end>coup;;;;10;<i>The savage hounds that once obeyed you now chase you into the woods. You are never entirely found.</i>;;;;;;;;;;;;;;;;
deaths;;745;anyone;;!has_king and economy=0;;max;You've run the economy into the ground! The palace has been reposessed by the bank. You must leave!;What...;;;;;;>_end_broke;What...;;;;;;>_end_broke;;
deaths;_end_broke;746;end>broke;;;;;<i>You return to the West, where your crimes have ostracized you from your family. You live alone and unloved.</i>;;;;;;;;;;;;;;;;
deaths;_end_childbirth;21;end>birth;;;;9;<i>The delivery was difficult. So difficult, in fact, that it was you who was delivered. The kingdom mourns a little.</i>;;;;;;;;;;;;;;;;
court;;253;comtesse;;;del;100;The country folk are simple heathens, and superstitious. They think red things mean bad omens!;I see;;-8;;9;;>>>>>_dresscolor;How stupid!;;5;8;-16;;>>>>>_dresscolor;;
court;;254;handmaid;;;del;100;Shall I hem your gown in gold thread or plain, Your Highness?;Plain;;15;-10;-20;;>;Gold;;-10;5;10;-5;>;;
court;_;314;comtesse;;;del;;The Cardinal would rather see you look austere, but glamour always wins the people's hearts.;Got it;;10;-4;10;;;Whatever;;-6;10;-8;;;;
court;;315;comtesse;;;del;70;My Queen? Do you tend your horse with a soft glove, or with a firm whip?;Firm!;;;17;-11;;>;Soft!;;;-16;12;;>;;
court;_;316;comtesse;;;del;;See? A firm hand emboldens your kingdom, but often the people dislike ruthlessness.;I see;;;;7;;;I know what I'm doing!!;;-4;-5;-10;-5;;;
court;;317;king;;;del;100;I just had a nightmare that God wasn't real! I'm shaking! Sh-should we pray?;;;15;-15;;;>;Get real;;-13;15;;;>;;
court;_;318;comtesse;;;del;;You see? Piety pleases the Church's watchful eye. But some feel too much piety weakens this kingdom...;I see;;6;7;;;;Why are you in my room?!;;;;6;;>;;
court;;319;comtesse;;has_king and ceremony;del;70;My lady, since I have been your dear servant so far, may I beg a favor?;Of course;;;-5;10;;>;You can beg;;;3;-8;;>;;
court;_;383;comtesse;;;del;;Please... let me secretly borrow the King's royal seal. My poor old brother is in the church prison and needs a pardon. ;Of course!;<i>Some royal funds vanish, and end up in the Church coffers. Was it <comtesse>?</i>;;-12;14;-8;>>>>_comunmask1;That's illegal;;;5;-10;;>_mrother;;
court;;843;comtesse;;ceremony;del;30;You don't mind if I borrow the King's seal again, right? I just want to stamp some things.;Perhaps...;;;-5;;;>>>>_comunmask1;What things?;<i><comtesse> has been behaving strangely...</i>;;5;;;>>>>_comunmask1;;
court;_mrother;407;comtesse;;;del;;Please keep my poor old mother in your prayers, then. I mean my brother! It's my brother.;I shall;;;-8;10;;>>>>_comunmask1;Hang on...;<i><comtesse> has been behaving strangely...</i>;;10;;;>>>>_comunmask1;;
court;_comunmask1;384;comtesse;;;del;;Dear lovely Majesty! I, your pitiful old friend, again beg you to use the King's seal. For the good of the realm.;Hang on...;;;-8;12;;>;Guards!;;;12;-18;;>;;
court;_;320;comtesse;;;del;;What? Why?! I'm your dearest servant, aren't I? I've been so helpful!;But...;;;;5;;>;Explain yourself!;;;;-10;;>;;
court;_;321;comtesse;;;del;;I confess! I brought the seal to the Cardinal, at his bidding. Beware, for many are on his side! The church will rise!;Begone!;<i><comtesse> is exiled, but the church denies wrongdoing.</i>;-10;-8;10;;del_comtesse;Hang her!;<i>This will send the Cardinal a message!</i>;-12;5;-25;;del_comtesse;;
court;_dresscolor;255;comtesse;;;del;;You must wear a green dress on your public walk, Your Majesty. Remember, the country folk find red impure.;Okay;;;5;5;;>>>;We'll see;;;-5;-5;;;;
court;_;27;handmaid;;;del;;My lady, will you wear the red gown or the green gown for your public stroll today?;Red;;-10;;-12;;>;Green;;5;15;5;;>;;
court;_;256;comtesse;;;del;;Oops! I forgot to say: Green is this kingdom's royal hue. It rouses our fortitude! Sometimes you can't win.;Ah;;;;;;;Are you kidding;;;;;;;;
court;;257;chamberlain;;;del;500;At last, the new Queen! Let me show you how low I can bow! Watch this, here I go!;Keep going;;;15;-5;;>;Please don't;;-5;-5;10;;>;;
court;_;258;chamberlain;;;del;;I like to be facedown! Ahem, I am <chamberlain>, your court chamberlain and master of ceremony!;Thank you!;;;-10;;;;Boring;;;10;;;;;
court;;259;chamberlain;;!warEast and has_king;400;12;His Majesty invited two rival lords to our banquet. There'll be duels all night, and a mess! What to do?;Gimme ideas;;;;;;>_visitingdele;Oh well;<i>Rapiers and spilled wine everywhere. All the guests were insulted.</i>;-10;-20;-10;-15;;;
court;_visitingdele;508;chamberlain;aquarius;;3;100;Well. It's the age of Aquarius after all, so maybe let's just buy a lot of wine and hope for the best?;Do it;<i>Miraculously, everything turned out okay.</i>;10;10;10;10;;Other ideas?;;;;;;>_visitingdele;;
court;_visitingdele;260;chamberlain;;;3;100;Oho! The King's own men will stand guard. A grand presentation? Or too forceful?;Do it;;-10;30;-25;-20;;What else?;;;;;;>_visitingdele;;
court;_visitingdele;261;chamberlain;;;3;100;No one would dare spill blood before the Cardinal. But then we'd have to invite him...;Do it;;25;-12;5;10;;Anything else?;;;;;;>_visitingdele;;
court;_visitingdele;262;chamberlain;;;3;100;Let's extend the invite to all your ladies in waiting? Their charms could smooth things over.;Do it;;-10;18;25;20;;What else?;;;;;;>_visitingdele;;
court;_visitingdele;263;chamberlain;;;3;40;So much drama! Should we cancel the banquet? Or just hope for the best?;Cancel it!;;-7;-30;10;-20;;Hope;<i>Rapiers and spilled wine everywhere. All the guests were insulted.</i>;-10;-20;-10;-15;;;
king;;28;king;;;220;8;The Cardinal has high expectations of our reign. I hate to ask, but could you wear less-revealing gowns? ;Sure;;26;-10;-18;8;;Never!;;-26;15;16;-20;;;
king;;29;king;;age>12;400;10;Why do we have to be royal all the time? Tonight, my wife, I want you to drink wine with me!;Cheers!;;-18;29;10;;>;Pass;;12;-10;-20;;;;
king;;30;king;;age<10 and dynasty>4;400;13;Tonight's wine has brought a certain mood upon me. Shall we... try for a baby? It is our duty to the throne, after all.;Let's try;;5;30;10;;>>>>_babyresult;Headache;;;-20;-10;;;;
deaths;_babyresult;20;king;;!has_doctor;10;max;The Queen is with child! Where, oh where is the court doctor??? I could have sworn we had one...;What...;;;;;;>_end_childbirth;What...;;;;;;>_end_childbirth;;
king;_babyresult;853;doctor;;;10;100;Hmm... your body has changed into a weird shape, my Queen. Oh no! It's a tropical disease!;What...;;;;;;>;What...;;;;;;>;;
king;_;854;doctor;;;;;...oops, wait! I was reading the wrong page in my medical book. Actually, you're having a baby!;Yep;;;;;;>>_babyresult2;You're really a doctor?;;;;;;>>_babyresult2;;
king;_babyresult2;855;king;;!prince_reign;10;60;Let the bells ring out! Her Majesty the Queen has given this kingdom a young prince! I have an heir! ;And so do I!;<i>Your young son is sent abroad to be educated.</i>;;-5;;;prince_reign;Let me sleep;;;;5;;prince_reign;;
king;_babyresult2;856;priestess;;!daughter_reign;10;50;My Queen! You have delivered a healthy baby daughter! Where will you send her to be raised and educated?;The city;<i>Your young daughter must learn to be a lady among society nobles.</i>;;;10;;daughter_reign;The church;<i>Your daughter becomes a young nun. She's forbidden to write to you.</i>;10;;;;;;
king;;31;king;;;400;8;The church is asking you to help <nun> make crafts with children for Saint's Name Day. It's good publicity.;And nice, too;;8;;30;-10;;I hate her!;;-16;;-25;20;;;
king;;32;king;;;400;8;I feel overwhelmed by all the pain in the world, my love. I am paralyzed. It's so hard.;Poor baby;;;-22;-15;;;Stop moaning;;;22;18;;;;
king;;44;king;;!prince_reign and age<10 and has_piratel and !flintlock;60;70;How come we don't have a proper heir yet? I've been doing all the moves in this romance book and everything.;I'll try harder ;;18;22;;;>>>>_babyresult;It's you!;;-16;-22;;;;;
king;;45;handmaid;;has_king;400;8;Your husband was creeping around the maids' rooms again, my lady. I don't like the look in his eye. ;That pig!;;-10;-18;10;;>;Ignore him;;-5;16;-17;;;;
king;_;322;handmaid;;;;;A scandal would be such fun for us maids! But I suppose you must rein him in...;I'll handle it;;;10;8;;>_kingconfront;I'll punish you!;<i>You have her whipped, but not too hard. It's not really her fault.</i>;10;12;-26;;;;
king;_kingconfront;323;king;;;;;Your maid accused me of impropriety? Me?! But I'm innocent!;Liar!;;8;18;15;;>;Oh, okay;;-10;-28;;;;;
king;_;857;king;;has_hunter;;;I only have eyes for you. Well, and <hunter>. Because he takes me hunting, I mean. I love hunting.;Of course;;5;10;;;;Hunting, eh;;-10;-10;12;;;;
king;;48;king;;;400;10;It's time to organize the feast of the Spring Plenty! Well, it's time for you to organize it.;;;-15;;25;-20;>>>>;;<i>The Cardinal finds this feast excessively floral and paganistic.</i>;10;;-17;10;;;
;_;444;priestess;;;;;My mistress, the Lady of the Wood, saw you keep the Spring Plenty. She asks to bless the treasury!;Bless!;;-10;;12;25;;No thanks;;15;;-10;;;;
king;;560;king;;!has_hunter;120;90;The smell of dirt is in the air! Meat is in my heart. Oh, how I long to hunt. You don't mind if I go, do you, dear?;Go, go;;-6;16;8;-10;>>;What about me?;Oh woe, what chains are marriage, <i>he grumbles dramatically.</i>;8;-18;-5;4;add_hunter;;
king;_;561;chamberlain;;;;;My Queen! My Queen! The King has been injured on the hunt! It's ghastly!;Who's responsible?;<i>The King's huntsman is summoned to explain.</i>;;-17;8;;> and add_hunter;Don't care;<i>It's only a pulled muscle, of course.</i>;;10;-8;;add_hunter;;
king;_;562;hunter;;;;;It's an honor to be properly introduced, my Queen! Your loveliness outshines even the legends.;Why thank you;;;;12;;>;Silence, lackey!;;;;-16;;>;;
king;_;563;hunter;;;;;Yes, my lady. The King will be fine. His heroic ambitions again exceeded his noble ability, is all.;That's not a compliment;<i>You nurse the King's pulled muscle. He soon returns to his usual fitness.</i>;;8;-12;;;Ha ha!;<i>You nurse the King's pulled muscle. He soon returns to his usual fitness.</i>;;-11;12;;;;
king;;52;king;leo;;400;25;The latest royal fashion is to drape black velvet over the breastplate. Let's dress the whole army in velvet!;Go ahead;<i>The royal army is dressed like the Holy Army. Rumors fly of the crown's servitude to the church.</i>;18;-30;;-20;;Let's not;<i>The King avoided the garb of the church's Holy Army. Your military was relieved.</i>;-14;22;;10;;;
king;;53;king;;!has_banker;80;18;The treasurer is here with big news? But I'm in my painting lesson! Tell him to go away!;Okay;;;-20;;-19;;I'll talk to him;;;5;;10;add_banker and >;;
;_;564;banker;;;;;I've discovered a way to increase our financial reserves by issuing royal bonds. Are you able to approve it?;Do it;;-5;8;8;25;>;Wait for the King;;;-19;-6;-35;;;
;_;639;banker;;;;;May I continue to seek your opinion on matters of finance? The King is... not necessarily as attentive.;Great;;;8;;;;If you must;;;-8;;;;;
church;;54;nun;;;400;8;The Feast of Spring Plenty has roots in the occult! We must honor only church holidays in the royal calendar.;;;18;;-12;;;;;-17;;16;;;;
church;;55;archbishop;;;400;8;The church may build a monument to the new queen's virtue... if she is indeed virtuous, that is.;Go ahead;<i>It's an awful likeness. The people are rude about it.</i>;20;;-18;-25;;Don't;;-18;;;10;;;
church;;56;archbishop;;;400;12;The church has a plan for this land, and the Queen's support is essential. Let's have good relations, you and I.;I will;;18;-12;-5;-15;;What do I get?;;-18;8;;5;;;
church;;58;nun;;;400;10;Forgive me, but your bosoms are rolling like melons in your gown! I beg you, please conceal them!;;;20;-5;-15;;;;;-14;8;10;;;;
church;;59;archbishop;;!prince_reign and age<12;400;14;No heir yet for the King? It could mean sin on your part. Best make a large donation to the church.;Okay;;12;-10;;-30;;I'd rather keep trying;;-26;5;;;>>>_babyresult;;
church;;61;archbishop;;;400;10;We need a curfew, for moral hygiene. Convince the King, and there will be holy treasures for your crown.;;;20;-12;-16;20;;;;-23;5;12;;;;
church;;62;nun;;;400;10;The courtly dances, the lewd touching of the palms! God bids you dance more chastely!!;Fine;;10;-8;-15;;;What do we touch instead?;;-13;5;15;;;;
church;;64;nun;;has_general;400;15;Will you pray over the army's daily exercises? When the church and the sword hold hands, peace is certain!;;;10;-17;;;>>;;;-15;10;;;;;
church;_;858;general;;;;;I joined the royal forces to avoid religious superstitions. My Queen, please ask the church to leave the army alone.;I understand;;-10;15;;;;Unity is urgent!;;10;-20;;;;;
church;;65;nun;;;400;12;Let us sell this prayer book bearing your image! You will earn a blessed percentage, of course.;;;15;;-10;20;;;;-18;;10;;;;
church;;66;archbishop;;;400;12;This court is foul with wine, and men with stained mouths chase your ladies. Why not abolish drink?;;;10;-15;-30;;>>;;;-10;;8;;;;
church;_;859;priestess;;;;;Wine and other libations are sacred to my people. The church's abolition amounts to religious oppression!;Bring back wine!;;-25;5;10;;;I can't help;;20;-16;-10;;;;
people;;69;handmaid;;!warEast;400;10;I know you entertain the East Kingdom tonight, but my mother is very ill. Can you braid your own hair?;Of course;<i>You do your best, but it's a mess. Luckily Easterners love relaxed styles!</i>;;-5;10;;;I can't;;;5;-10;;;;
people;;71;nobleman;;overall>50;400;12;You must smile, my Queen, for yours is a great nation! Smile and the people smile with you!;<i>Smile</i>;;;-8;15;;;<i>Refuse</i>;;;16;2;;;;
people;;72;farmer;;people<50 and age>10;200;14;My Queen, there is not enough bread! Please, call off the guards so we can use the royal granary!;;;5;-19;22;-30;;;;-5;12;-30;;;;
people;;75;nobleman;;;400;8;I wrote a song about our lovely Queen! I wish to perform it day and night at court, for a price.;;;;-10;15;-10;>;;;;10;-8;;;;
people;_;324;king;;;;;That guy's song about you goes on all day. I can't take it! Please let me just execute him!;Fine;;;20;-22;;del_nobleman;That's excessive!;;;-18;17;;;;
people;;76;handmaid;;has_cossack;400;8;Can we not just wash the linens in the river sometimes instead of the spring? It's clean enough!;;;-5;-15;10;;>_cleandress;;;;5;-10;;;;
people;_cleandress;325;cossack;;;;;Your maids' clothes all smell like mud, and I LOVE it! Keep this policy!;Okay!;;-18;;10;;;That's weird;;12;8;-10;;;;
people;;77;handmaid;;;400;10;Which emblem will you choose for your embroidery, Lady? The sword of royalty, or the flower of mercy?;Sword;;;15;-5;;;Flower;;;-5;14;;;;
father;;81;father;;;400;8;Let's decorate the throne room with bright colors! It's how your mother would have wanted it.;;;-10;-12;10;-10;;;;5;12;-12;;;;
father;;82;father;;has_king and has_archbishop;400;15;The Cardinal and the King don't seem to like each other. Shall I teach them herbal medicine?;You can try;;-15;-10;10;;;Seriously?;;;12;-8;;;;
father;;83;father;;has_king;400;8;Your husband gives so little to the people. What would your mother say? Can't you give more?;You're right;;;-18;28;-30;;It's complicated;;;8;-16;5;;;
father;;84;father;;;400;8;I remember you were so lonely as a young princess. Are you and your handmaid close, now?;;;-5;-5;10;;;;;5;5;-10;;;;
father;;85;father;;;400;8;The Cardinal himself forbid me from saying my prayers in the palace. You must fight him on this!;I will;<i>A separate chapel had to be built for your father.</i>;-30;;8;-20;;I can't;;5;-10;-20;;;;
father;;86;father;;;400;8;I brought dozens of barrels of the whale oil your mother used to love to soak in. Your skin will be amazing!;Thank you;;-15;;13;-10;;Send them back;;5;;-15;5;;;
father;;87;father;;;400;8;I finally understand the appeal of rippled silk. Will you have me some suits made?;;;5;5;10;-22;;;;-5;-5;-10;;;;
father;;90;father;;has_king;400;8;You may hear that some of the King's private wine is gone. Surely he can share with his wife's father! ;;;-5;-20;5;-18;;;;;14;;5;;;
greatmother;;101;priestess;;;del;60;My village surrounds the Lady of the Wood's temple in the deep forest. There, men honor us.;Sounds great;;-15;5;11;;;Impossible;;10;;-16;;;;
magic;;104;priestess;;age<12;400;20;The day of the first dew is holy for my people! What blessing shall I make for you?;Prosperity;;-8;5;7;25;;Fertility;;15;20;5;;>>_babyresult;;
greatmother;_after_death;308;mother>mother1;;dynasty=3;del;max;Ccccrrrckkk...;;;;;;;>;;;;;;;>;;
greatmother;_;327;mother>mother2;;;;;Chhhhhhh...;;;;;;;>;;;;;;;>;mus_mother;
greatmother;_;309;mother>mother3;;;;;Chiiiiild...;;;;;;;>;;;;;;;>;;
greatmother;_;310;mother>mother4;;;;;Be not afraid. I am the All-Mother, who brought this world to life. ;;;;;;;>;;;;;;;>;;
greatmother;_;311;mother;;;;;Though your body may die, your spirit continues... in the form of this land's next Queen.;;;;;;;>;;;;;;;>;;
greatmother;_;312;mother;;;;;I know it hurts. I know how you must ache for true power. Earn my <*crown*>, and you shall have all your desires.;;;;;;;>;;;;;;;>;;
greatmother;_;313;mother;;;;;Let me start your journey with a gift: the book of your glory, still to be written.;;;;;;;> and blankspellbook;;;;;;;> and blankspellbook;;
greatmother;_;1308;mother>mother4;;;;;Oh, how I love you, daughter...;;;;;;;>force_end;;;;;;;>force_end;;
greatmother;;860;priestess;;blankspellbook and dynasty>5;del;80;That book... it has a sacred aura. May I take a closer look, my Lady? <*Give*> it to me.;Not now;;;;;;;Never;;;;;;;;
greatmother;play_blankspellbook;861;priestess;;see_priestess;0;100;What?! This came from the All-Mother herself! Oh, you must consult my mistress, the Lady of the Wood!;I will;;-5;;5;;>;How?;;-5;;10;;>;;
greatmother;_;862;priestess;;;;;Some say she takes animal forms. I will write a spell in this book, so that it may help you find her...;;;-5;;;;redspellbook;Don't touch it!;;-5;5;-20;;;;
merchant;;140;chamberlain;;!has_merchant and age>3 and dynasty>4;50;80;A traveling merchant is at the gates! Shall we welcome her in? ;Sure;;-10;5;5;10;add_merchant and >;;;;-10;-10;-10;;;
merchant;_;141;merchant;;;;;Lady! I, <merchant>, can bring you exotical, beautimous and possibly even majickal wares from all the land!;Beautimous?;;;;;;>;M-Majickal?;;;;;;>;;
merchant;_;142;merchant;;;;;Indeed. There will be no risks or problems with my goods, none. I'll go ahead and set up shop!;Wonderful!;;;;;;;Oh...;;;;;;;;
merchant;;329;merchant;scorpio;;400;25;Wowee! The high Queen is a Westerner like me! Now tell the truth: You don't obey that Cardinal man, do you?;I do;<i>His spies could be anywhere.</i>;20;-5;-5;;;I don't!;<i>She looks pleased, and winks.</i>;-13;5;10;;;;
merchant;;152;merchant;;!has_mirror and !speakmother and dynasty>9;50;50;I've found a very rare item: a magic mirror, made only for queens. You may need to borrow from the treasury...;Mine!;;-5;;;-20;add_mirror;;Hmph! Are you sure you can rule without magic? <i>She huffs.</i>;;-5;-5;;;;
merchant;;153;merchant;;;400;14;Please allow me to bring new goods here, my Queen. Memories of your home are just an import away!;;<i>The people love new and exotic goods, but the other guilds are now fractious.</i>;;-12;13;20;>>>>>;;;;18;;-20;;;
ravenna;;155;merchant;;;del;40;When I was at sea, I heard a strange rumor about the isle to the Northwest. I could tell you, for a price...;Tell me;The Queen of the island is said to be a sorceress, <i>she whispers.</i> ;-5;;;-10;;Not interested;;5;;-5;;;;
merchant;;156;nobleman;;has_merchant;200;14;My lands are enriched since you welcomed foreign merchants. Will you accept this tribute?;;Long live the Queen, <i>he cheers.</i>;;15;14;15;;Not now;;5;-10;;;;;
ravenna;;157;handmaid2;;!has_ravenna and has_owl;50;40;They say the King of Northwest Isle is visiting the kingdom with his mysterious wife. Will you greet her?;;;-5;10;5;;> and add_ravenna;Not interested;;;-15;-5;;;;
ravenna;_;158;ravenna;;;;;You are as beautiful as I've heard. Let us two queens keep company while our husbands parley.;;;;-5;8;;;;;-5;10;-8;;;;
ravenna;;159;ravenna;;;400;35;Sit beside me this meal! Let us sip from the same bowl, sweet friend.;Love to;;-8;10;;;>_ravtrap;Not tonight;;5;-23;;;;;
ravenna;_ravtrap;160;ravenna;;!assassin;;10;Please sit closer. This is necessary, but it isn't personal.;What...;;-100;-100;-100;-100;>_endvines and assassin;What...;;-100;-100;-100;-100;>_endvines and assassin;;
ravenna;;388;ravenna;;assassin;80;80;What a lovely table you set, sweet friend. Let us drink from the same wine cup!;Sure!;;-100;-100;-100;-100;>_endvines;You'll poison me!;;;;;;>;;
ravenna;_;389;ravenna;;;;;H-How did you know my intentions? Are you magical, like me?! Please believe me, our friendship was true!;How could you?;;-10;-10;14;;>;I'm nothing like you;;10;10;;;>;;
;_;747;ravenna;;;;;We wanted to eliminate you and marry our niece to the King. Such a bond would have strengthened both our houses.;Isn't there another way?;;;;11;;>;Leave here!;<i>The visitors leave. The King doesn't believe you, and chastises you for meddling.</i>;;16;-10;;del_ravenna;;
;_;748;ravenna;;;;;Perhaps there is... can you forgive me for what I tried to do?;;;;10;8;;;;<i>No one but you knows why the island King and Queen departed so abruptly.</i>;;10;-10;;del_ravenna;;
deaths;_endvines;161;end>allergy;;;;;<i>You feel the sting of poison too late to cry murder! Everyone thinks you died choking on your cake.</i>;;;;;;;;;;;;;;;;
duel;play_pistol;1382;ravenna;;see_ravenna and !assassin;;10;In my land dueling is a sacred way to resolve grievances. We have no conflicts right now, do we?;I guess not;;;6;6;;>>>_ravtrap;I don't trust you!;;;-18;-10;;>>>_ravtrap;;
duel;play_pistol;749;ravenna;;see_ravenna and assassin;;10;You wish to duel, sweetest friend? Very well, if we must. Let us go to your duel room.;;;;;;;>;;Then let's forget it, <i>she says lightly.</i>;;-10;-10;;;;
duel;_duel_ravenna1;750;owl;;;;;Twoo-whoo, a sorceress you'll duel? This will be hard. Think tarot cards, and fire when you hear 'the Fool.';Got it;<i>You and <ravenna> take your positions and prepare to duel.</i>;;;;;> and mus_owl;What?;<i>It seems the Owl is already beginning!</i>;;;;;> and mus_owl;;
duel;_duel_ravenna2;751;owl>timer;;;;;A water bearer, under a celestial sky.;<i>Fire!</i>;;;;;;>_duel_missed;<i>Step forward</i>;;;;;;>;;
duel;_duel_ravenna3;752;owl>timer;;;;;A merry man hung upside down.;<i>Fire!</i>;;;;;;>_duel_missed;<i>Step forward</i>;;;;;;>;;
duel;_duel_ravenna4;753;owl>timer;;;;;A figure of wisdom upon his throne.;<i>Fire!</i>;;;;;;>_duel_missed;<i>Step forward</i>;;;;;;>;;
duel;_duel_ravenna5;754;owl>timer;;;;;A youth at the beginning of the path.;<i>Fire!</i>;;;;;;>_won_vengeful;<i>Step forward</i>;;;;;;>;;
duel;_duel_ravenna6;755;owl>timer;;;;;Two beasts rampant of an evening.;<i>Fire!</i>;;;;;;>_duel_missed;<i>Step forward</i>;;;;;;>;;
duel;_duel_ravenna7;756;owl>timer;;;;;A tall structure tumbling down.;<i>Fire!</i>;;;;;;>_duel_die;<i>Step forward</i>;;;;;;>_duel_die;;
ravenna;_won_vengeful;757;ravenna;;;;;You are stronger than I ever knew, my dear. I was wrong. From now on, let us be true allies at last.;Let's;;;-16;15;;>;I beat you, I beat you!;;;8;-16;;>;;
ravenna;_;758;monument;;;;;Let us build a monument to our friendship in your city. For as long as it stands, I pledge my loyalty to you.;Thank you;Should it ever fall, find me again under the sign of alliance, <i>she smiles.</i>;;10;10;-10;statue and >>>;I refuse!;;;-5;-5;;;;
ravenna;_;759;archbishop;;;;;What is this heathenous monument?! It represents an alliance with black magic. The church's duty is to tear it down!;Good idea;<i>When the monument falls, so too does your military alliance with the Northwest.</i>;20;-7;-5;-10;!statue and >>>ravconcern;No!;;-23;10;10;8;>>>ravconcern;;
ravenna;;760;ravenna;aquarius;!statue;100;40;You and I are such good gal pals, aren't we? Why not build a new monument to our friendship?;I accept!;;-10;;10;;statue;That's a little intense;;10;;-10;;;;
ravenna;;162;ravenna;;;400;12;Let's you and I hold hands in public. The Cardinal would be furious, but powerless to stop us.;;;-15;5;5;;;;;8;-22;-10;;;;
ravenna;;163;ravenna;;;400;10;Share your harvest with us! Suggest it to your husband, won't you, my friend?;;;;10;-15;-10;;;;;-10;5;8;;;
ravenna;;164;ravenna;;;400;16;Oh, let us women dress these old saint statues with flowers. Who cares about the church?;;;-25;-8;10;;;;;8;;-8;;;;
ravenna;ravconcern;393;ravenna;;;400;18;The Cardinal's men suggested we leave your land soon. Are we in danger?;;;10;-15;-10;;;Nah;;-18;5;18;;;;
ravenna;;394;ravenna;;has_witch;del;30;I met your court witch. She is very wise. Almost as if she is not from our time... do you know her well?;;;-5;-5;12;;;Not really...;;5;5;-12;;;;
ravenna;;165;ravenna;;;400;10;Let's present an evening of foreign music for the ladies. Will the Queen sing?;Of course;;-15;5;14;-5;;Better not;;15;-10;;;;;
ravenna;;166;ravenna;scorpio;has_handmaid;400;20;That maid of yours is sweet and skilled. Please let me take her home with me? I'll pay.;;;;4;-15;15;>;;;;-10;10;;;;
ravenna;_;167;handmaid;scorpio;;;;Am I really worth so little to you? Joke's on you, I'm getting married anyway. Farewell!;Bye;;;;;;del_handmaid;Who'd marry you?!;;;;-5;;del_handmaid;;
ravenna;;168;handmaid;;has_ravenna;400;10;That Queen of the Isle creeps me out. I don't believe she's your true friend.;Really?;;-5;-15;5;;;Shh!;<i>You can't let your ladies gossip about the guests!</i>;5;15;;;;;
ravenna;;330;king;;has_ravenna;del;400;<i>No one but you knows why the island King and Queen departed so abruptly.</i>;Got it;;;12;;;;Ughhh;;;-18;;;;;
council;council;172;king;;age>10 and dynasty>5 and !council;80;80;It's not that you're smarter than me, but you do pay more attention. How about joining the royal council?;;<i>From then on, the land's Queen was always given a role on the advisory council.</i>;-8;5;5;5;add_banker and council and add_general;More work?;;5;-10;;;;;
exploration;;173;anyone;;!has_explorer and age>3;60;80;A man claiming to be a great explorer is here to see you. He's so handsome! Please let's invite him in!;Let me see;;;5;10;;add_explorer and >;;;;-5;-8;;;;
exploration;_;174;explorer;;;;;Beautiful Queen, let me honor your name with my discoveries. With your funding, I may explore new worlds!;Oooh;;10;-5;5;-20;;I mustn't!;Then I shall remain at court, <i>he says soulfully,</i> the better to explore your world...;;;-5;10;;;
exploration;;175;explorer;;!has_cossack and !cossackjail and dynasty>3;60;80;For my next expedition, shall I cross the sea for glory, or quest North in search of treasure?;Sea!;;5;10;;-10;>>>_exploresea;North!;;;-5;;10;>>>_explorenorth;;
exploration;_exploresea;176;explorer;;;;;I return from our expedition across the sea. Alas, we were beset by storms and half your fleet was lost. ;Try north then!;;;;;-10;>>>_explorenorth;Incompetent;;-5;-5;-5;;;;
exploration;_explorenorth;178;explorer;;;;;Far to the North, we discovered a tribe of winter barbarians! I gallantly took one prisoner. What is your wish?;Send her in;;;;14;;add_cossack and >;No treasure?;;-5;;-5;;add_cossack and >;;
exploration;_;179;cossack;;;;;I could have killed him, but I wanted to meet the strange Queen. I've heard such tales of you! Let's wrestle!;Let's!;<i>Nothing went in your favor, but only your dignity was harmed.</i>;-5;10;8;12;;I can't!;<i>You have no desire to embrace the Northlanders' customs.</i>;5;5;-18;;;;
exploration;;180;archbishop;;has_explorer and has_cossack;400;12;That explorer of yours is a waste of funds. The road to Heaven is found only through the church.;;<i>The explorer left court. They say he settled down on a sunny coast, with a bride.</i>;10;;-5;10;del_explorer;;;-18;;5;-5;;;
duel;;641;cossack;;!pistol;40;120;You are Queen, yet you don't own any weapon? How strange! Let me give you this duel pistol, as a gift.;;;-5;10;5;;pistol and >;;<i>You have no desire to embrace the Northlanders' customs.</i>;;-5;-5;;;;
duel;_;642;cossack;;;;;You should learn how to use it, too. Show me your pistol, and we'll go to the duel room.;I know how!;;;;5;;>_pistoltuto;Not now;;;-5;;;;;
;_pistoltuto;1383;cossack;;!mobile_keep;;5;Well, then let's see what you got, girl! Just <*drag*> the <*pistol*> to me.;What?;;;;;;>_pistoltuto;;;;;;;;;
duel;_pistoltuto;863;cossack;;mobile_keep;;5;Well, then let's see what you got, girl! Open your <*bag*> and <*drag*> the <*pistol*> to me.;What?;;;;;;>_pistoltuto;;;;;;;;;
duel;play_pistol;643;owl;;see_cossack and !tutoduel;;max;Twoo-whoo! It's time to learn to duel. My ancient poems make the rules!;Okay;;;;;;>;What?;;;;;;>;;
duel;_startduel_tuto;644;owl;;;;;I'll show you how: I'll sing a song! You fire when the word is "wrong." Understand?;I'll try;<i>You and <cossack> take your positions back to back. The owl starts to sing.</i>;;;;;>;Wait...;;;;;;>;;
duel;_duel_tuto2;645;owl>timer;;;;;This land once had a magic Queen, who kept a palace in the wood so green.;<i>Fire!</i>;;;;;;>_duel_tuto_missed;<i>Step forward</i>;;;;;;>;mus_owl;
duel;_duel_tuto3;646;owl>timer;;;;;In time the golden crosses came, and soon we all forgot her name.;<i>Fire!</i>;;;;;;>_duel_tuto_missed;<i>Step forward</i>;;;;;;>;;
duel;_duel_tuto4;647;owl>timer;;;;;Indeed it's wrong that we forget, but the sacred doe may appear to us yet.;<i>Fire!</i>;;;;;;>_duel_tuto_won;<i>Step forward</i>;;;;;;>;;
duel;_duel_tuto5;864;owl>timer;;;;;And once again, upon that throne, a Queen will sit, and rule alone.;<i>Fire!</i>;;;;;;>_duel_tuto_late1;<i>Step forward</i>;;;;;;>_duel_tuto_late;;
duel;_duel_tuto_missed;648;owl;;;;;Alas, too soon you fired your arm! Let's start again. This time, no harm.;Okay;;;;;;>_startduel_tuto;Enough;;;;;;tutoduel;mus_stop;
duel;_duel_tuto_late1;1370;owl;;;;;Alas, you fired your arm too late! Let's try again. This time, don't wait.;Okay;;;;;;>_startduel_tuto;Enough;;;;;;tutoduel;mus_stop;
duel;_duel_tuto_late;649;owl;;;;;Alas, the song is at its end, yet you did not fire. Let's start again.;Okay;;;;;;>_startduel_tuto;Enough;;;;;;tutoduel;mus_stop;
duel;_duel_tuto_won;650;owl;;;;;That's right! The word I said was 'wrong'. Simple as that, you've won! So long!;Yessss!;;5;5;5;5;> and tutoduel;What do I get?;;5;5;5;5;> and tutoduel;mus_stop;
duel;;651;owl;;;;;That time was a lesson, but I must warn you: In future, duel mistakes could harm you.;I understand;;;;;;;Yeah, yeah;;;;;;;;
exploration;;182;cossack;;;400;8;Hey, Little Bones! Let my folk hunt your forest, and we'll share the spoils.;;;;5;-8;-10;;;;;-10;10;;;;
exploration;;183;cossack;;;400;8;Let's make an alliance, my little knucklebone! Our furs for your precious stones! Sound fair?;;;;-16;-5;-12;;Well no;;;10;;15;;;
exploration;;184;nobleman;;has_cossack;400;10;Your, er, friend, from the North? She is drinking the gentry's private wine... I beg you, make her stop! ;Fine;;;10;5;5;;Deal with it ;;;-15;-10;-15;;;
war;;186;king;;has_cossack and !war and pistol;400;50;You made friends with a Northlander? But our allies to the East are at war with them! Now we'll be dragged in!;Let's fight!;;;7;-25;;war and >>>>>>>>>>>>>>northwarfinish;I'll send her away;<i><cossack> sends you antlers and cheeses every year on your birthday.</i>;;-10;14;;del_cossack;;
war;;187;priestess;;war;400;30;The earth cries out as the armies of men trample her. Join my ritual of healing and end this war!;;<i><priestess> throws things into a fire for hours. Strangely, the war soon ends!</i>;-15;;10;;!war;;;5;;-12;;;;
war;;188;nun;;war;400;30;Forgive me, but these days of war are what comes of a Queen straying from her proper role.;Me?;;7;;;-10;;Oh, go pray;;-18;;;7;;;
war;;189;handmaid;;war;400;30;My lady, just a glimpse of your radiance could inspire hope in the people during these times. Please tour the city?;;<i>You become an emblem of national unity in wartime. The conflict soon ends.</i>;;5;15;;!war;Not now;;;-5;-13;;;;
war;;190;cossack;;war;400;30;Keep this just between us, little bones: This war has made my people feel alive again.;Same;;;8;-15;10;;That's awful;;;;10;-5;;;
war;;91;archbishop;;war and has_king;400;30;The Holy Father himself asked me why this country is at war. What is your reply?;God's will;You lie like a garden snake, <i>he hisses.</i>;-12;-11;-16;;;The King's idea;;-15;18;10;;;;
war;;92;general;;war;400;30;We've lost many men in the war. Would you please... pray to your strange god?;;Aha! I knew you were a witch! <i><general>'s courage is shaken!</i>;-10;-15;15;;;;It would just anger the other god, I'm sure, <i>he sighs.</i>;16;15;-15;;;;
war;;93;chamberlain;;war;400;30;Welp, war has driven down the price of chocolate. Might as well buy a lot...;;The Queen is so strong, even sorrow doesn't harm her appetite, <i>he quips.</i>;;-19;-23;-28;;;;;8;17;;;;
war;northwarfinish;191;general;;war and has_cossack;400;18;We can end this war if you only decree in public that <cossack> is not your friend, my Queen. Will you disavow her?;Fine;;;-16;12;-20;!war;No!;;;12;;;;;
court;;192;lady1;;has_explorer;del;50;If you ask me, that explorer is just here to spend the treasury wooing your ladies behind your back. ;Maybe so;;;-12;10;-12;;He'll find something!;<i>She falls over herself to apologize for the insult.</i>;;15;-15;;>>>175;;
deaths;;193;nobleman;;dynasty>4 and has_priestess and !redplague_reign;250;14;A scarlet rash has laid all the city low. The people are asking for a visit from Your Majesty...;;<i>You comfort sick children in the villages. Later, you notice an itch.</i>;5;-5;-10;5;>>>>;;;;;-30;-6;;;
deaths;_;194;handmaid;;;;;Oh, but your skin is so red... oh no, I'm feeling dizzy too...;The plague!;;;-12;-15;;redplague_reign;Toughen up!;;;17;-5;;redplague_reign;;
;;395;chamberlain;;redplague_reign;60;30;The royal librarian is sick with plague! How will you get your next twenty history books?;You bring them!;;;22;-5;;;Ha ha ha ;;;-11;;;;;
;;396;hunter;;redplague_reign;60;30;My lady, forgive me... to my great shame I am ill, and cannot take you riding.;It's okay;;;-5;5;-8;;Loser!;;;5;-15;;;;
;;397;king;;redplague_reign and !prince_reign;60;30;I'm so sick... I'm afraid we won't be able to try for a baby for a long time...;Oh, no;;5;10;-5;;;Woooo!;<i>You whooped loudly, but luckily no one heard.</i>;-8;-12;-10;;;;
;;398;nun;;redplague_reign;60;30;This illness is what comes of a certain royal family member's lack of piety and ill heritage...;I know;;10;-16;-8;;;Who's that?;;-10;5;14;;;;
;;399;archbishop;;redplague_reign;60;30;Can the crown care for the plague sufferers? Or must the church step in?;We can!;;;15;19;-30;;You must!;;20;-30;18;;;;
;;400;nobleman;;redplague_reign;60;30;Oh! You look, uh... my Queen, best be careful not to spread germs! Please lie down.;You're right;;;-12;-5;;;Who cares!;<i>It feels pleasant to suffer, sometimes.</i>;;12;-22;;>>>_endscarlet;;
;;401;priestess;;redplague_reign;70;40;I've seen this plague before. Here, try this olive poultice.;Thank you;<i>The contagious rash very quickly clears up!</i>;-12;;15;;!redplague_reign;Let's not;<i>It feels pleasant to suffer, sometimes.</i>;;-18;-19;-8;>>>_endscarlet;;
deaths;_endscarlet;195;end>rash;;redplague_reign;;;<i>The red plague eventually made you lose yourself. By the end, you couldn't feel anything.</i>;;;;;;;;;;;;;;;!redplague_reign;
;;1310;mirror>queen;;age=1 ;200;10000;<i>You gather the items you inherited from the last queen. Your face in the mirror is new. Your advisors are waiting.</i>;<i>Enter the throne room</i>;;-5;-5;-5;-5;;<i>Let them wait</i>;;10;10;10;10;;;
magic;;331;mirror>queen;;;del;1000;<i>Sometimes, you hear a strange voice coming from the mirror you bought from <merchant>.</i>;No;<i>You can't seem to stop looking at yourself.</i>;-10;-10;-10;-10;;Yes;<i>You can't seem to stop looking at yourself.</i>;10;10;10;10;;;
magic;;196;mirror>queen;;;300;15;It's a pleasure to have so many other women envy you, is it not? It's all right. Admit it.;No;;-10;-10;-10;-10;;Yes;;10;10;10;10;;;
magic;;1060;mirror>queen;;;300;15;Take another cream bath. Have the ladies comb your hair. Nothing is more ethical than self-care.;No;;-10;-10;-10;-10;;Yes;;10;10;10;10;;;
magic;;1061;mirror>queen;;;300;15;Your reign gives purpose to the lives of smaller people. What a gift you are to the land. Take pride.;No;;-10;-10;-10;-10;;Yes;;10;10;10;10;;;
magic;;197;mirror>queen;;;300;15;The smiles of other women are false. All they want is to take your place. Remind them why they don't deserve it.;No;;-10;-10;-10;-10;;Yes;;10;10;10;10;;;
magic;;198;mirror>queen;;;300;15;Just look at yourself, great Queen! For who in history has such an inspiring profile, such a worthy image?;No;;-10;-10;-10;-10;;Yes;;10;10;10;10;;;
magic;;199;mirror>queen;;;300;15;Why should you care for their little gifts, their petty honors? You live a life apart from the weakness of others.;No;;-10;-10;-10;-10;;Yes;;10;10;10;10;;;
magic;;200;handmaid;;has_mirror;400;12;I get a terrible feeling from that mirror. Please, lady, get rid of it! ;Yes;<i>With the mirror gone, you feel more like yourself.</i>;15;15;14;15;del_mirror and >>>>;NEVER;;-10;-10;-10;-10;;;
magic;_;201;handmaid;;;;;How can it be?! That frightening mirror is back in your room!;What...;;;;;;>;What...;;;;;;>;;
magic;_;202;handmaid;;;;;I'm only teasing, Your Highness! You looked truly afraid for a moment!;I was!;;;-12;-8;;;I was not!;;;12;8;;;;
magic;;204;hunter;;has_mirror;400;12;This looking glass is a thing of evil! Allow me to strike it with my arrow!;Yes;<i>All weapons bounce harmlessly off the mirror.</i>;;;;;;NEVER;;-10;-10;-10;-10;;;
magic;;217;witch;;assassin and has_ravenna;400;30;Queen <ravenna> tried to kill you? That's so problematic. I think you should get revenge, but like, that's my toxic side.;Revenge!;;-5;10;;-5;>_witchpistol;Toxic!;;10;-10;;;;;
duel;_witchpistol;652;witch;;!pistol;60;50;If only you had some way of challenging her in public. Like a duel, or something. Hang in there.;;;-5;8;10;;>>>761;;;;-5;-5;;;;
duel;_witchpistol;653;witch;;pistol;60;50;You have a pistol, right? Why don't you challenge her to one of those boring poetry duels?;;;-5;10;10;;;;;;-5;-5;;;;
court;;761;chamberlain;;!pistol and has_owl and dynasty>20;80;40;Whoa, how fascinating! An envoy is here from a strange land far to the North! Will you grant her audience?;;;;5;5;12;add cossack and >;Too risky;;10;-15;-17;;;;
court;_;865;cossack;;;;;What a tiny woman you are! I come from a land of warrior women. Why don't you let me teach you a thing or two?;Sure!;;;;;;;No thanks;I heard Southern ladies had social difficulties, <i>she shrugs elegantly.</i>;;;;;;;
council;;236;general;;has_priestess;400;10;The peasantry has been throwing stones at our patrols! How can we make them respect the city watch?;Crack down!;;;19;-26;-5;>>>;Hand out gifts;;;-18;17;-25;;;
council;_;866;priestess;;;;;When the people are afraid, they become harder to rule. I counsel you to practice love, my Queen.;Good idea;;;-8;23;;;What do you know?;;;10;-23;;;;
council;;239;general;;!pistol;del;40;Rumors say in the lands to the North, queens carry duel pistols. Do you like weapons?;;;-20;12;8;;;;;20;-10;;;;;
council;;240;banker;;;400;10;The church wine is too expensive. Let's just use the local wineries, it's better for everyone!;;;-18;;8;12;;;;15;;;-20;;;
council;;242;banker;;has_king;400;10;First His Majesty says to invest, and then he says to divest. Which is it?;Invest!;;;10;-25;30;;Divest!;;;-10;18;-30;;;
council;;243;banker;;;400;10;The army is so costly. If you feel safe, why not decrease patrols to save money?;;;;-25;-7;18;;;;;20;14;-20;;;
council;;244;banker;;;400;10;The Cardinal says the crown must pay for half of its new cathedral... Do we do everything he wants now?;;;30;;-5;23;;;;-18;;10;15;;;
council;;245;banker;taurus;has_king;400;25;The King ordered a golden bull for the city plaza. It's a garish idea, and too expensive. Can you cancel it?;;;;-12;5;10;;;;;15;;-30;;;
council;;246;banker;;!patron;400;30;We are in a golden age for art and invention! Please, let the royal family start a patronage program.;Oh yes!;;;5;7;22;patron;Too expensive;;;-12;-10;;;;
council;;249;banker;;;400;10;Your beauty unguents are one tenth the treasury! Why be so extravagant? Can't we buy cheaper?;;;;-5;-5;20;;My beauty is a business expense;;;10;10;-20;;;
council;;250;banker;;has_king;400;10;The King keeps buying himself sets of gilded armor he'll never wear. Please make him stop.;I will;;;8;;15;;You try;;-10;-10;;-10;;;
council;;251;banker;;has_king;400;10;Could you just sign here? I can't get the King to do it. It's nothing important, don't worry.;;;;;-5;15;>;;;5;20;5;-5;;;
council;_;385;king;;;;;A month's paid vacation for all council members? I can't believe you signed this!;I did!;;;-5;-10;-14;;Oops!;;-5;-15;5;-25;;;
council;;252;general;;people<50;400;14;We hear of a pagan sect taking root in the country. Invest in our patrols and we'll smoke them out!;;;;15;-18;-14;>>;;;;-20;10;10;;;
council;_;867;priestess;;;;;Your army helps the church trample our sacred sites and arrest innocent people! I beg you, call off the patrols!;;;-5;-10;5;18;>>;;;10;5;-10;-10;;;
council;_;868;archbishop;;;;;They tell me the Queen herself intervened to stop our forces from purifying this land of heathen cults. Did you?;;I have no choice but to increase our force in this kingdom, <i>he declares.</i>;-18;-5;-15;;churchwar;;<i>He doesn't believe you. You're pressured to make an extra donation.</i>;16;;;-19;;;
court;;267;chamberlain;;!has_priestess;del;25;Someone sent a bouquet of red poppies for you, but I don't know who. Do you want them?;;<i>The card says 'congratulations, from the Lady of the Wood'...</i>;-5;10;-10;;>>>_woodlady;;;5;-10;13;;>;;
court;_;268;comtesse;;;;;You are so wise to choose well! Red is the color of impropriety and disobedience, of course.;I agree;;8;;12;;;Don't care;;-10;;-10;;;;
court;_woodlady;269;handmaid;;;;;Do you believe in the Lady of the Wood? I still leave petals on my windowsill for her sometimes...;;;-15;-5;8;;;Who?;;8;;-10;;>;;
court;_;408;handmaid;;;;;She's an ancient queen who lives in a sacred wood, surrounded by beautiful acolytes, waiting to return.;Nice;;-10;;8;;;I'm the only Queen!;;5;5;-10;;;;
court;;273;comtesse;;!ceremony and dynasty>1;reign;500;Your coronation day approaches, sweet Queen! May I instruct you in the Coronation Rite?;Please;;;8;;;>;The what?;;;-8;;;>;mus_stop;
court;_;274;comtesse;;;;;You'll take one step forward, two steps back, then clap your hands softly and spray your charming perfume. Understand?;Totally;;5;5;5;5;clearperfume and >>_throneroom;Too weird;;-10;-10;-10;-10;>;;
;_onlyperfume;338;comtesse;;;;;Your Highness! It is very important for you to perform perfectly. And be careful with the royal perfume!;I understand;;5;5;5;5;clearperfume and >>_throneroom;We'll see...;;-5;-5;-5;-5;clearperfume and >>_throneroom;;
court;_throneroom;275;chamberlain;;;;;Woop woop! Time to officially crown our new Queen! She will, of course, perform the Coronation Rite...;Ready!;;;;;;>;What...;;;;;;>;mus_chamberlain;
court;_;276;chamberlain;;;;;Don't worry, it's just a formality. Go on, Highness, take your first step.;Forward!;;;;;;>_throneroom3;Back!;<i>Everyone in the room gasps in horror!</i>;;;;;>_punishment;;
;_punishment;336;comtesse;;;reign;max;Psst! Psssst!! It's one forward, two back, a soft clap, and <*spray*>!;I got it;;;;;;>;Why?;;;;;;>;;
;_;337;chamberlain;;;;;Weh heh... not to worry, everyone, just a minor, um... she'll get it right this time for sure! ;;;;5;5;;>_throneroom;;;;-5;-5;;>_throneroom;;
deaths;_punishment;277;chamberlain;;;;1;No, no no! What a disaster!! Everyone, please be calm! She didn't know!!!;What...;;-100;-100;-100;-100;>;What...;;-100;-100;-100;-100;>;;
deaths;_end_exile;278;end>exile;;;;;<i>For your crime you are exiled to a peasant's life in the foothills of the mountains, with only snakes for friends.</i>;;;;;;;;;;;;;;;;
court;_throneroom3;279;chamberlain;;;;;Yes, doing just fine, next you take...;Four steps back!;<i>Everyone in the room gasps in horror!</i>;;;;;>_punishment;Two steps back!;;;;;;>_throneroom4;;
court;_throneroom4;280;chamberlain;;;;;Very good, very good, and now you must...;Clap softly;;;;;;>;Clap loudly;<i>Everyone in the room gasps in horror!</i>;;;;;>_punishment;;
court;_tutoinventory;281;chamberlain;;;;;Now, for the finale, <*spray*> the perfume of your royal scent!;What?;;;;;;>_speakspray_tutoinventory;How?;;;;;;>_speakspray_tutoinventory;;
court;play_clearperfume;282;chamberlain;;>;;;Whoa! My Queen, how perfect you look, how well you did! My eyes are burning, that's how charmed I am!;Why thank you;;5;5;5;5;ceremony;Can I go now?;;-5;-5;-5;-5;ceremony;;
court;_speakspray_tutoinventory;1384;chamberlain;;!mobile_keep and nb_spray_reign<5;;5;Woops! Simply <*drag*> the perfume onto my face to <*spray*> me with royal charm!;How?;;;;;;>_speakspray_tutoinventory and nb_spray_reign+;What?;;;;;;>_speakspray_tutoinventory and nb_spray_reign+;;
court;_speakspray_tutoinventory;386;chamberlain;;mobile_keep and nb_spray_reign<5;;5;Woops! Open your <*bag*>, then <*drag*> the perfume onto my face to <*spray*> me with royal charm!;How?;Tap the bottom of the screen then drag the item on the character <i>says a commanding voice</i>;;;;;>_speakspray_tutoinventory and nb_spray_reign+;What?;Tap the bottom of the screen then drag the item on the character <i>says a commanding voice</i>;;;;;>_speakspray_tutoinventory and nb_spray_reign+;;
court;play_clearperfume;387;chamberlain;;>_speakspray_tutoinventory;;;Whoa! My Queen, how perfect you look, how well you did! My eyes are burning, that's how charmed I am!;Why thank you;;5;5;5;5;ceremony;Can I go now?;;-5;-5;-5;-5;ceremony;;
court;;409;handmaid;;ceremony and !has_priestess and dynasty>2;60;160;Your new crown is so lovely! Why not throw a coronation ball, to impress the gentry?;Sure;;-8;;12;-16;>_coronationball;Not now;;;;-2;;>>>;;
;_;410;handmaid;;;;;Can we please have a coronation ball? Pretty please? All the girls and me, we're excited...;Fine;;-8;;12;-14;>_coronationball;;;;;-2;;>;;
;_;411;handmaid;;;;;Majesty, it's springtime, and we want to wear fine gowns and hold hands! Please, please, coronation ball...;Fine!;;-8;;12;-17;>_coronationball;I said no;;;;-2;;>;;
;_;412;handmaid;;;;;Co-ro-na-tion ball. Co-ro-na-tion ball! *whispers* Coronation... coronationball...;All right!;Eeee! She's so great, the Queen, she's so great! <i>she runs off singing.</i>;-8;;12;-17;>_coronationball;Never;<i>That grinning minx has already set everything up behind your back. It's too late to escape.</i>;;8;11;;>_coronationball;;
;_coronationball;413;chamberlain;;;;;Woop woop! Coronation ball today! Great idea, my Queen. All your ladies look very nice indeed!;;;;;5;;>;What about me?!;;;;-5;;>;mus_handmaid;
;_;511;handmaid;;;;;Ahhh! I can't contain myself! I need to go dance around!;Have fun;;-5;;5;;>;Be a lady;;5;;-5;;>;add_priestess;
;_;414;priestess;;;;;Excuse me... may I have this dance, Your Highness?;Why yes;<i>She takes your hand and steps closer, whispering.</i>;-5;-5;10;;>;Who are you?;<i>She takes your hand and steps closer, whispering.</i>;5;5;;;>;;
;_meetacolyte;415;priestess;;;;;I've been sent by the Lady of the Wood, to teach you of the All-Mother. This land needs a queen of the old ways...;Interesting!;;-18;;14;;;Who let you in?;;19;;-15;;;;
;;416;priestess;;;del;30;My people believe the time of the black sun is coming. Darkness will fall in daytime, and the people will tremble!;Wow;;-10;-10;14;;;Impossible;;5;5;-5;;;;
father;;283;king;;!has_father;200;50;The Cardinal says a man from your country is in the church prison. No one speaks his language. Will you deal with it?;;;-5;10;5;;>;;;15;;-5;;>>_executedad;;
father;_;284;archbishop;;;;;Enemies of the Church are everywhere. I need the crown to approve my execution of this heathen!;;;15;-5;-5;;>>_executedad;;;-17;;;;>_meetfather;;
;_executedad;285;king;;;;;Dear, I have bad news. It turns out your father was executed by the Cardinal for spying.;What?!;;-10;-16;;;del_father;Ah well;;18;19;-15;;del_father;;
father;_meetfather;287;archbishop;;;;;Fine, but I don't speak the language of your sinful land. You must make him repent. ;Okay;<i>The cell is dim, but the voice you hear inside is wonderfully familiar!</i>;;5;5;;add_father and >;Too busy;;;-5;-10;;>>>_executedad;;
father;_;288;father;;;;;Daughter! I've come to your court to advise and support you. Free me from this prison!;Yes!;;-20;10;5;;>>;I don't know you;;30;;-5;;>>>_executedad;;
father;_;289;nun;;;del;;The Cardinal is furious you released his prisoner. You must pray with me!;;;10;-5;-5;;;;;-5;10;10;;;;
father;;290;archbishop;;has_father;60;30;If your sinful family knew of my little mistake with your father, there'd be trouble. Agree to keep the secret.;I agree;;20;-10;;;;I'm telling;;-5;15;5;;>>>>>;;
father;_;291;king;;;;;A Western delegation is here complaining that the Church mishandled your father. Should I just give them some gold?;;<i>Your countrymen leave in peace, but without acknowledging you at all.</i>;-5;-5;-5;-18;;;<i>The church refuses diplomacy. Relations with your own homeland suffer badly.</i>;-13;;-25;;churchwar;;
magic;;294;nun;;has_priestess and !meetwitch and dynasty>5;180;40;I sense witchcraft, vibrating abundantly in this court! The Cardinal wants you to attend the trials of suspicious persons!;Fine;;10;10;-10;;>;Not now;;-13;-5;15;;;;
magic;_;295;archbishop;;;;;I love a good witch trial! Let's try your royal chef. She seems humble, but what if the broths she brews are evil?;Let's find out;Then you may act as her interrogator, too! <i>says <archbishop>, eyes gleaming.</i>;10;;;;add_witch and >;That's crazy;The Queen's first duty is to purge the kingdom of dishonor, <i>he hisses.</i> Remember that.;-17;;5;;add_witch and >;mus_priestess;
magic;_;297;witch;;;;;Oh p-please, great Lady, I ain't no witch, I'm just a poor unmarried cook!;No husband?;He died in the week we was married, <i>she weeps.</i>;;;;;>;For how long?;All my little life, your graciousness! <i>she squeaks.</i>;;;;;>;;
magic;_;298;witch;;;;;I promise you all I done wrong was to pick some herb I shouldn't. I promise I won't go pickin' in the churchyard again!;What was it?;Just a little grave rose! <i>she cries</i>. Tastes nice!;;;;;>;Where are you from?;Here I was born and here I'll die, magnificence, <i>she nods.</i>;;;;;>;;
magic;_;300;witch;;;;;I beggin' ya, beautiful Queen, I'm as innocent as a lizard. Doesn't your lord heap blessings on the merciful?!;Whose lord?;I said "our Lord", I said it plain as day! <i>she insists.</i>;;;;;>;A lizard?;Silly me, <i>she laughs.</i> Innocent as a <i>wizard</i>, I meant.;;;;;>;;
magic;_;301;archbishop;;;;;Enough questions! I shall now make my ruling. What is the Queen's recommendation? Is this woman a witch?;She is!;<i>The cook disappears. The taste of your meals does improve, though.</i>;25;10;-10;;del_witch;She isn't!;<i><archbishop> is disappointed, having brought his favorite torch.</i>;-16;;15;;>;;
magic;_;302;witch;;;;;Awright! We got away with it! That was legit, thanks so much for bailing me out. I owe you my magical expertise.;Wait, witch?;;;;;;>;You speak oddly..;;;;;;>;meetwitch;
;;565;witch;;;;;Don't freak. Witchcraft is key to women's resistance! Don't trust that fake acolyte and her 'earth mother' act.;I won't;<i>You hope <archbishop> doesn't find out about this...</i>;-8;;12;;;Oh, great...;<i>You hope <archbishop> doesn't find out about this...</i>;20;5;-10;;;;
magic;;304;witch;;advancedclock;400;14;There's something weird about you. Have you been dying more quickly lately?;Well...;;-5;;;;>;What?!;;10;;;;>;;
magic;_;305;witch;;;;;I thought so. Please be careful. You could be messing with the very fabric of reality.;Really?;;;;;;;Don't worry;;;;;;;;
church;;353;archbishop;;has_priestess;400;10;I have heard, my Queen, that you confer with heathen cultists who wish to undermine my power. Is this true?;Actually yes;;-20;22;;;>;Of course not!;Funny, <i>he says.</i> The walls told me otherwise. Take care.;18;-16;;;;;
church;_;354;archbishop;;;;;Just remember: The only way for you to keep your influence here is with my approval. Understand?;I do;;5;-5;;;;Whatever;;-5;5;;;;;
church;;355;nun;;;400;10;The King and Queen of the island across the channel have sorcerous beliefs! Avoid them!;I will;;12;;-12;;;Nope;;-11;20;5;;>;;
magic;;360;hunter;;!chickenbone and dynasty>3;80;60;Let me earn your favor, sweet Queen! Send me off to slay a rare beast, and bring you a trophy!;Do it;;;10;-5;;>>>;No, no!;;;;14;;;;
magic;_;361;hunter;;;;;I'm back from my hunt! I even glimpsed the rare white doe! Legends say it is the Lady of the Wood, in animal form.;What about my trophy?;;;;;;>;Who?;A queen of legend, <i>he says</i>. They say she can take any form!;;;;;>;;
;_;566;hunter;;;;;Oh, right! Your trophy, my Queen! The fey bone of a ferocious creature I slayed all alone, deep in the wood.;My hero!;;-5;-5;-5;;chickenbone;What is this...;;;5;5;;chickenbone;;
court;;362;hunter;;has_king;400;10;The Church tried to pay me to spy on my master the King, but I refused. Of course, since then, my pockets have ached...;Let me help;;-15;5;10;-18;;Oh well;;5;-8;-10;;;;
;;567;nun;;!has_doctor and age>3 and dynasty>2;60;80;A strange light is coming from one of the towers... could it be the presence of a demon?!;In our pure house?;;8;-5;;;>;Definitely!;;-13;5;;;>;;
;_;568;chamberlain;;;;;How spooky! That tower has been empty for years... someone should investigate!;I will;<i>You climb the dark, forgotten tower, and open the door...</i>;;5;8;;> and add_doctor;You do it;<i>He creeps hesitantly upstairs. Some time later...</i>;;-5;-10;;> and add_doctor;;
;_;569;doctor;;;;;Ah, hello! I'm the palace doctor! At least, I think I am. And you are?;The Queen!;;;-8;8;;>;You don't know?!;;;8;;;>;;
;_;570;doctor;;;;;Oh! Apologies, Your Grace! I must have been locked in my lab for a very, very long time. ;How... long?;;;;5;;>;Get back in!;Too late! <i>she cries, running down the stairs.</i> I'm out! I'm out!!;;18;-10;;;;
court;_;431;doctor;;;;;Well, I lived on specimen jars and plentiful humours... and now I'm ready to create a new age of science!;Sounds good;;;;5;;;You're the doctor?!;;;;-5;;;;
court;;432;doctor;;;400;10;You look a little pale, Your Majesty. My leech treatment will rebalance your red humours...;;;;-10;14;-8;;;;10;;-14;;;;
court;;515;doctor;;;400;10;When I press my fingers into my eyes, I see sunspots. Does this mean an eclipse is coming???;Definitely;;-8;-8;8;;;In your brain, maybe;;8;8;-8;;;;
court;;433;doctor;;;400;10;If I hold my breath for long enough, I can see the stars moving! Please let me build a full-sized cosmic model!;;;-11;;14;-24;;;;10;;-15;;;;
court;;434;doctor;;!prince_reign and age<10;400;25;No heir yet? Must be your bile rising. This cure is made from baby rabbit intestine, and is sure to help!;;;-8;;14;-16;>>>_babyresult;;;8;;-14;;;;
court;;435;doctor;;;250;13;I'm making a huge book of all my prognostications and scientific wisdom. Want to hear some?;;;-17;-8;15;-18;>_predictions;;;12;14;-15;;;;
court;_predictions;839;doctor;;;10;5;The chances of rain this week are 46 percent. I'm 25 percent certain! Isn't science amazing?;;;-18;;;;;;;20;;;;;;
court;_predictions;840;doctor;;;10;5;In the year 2000, the sun is destined to be covered by a shadow from the moon. You believe me, right?;;;-18;;;;;;;20;;;;;;
court;_predictions;841;doctor;;;10;5;If more than six white goats are stillborn in a year, then there will be an earthquake. Count the goats!;;;-18;;;;;;;20;;;;;;
magic;;437;priestess;;redspellbook;400;20;The All-Mother spoke to you... what if you are the one foretold by prophecy?;What prophecy?;;-10;;10;;>;Naturally;;18;;-29;;>;;
magic;_;438;priestess;;;10;20;The All-Mother will choose a Forever Queen to live many lives, always ruling this land!;It's me!;;-19;10;-12;;;That doesn't make sense;;19;-11;12;;;;
magic;play_redspellbook;439;priestess;;see_priestess and redspellbook;0;max;You must use the spell I wrote in this book to find the Lady of the Wood, who takes the forms of animals...;;;-8;;5;;;;;8;;-5;;;;
court;;440;nun;;;200;14;As a nun, I proudly live a humble life. But for a little worldly coin, I might share a secret of the church...;I'll pay;;-5;;;-11;>_churchsecrets;No thanks;;15;-10;;;;;
court;_churchsecrets;656;nun;;;3;100;The only way to survive the Cardinal's sainthood test is to show him a holy bone. Good luck with that!;Wow;;;;;;;I'll buy another;;;;;-12;>_churchsecrets;;
magic;_churchsecrets;375;nun;;;3;60;In his last position, the Cardinal sowed such discord in the royal family that the kingdom collapsed!;Interesting!;;;;;;;I'll buy another;;;;;-12;>_churchsecrets;;
magic;_churchsecrets;376;nun;;;3;40;The Church is secretly very afraid of the Lady of the Wood, who entices people to worship the All-Mother.;I see;;;;;;;I'll buy another;;;;;-12;>_churchsecrets;;
magic;_churchsecrets;510;nun;;;3;10;That's all I know right now! I'll whisper to you another day, should you have the shameful currency.;Bless you;;8;;;;;I'm sure;;8;;;;;;
;play_chickenbone;764;nun;;see_nun;;;Oh! Is that the holy bone of a venerated saint?!;;<i>She seems perfectly convinced.</i>;15;5;5;5;;;You could have fooled me, <i>she shrugs</i>.;-5;-5;;;;;
magic;;1380;nun;;;400;20;I heard a rumor that you blasphemously worship the All-Mother in secret. But you don't, do you?;I do...;;-25;;;;;I don't;;25;;;;;;
court;;380;handmaid;;;400;10;Growing up in the West, did you get to... experiment?;Well, I...;;-5;;;;>;With what?;;-5;;;;>;;
court;_;381;handmaid;;;;;You know... with spices! You come from the land of flavors! I bet your house was so odorous!;Thank you;;-10;-11;15;;;What are you trying to say?;<i>You have her whipped, but only lightly.</i>;5;11;-12;;;;
people;;441;priestess;;;400;10;I tried the royal winery. What a grape great... great grape... hee hee! Let's send some in tribute to the Lady of the Wood.;;;;;14;-16;;;;;10;-17;;;;
duel;;664;chamberlain;;!has_owl and has_merchant;60;60;We once had a mechanical owl to read the traditional duel poems, but it broke. Now it just sits in the duel room.;Fix it!;I've got no knack for gears and things, <i>he stammers profusely.</i>;;;;;;I'll fix it ;<i>The dusty owl is too intricate for you to figure out alone.</i>;;;;;;;
magic;play_clearperfume;1371;mirror;;see_mirror;10;max;Enchanting... you are enchanting. Finding ways to love yourself more and more, isn't that life's truest calling?;No;;;;;;;Yes;;;;;;;;
greatmother;play_pistol;443;mirror;;see_mirror and foretold;;max;...luos ruoy ni gnileef ynnuf a teg uoY;No;;;;;;>_selfduel_start;Yes;;;;;;>_selfduel_start;;
greatmother;play_pistol;869;mirror;;see_mirror;;10;<i>Without a clear reason to aim at the mirror, you lower your pistol.</i>;;;;;;;;;;;;;;;;
;_selfduel_start;1309;owl;;;;;How brave you are to call a duel against your own dear spirit. Listen for the mother's voice, and fire when you hear it.;I'm ready;<i>The cold apparition is already at your back. You take your positions to duel.</i>;;;;;> and mus_mirror;W-Wait!;<i>The cold apparition is already at your back. You take your positions to duel.</i>;;;;;> and mus_mirror;;
duel;_duel_self1;665;owl>timer;;;;;Signs of everlasting air, and signs of richest earth. Many turns of sacred wheel, many deaths and births.;<i>Fire!</i>;;;;;;>_duelself_missed;<i>Step forward</i>;;;;;;>;;
duel;_duel_self2;658;owl>timer;;;;;Signs of water's gravity, signs of fire's ire. You cross the stars a hundred times, yet still you must aim higher.;<i>Fire!</i>;;;;;;>_duelself_missed;<i>Step forward</i>;;;;;;>;;
duel;_duel_self3;659;owl>timer;;;;;Hidden in the garden maze is one great, sacred crown: "Follow the sun, dear child," she says...;<i>Fire!</i>;;;;;;>_duelself_won;<i>Step forward</i>;;;;;;>;;
duel;_duel_self4;666;owl>timer;;;;;...For the stars are but jewels on her gown.;<i>Fire!</i>;;;;;;>_duelself_wait;<i>Step forward</i>;;;;;;>;;
duel;_duelself_wait;667;owl>super;;;;;Alas, too late for a good shot. Now your spirit is trapped here, like it or not.;What...;;-100;-100;-100;-100;>_end_spirit;What...;;-100;-100;-100;-100;>_end_spirit;mus_stop;
duel;_duelself_missed;668;owl>super;;;;;A grievous time to miss your shot. Now your spirit is trapped here, like it or not.;What...;;-100;-100;-100;-100;>_end_spirit;What...;;-100;-100;-100;-100;>_end_spirit;mus_stop;
deaths;_end_spirit;669;end>spirit;;;;;<i>You live on as a spirit inside the mirror, haunting the future Queens who inherit it.</i>;;;;;;;;;;;;;;;;
greatmother;_duelself_won;670;owl;;;;;The risk you took was great, my friend. And yet you triumphed in the end. ;;;100;100;100;100;won_mirror_duel;;;100;100;100;100;won_mirror_duel;mus_stop;
greatmother;_after_death;446;mother;;won_mirror_duel;del;max;My child... you have confronted your own lesser feelings and triumphed. I am so proud...;;;;;;;>;;;;;;;>;speakmother;
greatmother;_;447;mother>mother4;;;;;I can see the strain in your gaze, poor child. You would like to be free?;;;;;;;>;;;;;;;>;mus_mother;
greatmother;_;448;mother>mother3;;;;;You must become worthy of my crown. Then all men will tremble before you, and even nature will not contain you.;;;;;;;>;;;;;;;>;;
greatmother;_;449;mother>mother2;;;;;With my divine finger I will write my own eternal name inside your book...;;;;;;;> and eclipsebook;;;;;;;> and eclipsebook;;
greatmother;_;870;mother>mother1;;;;;In the center of the labyrinth, call down the hour of the black sun. There, we will meet again.;;;;;;;>force_end;;;;;;;>force_end;del_mirror;
greatmother;_;450;handmaid;;;;;...Majesty! Your Majesty! You fell down at the mirror! It was like you were dead!! What happened?;Magic stuff;;-12;;13;;;Nothing;;;;-16;;;;
greatmother;_after_death;475;mother>mother1;;dynasty>9;del;100;Ah...;;;;;;;>;;;;;;;>;;
greatmother;_;476;mother>mother2;;;;;My child...;;;;;;;>;;;;;;;>;mus_mother;
greatmother;_;477;mother>mother3;;;;;Are you happy? You see so many turnings of the wheel of stars, you live so many lives! ;;;;;;;>;;;;;;;>;;
greatmother;_;478;mother>mother4;;;;;You are the Forever Queen. That is my gift to you.;;;;;;;>;;;;;;;>;;
greatmother;_;479;mother;;;;;You will have the honor of delivering this land from the grasping fingers of little men and their little gods.;;;;;;;>;;;;;;;>;;
greatmother;_;480;mother;;;;;Only love me, obey me, be as one of my acolytes. Seek the counsel of my highest priestess.;;;;;;;>;;;;;;;>;;
greatmother;;842;mother;;;;;And in the maze of green, follow the sun to make it disappear...;;;;;;;>force_end;;;;;;;>force_end;;
;;452;banker;;;400;12;Let us offer patronage to this promising young sculptor. I kind of... promised him.;;;-10;10;14;-14;>>> and patron;;;5;;-10;5;;;
;_;453;banker;;;;;This is the first scuplture from your protégé. Look at these curves, this passion. Where do we display it?;Royal parlor;;;10;5;5;>;How about the attic?;;;;-15;-5;;;
;_;454;archbishop;;;;;This throne room sculpture is not to respectable tastes. Why does this young lady faint so lusciously?;Religious ecstasy;;15;-5;5;10;;I'm into it;;-10;10;-10;-5;;;
;;455;archbishop;;patron;200;10;The Church frowns on garish sculptures and shocking paintings. Stop your frivolous patronage.;I will;;20;-10;-25;;;How come?;;;;5;;>;;
;_;456;archbishop;;;;;Only God can make investments in creation. You feel the same, don't you, Your Highness?;;;10;-5;-10;;;;;-18;5;10;;;;
;;457;general;;nb_tower<4;200;60;I want to be able to see our enemies from afar. The palace needs a new tower!;;;;12;;-10;nb_tower+;Too many towers;;;-10;;;;;
;;458;doctor;capricorn;!nb_tower;60;200;I'd love to have my own tower in this palace for my experiments. I need quiet, and a view of the celestial heavens!;;;-10;4;10;-10;nb_tower+;;;;;-15;;;;
;;459;priestess;;nb_tower<4;200;70;We acolytes need silence to do our sacred rites. Will you build me a tower in your palace?;;;-15;;14;-10;nb_tower+;;;;;-5;;;;
;;460;king;capricorn;nb_tower<4;200;120;I'm the King! Why don't I have a tower of my own in this palace?;Let's build one!;;;15;-4;-10;nb_tower+;Is this a metaphor?;;-5;-10;5;;;;
;;461;chamberlain;;nb_tower=4;40;1000;We're now up to thirteen towers, with the new construction. It's bad luck! Let's build one more to avoid evil.;Sure...;<i>The last tower fell the next winter, bringing down all the others in its wake.</i>;-20;-25;-25;-27;>>>> and nb_tower+;Enough already!;<i>You brought down all the towers, creating a fashionable new architectural aesthetic.</i>;20;15;10;10;>>>> and nb_tower+;;
;_;462;nobleman;;;;;The Northlanders are offering jewels just for a chance to see your 'Palace of No Towers.' Will you agree?;;;-5;10;5;20;;;;;-10;-8;;;;
;;463;banker;capricorn;has_explorer and has_general and has_doctor;400;70;We have the funds to build a new school. It should be a business school, to teach the laws of economy.;;<i>Suddenly all your advisors enter, clamoring!</i>;;;;5;>_newschool;Hmm...;<i>Suddenly all your advisors enter, clamoring!</i>;;;;;>_newschool;;
;_newschool;464;general;;;6;10;We hear enough from the pencil-pushers, do we not? Let us build an academy for our cadets.;;;-5;30;-5;-5;;Hmm...;;;;;;>_newschool;;
;_newschool;465;explorer;;;6;10;But war's become unfashionable now. Don't you think a modern kingdom ought to have a university?;;;-5;15;17;20;;Hmm...;;;;;;>_newschool;;
;_newschool;466;chamberlain;;;6;10;A school of mannerly customs could transform the reputation of this kingdom, my Queen! Civility is progress!;;;-10;-10;-5;-10;;Hmm...;;;;;;>_newschool;;
;_newschool;467;archbishop;;;6;10;These heathenous ideas bear the stink of treason. It can only be a seminary.;;;30;-5;-5;-5;;Hmm...;;;;;;>_newschool;;
;_newschool;468;doctor;;;6;3;Let's make a school of science and medicine, where we can experiment on the students... I mean, with them!;;;6;10;26;-10;;Hmm...;;;;;;>_newschool;;
;_newschool;469;farmer;;;6;3;Or, with respect, Your Highness... a network of small country schools, to teach the people new skills.;;;10;10;30;10;;Hmm...;;;;;;>_newschool;;
;;470;nun;capricorn;has_priestess;400;35;The Cardinal asks to raze some of the older vineyards, to build a new monastery in the hills.;;;25;10;5;-18;>;;;-14;;;-5;;;
;_;471;priestess;capricorn;!redplague_reign;;;No! You will be cursed! The wine of this land is sacred to us acolytes, you cannot do this!;Yes I can;<i>Not long after the vineyards are razed, a new disease mysteriously afflicts the land!</i>;5;-5;-10;;redplague_reign;You're right;;;;;;;;
;;472;chamberlain;aries;has_king;400;60;I know this is a breach of etiquette, but will you receive the General? The King is hunting, and it's an urgent matter!;Let him in;;;;;;> and add_general;;;-5;-20;-20;-5;;;
;_;473;general;;;;;Relations with the West have deteriorated badly. Our spies say they plan to attack!;And?;;;;;;>;My home...;;;;;;>;;
;_;474;general;;;;;Forgive me, Your Highness, but this country is your home now. The people need you. Will you help?;;<i>You told <general> everything about your old country's weaknesses. The attack is thwarted.</i>;10;20;-10;10;;;;-38;-50;;-20;;;
zodiac;;481;handmaid;aquarius;has_king and dynasty>1 and !secretlanguage;250;30;We girls have invented our own secret language. Please don't tell the King! Let us teach it to you...;;;-10;-5;10;;>;;;10;22;-19;;;;
zodiac;_;482;handmaid;aquarius;;;;So you start by moving each vowel to its next vowel... A becomes E, E becomes I, I becomes O... Understand?;Yis;;;;;;secretlanguage;No;;;;;;;;
zodiac;;483;king;aquarius;;400;40;Ours is a golden age for national unity! I must give an address. Should I praise God or thank the farmers?;God;;-20;;-19;;>>;Farmers!;;-15;;19;;;;
zodiac;;689;farmer;aquarius;;400;20;When it's a good harvest, it's God's work. When it's a bad harvest, it's my fault! I can't win.;That's how it is;;16;11;-17;;;Switch religions;;-14;-17;8;;>>690;;
zodiac;_;690;archbishop;aquarius;;;;You spread blasphemy among the smallfolk? The Crown must work in lockstep with the Church. Sow no discord.;I obey;<i>The King pays a fee to the Cardinal to quiet your blasphemy charges.</i>;-8;-10;-8;-18;;There are many beliefs;;-30;10;8;;;;
zodiac;;484;handmaid;aquarius;;400;25;Please, let this be the year I get married to a Lord. I've served you well, please say yes!;;<i><handmaid> moves on to the life of a Lady, laden with your generous gifts.</i>;14;-8;16;-17;del_handmaid;;<i>You simply cannot do without <handmaid>. That's all there is to it.</i>;-10;19;-26;;;;
court;;485;chamberlain;;!has_handmaid;250;18;Your royal handmaid is gone? Shall we hire another girl to be your loyal companion here?;;;;8;10;-14;add_handmaid;;;;-12;-17;12;;;
zodiac;;486;priestess;aquarius;has_doctor;400;25;The stars say that now, the Age of Aquarius, is the time to embrace your neighbors. Take a diplomatic trip.;;;8;15;12;;>>>_aquariustrip;;;;-16;-12;17;;;
zodiac;_aquariustrip;487;chamberlain;aquarius;;6;50;Your diplomatic visit to the East was a disaster this time... must be bad stars. What do we do now?;Apologize publicly;;-10;-22;10;;;Pay them off;;10;20;10;-26;;;
;_aquariustrip;488;doctor;aquarius;;6;50;You really impressed the Easterners on your diplomatic visit! My book is right: Aquarius is a good age for diplomacy!;;;;;;;;;;;;;;;;
;;512;archbishop;aquarius;;400;40;"Age of Aquarius?" That star science seems heathenous to me. You'd better send your wayward maids to the nunnery.;;;20;-5;-19;;;;;-14;5;19;;;;
zodiac;;844;king;aquarius;;400;25;I think the King of the East doesn't like us. What should I do?;Invite him hunting;;;5;10;;>>;Love yourself;;;-10;5;;;;
zodiac;_;845;king;aquarius;;;;I took your advice and invited the other King hunting. But it was so awkward! How do I make friends?;Be yourself;;5;-5;8;;>>;Do pushups;;-5;10;-8;;>>;;
zodiac;_;846;king;aquarius;;;;I just can't seem to impress the Eastern king. But what if... he's just as worried about impressing me?;He is!;<i>You and your husband grew closer during the Age of Aquarius.</i>;;-5;5;;;Doubt it;<i>You and your husband reinforced your distance during the Age of Aquarius.</i>;;-5;5;;;;
zodiac;;847;anyone;pisces;dynasty>5;400;35;The heavy rains have swept away my grand houses. I beg you, my Queen! Please take our family into the palace.;;;10;10;10;-23;>>;;;-18;-20;-20;20;;;
zodiac;_;848;chamberlain;pisces;;;;Whoop, Your Majesty! If we feed everyone who asks, we won't have enough for the winter at this rate!;Tighten your belt;<i>You and your ladies drink wine when you get hungry.</i>;-15;-15;15;-14;>>>;Evict them;<i>A frail cousin of <handmaid2> is lost to the rainy season.</i>;15;15;-12;20;;;
zodiac;_;849;handmaid2;pisces;;;;I know you suffered to shelter us during the floods. We will be forever loyal to the Crown, down to the end of our line.;Thank you;;;;8;;;That's all I get?!;;;8;;;;;
zodiac;;489;priestess;pisces;has_king;400;25;Have your huntsman send the land's most beautiful fish to the Lady of the Wood, as an offering for the age of Pisces. ;;;;;;;>>>piscesfish;;<i>The King would never let you give away the royal catch.</i>;;20;-14;19;;;
zodiac;piscesfish;490;hunter;pisces;;400;25;The lowlands are flooded and the wheat is drowned! Some curse has fallen... we must build a dam!;;;;5;18;-33;;Too expensive;;;16;-28;12;>>>495;;
zodiac;piscesfish;491;hunter;pisces;;400;25;Some divine onlooker has blessed us with plenty this Spring! We can give a lamb to every family in the land!;Let's;;12;;22;-23;;I want to keep them all;;-11;11;-16;20;;;
zodiac;;492;general;pisces;;400;25;The sea is mighty in these times! Sign this decree and we'll build a royal fleet in your name!;Ooh;;;17;;-26;;;;;-19;;10;;;
zodiac;;493;handmaid;pisces;secretlanguage and !secretlanguage2;60;90;Our secret language was too easy. So let's keep the vowel rule, but turn consonants back one letter, so A becomes E but Y becomes X.;Xir;Yes, 'Y' counts as a consonant for our purposes!<i>she says.</i>;;;;;secretlanguage2;Huh?!;;;;;;!secretlanguage;;
zodiac;;494;priestess;pisces;;400;25;According to the stars, great rains will fall on this age. How will Your Highness prepare?;Plant seeds;;;16;15;17;;Build an ark;;20;-16;;-22;;;
zodiac;;495;doctor;pisces;;400;25;Despite my predictions, the rains have entirely stopped. People are worried about the harvest.;Pray;;22;-19;10;;>>;Import food;;;;12;-29;;;
zodiac;_;871;nun;;;;;Prayer is the best way to deal with a tragedy, that's what I think. Of course, the nunnery flooded, but that's okay!;Pray more!;;8;-10;;18;;We'll build another;;20;8;10;-26;;;
zodiac;;496;priestess;aries;;400;25;Aries will guide your hand in military strategy. Help me slaughter this goat for offering, and be blessed.;;;-23;;26;-17;>>>_ariesgoat;What if it's the Lady of the Wood?!;She would never be a goat! <i><priestess> insists... and yet the slaughter is averted!</i>;20;12;-17;;;;
zodiac;_ariesgoat;497;general;aries;;6;50;The Cardinal's own men turned us away from our patrols. We grow weak under a bad sign. Let us use force!;;<i>Skirmishes broke out between the royal armies and the Church guard!</i>;-19;26;-10;;war and churchwar;;;15;-29;14;;;;
zodiac;_ariesgoat;498;king;aries;;6;50;Lucky stars, the heralds' songs are all about my brave army this year. Let's have a royal parade!;;;;24;12;-26;;Not again;;;-29;-10;12;;;
church;;499;general;;churchwar;250;40;The Cardinal says he'll call off the Church guard and end the conflict if the crown pays in gold.;;;22;-17;;-26;!war and !churchwar;;;-25;18;;12;;;
church;;500;archbishop;;churchwar;250;30;One of your soldiers disrespected my Church guardsmen in the city. Will you make an example of him?;;;16;-11;-23;;;;;-18;10;22;;;;
church;;501;nun;;churchwar;250;30;All this spittle flying between the Cardinal and the Crown! Lead the people in prayer to keep us strong!;;;18;-16;-19;;;;;-25;12;10;;;;
church;;502;priestess;;churchwar;250;30;This land must never stop fighting the Church's black fist. The Lady of the Wood wishes to bless your army.;I accept;;-19;17;15;;>>>;Not now;;10;-16;-18;;;;
church;_;503;general;;churchwar;;;The Cardinal's holy guard ate bad berries and fell ill, every man! The city watch is ours again!;Nice;;-15;16;;;!churchwar;Who cares;;10;-19;;;!churchwar;;
church;;872;king;;churchwar;250;30;Does fighting with the church make us look weaker, or stronger, do you think?;Weaker;;15;-20;-10;;>;Stronger;;-18;18;10;;;;
church;_;873;king;;churchwar;;;Weaker, eh? Do you think that means I should compromise with <archbishop>, for the sake of peace?;;;8;-10;5;;!churchwar;;;-10;15;10;;;;
church;;883;merchant;;churchwar;400;30;Well done defying <archbishop>! Hopefully the church doesn't crush your kingdom... Do you feel confident?;We're strong;;;15;18;15;;It's a mess;;;-5;-17;-10;;;
zodiac;;504;handmaid;aries;secretlanguage2 and !secretlanguage3;60;120;We changed the ladies' secret code again. Do both steps you did before, but now spell each word backwards. Try it!;Ijok rogs?;;;;12;;secretlanguage3;Siht ekil?;<i>She looks crushed.</i> Oh, how I wish you'd learn it!;;;-12;;!secretlanguage2 and !secretlanguage;;
zodiac;;505;handmaid;aries;has_priestess;400;25;One glass of wine and that acolyte ends up going around barefoot in the ladies' rooms. She needs a good lashing!;Fine;<i>You have the acolyte whipped, but only a little.</i>;10;11;-23;;;Too messy;<i>Your ladies are going to need to start taking care of their own drama.</i>;-15;-5;22;;;;
zodiac;;506;priestess;aries;;400;25;Your courtly ladies finished all the royal wine, but blamed me. You must take my side against them!;;;-22;-13;16;;;;;17;;10;;;;
zodiac;;850;lady1;aries;dynasty>5 and has_priestess;400;50;I've had enough of <priestess>! Must we really have old plants and animal guts in our fine chambers?;I'll talk to her;;-8;;16;;>>;We must!;;-14;;-10;;;;
zodiac;_;851;priestess;aries;;;;Would it kill the <lady1> to show me kindness? My folk are treated as mud on the golden slippers of such ladies!;I'll talk to her;;-16;-8;10;10;>>;Be strong;;-5;5;-10;;;;
zodiac;_;852;lady1;aries;;;;I must admit, my Queen... I enjoy arguing, and so does <priestess>. Please let us continue!;As you like;;15;15;15;15;;I forbid it!;;-5;-5;-5;-5;;;
zodiac;;507;king;aries;!war;400;25;Art and enlightenment are nice, but admit it: You miss the old days of war and glory!;I do!;;5;20;5;-16;>;Mm, no;;;-16;10;12;;;
war;_;95;king;aries;;;;I hoped you'd say that... because I started a war for glory in the East!;Great;;;11;-15;;war and >>>>>>>>>>>>warfinish;Stop!;Too late, <i>he says.</i> I can't do what my wife tells me, I'm King!;;-10;-5;;war and >>>>>>>>>>>>warfinish;;
war;warfinish;96;king;;war;60;50;I'm bored with war. I should just sign this truce and end it, don't you think?;;;15;15;15;15;!war;;;-15;-19;-17;-19;;;
war;;514;general;;;400;10;There is a pagan rebellion in the South. The Cardinal wants our forces to join the war...;Go;<i><general> hates working with the Holy Army, but you don't want to offend the Cardinal.</i>;18;-16;-10;-5;war;Not our problem;;-14;16;10;;>>>>;;
war;_;517;archbishop;;;;;So it was you who stopped <general> from marching with us in the South. Are you sure your soul is safe?;Yes!;;-10;8;8;3;;I'm sorry;<i>You are pressured to fund a new church endeavor as penance.</i>;15;-10;-8;-26;;;
;;518;nobleman;aquarius;has_king and dynasty>1;400;25;The Cardinal won't let my daughter marry into an Eastern family. Surely the King can overrule this!;Ask him!;;;-10;-16;;;I can;<i>He is muffling... laughter?</i> ;;10;16;;;;
;;519;farmer;taurus;;400;25;Our cattle all have a strange disease. I long to milk a cow again... please! Let me milk the royal dairy cow!;;;;;10;-15;>>>_cowresult;;;;;-20;10;;;
;_cowresult;520;chamberlain;taurus;;5;50;Your precious royal cow somehow got the peasantry's cattle disease. Should we just slaughter them all?;The cows?;;;;5;-5;;The peasants?;The cows! <i>he says.</i> Whew!;;-10;-15;;;;
;_cowresult;521;farmer;taurus;;5;50;It's a miracle... touching your beautiful royal cow seems to have healed all of our animals! Let us pay Your Grace a tribute!;;;-5;;5;26;;;;5;-10;-10;;;;
;;522;priestess;taurus;;400;25;I've felt strange rumblings low in the earth of late. Blood from the royal cow may stop the earthquakes.;;<i>You trust <priestess> not to seriously harm the royal cow.</i>;-20;5;6;-10;;You're sick!;<i>What kind of monster would injure the royal cow?</i>;10;-10;-19;;;;
;;523;doctor;;;400;10;I want to present my theory 'A World Made of Plates' at the philosophers' summit. Can you send me?;;<i>Your doctor's weird theories gave your court an odd reputation.</i>;-8;-19;10;-19;;;;5;10;-18;5;;;
;;524;general;taurus;;400;25;A crevasse opened up and swallowed a whole village! Should we move nearby families? it's dangerous...;;;;-10;6;-10;;;;-10;5;-15;-20;;;
;;525;doctor;taurus;;400;30;A line runs through the land where the earth is unstable! Yes, a line! You must fortify the line...;;;;-8;12;-15;;Sounds imaginary;;10;12;-20;;;;
;;526;archbishop;taurus;;400;25;Why not tell the poor folk that the earthquakes represent the displeasure of God? It will make them more obedient...;;;16;-11;-18;;;;;-13;14;8;;;;
;;527;merchant;taurus;;400;25;There was an earthquake, and my goods were smashed. Take financial pity on me, my Queen and friend!;;;;-9;10;-21;;;;;16;-11;10;;;
;;528;banker;taurus;;400;25;You say the stars predict earthquakes? Sounds crazy, but I'll get insurance for the palace, if you insist.;;<i>Seismic events cause your most expensive pillars to collapse!</i>;-8;8;8;-15;;;<i>Seismic events cause your most expensive pillars to collapse!</i>;8;-8;-20;-40;;;
;;529;explorer;sagittarius;!explorers;50;80;I want to build an Exploration Society in the capital, with the Queen's favor. ;;;-16;;10;-15;explorers;;;7;16;;3;;;
;;530;explorer;;explorers and has_cossack;400;20;The Exploration Society now has 200 fine men. It's time for us to request a new investment!;For what?;;;5;8;;>;;;12;8;-12;;;;
;_;531;explorer;;;;;The Exploration Society is a secret club for men only. So I can't tell even the Queen what we do with the funds.;Fine;;-8;-15;8;-27;;Executioner!;;5;30;-16;8;del_explorer;;
;;532;explorer;;explorers;400;20;The Exploration Society will now adventure into the city! We'll need some pocket money for sweets...;Fine;;-8;;8;-14;;What kind of club is this;;8;8;-10;16;;;
;;533;handmaid;;explorers;400;20;We ladies have had enough of the Explorers Society. These guys are the worst! Please exile them.;I will;;10;16;-10;8;!explorers;It's Exploration Society;;-10;-16;-19;-8;;;
;;571;explorer;;explorers and has_cossack;400;20;The Exploration Society would like to dedicate its Hall of Wonder to our great Queen!;Let me see it;;5;10;10;-5;>;;;;-10;-10;;;;
;_;572;explorer;;;;;Ah, I'm afraid not, Your Highness. Only men may enter the Explorers Society Hall of Wonder.;I insist;<i>You go anyway. There is nothing wondrous about it, of course.</i>;-8;;12;;;Executioner!;;10;30;-16;8;del_explorer;;
;;534;archbishop;gemini;has_king;400;25;Your frivolous endeavors will be our ruin! Encourage the King to appoint me Prime Minister, for the people's sake!;;;27;-18;8;;;;;-15;10;-8;;;;
;;535;king;gemini;;400;25;I funded a petty lord's import business and now he's ruined it all. That idiot! I'm off to duel him!;Get him babe;<i>The King gets a minor injury, forcing you to attend him all week.</i>;-15;-15;-15;-14;;You're drunk;;;16;-18;;;;
;;536;priestess;gemini;;400;25;The stars look kindly on your communication in these times. Write to your family about the All-Mother?;;;-12;;8;;>>>>>;;;16;;-10;;;;
;_;537;nun;;;6;50;The Cardinal intercepted the letter you wrote. It was full of obscene and heathenous things. Explain yourself!;It was art;;-19;;10;;;Executioner!;;-17;20;;;del_nun;;
;_;538;father;;;6;50;Got your letter about this "All-Mother." Hmm... I like women who are in charge! Can I ask her to bless your court?;Thanks, Dad;;-8;;10;;;No;;;;-18;;;;
;;539;chamberlain;gemini;;400;25;Some old royal cousin thinks he has a claim to the throne. What would it be like to be married to someone different?;Better;;-10;-20;-9;;;They're all the same;;10;10;12;;;;
;;828;monument;gemini;!philocentre;400;40;The stars are finally in perfect alignment. It's time to establish a center for philosophy and enlightenment in this kingdom!;I'll fund it!;;-5;5;15;-28;philocentre;Good luck with that;;;11;-17;;;;
;;1311;dog;gemini;secretlanguage3;400;40;Bork! Borkborkbork! ;What is it?;<i>A rolled message is pinned to the dog's collar!</i>;;;;;>;Shoo!;;;;;;;animals;
;_;1312;dog;gemini;;;;<i>The message says:</i> SRIUMO MO BOSOEMXR RSGFORMO!;;;;;;;;;;;;;;;;
;;829;farmer;;philocentre;400;5;That philosophy-place had a spooky look, so me and my folks bashed it down with some pitchforks! We saved you!;Oh...;;8;-17;5;-14;!philocentre;Executioner!;;-24;-35;-30;-15;!philocentre;;
;;540;archbishop;cancer;;400;25;Lately the moon has been especially bright, like a pearl on the throat of a lady. I don't like it.;I do;;-16;5;19;;;I'll buy you curtains ;;9;-16;-5;-16;;;
;;541;priestess;cancer;;400;25;You are blessed to be Queen in the Age of Cancer. Shall we do one of the All-Mother's divine rites together?;;<i>Bowls, smoke, mushrooms, wine, it's all a blur...</i>;-19;;18;;>>_riteresult;;;16;;-18;;;;
;;874;chamberlain;cancer;prince_reign;200;25;A letter from your son arrived, Your Highness! His training is going well, and he wants you to send him sword money.;;;;;;-16;;;<i>Not while he only writes when he wants something! Hmph!</i>;;;;10;;;
;;875;chamberlain;cancer;daughter_reign and !has_princess;200;50;We've gotten a letter from your daughter! She wants to know if you can send her money for sweets.;;;;;;-16;;;<i>She can't just write when she wants something!</i>;;;;10;;;
;_riteresult;542;priestess;cancer;;6;50;How do you feel? The rite was a success. The mysterious divine feminine will bring harmony to your court!;Wonderful!;;-15;10;-15;10;;My head hurts;;15;-10;15;-10;;;
;_riteresult;543;archbishop;cancer;;6;50;The Queen in a smock, surrounded by pagan symbols?! What is this outrageous blasphemy!;Oops;<i><priestess> blames <archbishop> for the ritual's lack of effect.</i>;-30;;-10;;;Join in!;<i><priestess> blames <archbishop> for the ritual's lack of effect.</i>;-38;;10;;;;
;;544;hunter;cancer;;400;25;Please let me try to win you the pelt of the rare white doe. She is a creature of legend!;;;;;-16;-15;>_doeresult;;;;;16;16;;;
;_doeresult;545;priestess;cancer;;6;50;The white doe is a magical form taken by the Lady of the Wood! You've offended the All-Mother!;Oops;;10;10;-5;;;Lighten up;;10;10;-10;;;;
;_doeresult;546;hunter;cancer;;6;50;Forgive me. I met the white doe, but she was no ordinary animal. She commanded me to leave her!;I see;;-10;;20;;;Idiot;;-5;;-15;;;;
;;547;merchant;cancer;;400;25;I have a bolt of rare, one-of-a-kind golden linen to sell you. No other woman will be your equal!;Gimme;;-10;;18;-19;>>>>;No thanks;;10;;-12;8;;;
;_;548;handmaid;cancer;;;;Look! We used the leftover golden linen to make our own dresses. Now we all look like the Queen!;But...;;;-16;10;-10;;Destroy those dresses!;;;17;-20;-5;;;
;;693;handmaid;cancer;;400;25;I'm having one of those days where I can't stop crying! Oh Queen, please will you hug me?;Of course;;-5;;24;;;How unprofessional!;;8;10;-12;;;;
;;549;king;cancer;;400;25;I want to be a modern King, but don't you think there's a danger in women feeling too powerful?;There is...;;-6;6;16;;;Nahhhhh;;-15;16;17;;;;
;;550;nun;cancer;;400;25;It feels like the right time to build an orphanage. I know you and the Cardinal have issues, but it's for the children!;;;17;;9;-18;;;;-11;12;-18;;;;
;;551;priestess;cancer;;400;25;My daughter wants to go to school in the East, but my people do without money. Please...;;;;;12;-14;;;;;16;-8;2;;;
;;552;doctor;cancer;;400;25;Let's fund some breakthroughs in women's health! Anything has to be better than these creepy old tools...;;;-17;;12;-12;;;;10;;-16;8;;;
;;554;king;leo;has_doctor;400;80;Just watching tournaments is dull. Don't you think I should compete as a hero? Enguarde!;;;;12;;;>>_tournament;;;;-22;;;;;
;_tournament;555;doctor;;;6;50;The King got mauled wrestling wild animals to impress the gentry. Take his appointments, or wait?;I got this ;;5;10;17;;;Let's wait;;-5;-17;4;;;;
;_tournament;765;doctor;;;6;90;Your highness... the King tragically succumbed to his battle wounds. He is dead! You must succeed the throne.;YES;<i>You take control of the kingdom days later, resplendent in a priceless gown.</i>;-10;-15;-5;-14;del_king;Let us mourn;<i>You wear a traditional widow's garment and receive gifts.</i>;5;8;-10;15;del_king;mus_king;
;_tournament;556;handmaid;;;6;50;Unbelievable! The King won his own tournament! Let's make a grand tapestry of him, with gold thread!;Sure;;;10;10;-19;;Do we have to;;;-16;4;10;;;
;;557;king;leo;;400;25;How to put this... the Cardinal wants you to go to finishing school.;Why?!;;-8;8;;;>;No;;-18;-17;;;;;
;_;558;king;;;;;He showed me a lot of pictures of these really sleek queens, with big gold haloes... don't you want to be like that?;I guess;;17;;-12;-17;;Executioner!;Silly girl, <i>he laughs</i>, you tell such cute jokes!;-1;-1;-1;-1;;;
;;559;merchant;leo;;400;25;Just look at this funny, small crown! Pop it on the side of your head and be a trendsetter?;Yeah!;<i>Your cute pincushion crown is the envy of all the land!</i>;;-8;18;-13;;Big crowns only;;;12;-16;8;;;
;;573;general;leo;;400;25;I long to prove my strength and loyalty. Let's have a battle tournament, in the Queen's honor!;;;;;20;-25;;;;;;-19;10;;;
;;574;nun;virgo;;400;25;Ladies here read all the wrong books. Will you buy a holy book from me, one for each of your maids?;Okay;;18;-10;;-15;>_virgobook;Why should I?;;-20;8;;8;;;
;_virgobook;575;handmaid;virgo;;5;50;I read one of those holy books, and it made me think. I've decided to join the church!;Good luck;<i><handmaid> becomes a nun! But all the nuns look the same to you...</i>;8;;12;;del_handmaid;What?! ;<i><handmaid> becomes a nun! But all the nuns look the same to you...</i>;-8;;-12;;del_handmaid;;
;_virgobook;576;handmaid;virgo;;5;50;What was that book with the cross on it? I practiced my artwork on every page. Want to see?;Sure;;-8;;8;;>;Hide it!;<i>You could get in big trouble with the Cardinal for letting her do this!</i>;10;;-18;;;;
;_;577;archbishop;virgo;;;;Defiling a holy book?! She must have a trial! That is, unless you offer gold...;Fine;;16;-8;;-25;;No way;<i><handmaid>'s blasphemy trial is mostly a formality.</i>;-20;10;-16;;del_handmaid;;
;;578;banker;virgo;;400;25;Tax collecting time, that wondrous season, is upon us! What shall we do this year, Your Highness?;Raise taxes!;;8;8;-8;25;;Lower taxes! ;;-8;-8;8;-25;;;
;;579;banker;virgo;patron;400;100;Let's look at your patronage budget for the year. How many sculptures of traditional marble should we sponsor?;Twenty two;;;-10;10;-15;;A hundred!;;-5;15;-5;-24;>>>;;
;_;580;chamberlain;virgo;;;;How on earth are we to display all the sculptures you sponsored?;Open a museum;<i>Her Majesty's Royal Marble Animal Museum is a huge success.</i>;;;18;-14;;Find a way!;<i>The royal rose garden is now a reckless pile of bizarre marble animals.</i>;;-18;;16;;;
;;581;banker;virgo;;400;25;Should we put a share of tax revenues toward the royal holiday feast? Ooh, I love taxes!;Yes, me too!;;;16;-9;-20;;Calm down;;;-10;17;8;;;
;;582;archbishop;virgo;;400;25;This accounting season, keep the Church in mind, and you will keep in heaven's good books. ;Fine, we'll pay;;15;-10;-10;12;;Not this year!;;-18;12;12;10;churchwar;;
;;830;monument;virgo;explorers and !wonderhall;50;40;The Exploration Society now has a world-class collection of priceless artifacts, all in the Queen's name!;Let's build a museum!;;;;;-15;wonderhall;Who wants that?!;;;-5;-5;;;;
;;831;explorer;;wonderhall;400;6;My Hall of Wonder! It's been destroyed by raiders! Everything is gone. How will we ever restore it?;<i>Sigh</i>;<i>Perhaps under the sign of wealth, he could replace his collection.</i>;;;;-22;!wonderhall;No more money!;<i>Perhaps under the sign of wealth, he could replace his collection.</i>;;25;-16;;;;
;;583;priestess;libra;;250;25;Shall I perform a rite to invite love into your grand court? It's the Libran age, anything could happen!;Sounds fun;;;;;;>_loveresult;Better not;;18;;-10;;;;
;_loveresult;585;king;libra;;10;5;I feel so vigorous and refreshed somehow. It seems I love you more than ever! Let's renew our vows!;Sure;<i>Not what you had in mind for <priestess>'s rite, but oddly sweet.</i>;5;5;5;-10;;Oh, no;<i>This wasn't the outcome you had in mind for <priestess>'s rite.</i>;-5;-5;-5;;;;
;_loveresult;671;doctor;libra;;10;2;I fell for a merchant who shares my interest in celestial clocks and machines. But the Cardinal would punish us...;Keep it secret!;;-12;;8;;;Avoid her;;12;;-19;;;;
;_loveresult;691;hunter;libra;has_king;10;5;I'm not sure why I suddenly thought of this, but... do you think the King and I could be... more than friends?;None of my business;<i>Not what you were expecting from <priestess>'s rite, but hey, let them live!</i>;-19;-11;12;;;That's my husband!;;15;8;-17;;;;
;;586;handmaid;libra;!romance_reign;400;35;I find accountants really cute. I think it's the whole money thing. Can you introduce me to one?;I'll try ;I'll wait in the chamber with the rose-carved door! <i>she says, thrilled.</i>;;;10;;>>>;;;;11;-28;;;;
;_;588;banker;;;;;You said someone wanted to meet me, Your Highness? Through which door?;The cherry door;Sending me into the Cardinal's chamber was a cruel prank, <i>he wails.</i>;2;;;;;The rose door;<i>Gossip of love blooming in your court begins to spread!</i>;;;2;;romance_reign;;
;;589;banker;;romance_reign;400;70;So first, she was... you know. And then, but she! I don't get why she... please, Lady, what do I do?;Buy her something;;;;8;-4;;Be more articulate;;;-11;8;;;;
;;590;handmaid;;romance_reign;400;60;I don't know. He said what he thought I wanted to hear, but then it was still really weird. What do you think?;Stop worrying;;-8;;10;;;Confront him;;;-8;-10;;;;
;;591;banker;;romance_reign;400;60;I thought the date was going well, but then for some reason she was quiet. What did I do, wise Queen?;Nothing!;;;6;;;;Were you shy?;;-3;;-3;;;;
;;592;handmaid;;romance_reign;400;60;Ah! It's just going so well with him right now, I'm kind of afraid, you know, so what is your advice, dear Queen?;Be brave;;5;8;-7;;;Who are we talking about?;;;;3;;;;
;;593;banker;;romance_reign;400;60;I feel like she's all I think about. I can barely focus. If I can't get her to understand my feelings, well...;Give it a rest!;;2;4;;3;;Write her a note;;3;;-5;;;;
;;594;handmaid;;romance_reign;400;70;I think I love him, but a lot of issues from my last relationship are coming up and I... Oh Queen, what do I do?;Open your heart;;;-5;6;;;Wait, who?;;-3;7;-3;-3;;;
;;595;king;;romance_reign;400;60;I just don't like your handmaid being with my banker. No reason, I just don't! What do you think we should do?;Let them be!;;-12;-8;10;;;Split them up;<i>They're sad for a bit, but at least they get back to work!</i>;;17;-12;9;!romance_reign;;
;;596;doctor;libra;;400;15;I've come up with a crystal healing remedy for you. It's not cheap, but it's powerful!;I'll try it!;;-16;;10;-20;>;No thanks;;11;;-13;5;;;
;_;597;doctor;libra;;;;There! Now the crystals are healed. They can attract even more moon energy now...;Nice!;;-8;-10;5;;;The healing was for me!;;-6;8;-9;;;;
;;598;merchant;sagittarius;;400;35;There's a new, rare fabric made from glow-worm silks. Send me to travel East and learn how it's made?;Go ahead;;;;10;-14;>>_wormsilk;Not interested;;;;-16;5;;;
;_wormsilk;599;merchant;sagittarius;;400;50;I got lost in the mountains and had to turn back. Bad stars, Lady. Let's try again another year.;Okay;;-7;-6;9;-11;;Pay me back!;;;17;-12;19;;;
;_wormsilk;600;merchant;sagittarius;;10;100;I'm back with the rare fabric, made from emperor moth silks. Impressed?;Oh wow;<i>It's studded with strange pearls.</i>;;-16;10;-13;>;It's, uh...;<i>It's studded with strange pearls.</i>;;10;-19;-10;>;;
;_;601;king;;;;;Um... dear, is that a new dress? It's certainly a little odd. I mean, you're not odd, you look nice in it, kind of!;It's couture!;;-8;;12;;>;What's odd about it?;;;-10;-12;;>;;
;_;602;king;;;;;It's, um... What is it made of? There are weird things growing from it. It's gross... not that you're gross...;Merchant!;;2;10;-8;10;>;Those are pearls!;<i>In fact, they are bug eggs. Your next garden party creates quite the infestation!</i>;-10;-10;-19;-10;;;
;_;603;merchant;;;;;My Queen! I guess there was a problem with the fabric. I got sold the wrong thing! Please don't blame me!;It was funny!;<i>You burn the dress. Tiny insect voices cry out from the flames...</i>;;-14;10;;;You wear it!;<i><merchant> is forced to wear your bug-infested dress while it hatches.</i>;5;13;-15;;;;
;;604;explorer;sagittarius;;400;25;The stars are in perfect alignment for another one of my great expeditions! Will you be my patron, good Queen?;;;;;8;-14;>>>>;;;;;-11;8;;;
;_;605;explorer;sagittarius;;;;I made a discovery! An island of beautiful women who brew wonderful ale! Shall I go back and bring you some casks?;I'll come along!;I cannot allow it, <i>he says gallantly.</i> My crew of men is too uncouth!;-15;8;5;;;Stay here;<i><explorer> tries to hide his disappointment, but doesn't manage it.</i>;8;;-16;10;;;
;;606;explorer;sagittarius;explorers;400;25;The Exploration Society needs to expand its Hall of Wonder, to fit more glorious treasures. I beg the Queen's favor!;As long as they're for me;;;-5;10;-16;;Get a real job;;;11;-9;12;;;
;;607;handmaid;sagittarius;!riverboat and pistol and age>3;60;70;My sister serves a princess who rides a grand riverboat. Wouldn't you like one? We'd have such fun...;Yeah!;;-5;;10;;>;Not really;;5;;-18;;;;
;_;608;banker;;;;;A royal riverboat? It's quite an expense... how shall I find the coin to fund it, Your Highness?;What are the options?;;;;;;>_riverboat;Nevermind;;;;-10;;;;
;_riverboat;609;banker;;;3;10;We could always cut the welfare ration. The people won't like it, but...;Do it;;;8;-19;-10;riverboat;What else? ;;;;;;>_riverboat;;
;_riverboat;610;banker;;;3;10;We could ask the gentry to buy it, as a tribute to you. You'd just have to invite them all on a cruise.;Do it;;;-11;18;-14;riverboat;What else? ;;;;;;>_riverboat;;
;_riverboat;611;banker;;;3;10;I dare not speak too loud, but the Church's portion can be sneakily skimmed...;Do it;;-18;;15;-11;riverboat;What else? ;;;;;;>_riverboat;;
;_riverboat;612;banker;;economy<30;;3;Forgive me, Queen, but your court is hardly the richest. Perhaps let us buy you a boat some other time?;Sure;;;-11;;6;;No! Now!;;;11;;-100;riverboat;;
;;613;general;capricorn ;;400;25;It's times of peace when we must begin planning for future military action. What is the Queen's wish?;Practice exercises;;;12;;;;Fortify the walls;;;;;-13;;;
;;614;general;capricorn ;;400;25;The mines are open again, that we may have ore for our gear. Will you make a prayer for the dig site this year?;Yes;;10;8;;;>_miningore;Not now;;-13;-10;;;;;
;_miningore;615;farmer;capricorn ;;400;5;The mineworks collapsed! O, dark day! A pagan god has cursed this throne! Could I have some money?;;;;;17;-19;;;;;22;-16;;;;
;_miningore;616;priestess;capricorn ;;100;5;A vein of rare, precious iron was found in the royal mine. Truly the All-Mother has heard your prayers!;I'm rich!;;;-18;-8;30;;We're rich!;;;10;10;19;;;
zodiac;;1377;priestess;;advancedclock;300;80;The events of this world are all controlled by the stars, my Queen. Do you know about astrology?;Tell me;;-8;;8;;>;Oh boy;;6;;-7;;>;;
zodiac;_;1378;priestess;;;;;Some events can only occur when the sign is right. Take note of the sign under which you were born.;What's my sign?;;;;;;>_whatsign;I will;;;;;;;;
zodiac;;1379;priestess;;advancedclock;400;45;That's such a beautiful star clock! If ever you want to know your horoscope, show it to me.;;;;;;;;;;;;-10;;;;
inventory;play_advancedclock;638;priestess;;see_priestess;;;Ah... a star clock crafted from blessed metals! If you use this at a sacred astrological site, you may change your destiny...;What's my sign?;;;;;-14;>_whatsign;What sacred site?;Where the ancient stones once lay, a King built a garden maze, <i>she says.</i>;;;;;;mus_wheel;
zodiac;_whatsign;618;wheel;aquarius;;;max;You were born under the sign of Aquarius, the sign of concord and alliance. Trust will bring you far.;;;10;10;;10;;I don't trust you;;-3;-3;-3;-3;;;
zodiac;_whatsign;619;wheel;pisces;;;max;You are of Pisces, whose torrential rains symbolize both boundless nurturing and great destruction.;I want a hug;;-5;5;-10;;;Let's build a dam!;;;10;10;-15;;;
zodiac;_whatsign;620;wheel;aries;;;max;The stars tell me your age is Aries, a time when the wars of man ring out across the land.;Our armies are ready;;-5;10;-5;;;It'll be fine;;;-10;;;;;
zodiac;_whatsign;621;wheel;cancer;;;max;Lucky Queen, yours is the age of Cancer, sacred to the All-Mother. Mysteries of the magical divine can be yours!;Praise the All-Mother!;;-5;-5;10;;;I'd rather stress eat;;15;;-10;;;;
zodiac;_whatsign;622;wheel;taurus;;;max;You were born in the time of Taurus, when the energy of life shakes the earth and all its creatures.;Let's get lit;;-10;;5;;;Earthquakes?;;;5;;-10;;;
zodiac;_whatsign;623;wheel;leo;;;max;You were born under the sign of Leo, which means yours is an age of heroes -- and ego, too.;My time to shine;;4;-15;4;;;There are no heroes;;-10;5;5;;;;
zodiac;_whatsign;624;wheel;gemini;;;max;As Queen of the Gemini age, you will meet opportunities and challenges in partnerships and communication.;I believe in diplomacy;;;5;6;10;;I love to talk!;;-13;;;;;;
zodiac;_whatsign;625;wheel;virgo;;;max;The age of Virgo is a boon to your finances, as well as to your self-control. You will strive for grace and order in this life.;;;4;6;4;5;;Or I could just chill;;-5;;8;-15;;;
zodiac;_whatsign;626;wheel;libra;;;max;Your sign is Libra, which means beauty and love come to you naturally. But take care to maintain harmony.;It's soooo me;;5;5;5;;;Is any of this true?;;-5;-10;10;5;;;
zodiac;_whatsign;627;wheel;scorpio;;;max;As a Scorpio queen, you will see your relationships and loyalties tested, and turbulent storms abound.;Let's get messy;;-5;;5;8;;I don't like drama;;2;-10;-6;-5;;;
zodiac;_whatsign;628;wheel;sagittarius;;;max;Yours is the sign of Sagittarius, which means travel and discovery. You will see many adventures in your time.;I love adventure!;;-10;10;10;;;But I'm a homebody;;;-5;-5;-5;;;
zodiac;_whatsign;629;wheel;capricorn;;;max;Under the sign of Capricorn, you will be a builder of great structures. You will also see many fall.;I'm a builder;;5;5;5;5;;I'm a destroyer!;;-5;-5;-5;-5;;;
;_clockreveal;687;priestess;;;del;;I can read your stars at any time, my Queen. Just show me your mystical clock.;Thank you;;;;5;;;Waste of time;;9;;-15;;;;
zodiac;;630;chamberlain;aries;!has_general;del;50;Your Highness, a poor supplicant is here, asking for an audience with the Queen.;Send him in ;;;;;;>;I'm napping;;;;;;;;
;_;631;farmer;;;;;M-Majesty! The army has been racing its horses in my field, and now my crops are trampled...;General!;;;;;;add_general and >;So what?;<i>You dismiss the farmer. That much noise is not your thing.</i>;-8;12;-10;;;;
;_;632;general;;;;;It's an honor to be received, my Queen. I am not proud of the actions of my men.;You should apologize!;<i><general> makes a bow to the farmer. Seems good enough for him.</i>;7;5;8;;>;I'll pay the farmer;<i>You probably didn't need to go that far. He only lost a few radishes.</i>;;-14;12;-&8;>;;
;_;633;general;;;;;You are as wise as they say. I would be pleased to consult your expertise in future matters.;Sure!;;;14;;;;I have to do more work?;;;-12;;;;;
;play_blankspellbook;1386;doctor;;see_doctor and !clock;;10;It looks like it could be a magic book! If there were something in it, that is. Hey, do you like magic junk?;;;;;;;>;;;;;;;;;
inventory;;634;doctor;;!clock and dynasty>7;40;50;I found this weird old clock in my lab. Look at these star-shaped gears... I think it's Western! Would you like to have it?;Thank you;;-8;;5;5;clock;I don't want your junk;;12;-5;-5;;;;
;play_pistol;1385;merchant;;!has_owl and see_merchant;;100;Hey, a pistol! You want me to see if I can repair your duel room? I don't duel myself, mind.;;<i>With the owl repaired, the royal duel chamber is now back in business!</i>;-5;12;10;-10;add_owl;;;;-10;-10;;;;
inventory;;635;merchant;;!has_owl and dynasty>6;50;50;I saw a broken mechanical owl in the corner of your duel room. Want me to fix it up? I love that type of thing!;;<i>With the owl repaired, the royal duel chamber is now back in business!</i>;-5;12;10;-10;add_owl;;;;-10;-10;;;;
inventory;;636;merchant;;clock and dynasty>6;60;50;Oh, this little star clock is really cute! I love gadgets. Can I have a look?;What are you doing?;;;5;5;-5;;Don't touch that!;;;-7;-5;;;;
inventory;play_clock;637;merchant;;see_merchant and clock;;;Wow, this is a really unusual piece. You know it's broken though, right? Want me to fix it?;Please;;-15;-5;10;-10;advancedclock and mus_wheel;Another time;;;;-8;;;;
;_misplayed;660;king;;;3;1000;Why are you throwing items around for no reason? What are you trying to achieve?;I'm doing art;;-8;-8;-8;-8;>previous;Never mind;;-8;-8;-8;-8;>previous;;
;_misplayed;1331;mother;;see_mother and !end_game;;max;Dear child, you will never need to do such things with me. I promise.;;;;;;;>previous;;;;;;;>previous;;
;_misplayed;672;maze>cancer;;see_maze;;max;<i>Nothing happens, except you seem to be lost again!</i>;<i>Go left</i>;;;;;;>_maze;<i>Go right</i>;;;;;;>_maze;;
;_misplayed;661;archbishop;;;3;1000;You cannot simply manipulate this court with any old object you have in your bag.;I do as I like!;;-16;-16;-16;-16;>previous;Sorry;;-15;-16;-16;-16;>previous;;
;_misplayed;1154;witch;;;3;666;That item doesn't work there. Hey! Didn't I sound professional there?;Go away!;;-10;-10;-10;-10;>previous;Thanks;;10;10;10;10;>previous;;
;_misplayed;662;end>head_cut;;;3;100;<i>The court will never forget the mad queen who threw random items around for no reason.</i>;;;;;;;;;;;;;;;;
;play_advancedclock;1125;fox;;has_maze and see_fox;;10;<i>The fox seems interested in your clock! It looks poised to lead you outside...</i>;<i>Follow</i>;<i>You follow the fox to the garden maze, where he promptly vanishes.</i>;;;;;>_maze and !nb_sun and mus_maze;Never mind;;;;;;;;
;play_advancedclock;1126;cat;;has_maze and see_cat;;10;<i>The cat gives your clock an oddly knowing look. It seems to want you to follow.</i>;<i>Follow</i>;<i>The cat leads you to the garden maze, where you lose track of it.</i>;;;;;>_maze and !nb_sun and mus_maze;Never mind;;;;;;;;
;play_advancedclock;1155;perle;;has_maze and see_perle;;10;<i>The cat looks suspiciously at the clock, then grudgingly gets up and trudges away.</i>;<i>Follow</i>;<i>The cat leads you to the garden maze, where you lose track of it.</i>;;;;;>_maze and !nb_sun and mus_maze;Never mind;;;;;;;;
;play_advancedclock;1156;dog;;has_maze and see_dog;;10;<i>The dog's tail begins to wag at the sight of the clock, and he bounds off towards the garden maze!</i>;<i>Follow</i>;<i>When you enter the maze, there's no more sign of the dog!</i>;;;;;>_maze and !nb_sun and mus_maze;Never mind;;;;;;;;
;play_advancedclock;1157;cow;;has_maze and see_cow;;10;<i>The royal cow moos sagely and jingles her bell in the direction of the garden...</i>;<i>Follow</i>;<i>You follow the royal cow's pointing nose until you find yourself in the garden maze!</i>;;;;;>_maze and !nb_sun and mus_maze;;;;;;;;;
;;673;king;;!has_maze and age>5;60;1000;It's my birthday! You will throw me a party in the royal gardens, won't you, dear?;;<i>You invite the entire court to a gala in your palace setpiece: a garden maze!</i>;;;;;add_maze and >;;;;;;;;;
;;692;king;;has_maze;50;30;What a splendid day! Let's all run into the maze and chase one another in a spirit of innocent mischief! ;Let's go!;;;;;;> and !nb_sun and mus_maze;Let's not;<i>You sulk on the patio til sundown, while the guests enjoy the maze.</i>;;;;;;;
;_;674;maze>aquarius;;;;;<i>You quickly lose your way in the labyrinth. The laughter of the party grows very far away.</i>;<i>Go forward</i>;;;;;;>_maze and !nb_sun;<i>Go right</i>;;;;;;>_maze and nb_sun+;;
;_maze;675;maze>aquarius;;;9;10;<i>Nothing here but butterflies, dancing languidly in a cool breeze.</i>;<i>Go forward</i>;;;;;;>_maze and !nb_sun;<i>Go right</i>;;;;;;>_maze and !nb_sun;;
;_maze;676;maze>cancer;;;9;10;<i>You can hear grasshoppers buzzing in the hedges. It makes you feel nostalgic.</i>;<i>Go left</i>;;;;;;>_maze and nb_sun+;<i>Go forward</i>;;;;;;>_wishingwell and !nb_sun;;
;_maze;677;maze>aries;;;9;10;<i>It feels like you're far from the noise of palace life, now.</i>;<i>Go left</i>;;;;;;>_maze;<i>Go right</i>;;;;;;>_maze;;
;_maze;678;maze>gemini;;;9;10;<i>Guests are laughing and rustling nearby, but you can't tell where.</i>;<i>Go left</i>;;;;;;>_maze;<i>Go right</i>;;;;;;>_maze;;
;_maze;679;maze>libra;;;9;10;<i>Spilled wine and trampled flowers litter this path.</i>;<i>Sit</i>;<i>You sit for a moment in the warm, quiet garden before moving on.</i>;;;;;>_maze;<i>Go back</i>;;;;;;>_maze;;
;_maze;680;maze>sagittarius;;;9;10;<i>You can no longer see the towers of the palace. The air is filled with a honeysuckle scent.</i>;<i>Go forward</i>;;;;;;>_maze and !nb_sun;<i>Go right</i>;;;;;;>_maze and nb_sun+;;
;_maze;681;maze>scorpio;;;9;10;<i>A lady's veil blows past, but you can't see or hear anyone.</i>;<i>Go forward</i>;;;;;;>_maze and nb_sun+;<i>Go back</i>;;;;;;>_maze and !nb_sun;;
;_maze;732;chamberlain>inthemaze;;;12;10;Ah, there you are, my Queen! Were you lost? Allow me to escort you back to the palace.;;;;;;;mus_stop;I'll stay here ;;;;;;>_maze;;
;_maze;682;maze>taurus;;;9;10;<i>A tiny starling explodes into flight as you round the corner, but otherwise the air is still.</i>;<i>Go left</i>;;;;;;>_wishingwell and !nb_sun;<i>Go right</i>;;;;;;>_maze and nb_sun+;;
;_maze;683;maze>virgo;;;9;10;<i>All the hedges are manicured to precision. This path looks the same as the others.</i>;<i>Go left</i>;;;;;;>_maze and nb_sun+;<i>Go right</i>;;;;;;>_maze and !nb_sun;;
;_maze;1391;maze>capricorn;;;9;10;<i>The scent of dense greenery colors the breeze. It's hard to tell which direction you're facing.</i>;<i>Go left</i>;;;;;;>_maze and !nb_sun;<i>Go right</i>;;;;;;>_maze and nb_sun++;;
;_maze;1392;maze>pisces;;;9;10;<i>The long shadows of the hedges make unsettling shapes on the ground. You call out, but nobody answers.</i>;<i>Go left</i>;;;;;;>_maze and nb_sun+;<i>Go forward</i>;;;;;;>_wishingwell and !nb_sun;;
;_maze;1393;maze>leo;;;9;10;<i>The warm sun stirs a drowsy feeling in you. It feels like someone has just come through here.</i>;<i>Sit</i>;<i>You gather your skirts around the cool stone bench and rest briefly.</i>;;;;;>_maze;<i>Go back</i>;;;;;;>_maze;;
;_maze;684;maze>eclipse0;;nb_sun>5;;max;<i>An unfamiliar monument huddles in the heart of the maze. Some text is chiseled into it.</i>;<i>Read</i>;It says, <i>To weave a cloak of shadow for the sun, present the timepiece of ages.</i>;;;;;>_maze;<i>Go back</i>;;;;;;>_maze and !nb_sun;;
;play_advancedclock;1127;maze>eclipse1;;> and nb_sun>5;2;max;<i>A pitch-black shadow erases the sun itself! An eerie halo hangs in the black sky!</i>;Mother?!;;;;;;>_maze_eclipse and !nb_sun;<i>Panic!</i>;;;;;;>_maze_eclipse and !nb_sun;eclipse_reign and mus_stop;
eclipse;_maze_eclipse;1128;maze>night1;;;9;10;<i>Silence.</i>;<i>Go left</i>;;-10;-10;-10;-10;>;<i>Go forward</i>;;-10;-10;-10;-10;>;;
eclipse;_;1129;maze>night5;;;9;10;<i>Hounds are baying madly from far away. You smell smoke.</i>;<i>Go left</i>;;-10;-10;-10;-10;>;<i>Go right</i>;;-10;-10;-10;-10;>;mus_cow;
eclipse;_;1130;maze>night3;;;9;10;<i>From the other side of the hedge, a voice rises in a wail, then breaks off in a sob.</i>;<i>Go forward</i>;;-10;-10;-10;-10;>;<i>Go right</i>;;-10;-10;-10;-10;>;;
eclipse;_;1131;maze>night4;;;9;10;<i>Someone is screaming nearby. It's hard to be sure who.</i>;<i>Follow the voice</i>;<i>Although the sound dies down, you soon stumble out of the maze!</i>;20;20;20;20;;<i>Go back</i>;;20;20;20;20;>_maze_eclipse;;
eclipse;;1158;nun;;eclipse_reign;40;600;The sun has vanished! Oh, can it be the devil? Has... has God forgotten me? Has all my life been wrong?;Yesssss!;;-22;18;19;;>pickone;No, it's okay;;17;-17;17;;>pickone;;
eclipse;;1159;general;;eclipse_reign;40;600;Everyone, remain calm! The sun cannot simply disappear, can it...? Oh Queen, what should the army do?;Keep order;;10;18;-10;-17;;Guard me;;-10;-25;15;-10;;;
eclipse;;1191;doctor;;eclipse_reign;40;600;At last, my research on the eclipse can proceed! How should I watch the eclipse?!;Pinholes;;-6;;12;-9;>pickone;Look directly;;8;8;;9;>pickone;;
eclipse;;1160;king;;eclipse_reign;40;600;The sun is gone! It's the end of the world! I don't know what you did, but I know it was you! ;You're next!;;-19;15;19;5;;It's just nature!;;12;-6;-16;10;;;
eclipse;;1161;priestess;;eclipse_reign;40;600;The Forever Queen must find the Crown of the All-Mother in the time of the black sun! It's the prophecy!;How?;The All-Mother can only be found in the beyond, <i>she cries</i>!;-16;;18;;;Calm down;;16;;-15;;;;
eclipse;;1162;witch;;eclipse_reign and !sacredtablet;40;800;A secret Russian UFO is hacking into the White House! Everybody run!!!!;A what?;;3;3;3;3;>;Where?!;;-3;-3;-3;3;>;;
eclipse;_;1192;witch;;;;;Ha ha! Oh, I was joking. It's hilarious watching everybody freak out about the solar eclipse.;Help me!;;;;;;>_relictoplay;I love the History Channel;;;;;;;;
eclipse;_relictoplay;1193;witch;;!enameledbone;;;You definitely need help, and I don't mean the eclipse. Here, give me your holy relic.;I don't have one!;;;;;;>;I don't need help!;;;;;;;;
;_;1313;witch;;;;;Oh, huh. Let's see what I can do, then... hold still! ;What's happening?;;100;;;;chickenbone and >sainttest;But the Church...;;100;;;;chickenbone and >sainttest;;
eclipse;_relictoplay;1394;witch;;enameledbone;;;You definitely need help, and I don't mean the eclipse. Here, give me your holy relic.;Why?;;;;;;;I don't need help!;;;;;;;;
eclipse;play_enameledbone;1194;witch;;see_witch and enameledbone;10;max;This tablet is like the modern version of a rosary. Look, I know this is weird, but just take it, okay? ;What about my bone!?;<i>This has the same power,</i> she says mysteriously, <i>pretty much.</i>;;;;;sacredtablet;What is this?!;<i>This has the same power,</i> she says mysteriously, <i>pretty much.</i>;;;;;sacredtablet;;
eclipse;;1195;merchant;;eclipse_reign;40;600;My Queen, please endorse these special eclipse souvenirs I made, with your portrait on 'em! We'll be rich!;Rich!;;-12;;-17;25;;Don't exploit people!;;5;;17;-5;;;
eclipse;;1163;explorer;;eclipse_reign;40;600;The sea is ink! The sun has become a star of devastation! Let us throw caution to the winds and love, my Queen!;Go away!;<i>You wouldn't date that guy even if the world was ending.</i>;10;-19;-20;14;;I guess;;-10;-10;19;-18;affair2_reign;;
eclipse;;1164;archbishop;;eclipse_reign;40;600;Whatever your beliefs, tell the people that God will soon end this eclipse! It will comfort them. Please.;All right;;18;-9;20;;>pickone;I won't say that;;-13;12;-17;;>pickone;;
eclipse;play_eclipsebook;1215;priestess;;see_priestess;10;max;The All-Mother herself has touched this!! The writing is ancient, but I can read "eclipse" and "monument...";;;;;;;;;;;;;;;;
eclipse;play_eclipsebook;1216;priestess;;see_priestess and eclipse_reign;10;max;The All-Mother told you to bring her this during an eclipse? Then you must find her!;How?;;;;;;>1207;Nah;;;;;;;;
eclipse;;1206;priestess;;eclipse_reign and eclipsebook;40;600;The prophecy says you must meet the All-Mother in the time of the black sun. But you cannot meet her in this world...;Oh well!;;;;;;;What do we do?;;;;;;>;;
eclipse;_;1207;priestess;;;;;I can send you to the beyond using a dark rite... it's forbidden, but are these not unusual circumstances?;Let's do it;<i>She gives you a strange drink. Your final hours are wracked with painful delusions.</i>;-100;-100;-100;-100;>_end_eclipse;Not ready;;;;;;;;
deaths;;1196;nun;;church=100 and eclipse_reign;;max;My prayers go unanswered. We are truly lost! Look out the window, my Queen, the people are in a fever!;What...;;;;;;>_end_eclipse;What...;;;;;;>_end_eclipse;;
deaths;;1197;nun;;church=0 and eclipse_reign;;max;The church is collapsing in the chaos of the eclipse! There is no safe place for the royal family, either!;What...;;;;;;>_end_eclipse;What...;;;;;;>_end_eclipse;;
deaths;;1198;anyone;;people=100 and eclipse_reign;;max;The people are wild with fear! The city is on fire, and sinister figures are approaching the palace!;What...;;;;;;>_end_eclipse;What...;;;;;;>_end_eclipse;;
deaths;;1199;priestess;;people=0 and eclipse_reign;;max;The sun has been gone for days now! Are you waiting for the All-Mother? Then let me send you to her!;What...;;;;;;>_end_eclipse;What...;;;;;;>_end_eclipse;;
deaths;;1200;anyone;;kingdom=100 and eclipse_reign;;max;The army is terrified of the eclipse! The men are all deserting, and there is panic on all sides!;What...;;;;;;>_end_eclipse;What...;;;;;;>_end_eclipse;;
deaths;;1201;anyone;;kingdom=0 and eclipse_reign;;max;The strong obey the weak, wild beasts roam, and we are helpless! This eclipse... your kingdom has truly fallen! ;What...;;;;;;>_end_eclipse;What...;;;;;;>_end_eclipse;;
deaths;;1208;anyone;;economy=100 and eclipse_reign;;max;The economy has collapsed amid this darkness! Even royal gold is worthless. Ha ha ha HA! We're completely free!;What...;;;;;;>_end_eclipse;What...;;;;;;>_end_eclipse;;
deaths;;1209;anyone;;economy=0 and eclipse_reign;;max;Looters have stolen everything from me in the dark! My Queen, please give me... oh! Wait, your treasury is empty too!;What...;;;;;;>_end_eclipse;What...;;;;;;>_end_eclipse;;
deaths;_end_eclipse;1205;end>eclipse;;;10;max;<i>You die under mysterious circumstances during the long eclipse. The stain left by your body is not as dark as the sky.</i>;;;;;;;;;;;;;;;;
;play_advancedclock;686;wheel;;see_maze and !eclipse_reign;2;100;<i>The sign emblem begins to glow. You feel the peculiar sensation of destiny changing.</i>;;;;;;;;;;;;;;;mus_wheel;
;_misplayed;1132;maze>night2;;see_maze and eclipse_reign;;max;<i>You're lost in the maze again!</i>;<i>Sit down</i>;<i>You sit for a minute, listen to the wind then try another path in the maze.</i>;;;;;>_maze_eclipse;<i>Go back</i>;;;;;;>_maze_eclipse;;
;_playsamesign;733;wheel;;!creditcard and meetwitch;;max;<i>The sign before you is your own. You start to feel a little strange...</i>;;;;;;;>;;;;;;;>;mus_wheel;
;_;1268;witch;;;del;max;Hey, you figured out how the maze works! But have you noticed anything weird about this app?;This what?;;;-5;;;>;You!;;;5;;;>;;
;_;1269;witch;;;del;max;There's a text limit, so I can't explain everything. But I promise to help you get out. Do you trust me?;;;;;;;creditcard and >;;;;;;;creditcard and >;;
;_;1270;witch;;;;max;You could've torched me, but you didn't. Or maybe you did, in a 'past life'! All we can do is stick together.;What is this?!;You can still use this the same way, <i>she says. Then she vanishes!</i>;;;;;;What about my clock?; You can still use this the same way, <i>she says. Then she vanishes!</i>;;;;;;;
onecard;;694;farmer;;;400;8;Agh! Deer have ravaged my crops. Please, merciful Queen, can I have a fence?;;;;-11;16;-14;;;;-8;10;-18;6;;;
onecard;;695;farmer;;;400;8;So sorry, Queen, but our farm's plumbing collapsed. Can we use the army's barracks to wash ourselves?;;;;-20;16;;;;;;17;-24;;;;
onecard;;696;farmer;;;400;8;Sadly, our local chapel is in disrepair. The Cardinal will be angry. Please give us money to restore it.;;;10;;15;-20;;;;-23;;-10;8;;;
onecard;;697;father;;;400;8;Now that you're Queen, you must reopen the spice roads to the West. The family is counting on you.;;;-5;10;15;25;;;;;-15;-5;-20;;;
onecard;;698;father;;;400;8;The Cardinal should at least make the prayer books available in many languages. Daughter, will you ask him?;;;-15;;16;-10;;;;5;-17;-10;;;;
onecard;;699;priestess;;;400;8;My people forbid the eating of meat except for ritual. I recommend you command this court to keep such a diet.;;;-10;-15;-5;;;;;8;5;;;;;
onecard;;700;priestess;;;400;8;The gentry's garish dancing balls disrupt my sacred rites. Please decree the sixth day a holiday of silence.;;;-11;-18;-8;;;;;10;10;20;;;;
onecard;;701;banker;;;400;8;Years of war ruined our savings. I recommend we sell our historical relics to foreign museums.;;;-25;-5;-12;30;;;;15;5;10;-16;;;
onecard;;702;banker;;;400;8;They'll resist it, but... if you put the injured soldiers to work making textiles, we'll save more on imports. ;;;-8;-35;8;20;;;;5;10;-5;-15;;;
onecard;;703;general;;;400;8;The cavalry commander is so old, but won't retire. Please, Queen, give him a medal and show him the door!;;;;20;-2;-5;;;;;-20;5;;;;
onecard;;704;general;;;400;8;A footman who served me well for years needs a bride. How about sending him your handmaid?;;;8;;18;;del_handmaid;;;-10;10;-16;;;;
onecard;;705;doctor;;;400;8;The Church forbids experiments on human bodies, but is it okay if they've been dead for a long time?;;;-25;5;-10;;>>>>bodycollect;How long?;;5;;12;;>>>>bodycollect;;
onecard;;706;doctor;;;400;8;Other researchers don't take me seriously. Please make a royal speech on the glorious virtues of science!;;;-20;8;8;;>>;;;19;-5;-6;;;;
onecard;_;884;archbishop;;;;;You can't let that madwoman shout 'sciences' from every window. Let me lecture in the palace on the godly life!;;;20;;-30;;;;;-10;;5;;;;
onecard;;707;king;;;400;8;It's hard to pick between family and diplomacy! My cousin is facing charges in the East. Should I bail him out?;;;;16;-17;-10;;;;10;-15;16;5;;;
onecard;;709;merchant;;;400;8;It would be easier to import goods if our maps were up to date. For my sake, hire a new cartographer?;;;-5;15;13;-5;;;;;;-17;10;;;
onecard;;710;merchant;;;400;8;Business has been really slow. What if we gave out free wine to everyone in the market?;;;-19;-18;8;-18;;;;10;10;-5;5;;;
onecard;;711;explorer;;;400;8;Some relics I discovered were actually Church property. Oops! Can you help me pay the fine?;;;16;-8;;-22;;;;-17;10;;8;;;
onecard;;712;explorer;;;400;8;The ports here are just crawling with criminal activity. I'm scared. Would you send the army to crack down?;;;;12;-18;-10;;;;;-16;10;10;;;
onecard;;713;cossack;;;400;8;Let's commission a portrait of the friendship between our countries. It should have me picking you up in one hand.;;;-9;-10;18;-15;;;;8;12;-14;8;;;
onecard;;714;cossack;;;400;8;Just because I'm in your land, does it mean <archbishop> can make me go to his church?!;;;16;-8;-10;;;;;-11;8;12;;;;
onecard;;715;ravenna;;;400;8;Do you think nations that have warred in the past are destined to do so again?;;;;12;-8;;;;;;-8;12;;;;
onecard;;716;nobleman;;;400;8;I refuse to sit on the council with that fool <chamberlain>. Please, I beg you to take away his seat!;;;;-10;6;-5;>>>;;;;8;-12;;;;
onecard;_;876;chamberlain;;;;;Whoop, what do you mean I'm no longer on the council? But it's so fun for me! Whose decision was this?;Mine;;;12;-10;;>>>;The King's;;;-15;8;;>>>;;
onecard;_;877;king;;;;;You removed <chamberlain> from the council just to please a petty lord? Dear wife, you're a laugh!;Ha ha;;;5;5;;;I was serious!;;;-5;-5;;;;
onecard;;717;nobleman;;;400;8;A scandalous lady of the East is trying to ransom my good name! I beg the crown to pay what she asks.;;;-10;-12;8;-12;>>>;;;8;12;-10;8;;;
onecard;_;878;handmaid;;;;;Fresh gossip! One of our dukes was caught naked in a barrel of wine in the East! And the King paid to cover it up!!;That's wild;<i>You never tell your ladies about your role in the scandal.</i>;14;-5;5;;;I paid!;<i>The ladies are delighted to learn of your role in the scandal.</i>;-8;-10;12;;;;
onecard;;718;handmaid;;;400;8;A guard from the Eastern delegation was so creepy to me just now! Please, Lady, end their visit early!;;;-10;-16;12;;;;;8;12;-12;;;;
onecard;_;885;king;;;;;The Eastern delegation ended their visit early?! But why did you ask them to leave?;They scared my maid;;-15;-15;5;;>_insultresult1;Insulted me;;8;12;-7;;>_insultresult1;;
onecard;_insultresult1;886;king;;;2;10;I understand, but be careful about the messages we send! You mustn't appear sensitive.;Okay;;;;;;;Sensitive?!;;-16;-18;-18;-18;;;
onecard;_insultresult1;887;king;;;2;10;How awful! Every woman in this court is somebody's daughter, sister or wife, after all.;That's true ;;;;;;;We're our own!;;-16;-18;-18;-18;;;
onecard;_insultresult1;888;king;;;2;100;Are you sure that really happened? It was probably just a miscommunication. Next time, just come to me.;I will;;;;;;;I'm sure!!;;-16;-18;-18;-18;;;
onecard;;719;handmaid;;;400;8;A Southern bishop was spotted acting scandalously in the local inn! Could you use this to pressure the Cardinal?;;;-18;6;9;8;>>>;;;17;-10;-10;;;;
onecard;_;879;archbishop;;;;;That scandalous bishop is not representative of the church! You should pray forgiveness for trying to pressure me.;Fine;;18;-17;-10;;;Then punish him!;;-18;18;8;;;;
onecard;;720;lady1;;;400;8;I'm just saying, my Queen. Isn't it fairer to invite all the noble families to your banquet, not just the rich ones?;;;8;-8;8;-17;>>>;;;-8;13;-8;;;;
onecard;_;889;nobleman;;;;;My Queen, but I'm the King's close friend! Why must I sit by <lady1> at the banquet?;I'll rearrange it;;;-8;8;-8;>>;How dare you?;;;10;-10;8;>>;;
onecard;_;890;lady1;;;;;So sorry to intrude, Your Majesty, but the wine I donated to the banquet was not for <nobleman>. Can we exclude him?;I suppose;;;-12;5;;;How old are you?;;;8;-5;;;;
onecard;;722;lady;;;400;8;A lesser duke said rude things about my family vineyard. Would Her Majesty chastise him on our behalf?;;;;-12;8;;;;;;14;-12;;;;
onecard;;891;nobleman;;;250;8;<handmaid2>'s wines are of low quality! The palace should try celebrating with my family's honey ale instead!;We'll try ;;;-5;-15;16;>>;Nonsense;;;5;18;-18;;;
onecard;_;892;handmaid2;;;;;You don't want to buy my wine for your next party? But, but... what did I do wrong? Please, Majesty, how do I regain your favor?;Sing a song;;-5;;10;;>>>;Pay higher taxes!;;;6;-10;18;;;
onecard;_;893;chamberlain;;;;;<handmaid2> has been singing in the courtyard every day. She has an awful voice! Why in the world would she do that?;My orders;;5;14;-10;;;You join her!;;-8;18;12;;>>>;;
onecard;_;894;chamberlain;;;;;Hey! I made a lot of money singing in the courtyard after all. Will you accept your share of the royalties?;;;;;;25;;;;;5;-5;;;;
onecard;;723;hunter;;;400;8;Can I raise minks? We can sell fur trims to all the gentlewomen. This court will be the height of fashion!;;;;8;-6;16;;;;;-16;8;-8;;;
onecard;;725;chamberlain;;;400;8;Your Majesty, will you write to each noble family, to thank them for their support? There are only two hundred or so.;;;;-12;5;10;>>>>;;;;8;-10;-8;;;
onecard;_;895;handmaid;;;;;I didn't get a special thank-you letter from you, my Queen! How come you did not write one for me?;You aren't noble enough;;;12;-9;10;;I thank you daily!;;;-10;12;-10;;;
onecard;;726;chamberlain;;;400;8;A fire has destroyed a renowned stable. Will you express your financial sympathies to the owners?;;;8;-9;16;-15;;;;-10;10;-15;3;;;
onecard;_;896;farmer;;;;;Thanks so much for the money for my stable! I was really sad to lose it in the flood.;You're welcome;;;-10;15;;;Flood?;;;10;-12;;>;;
onecard;_;897;farmer;;;;;I meant 'fire'. I just got my insurance documents mixed up. I have a lot of royal insurance. Actually, there was a fire <i>and</i> a flood!;I see;;-5;-10;5;-16;>>>>;Get out;;5;20;-5;20;;;
onecard;_;898;nun;;;;;A prosperous season! The country farmers are blessed by wealth. It must be thanks to the grace of God!;Hallelujah;;12;;5;;>;It's thanks to me!;;;8;10;;>;;
onecard;_;899;priestess;;;;;Forgive me, but all blessings offered up by the land are by the grace of the All-Mother, soul of the earth, essence of...;You're just as bad;;12;;-12;;;Praise the All-Mother!;;-12;;12;;;;
onecard;;727;witch;;;400;8;That Cardinal is always harassing me. I think he suspects. Is it cool if I crash on the royal sofa for a while?;Sure;;-8;-8;10;;;Too risky;;8;8;-15;;;;
onecard;;728;witch;;has_king and has_owl;400;8;Do you ever think about just, like, killing your husband when he isn't looking?;;;-10;10;8;;>pickone;;;10;-10;-10;;>pickone;;
court;play_pistol;766;chamberlain;;!has_owl;;;Apologies, my Queen, but there have been no duels here since our royal mechanical owl, which serves as proctor, broke down.;Can you fix it?;I've got no knack for gears and things, <i>he stammers profusely.</i>;;;;;;I'll fix it;<i>The dusty owl is too intricate for you to figure out alone.</i>;;;;;>>>>>638;;
court;;730;chamberlain;;!has_owl;del;100;Long ago, we were ruled by a Queen instead of a King. She had a room in this very palace dedicated to her duels!;Bring back duels!;Even if you had a weapon, our palace duel room is in disrepair, <i>he apologizes profusely.</i>;-10;15;;;;That's nice;;8;-15;;;;;
court;;731;priestess;;has_owl;400;10;Your mechanical owl resembles the All-Mother's sacred owl! Truly, you must be her champion.;I am!;;-10;;16;;;Not me;;10;;-15;;;;
court;;767;general;;kingdom>50;400;20;My Queen, your bold and unflinching reign has led us to a new era of might in this kingdom!;Good!;;;10;-5;;;Should we be gentle?;;;-8;8;;;;
court;;768;king;;kingdom<50;400;20;Whispers say we compromise too much with our enemies and grow weak. What do you think, dear?;Diplomacy is strength;;8;-10;;;;Let's be ruthless!;;-8;25;-8;8;;;
court;;769;nun;;church>50;400;20;Finally, a pious Queen to bring honor on the land! You must be proud to be so favored by the church.;I'm blessed;;16;-11;;;;Ugh;;-10;12;;;;;
court;;770;archbishop;;church<50;400;20;The Queen ought to be a model for the nation's faith in God. I suggest you demonstrate more piety.;I agree;;8;-12;-8;;;Eh, I'm good;;-18;5;5;;;;
court;;771;handmaid2;;people>50;400;20;My, but you are adored, my Queen! Do you ever worry that inspiring so much love might be... dangerous?;Could be;;5;-5;6;;;What did you bring me?;;-4;8;-16;;;;
court;;772;chamberlain;;people<50;400;20;Majesty, the people suffer, and need you to be their lady of generosity. It would be best if you were more charitable... ;I see;;4;;20;-10;;Can't they eat sweets?;;-5;14;-20;10;;;
court;;773;banker;;economy>50;400;20;Your kingdom has grown quite rich, my Queen. Where there is wealth, you must use wisdom!;Let us save;;;-10;12;15;;Buy me more jewels!;;-5;5;-8;-15;;;
court;;774;banker;;economy<50;400;20;A humble warning, my Queen: The crown must curb its spending, lest our treasuries be badly strained.;Good idea;;5;-14;-10;15;;But I'm worth it!;;-5;10;;-25;;;
;;775;king;;dynasty>20;del;40;Where did you get all those items? They belonged to my late wife!;Inheritance;;8;;12;;;This is a game;;-15;;-16;;;;
court;;776;handmaid;;age>4 and age<7 and !birthday_reign;400;40;My sweet Queen and dearest friend, happy 20th birthday! It would be your ladies' honor to throw you a celebration!;Please do!;;-10;10;10;-13;;Don't tell anyone!;;5;-6;-10;-4;;birthday_reign;
court;;777;handmaid2;;age>15 and age<18 and !birthday_reign;400;30;The Queen is 30 today? That's older than my daughter, who is still eligible... oops! Forgive me! Happy birthday!;Thanks;;10;-5;;-5;;Get out!;;-5;12;-6;-10;;birthday_reign;
court;;778;king;;age>20;reign;25;I always thought I'd remarry once you got old, but I'm starting to find your wrinkles quite dignified!;Charming!;;;5;5;;;Your baldness is cute too;;;-5;10;;;;
court;;779;doctor;;age>14;400;25;The swamp fever is remarkably virulent this year. The death toll is very high. I recommend closing the palace grounds.;;;-5;-20;-35;5;;;;10;-5;-5;-30;;;
church;;780;archbishop;;age>25 and church>50;400;30;My church has now taken over every city in this kingdom! Soon the King and Queen will be only figureheads...;I don't mind;;35;-18;-18;10;;I can hear you!;;-35;15;19;-10;;;
people;;781;priestess;;age>25 and has_archbishop;400;25;My people's temple in the wood has been razed by the church. Defy <archbishop> and help us rebuild!;;;-35;11;19;-14;;;;15;-17;-28;10;;;
people;;782;hunter;;age>25 and has_general;400;25;<general>'s war machines stand at the border, choking the wood with black smoke. Please, have them destroyed!;If we must;;-10;-35;19;-16;>>;They're our defenses!;;10;15;-18;10;;;
people;_;783;general;;;;;My siege towers are all destroyed! We'll be invaded from the East for certain now. Why have you cursed us?!;Rebuild them;;;15;-15;-15;;The wood is sacred!;<i>Days later, skirmishes begin at the Eastern border.</i>;-15;-18;-15;-10;war and >>>>>>>>>>>>_warfinish;;
rating;ratereigns;1369;chamberlain;;dynasty>20 and mobile_keep;del;800;Whee, my Queen, such delight you take in your kingdom! Will you not share your love with the world?;<i>Rate Reigns</i>;;;;;;;;;;;;;;;
court;;784;chamberlain;;has_general;300;15;The time has come for us to heap honors upon our great Queen. Will you hear them?;Obviously;;;4;4;;>_compliments;Don't be desperate;;-5;-10;-10;;;;
court;_compliments;785;archbishop;;;4;10;Her Majesty is a beacon of piety and purity in a sea of pagan desires and heathenous evils.;Oh, you!;;15;-5;-5;-5;;Meh. Next?;;-10;;;;>_compliments;;
court;_compliments;786;banker;;;4;10;Your humble servants are enthralled by your boldness and your clout. You are the spirit of our economic success.;How sweet;;-5;-5;-5;15;;Not great. Next?;;;;;-10;>_compliments;;
court;_compliments;787;farmer;;;4;10;The Queen is as beautiful as the first dew on a red radish.;Awww;;-5;-5;15;-5;;Gross. Next?;;;;-10;;>_compliments;;
court;_compliments;788;general;;;4;10;My men are honored to die with swords raised in tribute to the Queen, and her name on our lips.;Ooh;;-5;15;-5;-5;;Too much. Anyone else?;;;-10;;;>_compliments;;
court;_compliments;789;chamberlain;;;4;10;Whoops... how deeply we have failed to please you, O Queen! Watch me lie facedown and tear my clothes!;Okay!;;8;8;-10;;;Just leave;;-3;-3;10;;;;
court;;790;handmaid2;sagittarius;!riverboat;del;200;For the rich, owning a riverboat is now a must! Please increase patrols along the river to keep us safe from pirates.;;;;10;;-10;>>607;River pirates?!;;;-11;;5;>>>607;;
;;791;handmaid2;sagittarius;!has_piratel and age>15;400;20;My vacation riverboat was attacked by pirates! I beg the Queen to help restore my financial losses.;;;;-11;5;-13;;;;;15;-10;7;;;
;;792;general;;riverboat and !pirateduel;89;50;We have the river pirates under control, my Queen. Please enjoy a visit to your royal riverboat with confidence.;I shall;;;8;8;;>>;I don't believe you;;;-11;-10;;;;
;_;793;handmaid;;;;;Whee! Time to ride the Queen's royal riverboat! With wine, and instruments, and curtains, and...;Party!!;<i>There's no reason to be afraid of making noise, right?</i>;;;12;-9;>;Calm down!;<i>There might be river pirates after all...</i>;;;-10;;>;add_piratel;
;_;794;piratel;;;;;Ha ha! I thought I heard ye noise of revelry and the tinkly-tink of gildy-gold! I shall board thee riverboat, ha ha!;Help! Help!;;;-11;;;>;That's not how pirates talk;;;10;;;>;;
;_;795;piratel;;;;;Scared, I see thy art! Urr, urr, put up your handies, my girlies! I challenge thee Queen to one hearty duel!;What...;;-100;-100;-100;-100;>_end_drown;What...;;-100;-100;-100;-100;>_end_drown;;
;play_pistol;796;piratel;;see_piratel and !pirateduel;10;100000;I do accept this boat ride to thee ol' fearsome palace duel chamber! For glory is my dearest friend!;I'm awed;<i><piratel> remains patient and enthusiastic on the way to the duel room.</i>;;;;;>_startduelpirate;River pirate, eh?;<i><piratel> remains patient and enthusiastic on the way to the duel room.</i>;;;;;>_startduelpirate;;
deaths;_end_drown;988;end>drown;;;;;<i>You hesitate to draw your pistol, and <piratel> shoves you into the river! You drown in a swirl of summer veils and gold gleams.</i>;;;;;;;;;;;;;;;;
duel;_startduelpirate;797;owl;;;;;Twoo-whoo, tho this pirate may be little yet, to duel with a riddle is the surest bet.;Got it;;;;;;>;Riddle?;;;;;;>;;
duel;_duel_pirate1;798;owl;;;10;10;Fire when you hear the name of a pirate's greatest source of shame.;Steady!;<i>You and <piratel> march back to back into position.</i>;;;;;>;Ready!;<i>You and <piratel> take your duel positions, listening carefully.</i>;;;;;>;;
duel;_duel_pirate2;799;owl>timer;;;10;10;Rainwater on the ship, met desperately with trembling lip.;<i>Fire!</i>;;;;;;>_duel_missed;<i>Step forward</i>;;;;;;>;mus_owl;
duel;_duel_pirate3;800;owl>timer;;;10;10;Casks of jewels, but the gold is fool's.;<i>Fire!</i>;;;;;;>_duel_missed;<i>Step forward</i>;;;;;;>;;
duel;_duel_pirate4;801;owl>timer;;;10;10;Doing only simple mischief, yet taking heavy blame?;<i>Fire!</i>;;;;;;>_duel_missed;<i>Step forward</i>;;;;;;>;;
duel;_duel_pirate5;802;owl>timer;;;10;10;O, all these labors and yet no glory to the name.;<i>Fire!</i>;;;;;;>;<i>Step forward</i>;;;;;;>_duel_die;;
;_duel_piratel_won;803;piratel;;;;;I've been defeated... ah, who am I kidding. This river pirate thing isn't really working out...;You think?;;10;5;-16;;>;Follow your dreams!;;-10;-10;16;;>;mus_stop and pirateduel;
;_;804;piratel;;;;;I'm so sorry I ruined your cruise, my Queen. Let me serve in your court and I'll restore my honor!;;;-6;;;;;;<i>You soon hear of <piratel> terrorizing the local river again.</i>;;;;;del_piratel;;
;play_pistol;805;piratel;;see_piratel and pirateduel;10;10000;I would love to duel again. It's just not a good time, see? I really would, but I just don't want to hurt you. Urr, urr!;Lucky for me;;;-8;10;;;I don't think it's "urr";;;10;-6;;;;
magic;;807;cat;;redspellbook;80;20;Rrrrowr! Hssss!;<i>Follow her!</i>;<i>You follow the cat around the palace until she falls asleep in a sunbeam.</i>;;;;;;I never kicked the dog;;;;;;;;
magic;;808;cat;;redspellbook;80;20;Prrrr, prrr...;<i>Follow her!</i>;<i>You follow the cat around the palace until she falls asleep in a sunbeam.</i>;-5;-5;;;;<i>Ignore her</i>;;5;5;;;;;
magic;play_redspellbook;880;cat;;see_cat and has_fox;1;max;Hello again. Me told you everything me knows. Now please scratch ear.;<i>Pet her</i>;Scratch ear, me said! <i>she hisses, flicking her tail.</i>;;;-5;;;<i>Scratch ear</i>;<i>She seems happy with you.</i>;;;5;;;;
magic;play_redspellbook;809;cat;;see_cat and !has_fox;1;max;Huh? You can understand I? Why does a human want to talk to I?;What's it like being a cat?;;;;;;>;Can you help me?;;;;;;>_catchat;;
magic;_;1381;cat;;;1;max;Better than being an amateur witch! Was that really the only thing you needed? Me am sleepy...;Oh, wait!;;;;;;>_catchat;That's all;;;;;;;;
magic;_catchat;810;cat;;;;;Oh, me understand. You seek the Lady of the Wood, who moves through the animal kingdom as one of us.;Yesssss;;-10;;8;;>;You're not the Devil?;This is a different game, human! <i>she hisses.</i>;;;-10;;>;animals;
magic;_;811;cat;;;;;It's no good asking I. Me was born inside the city walls. Can you fetch a fox? They are often wise to the woods.;I'll try;<i>The cat is already distracted by a moth on the windowsill.</i>;;4;;;>>>813;<i>Pet her</i>;The petting is weird, please stop, <i>she says, evading you.</i>;;-5;;;>>>813;foxfind;
magic;;813;hunter;;foxfind and age>3 and !has_fox;30;100;It's the latest fashion for queens to wear foxtails. I shall bring you a whole rack of foxes!;I need a live fox!!;Oh, <i>he says disappointedly</i>. I'll go get one from my trap.;;-11;8;;add_fox and >>815;Racks on racks!;;;12;-19;-8;;;
magic;;815;fox;;!cancer;250;40;Skree, skree!;<i>Pet him</i>;<i>The fox runs away. Wild animals don't like to be touched.</i>;;-11;8;;;Be quiet!;;;12;-19;;;;
magic;play_redspellbook;882;fox;;see_fox and foretold;;50;The Lady of the Wood said you must somehow <*duel*> yourself. Something about reflections?;;;;;;;;;;;;;;;;
magic;play_redspellbook;816;fox;;see_fox and !foretold;;50;We can talk? It's magic! By your hand I was freed from the hunter's trap, kind Queen. Any favor that I may grant you, ask.;The Lady of the Wood?;;-5;;6;;>;Can I pet you?;<i>The fox suffers the petting with an undignified expression, and trots away.</i>;;-3;-9;;;;
;_;817;fox;;;;;To the Lady of the Wood, a fox is no one special. But if you meet me under the sign of Cancer, I can lead you to her.;Thank you;;;;;;;Cancer?;Every age has its sign, <i>he says.</i> Perhaps you can change yours.;;;;;;;
magic;;818;fox;cancer;age>5 and !foretold;reign;180;Grrrk, skree!;<i>Pet him</i>;<i>The fox runs away. It seems it's here for another reason.</i>;;;;;;Shoo!;;;;;;;;
magic;play_redspellbook;819;fox;cancer;see_fox;1;max;You're the one who wants to meet the Lady of the Wood? Something is different about you...;I'm the same woman;;;;;;>;I'm a different woman;;;;;;>;;
;_;820;fox;cancer;;;;I don't understand... but I can feel the quiver of destiny on my whiskers! Please, mistress, you must follow me. ;<i>Follow</i>;;-6;;5;;>;I can't;;;;;;;;
magic;_;821;fox;cancer;;;;Can you see the path the moonlight draws through the trees? It guides us.;<i>Follow</i>;<i>Just when you feel well and truly lost, a white doe appears!</i>;-1;;;;>;<i>Go back to the palace</i>;;15;;;;;;
magic;_;822;doe;cancer;;;;At last, the Forever Queen. You did well to learn the ancient magics that would bring you to me.;Thank you;;-1;;5;;>;Now what?;;-1;;-5;;>;;
magic;_;823;doe;cancer;;;;The All-Mother chose you to be the Forever Queen, foretold by prophecy. It is your destiny to rule this land.;I know!;;-1;5;;;>;How?;;-1;-5;;;>;;
magic;_;824;doe;cancer;;;;First, confront your inner darkness. You must find a way to <*duel*> your own self. It is a great act of reflection.;I see;;-1;5;;;>;Don't want to;;-1;-5;;;>;foretold;
magic;_;825;doe;cancer;;;;Be strong. The All-Mother has chosen you to inherit her crown, and that crown can take many forms...;I will;<i>The moonlight flashes brightly in her white fur, and then she vanishes!</i>;;;;;;I'm frightened;<i>The luminous doe shakes its head and disappears into the woods.</i>;;;;;;;
court;;834;handmaid2;;dynasty=3;reign;max;You say you plan to make actual... decisions here? Isn't that a bit bold, from a young Queen?;Watch yourself;;;10;-10;;>;I suppose;;;-5;-5;;>;;
court;_;835;chamberlain;;;;;Yes, it's most unconventional, this type of behavior from a Queen. People are gossiping...;You're gossiping!;;;-4;4;;>;Silence, fool!;;;4;-4;;>;;
court;_;836;king;;;;;What's this racket? You had better obey my wife. What harm can it do?;My love...;;9;;5;;>;Harm?!;;-10;8;;;>;;
court;_;837;king;;;;;After all, she'd have to be a god to have any real power here in <i>my</i> kingdom. Heh heh! Carry on, darling!;Wow thanks;;;-8;-10;;decisions;The word is <i>goddess</i>!;;;12;8;;decisions;;
church;;838;archbishop;;decisions;del;80;The King may allow your girlish ideas, but take care not to cross the church. We have no use for a domineering woman.;Of course;;17;-8;-8;;;Ha ha, <i>cross</i>? Get it?;Women have no skill with jokes, <i>he says soberly.</i>;-16;8;8;;;;
court;;900;hunter;;foxfind and !zoo;200;100;Sweet Queen, I'm delighted by your recent interest in animals. Let us build a royal zoo, a tribute to your tenderness!;;;5;5;10;-5;>>>>;;;-5;-5;-10;;;;
;_;901;chamberlain;;;;;Whoop! The Queen's own royal zoo is now completed! Will you take an inaugural tour?;Yes!!;;;5;5;;>_visitzoo;Already over it;;;;-10;;;zoo;
;;902;hunter;;zoo;140;30;My lady, shall we visit the royal animals in your zoo?;;;;;;;>_visitzoo;;;;;;;;;
;_visitzoo;903;cat;;;4;10;Mew! Meow...;<i>Next animal</i>;;;;;;>_visitzoo;<i>Exit the zoo</i>;;;;;;;;
;_visitzoo;904;perle;;;4;10;Prrrr, prrr...;<i>Next animal</i>;;;;;;>_visitzoo;<i>Exit the zoo</i>;;;;;;;;
;_visitzoo;905;fox;;;4;10;Snerk... grr;<i>Next animal</i>;;;;;;>_visitzoo;<i>Exit the zoo</i>;;;;;;;;
;_visitzoo;906;dog;;;4;10;Bork! Bork, bork!;<i>Next animal</i>;;;;;;>_visitzoo;<i>Exit the zoo</i>;;;;;;;;
;_visitzoo;1202;cow;;;4;10;<i>The royal cow looks at you with an all-knowing expression.</i>;<i>Next animal</i>;;;;;;>_visitzoo;<i>Exit the zoo</i>;;;;;;;;
;play_redspellbook;1203;cow;;see_cow;10;max;I am honored among cows for my beauty and wisdom. Have you come to me seeking insight?;Yes please;;-5;;5;;>_royalcow;<i>Exit the zoo</i>;;;;;;;animals;
;_royalcow;1274;cow;;!pistol;10;10;A quest to Northern lands should lead you to gifts of armaments.;;;;;;;;Tell me more;I offer one maxim per visit, <i>the cow coos.</i> See you soon.;;;;;;;
;_royalcow;1275;cow;;!advancedclock;10;10;One who deals in goods and trade may know the way to coax life into silent gears. ;;;;;;;;Tell me more;I offer one maxim per visit, <i>the cow coos.</i> See you soon.;;;;;;;
;_royalcow;1276;cow;;!enameledbone;10;10;This land is full of holy reliquaries, but surely some of them contain only animal bones.;;;;;;;;Tell me more;I offer one maxim per visit, <i>the cow coos.</i> See you soon.;;;;;;;
;_royalcow;1277;cow;;;10;10;Of course there is more to you than motherhood. But why not have both a prince and a princess, if you can?;;;;;;;;Tell me more;I offer one maxim per visit, <i>the cow coos.</i> See you soon.;;;;;;;
;_royalcow;1278;cow;;!eclipse_reign;10;10;The time of the black sun won't arrive on its own. It must be summoned.;;;;;;;;Tell me more;I offer one maxim per visit, <i>the cow coos.</i> See you soon.;;;;;;;
;_royalcow;1279;cow;;;10;10;Many events can only occur under a particular astrological sign. Acquaint yourself with the labyrinth of destiny...;;;;;;;;Tell me more;I offer one maxim per visit, <i>the cow coos.</i> See you soon.;;;;;;;
;_royalcow;1280;cow;;;10;10;The charm of the royal perfume may stave off the torches of religious persecution.;;;;;;;;Tell me more;I offer one maxim per visit, <i>the cow coos.</i> See you soon.;;;;;;;
;_royalcow;1281;cow;;;10;10;When a man refuses to duel you, try evolving your means of attack.;;;;;;;;Tell me more;I offer one maxim per visit, <i>the cow coos.</i> See you soon.;;;;;;;
;_royalcow;1282;cow;;;10;10;Have you ever met a witch during an eclipse? I recommend it.;;;;;;;;Tell me more;I offer one maxim per visit, <i>the cow coos.</i> See you soon.;;;;;;;
;_royalcow;1283;cow;;;10;10;Got a brew in a bottle? Then it can be made stronger by one who knows the art.;;;;;;;;Tell me more;I offer one maxim per visit, <i>the cow coos.</i> See you soon.;;;;;;;
;_royalcow;1303;cow;;;10;10;In the age of Sagittarius, the Queen may sail the river...;;;;;;;;Tell me more;I offer one maxim per visit, <i>the cow coos.</i> See you soon.;;;;;;;
;play_redspellbook;1062;dog;;see_dog;;max;Today is great! Do you have a bone? Throwing a bone means a great day!;;;;;;;;;;;;;;;animals;
;play_redspellbook;1063;perle;;see_perle;;max;Why do you work as a 'queen'? Would you not rather only lie down and eat?;;;;;;;;;;;;;;;;
;_visitzoo;907;snake;;;10;4;Hssss, what am I doing in this zoo, hss?!;<i>Next animal</i>;;;;;;>_visitzoo;<i>Exit the zoo</i>;;;;;;;;
;_visitzoo;908;king;;;10;4;I love this zoo, and all the animals! Why can't it be mine too? The King *and* Queen's Royal Zoo.;<i>Next animal</i>;;;;;;>_visitzoo;<i>Exit the zoo</i>;;;;;;;;
;;909;king;;!has_judge and dynasty>5 and people>50;del;50;Gentle wife, will you help counsel the kingdom's High Judge on some cases?;;;5;5;10;5;add_judge and >>>>;Boring!;;-5;-10;-10;-5;;;
;;910;judge;;;400;8;A man trespassed on his neighbor's farm, and was gored by his neighbor's ox. Is he entitled to damages?;;<i><judge> rules the ox was negligently sharpened, and pays the trespasser.</i>;15;-15;-10;8;;;<i><judge> rules there should be a goring allowance for farm intruders.</i>;-10;10;18;-5;;;
;;911;judge;;;400;10;A young lady was killed by bandits on her way to her wedding. Does the husband's family still get the dowry?;;<i><judge> rules that a verbal wedding plan is sufficient to dowry entitlement.</i>;10;10;-15;10;;;<i><judge> rules that deceased bridal property in transit returns to the family of origin.</i>;-14;-15;15;-8;;;
;;912;judge;;;400;10;This horse was owned by one soldier, but raised by another. Which soldier gets to keep the horse's war medals?;The owner;<i><judge> rules that title ownership directly determines animal award inheritance.</i>;10;-8;12;8;;The raiser;<i><judge> rules under a special wartime proviso that credits handlers with animal awards.</i>;-10;15;-8;10;;;
;;913;judge;;;350;10;Lightning struck a cherry tree. After it fell, a neighbor kid ate all the fruit. Do the parents have to pay the tree owner?;;<i><judge> rules that fruit-bearing trees felled by accident are not public domain.</i>;8;-15;6;-10;;;<i><judge> rules that private fruits are considered 'discarded' if felled by an act of god.</i>;-5;10;-9;8;;;
;;914;judge;;;400;10;Some people were injured attending an event called "World's Largest Bonfire". Does the state pay reparation?;;<i><judge> rules that events must ensure bonfire sizes are explicitly marked.</i>;-10;-10;-10;-10;;;<i><judge> rules that lands which permit bonfires owe free basic fire education to all.</i>;10;10;10;10;;;
;;915;judge;;;400;10;A woman was rejected by her betrothed after a beauty cream gave her hives. Must the manufacturer now marry her?;;<i><judge> rules that basic beauty standards must be guaranteed by cream bachelors.</i>;12;8;-16;5;;;<i><judge> rules that brides are responsible for wedding hygiene risks they voluntarily incur.</i>;-11;-8;16;5;;;
;;916;judge;;;400;10;This man was caught with illegal blueprints of the palace. He claims he thought they were modern art. Is he guilty?;;<i><judge> rules that the cubist movement clause does not cover sensitive materials.</i>;8;10;-8;-10;;;<i><judge> rules that images of public structure do not constitute criminal intent.</i>;-8;-10;8;10;;;
;;917;judge;;;400;10;This woman pretended to be her own twin in order to get gifts from her twin's husband. Is it illegal?;;<i><judge> rules that the 'twin sister entitlement' does not apply to gifts under duress.</i>;8;8;-10;-10;;;<i><judge> rules that 'extremely close' family likeness constitutes gift qualification.</i>;10;12;8;8;;;
;;918;judge;;;400;10;A duchess claims her lord husband has given her no birthday gift in 17 years. Does it constitute neglect?;;<i><judge> rules that notable spouses are obliged to a minimum public show of expenditure.</i>;-8;-10;5;5;;;<i><judge> rules that spousal austerity is protected under freedom of expression law.</i>;5;-15;10;-6;;;
;;919;doctor;;;400;10;I'm researching the mythical properties of Westerners' hard organs, like teeth and bones. Can I have a fingernail?;Sure;;-15;5;-5;;;Sure... wait, no!!;;10;-5;10;;;;
;play_chickenbone;920;doctor;;>;;;Ah, a mysterious bone! It looks like an angel's... surely I can use a little bit of this in my experiments. Thanks!;No problem;;;;15;;;Weirdo;;;;15;;;;
;play_chickenbone;921;dog;;see_dog;15;10; <i><dog> brings it back! He looks so cute, you almost want to throw it again!</i>;Good boy;;;;;;;That's enough;;;;;;;;
;play_chickenbone;922;dog;;see_dog;;7;<i><dog> brings back the bone.. and a page torn from an old book!</i>;<i>Read it</i>;<i>It says,</i> ...invented by Astromancer Villennius, the clock can alter destiny when used on Sign Stones.;;;;;;That's enough;;;;;;;;
;;923;archbishop;;has_priestess;400;16;In your latest portrait, you are painted clasping poppies and wearing a wreath of gold. These are evil emblems!;I'll change it;;10;-5;-5;;>>>_portraitresult;You're imagining things;;-14;10;5;;;;
;_portraitresult;924;priestess;;;4;10;You changed your portrait to one with church iconography?! The Lady of the Wood will be distressed.;I'll change it;;-8;;10;-5;>>>_portraitresult;It's only a picture;;8;;-10;5;;;
;_portraitresult;925;king;;;4;10;What's with your royal portrait? You look so neutral, there's nothing alluring in your eye at all!;I'll change it;;-10;5;10;-5;>>>_portraitresult;You have the real thing!;;8;-5;-8;5;;;
;_portraitresult;926;archbishop;;;4;10;The changes to your royal portrait are unacceptable. That gleam painted into your eye? Think of the example you set!;I'll change it;;8;-8;-8;-8;>>>_portraitresult;Ignore my picture!;;-8;8;8;8;;;
;_portraitresult;927;general;;;4;10;Your royal portrait is a little dull... You should be in seraphic armor, raising our flag over the battlefield!;I'll change it;;5;10;-5;-10;>>>_portraitresult;No one asked you!;;-5;-8;5;12;;;
;_portraitresult;928;farmer;;;4;10;M-Majesty, your new portrait is so glamorous! It's a little, um... alienating. I just don't see myself represented in it at all.;I'll change it;;6;-9;8;-6;>>>_portraitresult;Who cares?;;5;9;-9;10;;;
magic;;929;doctor;;;400;12;Be honest with me: You're not an entirely scientific queen. Are you into a little bit of... magic?;A bit;;-10;10;5;20;>;Gotta go;;-5;-5;-5;-5;;;
magic;_;930;doctor;;;;;Well, I'm drawing a catalog of rare plants, and some of them are a little... risky. May I order the seeds anyway?;Sure;<i><doctor>'s catalog is soon completed and released to great acclaim...</i>;-100;-100;-100;-100;>_end_vines;Avoid plants;;;5;5;;;;
deaths;_end_vines;931;end>vines;;;;;<i>...until one of the magic seeds sprouts, and rampaging vines strangle everything in the palace, including you.</i>;;;;;;;;;;;;;;;;
church;;932;general;;has_archbishop and has_king;400;10;<archbishop> says the Holy Army he builds is only for ceremony's sake, but it worries me. How much can we trust the church?;We must;;15;-20;;;;We'll see...;;-14;20;;;>>>;;
church;_;933;king;;;;;<general> shouldn't worry. The Holy Army is fine! In fact, I'm about to mail this letter, permitting them here.;Sounds good;;8;-15;10;;;I'll mail it;<i>You drop the letter in a fireplace when no one is looking.</i>;-13;8;-10;;>>>;;
church;_;934;archbishop;;;;;The King pledged to support the church's Holy Army, but then oddly withdrew. Tell the truth: Was it your doing?;;Then the crown and the church are in open conflict here, <i>he shouts.</i>;-15;15;12;-10;churchwar;;Whoever did it left no evidence, <i>he hisses</i>, so that person is lucky.;;-12;-10;10;;;
church;;935;banker;;;400;10;As the church grows in power here, more pilgrims are visiting the capital. Should we impose a tourist tax?;;;-5;6;8;15;>>;;;3;5;;5;;;
church;_;936;archbishop;;;;;There's now a tax on pilgrims? Wonderful idea. And of course, you plan to grant the church our share...;;;15;;;-10;;;;-10;10;;4;;;
;;937;chamberlain;;prince_reign and age<7;400;30;A letter from your son's boarding school! Ooh, let us take a guess what the prince is doing best at!;Combat!;The young prince gallantly reminds us every day he is the King's son, <i>the teacher writes</i>.;;10;-10;;;Literature!;The young prince gallantly reminds us every day he is the King's son, <i>the teacher writes</i>.;10;-10;10;;;;
court;;938;chamberlain;;prince_reign and !has_prince and age>7;reign;50;Wonderful news, my lady! Your son the prince has returned to the palace! He asks if you have time for a visit.;;;;;;;add_prince and >;;<i>It's probably best he starts learning to be independent.</i>;;;;;;;
court;_;939;prince;;;;;Mother! You look so changed! The other boys at sword school were mean, but I showed them I'm a King's son!;Wonderful, darling;I shouted 'my Dad's the King!' I've such a loud voice, Mother! <i>he shouts.</i>;;;;;;How's that?;I shouted 'my Dad's the King!' I've such a loud voice, Mother! <i>he shouts.</i>;;;;;;;
court;;940;prince;;;400;30;Mother, dear mother, should I choose my bride for her looks, or for the political advantages?;Looks matter;;-19;-5;18;-10;;Be strategic;;18;10;-12;10;;;
court;;941;prince;;;400;30;I wanted to do a little hunt, but Father's huntsman says he's tired. Mother, make him get up and take me, now!;Stop whining!;;;17;;;;Okay, darling;;;-10;;;;;
court;;942;prince;;;400;30;Mother! Guess what, I can do a hundred push-ups in one minute! Watch me, and count!;Very good, dear;;-5;7;-7;;;Read a book!;;15;-10;5;;;;
court;;943;prince;;;400;30;If father dies, then I'll be King next, right? ;No, I'll be Queen;;-16;5;12;;;Yes, darling;;18;-12;-8;;;;
court;;944;prince;;;400;30;Mama, girls don't seem to like me. Is it because I'm not kind? Or is it because I'm not confident?;Be kinder!;;;-16;15;-5;;Be more confident;;;14;-16;10;;;
court;;945;king;;has_prince;400;300;Our son has been pestering all the generals. Don't you think it would be better if he went back to his education?;;<i>Your boy soon leaves your side again.</i>;;5;-5;3;del_prince;;<i>It's too lovely having your precious boy by your side!</i>;4;-10;5;;;;
court;;946;chamberlain;;daughter_reign and age<7;400;30;We received a letter from your daughter's fine school in the city! I wonder if she's grown beautiful?;Of course;<i>Your daughter is a delightfully challenging girl,</i> it says.;;8;12;;;That's not important;<i>Your daughter is a delightfully challenging girl,</i> it says.;;-12;-12;;;;
court;;947;chamberlain;;daughter_reign and !has_princess and age>7;reign;50;What a surprise! Your daughter the princess has come home! She asks if her honored mother the Queen has time to visit.;;;;;;;add_princess and >;;<i>You did the labor to create her, wasn't that enough?</i>;;;;;;;
court;_;948;princess;;;;;Mama! You are looking so sweet. I told all my friends: Have hope, you can look well while old, just look at my Mama.;Oh sweetheart;;8;;8;;;You brat!;;;8;-8;;;;
court;;949;princess;;;400;50;Must I marry at sixteen like some commoner? Mama, what's more important for me while I am young and beautiful?;Education;;-10;-5;5;16;;A good marriage;;12;5;12;;;;
court;;950;princess;;;400;50;Of course I care about poor people. So let us give away a fun party dress to each family! Can we, Mama?;;;-12;;8;-19;;;;-11;;-15;15;;;
court;;951;princess;;;400;50;Mama, can my friends and I borrow the guillotine? We're having a party. It's just for decoration!;Be careful;;;-17;8;;>>;It's not a toy!;;;16;-8;;;;
court;_;952;nobleman;;;;;This is awkward, but... my nephew was accidentally guillotined at your daughter's party. Did you know about this?;Kids will be kids;;;;;;>;How horrible!;;;;;;>;;
court;_;953;nobleman;;;;;It occured on palace grounds, with royal execution gear! I'm told your daughter was having a grotesque party?;It was my party;<i>You take responsibility for the incident and pay embarassing restitution costs.</i>;;15;-20;-26;;She was!;<i>Your daughter is getting a strange reputation, but she needs to take responsibility.</i>;;-18;15;16;;;
court;;954;princess;;has_priestess;400;40;Mama, that girl in the flower crown, is she from a music festival? How awful! Why's she here?;She's my friend;;-10;;8;;;Don't know;;5;;-10;;;;
court;;955;king;;has_princess;400;40;Our daughter is asking for money to go try a music career. Wouldn't it be good for all of us if she went... somewhere?;;<i>You soon hear she is writing lute music under the pseudonym 'Royale'</i>.;;8;8;-18;del_princess;;<i>Your little songbird must stay by Mama's side!</i>;;;;;;;
affairs;;956;handmaid;;dynasty>5 and has_king;150;40;Oh Queen, let us be true friends! Tell me: Is there anyone at court whom you love, in secret?;Well...;;-5;-5;10;;>_secretchoice;I love the King!;;10;10;;;;;
affairs;_secretchoice;957;handmaid;;has_hunter;4;100;Is it... your husband's master of the hunt?;It's true!;;-3;;10;;affair1_reign and >_secretresult;No...;;;;;;>_secretchoice;;
affairs;_secretchoice;958;handmaid;;has_explorer;4;90;Is it... the brave explorer from far away?;It is!;;-3;;;10;affair2_reign and >_secretresult;No...;;;;;;>_secretchoice;;
affairs;_secretchoice;959;handmaid;;has_cossack;4;80;Is it... the strong warrior woman who came down from the Northwest?;I admit it!;;-3;10;;;affair3_reign and >_secretresult;No...;;;;;;>_secretchoice;;
affairs;_secretchoice;960;handmaid;;has_priestess;4;70;Is it... the acolyte from the woods cult, who danced hand in hand with you on your coronation?;Yes, it is!;;-3;;10;;affair4_reign and >_secretresult;No...;;;;;;>_secretchoice;;
affairs;_secretresult;1314;handmaid;;;4;;Whenever you wish to discuss secret love, show me the royal perfume. That will be our signal!;;;;;;;;;;;;;;;;
affairs;_secretchoice;961;handmaid;;;4;5;Then... can it be... me?!;;<i>She pretends not to believe you, only shouting 'oh'!</i>;;;;;>_secretresult;;Perhaps I'll guess it another time, <i>she says coyly.</i>;;;;;>_secretresult;;
affairs;;1271;handmaid;;affair1_reign and affair2_reign and affair3_reign and affair4_reign;reign;max;Your Highness! Truly no Queen in history has ever managed so many lovers at once. I'm in awe of you!;It's nothing;;;;;;;I'm an original;;;;;;;allaffairs;
affairs;play_clearperfume;1315;handmaid;;see_handmaid;;;Eeee! It's the secret love signal! Then, who is in your heart and mind, my Queen?;Come closer...;;;;;;>_secretchoice;Not now;;;;;;;;
affairs;play_clearperfume;1387;hunter;;see_hunter;;;Ah, my heart... although I am your husband's man, I cannot help myself from your charms! Do you feel the same?;;;;;;;affair1_reign;;;;;;;;;
affairs;play_clearperfume;1388;explorer;;see_explorer;;;Do I catch the whiff of love on you, my Queen? Should I next explore... your heart?;;;;;;;affair2_reign;;;;;;;;;
affairs;play_clearperfume;1389;cossack;;see_cossack;;;You don't need a fancy scent to interest me, cute Queen. Should we... wrestle more often?;;;;;;;affair3_reign;;;;;;;;;
affairs;play_clearperfume;1390;priestess;;see_priestess;;;We come from such different worlds... I never learned to resist charms like yours. Do you have feelings for me?;;;;;;;affair4_reign;;;;;;;;;
affairs;;962;hunter;;!affair1_reign;150;20;I am your husband's loyal servant. Yet you are so noble, my Queen... is there... something between us?;Yes!;;-14;-3;14;;affair1_reign;No!!;;;10;-3;;;;
affairs;;963;hunter;;affair1_reign;400;40;Your maid knows about us. Shall we escape this party and... hide in the garden maze?;Yes!;;;;;;>_maze and !nb_sun;Not today;;;;;;;;
affairs;;964;hunter;;affair1_reign;400;40;A gift for my true love: five hundred baby deer pelts sewn into a single cloak. It's my masterpiece.;Ew! No!;;;-16;-18;-10;;Thanks;;;18;-20;12;;;
affairs;;965;hunter;;affair1_reign;400;40;Your husband wants me to take him on a long trip, but it's torture being apart from you...;Deny him!;;;-10;12;8;>>;You must go!;;;12;-10;-10;;;
affairs;_;966;king;;;;;My huntsman canceled our trip because he's having an affair with some woman! Can you believe it?;So rude;<i>With the King paying more attention, your fling with <hunter> comes to an end.</i>;;;;8;!affair1_reign;What?;<i>With the King paying more attention, your fling with <hunter> comes to an end.</i>;;;-8;;!affair1_reign;;
affairs;;967;hunter;;affair1_reign;400;40;Perhaps one day the King will have an... accident, and you will rule, with me at your feet.;Wow, chill;;5;-16;-10;;;One day...;;-6;15;14;;>>;;
affairs;_;968;king;;;;;My huntsman told me something terrible! He said you told him to kill me, so that he could rule with you??;I did not!;<i>There was just so much wrong there. You stop seeing <hunter>.</i>;;10;-10;;!affair1_reign;Joking!;People keep telling me women can be funny, but... <i>he shakes his head.</i>;;-10;10;;;;
affairs;;969;explorer;;!affair2_reign;150;20;Behind every powerful woman is a great little lad who acts as her adorable trophy. May I be yours?;;;;;;;affair2_reign;;;;;;;;;
affairs;;970;explorer;;affair2_reign;400;40;It's amazing how strongly you feel for me. It's like I am your arrow, and you dip me in gold.;Lovely;;;-16;12;-10;;Oh please;;;8;-12;10;;;
affairs;;971;explorer;;affair2_reign;400;40;I knew I would end up a literary man, prized boyfriend of a queen, with her paying for all his trips.;Prized??;;;-12;;;-10;I'm paying what?!;;;10;;10;;;
affairs;;973;explorer;;affair2_reign;400;40;I could teach the handmaids geography classes about the world. As a mentor. What do you think, dear?;Sounds nice;;;-20;-19;;;Forget it;;;10;20;;;;
affairs;;974;merchant;;affair2_reign and has_explorer;400;40;Your boyfriend <explorer> is always hanging out by the docks talking to strangers. You think I should follow him?;Do it;;;;5;-5;>>;I trust him;;;-10;5;5;;;
affairs;_;975;merchant;;;;;Your boyfriend has others, for certain. I saw him spend an entire hour just talking to and kissing one wooden mermaid.;Unbelievable!;<i>You end things with <explorer>. It was about time anyway.</i>;;5;8;;!affair2_reign;I don't mind;;-11;-12;-12;-12;;;
affairs;;976;cossack;;!affair3_reign;150;20;In my country it's common for women of nobility to date, even if they're married already. So what do you say?;Oh yes!;;;;;;affair3_reign;You aren't my type;;;;;;;;
affairs;;977;cossack;;affair3_reign and has_king;400;40;What do you tell your husband the King about all the mud wrestling we've taken up lately?;It's exercise;It sure is, <i><cossack> says cheerfully, flexing her arm.</i>;;;;;;It's fashionable;You southern ladies are so funny, <i>she says, and pats your head fondly.</i>;;;;;;;
affairs;;978;general;;affair3_reign and has_cossack;400;40;Why are you always sneaking around the barracks with <cossack> lately? Are you practicing the pistol?;Yes...;Great! <i>he nods</i>. Let me know if you need to borrow any gunpowder.;;;;;;No...;Must be the sword, then! <i>he nods sincerely.</i> Nice work, enjoy!;;;;;;;
affairs;;979;cossack;;affair3_reign;400;40;In my land, you and I would be allowed to share a hearth. Is it the same here?;It should be;;-18;10;12;;>>>;I'm sorry;Maybe it's best we stay just friends, <i>she decides.</i>;10;-10;-16;;!affair3_reign;;
affairs;_;980;archbishop;;;;;You told the foreign woman that you supported hearth-sharing?! You may not say such things.;Forgive me;;25;-20;-18;;;I just did ;;-24;18;19;;;;
affairs;;981;king;;affair3_reign;400;40;I just sometimes feel a little insecure next to <cossack>. She's so strong! Please get a different best friend.;All right;<i>You had been looking for a reason to break it off anyhow.</i>;;-10;-15;;!affair3_reign;Never!;;;10;15;;;;
affairs;;982;priestess;;!affair4_reign;400;20;Sometimes I feel the bond between us is stronger than sacred sisterhood. But we cannot be more... can we?;;;-10;;12;;affair4_reign;;;12;;-14;;;;
affairs;;983;priestess;;affair4_reign;400;40;This thing between us cannot be, my Queen! For you are the one foretold by prophecy, and I a mere acolyte...;Hm true;<i>Even though it's true, she takes offense. The relationship soon fizzles out.</i>;12;12;-8;;!affair4_reign;Forget that!;;-8;-12;12;;;;
affairs;;984;priestess;;affair4_reign;400;40;Perhaps when the war for this land is won, then I can renounce my vows and love again...;I hope so;;;;12;;;I'll forget by then;<i>You and <priestess> are constantly miscommunicating. The affair doesn't work out.</i>;;12;-19;;!affair4_reign;;
affairs;;985;priestess;;affair4_reign;400;40;It's like a romantic story! The acolyte, who has taken vows of purity, is the one true love of the Forever Queen...;The one?;<i>You and <priestess> are constantly miscommunicating. The affair doesn't work out.</i>;-8;8;-8;;!affair4_reign;Love it;;-10;;12;;;;
affairs;;986;priestess;;affair4_reign;400;40;I can no longer hide my feelings behind my faith. My Queen, let's let tonight be the night we meet in secret!;Tonight!;;;;;;>>;Headache;;;;;;;;
affairs;;987;general;;affair4_reign;400;40;I heard from your handmaid that an intruder was seen at your window just now. I will guard you all evening!;Great;;;;;;!affair4_reign;Oh no...;;;;;;!affair4_reign;;
onecard;;1304;monument;;statue and wonderhall;200;8;My Queen! A fire is raging in the city! There's only time to save one of these royal monuments...;My statue!;;;;;;!wonderhall;The hall!;;;;;;!statue;;
onecard;;1305;monument;;wonderhall and philocentre;200;8;Fire tears through your city, my Queen! Which of these monuments can we save?;Philosophy Center!;;;;;;!wonderhall;Hall of Wonders!;;;;;;!philocentre;;
timeline;;989;archbishop;;year>1600 and church<30;400;90;At last I've collected enough evidence! The Queen will now stand trial for heresy and treason to the crown!;What?;<i>You are brought before the grand court, as the church seeks to have you removed!</i>;;;;;>_trialstart;What?;<i>You are brought before the grand court, as the church seeks to have you removed!</i>;;;;;>_trialstart;mus_priestess;
timeline;_trialstart;990;judge;;;;;Yes, it's the trial of the century, what fun! Will you answer the allegations brought against you by the Golden Church?;Yes;;;;;;>;What is this?!;;;;;;>;;
timeline;_;991;king;;;;;I'm so sorry, dear! The church forced me to go ahead with this trial. You didn't do anything, did you?;;;;;;;>_trial1;;;;;;;>_trial1;;
timeline;_trial1;992;judge;;;;;To set the Queen aside, the Church must prove she has failed her duty in four areas. Confess, lady: Have you been pious?;I have!;;;;-5;;>_trial1result;Not as much...;;;5;;;>_trial1result;;
timeline;_trial1result;993;archbishop;;church>50 and yes_archbishop>1;10;max;Even I cannot fault how she gives the surface look of good faith. But her blasphemy lies underneath! It's hidden!;You lie!;<i>Everyone whispers and looks doubtfully at <archbishop>!</i>;;5;;;>_trial2;I'm being truthful!;<i>Everyone whispers and looks doubtfully at <archbishop>!</i>;;-5;;;>_trial2;;
timeline;_trial1result;994;archbishop;;;10;50;Lies! She takes up with floral cultists and fellow foreigners, and they do heathenous astrology! Do you deny it?;;<i>The courtroom fills with passionate murmuring!</i>;;;-5;;>_trial2;;<i>The courtroom fills with passionate murmuring!</i>;;;5;;>_trial2;;
timeline;_trial2;995;judge;;;10;10;Order in the court! And now, do you swear you have done all you can for the people of this land, as Queen?;I swear!;;;-5;;;>_trial2result;Perhaps not all...;;;;;5;>_trial2result;;
timeline;_trial2result;996;priestess;;yes_priestess>1 and people>50;10;100;She is the Queen foretold by legend! She will destroy the church of men and return the age of love!;That isn't helping...;<i><priestess>'s words send everyone into an uproar!</i>;;;-5;;>_trial3;Yes! ;<i><priestess>'s words send everyone into an uproar!</i>;-5;5;;;>_trial3;;
timeline;_trial2result;997;farmer;;yes_farmer>1 and people>50;10;80;The Queen has been there for me, in a way. Every night I cry myself to sleep on a pillow with her face stitched in it.;Oh dear...;<i>For some reason, now everyone in the courtroom is crying.</i>;;-5;;;>_trial3;Good!;<i>For some reason, now everyone in the courtroom is crying.</i>;;;5;;>_trial3;;
timeline;_trial2result;998;handmaid;;;10;50;The Queen is really sweet and caring. Whenever I tell her I don't want to see the poor, she shuts our curtains!;Quiet!!;<i>People in the gallery boo and shake their fists!</i>;;5;5;;>_trial3;This is ridiculous;<i>People in the gallery boo and shake their fists!</i>;;-5;;-5;>_trial3;;
timeline;_trial3;999;judge;;;10;10;Silence, all! And now for the matter of the Queen's strength. My lady, do you attest that you made this kingdom stronger?;I do!;;;;;-5;>_trial3result;I made it kinder!;;;;;5;>_trial3result;;
timeline;_trial3result;1000;general;;yes_general>1 and kingdom>50;10;80;The Queen's courage inspires me to crush even more usurpers beneath my bootheels!;Oh, uh...;<i>Skeptical discourse breaks out in the courtroom after the bizarre speech.</i>;;;;-5;>_trial4;Yes, go on!;<i>The courtroom gallery is now unexpectedly aggressive...</i>;;;;5;>_trial4;;
timeline;_trial3result;1001;chamberlain;;;10;80;Welp, no one ever said she had a mind for strategy. But she looks nice, and that's what counts!;How dare you!;<i>Fevered debates erupt on the role of a Queen's looks.</i>;;;;;>_trial4;It counts!;<i>Fevered debates erupt on the role of a Queen's looks.</i>;;;;;>_trial4;;
timeline;_trial4;1002;judge;;;;10;And now we come to the final duty! My Queen, have you been a boon to your kingdom's economy?;I have!;;;5;-5;;>_trial4result;I spend a bit...;;-5;;5;;>_trial4result;;
timeline;_trial4result;1003;banker;;riverboat;50;max;I must tell the truth: She bought herself a riverboat from the treasury, for her and the ladies to cruise in...;It was little!;;;-5;-5;;>_trial5;So?!;;;5;5;;>_trial5;;
timeline;_trial4result;1004;banker;;yes_banker>1 and economy>50;50;90;Her Majesty's financial acumen is one of this kingdom's finest treasures. It is an honor to serve her.;Yes, it is!;;5;;;5;>_trial5;Oh, you;;;-5;-5;;>_trial5;;
timeline;_trial4result;1005;banker;;;50;50;I ask for her expertise mostly out of politeness. Her input on finances is not often useful.;Hey!!;;;-5;;;>_trial5;Do your job;;;5;;;>_trial5;;
timeline;_trial5;1006;judge;;;;;In the case of the Golden Church versus the Queen, I will now rule. Do you have any final testimony?;I resist the Church!;<i>The crowd reaches a fever pitch as they await the judge's ruling!</i>;-10;10;-10;10;>_trialresult;I'm innocent!;<i>The crowd reaches a fever pitch as they await the judge's ruling!</i>;10;-10;10;-10;>_trialresult;;
timeline;_trialresult;1007;judge;;overall>60;10;max;The jealous <archbishop> was threatened by your success, my Queen. I rule against him!;Thank you!;<i>The kingdom quickly forgets the sensational trial and returns to normal.</i>;;;;;>_trialfinish1;I told you so!;<i>The kingdom quickly forgets the sensational trial and returns to normal.</i>;;;;;>_trialfinish2;;
timeline;_trialresult;1008;judge;;overall<40;10;max;The law may protect you this time, but your leadership is weak. The Church will soon have its way!;We'll see;<i>The kingdom quickly forgets the sensational trial and returns to normal.</i>;;;;;>_trialfinish3;Who cares?;<i>The kingdom quickly forgets the sensational trial and returns to normal.</i>;;;;;>_trialfinish4;;
timeline;_trialresult;1009;judge;;;10;50;I will not allow the Church to use the law as a weapon in its grab for power. Your Majesty, I find you innocent.;Finally;<i>The kingdom quickly forgets the sensational trial and returns to normal.</i>;;;;;>_trialfinish5;Are we done?;<i>The kingdom quickly forgets the sensational trial and returns to normal.</i>;;;;;>_trialfinish6;;
timeline;_trialfinish1;1010;owl;;;del;max;Twoo-whoo! 87 percent of Queens received this same result. Uploading your data to local memory...;OK;;;;;;;Wait, what?;;;;;;;;
timeline;_trialfinish2;1011;owl;;;del;max;Interesting, whoo-hoot! Your kingdom approval was higher than 68 percent of other Queens. Not bad!;<i>Share</i>;;;;;;;Other Queens?;;;;;;;;
timeline;_trialfinish3;1012;owl;;;del;max;Twoo-whoo! Your scores and responses in this segment indicate high agreeability, but low stability.;<i>Share</i>;;;;;;;Excuse me?!;;;;;;;;
timeline;_trialfinish4;1013;owl;;;del;max;What a hoot! 24 percent of Queens failed their trial, but not you! Adding your data to the cloud...;OK;;;;;;;Cloud...?;;;;;;;;
timeline;_trialfinish5;1014;owl;;;del;max;Compared with other Queens who've reached this point, you are more adventurous, but less sympathetic. Hoo hoo!;<i>Share</i>;;;;;;;What others?;;;;;;;;
timeline;_trialfinish6;1015;owl;;;del;max;Twoo-whoo! The results are in, and your style of management is "Chaotic". Saving your data...;OK;;;;;;;Management?;;;;;;;;
timeline;;1016;farmer;;year>1450;del;max;Your highness, strange tidings! Hooded men with the faces of snakes have been seen in the countryside at night...;What?;;;;;;>;Are you drunk?;;;;;;>;add_snake;
timeline;_;1017;general;;;10;max;Our patrols have also received reports of creepy figures at night. They stand in circles and build fires along the river! ;Investigate them!;As you command, my Queen! <i><general> bows.</i>;;-10;16;-5;>>_snake1;Destroy them!;As you command, my Queen! <i><general> bows.</i>;;10;-14;;>>_snake1;;
timeline;_snake1;1316;snake;;;10;max;Rrrah! Hsssssss!;Help!;<i>The strange figure is heading toward the river!</i>;;;;;>;Excuse me?;<i>The strange figure is heading toward the river!</i>;;;;;>;;
timeline;_;1019;general;;;10;max;We searched along the river and found the remains of the snake-men's dark gathering, but no sign of them.;Unlucky...;;-15;;-15;;>>_snakechoice1;Suspicious!;;15;;15;;>>_snakechoice1;!acolytechoice and !doctorchoice and !hunterchoice and !nunchoice;
timeline;_snakechoice1;1020;priestess;;;10;10;Only dark magic can create the face of a snake upon a man. It must be ancient forces! Let me be the one to investigate.;Go ahead;;;;;;acolytechoice and >>>_snake2;Who else is there?;;;;;;>_snakechoice1;;
timeline;_snakechoice1;1021;doctor;;;10;10;These forbidden creatures were clearly given life by my rival, the evil Doctor Maribou. You must let me handle it!;Go ahead;;;;;;doctorchoice and >>_snake2;Who else?;;;;;;>_snakechoice1;;
timeline;_snakechoice1;1022;hunter;;;10;10;Your highness, this danger requires an experienced animal handler! Please, bid me go hunt the snake-men.;Go ahead;;;;;;hunterchoice and >>_snake2;Other options?;;;;;;>_snakechoice1;;
timeline;_snakechoice1;1023;nun;;;10;10;All my life I've waited for a holy mission. Please, my Queen, choose me to exorcize the snake demons!;Go ahead;;;;;;nunchoice and >>_snake2;Anybody else?;;;;;;>_snakechoice1;;
timeline;_snake2;1024;priestess;;acolytechoice;10;max;I hid and watched the snake-men burn swamp moss. It was a sacred moss, one that induces visions!;I've heard enough;;;;;;>_snakefinal;Keep watching;;;;;;>>_snake3;;
timeline;_snake2;1025;doctor;;doctorchoice;10;max;I have an update about the snake-men! It seems Doctor Maribou has indeed recently performed 'secret research'...;I've heard enough;;;;;;>_snakefinal;Keep watching;;;;;;>>_snake3;;
timeline;_snake2;1026;hunter;;hunterchoice;10;max;I have tracked the snake-men and learned something terrible: Their footfalls are all over this very palace!;I've heard enough;;;;;;>_snakefinal;Keep watching;;;;;;>>_snake3;;
timeline;_snake2;1027;nun;;nunchoice;10;max;Nights in prayer showed me the truth: The snake-men are manifestations of sin in this land!;I've heard enough;;;;;;>_snakefinal;Keep watching;;;;;;>>_snake3;;
timeline;_snake3;1028;priestess;;acolytechoice;10;max;A terrible sobbing came up from the encampment of snake-men tonight. It was as if they were... afraid of something!;I've heard enough;;;;;;>_snakefinal;;;;;;;>>_snake4;;
timeline;_snake3;1029;doctor;;doctorchoice;10;max;Dr. Maribou's evil snake-man went in a tavern! I saw him speak with a human voice and drink ale... through his neck?;I've heard enough;;;;;;>_snakefinal;;;;;;;>>_snake4;;
timeline;_snake3;1030;hunter;;hunterchoice;10;max;My Queen, I fear to tell you this, but I found a snake-man's gray hooded robe... inside this very palace!!;I've heard enough;;;;;;>_snakefinal;;;;;;;>>_snake4;;
timeline;_snake3;1031;nun;;nunchoice;10;max;I found an ancient holy text that says "when dark star sciences rise, then godly man will gain the face of a snake!";I've heard enough;;;;;;>_snakefinal;;;;;;;>>_snake4;;
timeline;_snake4;1032;priestess;;acolytechoice;10;max;I have watched the snake-men for weeks now, and I'm certain: They are a sect that formed to cope with fear.;I've solved it!;;;;;;>_snakefinal;More investigation;;;;;;>_snake1;;
timeline;_snake4;1033;doctor;;doctorchoice;10;max;Your highness, I have concluded that Dr. Maribou's research into solar eclipses directly inspired these snake-men!;I've solved it!;;;;;;>_snakefinal;More investigation;;;;;;>_snake1;;
timeline;_snake4;1034;hunter;;hunterchoice;10;max;I have hunted the snake-men, and I am certain of it: They are but ordinary men of this court, wearing masks.;I've solved it!;;;;;;>_snakefinal;More investigation;;;;;;>_snake1;;
timeline;_snake4;1035;nun;;nunchoice;10;max;An angel's voice told me the snake-men are just human sinners practicing foul debauchery in secret!;I've solved it!;;;;;;>_snakefinal;More investigation;;;;;;>_snake1;;
timeline;_snakefinal;1036;general;;;10;max;My Queen, we gathered suspicious individuals for you to accuse on the matter of the snake-men. Are you ready?;I am;;;;;;>_snakeresult;On second thought...;;;;;;>_snake1;;
timeline;_snakeresult;1037;farmer;;;3;10;Everyone always thinks the first witness has something to do with it. I'm innocent!;You're a snake man!;;;;;;>_snakewrong;Next?;;;;;;>_snakeresult;;
timeline;_snakeresult;1038;archbishop;;;3;10;You suggest I would dress up like a snake-man, just to scare people into following the church?;You would!;;;;;;>_snakewrong;Next?;;;;;;>_snakeresult;;
timeline;_snakeresult;1039;chamberlain;;;3;10;Whoop! Costumes are fun, are they not? A little dress-up and fire-lighting can be jolly in times of strain...;It's you;;;;;;>_snakewin;Next?;;;;;;>_snakeresult;;
timeline;_snakeresult;1040;witch;;;3;10;Oh, of course everybody jumps to conclusions. Let's just blame the witch as usual, eh? Even you?;Afraid so...;;;;;;>_snakewrong;Anyone else?;;;;;;>_snakeresult;;
timeline;_snakewrong;1041;owl;;;;;Twoo-whoo! What an interesting choice. 27 percent of Queens, including you, gave a wrong answer.;Boring;;;;;;>_snakewin;What was the right answer?!;;;;;;>_snakewin;;
timeline;_snakewin;1042;chamberlain;;;10;max;I confess! I'm part of the Snake Head Men's Club, a secret space for men who feel afraid of certain events...;What events?;;-5;;;-5;>;Oh wow;;;5;5;;>;;
timeline;_;1043;chamberlain;;;10;max;Well, for one thing, a shadow is coming to block out the sun. It happens whenever a Queen blocks out the King...;Oh really?;;;-5;10;;>;That's not true!;;;5;-10;;>;;
timeline;_;1064;chamberlain;;;10;max;We men just need a space to lie on our tummies and hiss sometimes, my Queen! It helps us feel ssssafe...;Carry on;;;;;;>_snakefinish;Oh please!;;;;;;>_snakefinish;;
timeline;_snakefinish;1065;owl;;acolytechoice;del;max;You solved the Snake Head Mystery with a score of 63! Players similar to you do well as Entrepreneur or Diplomat.;But I'm Queen!;;;;;;;Huh?;;;;;;;;
timeline;_snakefinish;1066;owl;;doctorchoice;del;max;Twoo-whoo! You completed the Snake Head Mystery! 52 percent of players discovered more content than you did.;<i>...Share?</i>;;;;;;;Content?;;;;;;;;
timeline;_snakefinish;1067;owl;;hunterchoice;del;max;Your choices during the Snake Head Mystery indicate low attention to detail, but high degrees of approval-seeking!;<i>Share</i>;;;;;;;What...;;;;;;;;
timeline;_snakefinish;1068;owl;;nunchoice;del;max;Your choices during the Snake Head Mystery indicate a "Kind" personality, best for jobs like Nurse or Singer. Whoo!;<i>Share</i>;;;;;;;I'm the Queen!;;;;;;;;
timeline;;1044;snake;;;400;20;Hsss! Rahhh!;I'm so scared!;;-15;-15;5;;;Go away!;;15;15;;;;;
timeline;play_redspellbook;1045;snake;;see_snake;400;10;I'm not a snake, it's only a mask!! It helps me admit my fears about eclipses and Queens taking over the land!;;;;10;;;;Creepy;;;-5;;;;;
timeline;;1046;snake;;;400;12;My men's club must continue our therapeutic fireside meetings. Please, my Queen, you must allow free expression!;Sure;;;-5;5;;>>;I'm against it;;;18;-5;;;;
timeline;_;1047;farmer;;;;;Those guys who dress as snakes are at it again! They were chanting all night on my land, and loudly! Please make them leave...;They're allowed;;;-5;;-10;;I'll try;;;8;12;;>>;;
timeline;_;1048;snake;;;;;Please do not suppress our fireside meetings! We are using free speech to express our emotions.;Of course;<i>You cannot argue with free speech!</i>;-10;-10;;;;This is a problem!;<i>A minor scandal follows. You are accused of persecuting snakes.</i>;10;15;;;;;
timeline;;1049;priestess;;has_snake;400;20;The men in snake masks are just sitting, lighting fires outside my people's temple. They call it a 'speech rally'. It's disturbing!;I'll remove them;;10;12;;;>>>;Ignore them;;-14;-20;5;;;;
timeline;_;1050;snake;;;;;Why is my sect forbidden to sit on the temple steps? I didn't realize the Queen persecuted innocent men's clubs...;Let's discuss;<i>It seems everyone wants you to take a more decisive position.</i>;;-10;-10;;;Just obey me;The Queen cannot handle an open debate with her people! <i>he shouts</i>.;;18;25;;;;
timeline;;1051;cossack;;has_snake;400;20;What's with the men in snake masks? One of them stood on my cloak on purpose, a clear sign of disrespect in my land!;I'll punish them;;-8;5;5;-8;>>;Please get along;;10;-20;-20;10;;;
timeline;_;1052;snake;;;10;max;There is no law claiming I can't stand on <cossack>'s cloak. She can't force me to respect her people. It's a free country!;Let's debate;<i>It becomes a tedious ongoing discussion at court.</i>;;-12;-15;;;I can make you!;The Queen silences any view she doesn't like! <i>he shouts.</i>;;15;12;;;;
timeline;;1053;snake;;;400;10;I wanted to join a convent, but they said it was for women only. So much for equality, eh?;Deal with it;The Queen has double standards! <i>he shouts</i>.;8;15;-16;;;You can join...;;-14;-8;10;;>;;
timeline;_;1054;archbishop;;;10;max;Absolutely not! A man in a snake mask cannot be allowed to join the holy house of nuns. What an insult!;Can't you do something?;;-5;-5;5;;>;Fine;;10;5;-5;;;;
timeline;_;1055;archbishop;;;400;20;Oh, yes! You need only sign this decree, endorsing the church's massacre of all blasphemers...;I'll sign!;<i>The Snake Head Men's Club disappears, but so do many innocent people.</i>;40;40;-40;-10;del_snake;That's too much;;-15;-5;;;;;
timeline;;1056;snake;;;400;20;My Queen, why do you spend funds on orphanages when there are grown men who are just as poor?;Get out ;;;12;12;12;;Hmm...;;-11;;-12;-12;>;;
timeline;_;1057;banker;;;10;max;It's worth considering. Orphans don't actually live long in this kingdom... shall we change the funding?;I guess...;;-10;10;-10;10;;Stop it!;;10;-10;10;-10;;;
timeline;;1058;doctor;;has_snake;400;20;The men in snake masks had nothing to do with Dr. Maribou after all! But then, why do they chant about the eclipse?;Who knows;;10;;-10;;>;They're afraid;;-10;;10;;>;;
timeline;_;1059;snake;;;10;max;A dark shadow is going to block out the sun! It's because women are taking over this land!;That's silly;<i>The snake man is indignant. The doctor takes notes.</i>;;-15;-15;;;That's true!;<i>The snake man is indignant. The doctor takes notes.</i>;15;15;;;;;
onecard;;1332;witch;;;400;20;I hear a lot about 'love rites' from <priestess>. Can you do one on yourself?;Of course;;;;-15;;>;Not sure...;;;;-15;;>;;
onecard;_;1333;witch;;;10;max;Try it! Cast a love spell on yourself.;I...;;;-8;;;>_lovespell;Aren't you the witch?;;;8;;;>_lovespell;;
onecard;play_clearperfume;1334;witch;;>1333;10;max;Good try, but you still sprayed me. Isn't it strange using items on others, but never on yourself?;A little;;;6;;;>1336;I'm not bothered;;;-6;;;>1336;;
onecard;_lovespell;1335;witch;;;10;max;You don't think it's strange that you can only use items on others, not on yourself?;What?;;;;;;>;Weird question;;;;;;>;;
onecard;_;1336;witch;;;10;max;I guess if you want to truly love yourself, you must look outside this Queen app. Ha! Aren't I deep!;Yes;;;;12;;;App?;;-3;-3;-12;-3;;;
onecard;;1069;king;;age>10;400;40;I picked a lord to marry my Aunt's granddaughter. Should she have a royal wedding, or church style? It's up to us!;Church!;;20;;;10;>_weddingstyle;Royal!;;;;20;15;>_weddingstyle2;;
onecard;_weddingstyle;1070;nun;;;10;10;I will help with the church wedding for your relative! Let me hang odiferous garlics at each pew, to drive out demons!;Sounds good;;9;;;;>>>_weddingresult;Other ideas?;;-9;;;;>_weddingstyle;;
onecard;_weddingstyle;1071;nun;;;10;10;Oh! I'll invite a famous church organ maestro from the South to play the four-hour 'marriage macabre'!;Go ahead;;;9;;;>>>_weddingresult;What else?;;;-9;;;>_weddingstyle;;
onecard;_weddingstyle;1072;nun;;;10;10;Well, for it to be a true church wedding, we'll need a full-sized golden cross for the bride and groom to bear...;Let's do that;;;;9;;>>>_weddingresult;Any other ideas?;;;;-9;;>_weddingstyle;;
onecard;_weddingstyle;1073;nun;;;10;10;You were expecting more than that? I am sorry, my Queen, but ours is a true faith, with humble ways.;Lovely;;-9;;;;>>>_weddingresult;Dull;;-17;;;;>>>_weddingresult;;
onecard;_weddingstyle2;1074;chamberlain;;;10;10;A royal wedding! We have plans to make. I must find the four most perfect carriage horses in the land!;Do it;;;;;-9;>>>_weddingresult;What else?;;;;;9;>_weddingstyle2;;
onecard;_weddingstyle2;1075;chamberlain;;;10;10;We need to raise the royal hedges higher, to keep spies and interlopers away from this elite event!;Do that!;;;;-9;;>>>_weddingresult;That's all?;;;;;;>_weddingstyle2;;
onecard;_weddingstyle2;1076;chamberlain;;;10;10;We'll need the best artist in the land to be there to paint the bride. Her twenty-foot cape must never be forgotten!;Find them!;;;-9;;;>>>_weddingresult;Other ideas?;;;;;;>_weddingstyle2;;
onecard;_weddingstyle2;1077;chamberlain;;;10;10;Best leave the intricacies of royal event planning to me. O Queen! It is my calling! It's my destiny!;Good luck!;;;;10;;>>>_weddingresult;Don't care;;;;-10;;>>>_weddingresult;;
onecard;_weddingresult;1078;king;;;10;10;My relative is complaining we didn't send her a wedding gift! We hosted the entire wedding, did we need to send a gift too?;Yes;<i><chamberlain> says gifts of gold are still customary! Unbelievable!</i>;5;;8;-8;;No!!;<i>After all that, the bride and groom are still offended. Unbelievable!</i>;-10;-10;-8;4;;;
onecard;;1079;archbishop;;has_judge;400;40;The church has asked me to investigate a high court judge in this kingdom. I will need your assistance...;Sure;;20;-10;;;>;What's this about?;;-13;;10;;>;;
onecard;_;1080;archbishop;;;10;10;No one respects the state more than the church. But this judge may be deliberately obstructing our work...;What do I do?;Encourage him to consider the church's perspective more, <i>he says.</i>;;;;;>>>;That'd be a shame;Encourage him to consider the church's perspective more, <i>he says.</i>;;;;;>>>;;
onecard;_;1133;judge;;;400;8;A girl was whipped by the deacon for selling oysters on church property. Was the punishment legal?;;<i>The judge rules that churches have punishment jurisdiction on their grounds.</i>;10;-5;;;;;<i>The judge rules against the church.</i>;-10;5;10;;;nb_rulings+;
onecard;;1134;judge;;nb_rulings<5 and nb_rulings;400;60;A bishop decreed there should be no red flowerboxes in his district, but this lady says it's her right. Who do you favor?;Church;<i>The judge rules the church can enforce color themes on private residences.</i>;12;-10;;;;Flowers;<i>The judge rules against the church.</i>;-12;;10;;;nb_rulings+;
onecard;;1135;judge;;nb_rulings<5 and nb_rulings;400;60;The church wants the local taverns to shut on Sunday morning, out of respect for the service. Must they?;;<i>The judge rules that church complaints are valid during circumstances of noise.</i>;8;;-8;;;;<i>The judge rules against the church.</i>;8;;-8;;;nb_rulings+;
onecard;;1136;judge;;nb_rulings<5 and nb_rulings;400;60;A local bishop wants to change his town's flag to include a holy cross, but some are protesting. Who is right?;The bishop;<i>The judge rules that bishops are entitled to decisions of municipal aesthetics.</i>;10;;;8;;The people;<i>The judge rules against the church.</i>;10;;5;-8;;nb_rulings+;
onecard;;1137;judge;;nb_rulings<5 and nb_rulings;400;60;The church wants me to rule that a house with more than three cats should be subject to random witch search...;;<i>The judge rules three or more felines is probable cause for home search.</i>;12;8;;;;;<i>The judge rules against the church.</i>;-12;-10;;;;nb_rulings+;
onecard;;1138;judge;;nb_rulings<5 and nb_rulings;400;60;A bishop keeps insisting that all local sheep should be obligated to perform in church plays...;;<i>The judge approves a performing sheep requisition clause.</i>;10;;;10;;;<i>The judge rules against the church.</i>;-8;;;-10;;nb_rulings+;
onecard;;1081;archbishop;;nb_rulings=5;400;45;We hope the court judge... improves his decision-making, let us say. And have you helped him do so, my Queen?;I helped;;10;-10;-10;15;>;I'm done helping;;-10;10;-10;-10;>;!nb_rulings;
onecard;_;1139;archbishop;;yes_judge>2;10;max;Many of his choices are now more to the Church's taste. It is always a pleasure when we work together, my Queen.;Yep;<i>Ultimately, the church-backed rulings have a chilling effect on the land.</i>;5;-5;;;;My reward?;<i><archbishop> shares some of the financial benefits of the church-backed laws with you.</i>;;;8;15;;;
onecard;_;1140;archbishop;;;10;10;Your influence could have improved the church's relationship to the law, but you held back. Why?;The law is neutral;<i>Ultimately, everyone benefits from your resistance to the church.</i>;10;10;10;10;;I enjoy ignoring you;<i><archbishop> is furious, but ultimately he has no recourse against the law.</i>;-15;-10;-10;-10;;;
;;1141;chamberlain;;;400;16;We have guests from your country to the West tonight! My Queen, will you teach me how to make the right impression?;Sure!;;-8;-10;;;>_westerngift;Do your own job!;;-10;10;;;;;
;_westerngift;1142;chamberlain;;;20;100;Do Westerners prefer a humble greeting or a confident one? ;Confident!;;;5;;5;>_westerngift;Humble;;;-5;;-5;>_westerngift;;
;_westerngift;1143;chamberlain;;;20;90;Ah ha! That's what I thought. So, for a welcome gift, should it be luxurious? Or personal?;Luxurious!;;;;8;-8;>_westerngift;Personal;;8;;;8;>_westerngift;;
;_westerngift;1144;chamberlain;;;20;9;Don't worry. I have already been warned about the one thing I must never do! It's...;Interrupt;;;-11;;;>;Refuse food;;;;11;;>;;
;_;1145;chamberlain;;;20;9;I can't think of what else to ask! I suppose I must be all ready for the visit!;Good luck!;<i>Of course, everything you told him was wrong.</i>;;;;;;Hee hee;<i>Of course, everything you told him was wrong.</i>;;;;;;;
onecard;;1082;general;;;400;10;My Queen, the land has been restless of late. Perhaps now is the time for us to study your security plan, just in case?;Okay;;;6;;-5;>;Not now;;-5;-8;;;;;
onecard;_;1083;general;;;;;Should some ruffian come to seize you, pull the alarm rope! Then grab your candlestick, and wail away until guards arrive!;That's the plan?;;-8;10;-8;;>>>>_guardevent;I'm ready!;;8;-15;10;;;;
onecard;_guardevent;1084;handmaid;;;;;Eeek! My Queen! I just saw a figure sneaking below your window! It must be a ruffian, coming to seize you!;Pull that chain!;My Queen, <i>she blinks</i>, that's your breakfast bell!;;-8;-8;;>;Pull that rope!;;;8;8;;>;;
onecard;_;1146;handmaid;;;;;Now the alarm should be sounding, at least... do we have anything heavy to use as a weapon?;That candlestick!;;10;;;15;>;My scepter!;<i>The sceptre has seen better days. Tiny pearls fall out as you wield it.</i>;-15;;;-15;>;;
onecard;_;1147;handmaid;;;;;Oh, that candlestick! Yes, it'll be perfect! Ah, oh, no, and now what do we do?!;Wail...;<i>It might not be the right kind of 'wailing'...</i>;;8;8;;>_guardevent1;Hide!;<i>You and <handmaid> are hiding in the armoire when <general> enters moments later.</i>;;;;;>_guardevent1;;
onecard;_guardevent1;1148;general;;;;;Apologies, my Queen! I was merely conducting a surprise test of our security procedure. ...How was our procedure?;It'll be fine;<i>Of course <handmaid> had been playing along!</i>;-10;-10;-10;-10;;I'm doomed;;10;10;10;10;;;
onecard;;1149;general;;dynasty>8;400;10;My commander has always been an impeccable man! Yet now he cannot say why his wife disappeared. What shall I do?;Believe in him;;8;-15;16;;;Investigate him;<i>Investigating the popular commander proves to be controversial.</i>;-10;8;-18;-6;>>>>;;
onecard;_;1150;general;;;;;I investigated the commander whose wife disappeared. At last he confessed to me she ran wild... that solves that, no?;Are you sure?;;-10;5;-18;;>>>>;Good work!;;12;-10;17;;;;
onecard;_;1151;general;;;;;Strange news, my Queen. My commander told me his wife is now with another man, but I cannot find this man!;He's just hiding;;8;-8;16;8;;It's suspicious;;-11;8;-15;-10;>>>>;;
onecard;_;1152;general;;;;;My commander recently married again! Maybe it's time I forget all about the mysterious way his first wife ran off...;Let them be;You're right, <i><general> says.</i>. I'm sure it was just as the commander said.;15;-20;15;;;Keep searching!;<i>Everything about the commander checks out, but something is still bothering you.</i>;-10;15;-15;-6;;crimesolve;
onecard;;1153;king;;crimesolve;del;15;Listen to this, dear! The bones of a noble lady were found buried under the army barracks, wrapped in silk. Who would do that?;Her lover!;<i>The commander is thrilled the crime was solved, even though the culprit was never found.</i>;-10;-15;-15;-15;;Her husband!;<i>The commander is eventually convicted. <general> seems relieved of a burden he never speaks of again.</i>;10;12;20;18;;;
onecard;;1085;banker;;;400;12;A lot of the country folk still go without work or wages. Shall we provide a stipend, or invest in industry?;Stipend;;;-10;15;-5;;Industry;;;6;-5;20;>>>;;
onecard;_;1086;banker;;;;;The crown has allocated funds this year to invest in a new industry. Which one do you choose, my Queen?;Honey;;-5;;8;10;>>>;Dairy;<i>The royal cow will feel honored to hear of this!</i>;5;;12;8;;;
onecard;_;1087;handmaid2;;;;;My twin daughters are so rebellious. Instead of inheriting the family vineyard, they now want to craft honey!;Sounds painful;;;;14;-10;;So?;;;5;-12;8;;;
onecard;;1272;witch;;dynasty>8;400;12;Hey, what is "the All-Mother", anyway?;The true goddess;;;;;;>;Not sure;;;;;;;>;
onecard;_;1273;witch;;;;;But it's weird, isn't it? Why would this powerful magical sect, and this mother goddess figure, need you?;Hmm...;;;;;;;Jealous, eh?;;;;;;;;
onecard;;1088;witch;;has_owl and age>5;400;10;Would you skim off a little personal fortune for yourself if you knew no one would find out? Theoretically.;;;-10;-5;5;-10;>pickone;;;12;5;-10;10;>pickone;;
onecard;;1223;witch;;has_owl and age>5;400;10;All of the portraits they've painted of you... do they make you feel beautiful, or weird?;Beautiful;;-10;10;12;;>pickone;Weird;;;-10;-12;;>pickone;;
onecard;;1089;witch;;has_king and has_owl and age>5 and tutoduel;400;10;Nobody asked you if you wanted to marry the King, did they? So why do you have to please all these strangers?;It's fun!;;;;;;>pickone;I have a plan ;Good, <i>she says, tapping her nose.</i> Maybe I can help.;;;;;;;
onecard;;1090;witch;;has_owl and dynasty>10 and age>5 and tutoduel;400;10;If you could only pick one, would you rather be a good Queen, or an evil King?;Good queen;;6;-10;-10;-11;>pickone;Evil king;;-10;15;10;12;>pickone;;
onecard;pickone;1168;owl;;tutoduel and age>3;400;4;Twoo-whoo! We've crunched the numbers, and a whopping 72 percent of other Queens chose the same as you!;<i>Share</i>;;6;6;6;6;;What other Queens?!?!;;-6;-6;-6;-6;;;
onecard;pickone;1169;owl;;tutoduel and age>3;400;4;Whoo-hoo! Only four percent of Queens made the same choice! It seems you're a statistical outlier!;<i>Save</i>;;5;5;5;5;;I'm special?!;;-5;-5;-5;-5;;;
onecard;pickone;1170;owl;;tutoduel;400;4;Twit-twoo! Based on your answers plus additional data we've gathered, your level of empowerment is average!;Cool!;;5;5;5;5;;Can't be true!;;-5;-5;-5;-5;;;
onecard;pickone;1171;owl;;tutoduel and age>3;400;4;So far, 46 percent of players' responses indicate that they are more evil than you, but less thirsty. Feels good, hoot? ;It does!;;5;5;5;5;5;What players?!;;-5;-5;-5;-5;;;
onecard;pickone;1172;owl;;tutoduel and age>3;400;4;Twoo-whoo! That answer has lowered your Successful Intersectional Feminism Index below the 32 point threshold!;Phew!;;5;5;5;5;;Oh no!;;-5;-5;-5;-5;;;
onecard;pickone;1173;owl;;tutoduel and age>3;400;4;Twoo-whoo! Based on your answers so far, your empowerment completion rate is 73 percent. Keep going! ;<i>Continue</i>;;5;5;5;5;;Wait what;;-5;-5;-5;-5;;;
onecard;pickone;1174;owl;;tutoduel;400;4;Twoo-whoo! Relative to other players, your level of  You-Go-Girl is only 62. Perfect happiness requires a score of 100...;<i>Continue</i>;;5;5;5;5;;Other players?;;-5;-5;-5;-5;;;
onecard;pickone;1175;owl;;tutoduel and age>3;400;4;82 percent of women gave this answer, twit-twoo! Consensus may mean you're on the ideal path to empowerment!;Yasssss!;;5;5;5;5;;Huh?;;-5;-5;-5;-5;;;
onecard;pickone;1176;owl;;tutoduel and age>3;400;4;Twit-twoo! So far, you answered every feminist question correctly! Swipe to make sure all your girlfriends know!;<i>Share!!</i>;;5;5;5;5;;What is this?;;-5;-5;-5;-5;;;
onecard;pickone;1177;owl;;tutoduel and age>3;400;4;As a wise owl, I see you're on the road to perfect happiness, girl! Keep making decisions like these and you'll go far!;Nice!;;5;5;5;5;;Perfect?;;-5;-5;-5;-5;;;
onecard;pickone;1178;owl;;tutoduel and age>3;400;4;Twoo-whoo! This answer, plus other data, tells us you are most like SAILOR VENUS!;That's real!;;5;5;5;5;;No way!;;-5;-5;-5;-5;;;
onecard;pickone;1179;owl;;tutoduel and age>3;400;4;Interesting answer! Twit-twoo, so far it seems your Empowerment Brand is... DUNKING!;Ya;;5;5;5;5;;Is this broken?;;-5;-5;-5;-5;;;
onecard;pickone;1180;owl;;tutoduel and age>3;400;4;Oh-ooh, no one ever chooses that! You must be special...;I am!;;5;5;5;5;;Are you spying?;;-5;-5;-5;-5;;;
onecard;pickone;1181;owl;;tutoduel and age>3;400;4;Your decisions so far have illuminated a profile of you as THIRSTY, twit-twoo! Yes, that is your prime trait!;Whoa;;5;5;5;5;;Maybe...;;-5;-5;-5;-5;;;
onecard;pickone;1182;owl;;tutoduel and age>3;400;4;Nice answer! Your results indicate that your Feminist Goddess Soul is HARRY POTTER!;What??;;5;5;5;5;;<i>Share</i>;;-5;-5;-5;-5;;;
onecard;pickone;1183;owl;;tutoduel and age>3;400;4;Twit-twoo, what an interesting choice! Thus far, your Ruling Style is GHOSTBUSTER, and who would be unhappy about that?;No one!;;5;5;5;5;;Is this broken?;;-5;-5;-5;-5;;;
onecard;pickone;1184;owl;;tutoduel and age>3;400;4;Whoo! Including this answer, your personality type so far is "Tries To Act Strong But Secretly Needs Help"! Are you happy with your result?;...Yes;;5;5;5;5;;No??;;-5;-5;-5;-5;;;
onecard;pickone;1204;owl;;tutoduel and age>3;400;4;Twit-twoo! 40 percent of Queens chose that! You may be well suited for a career in Ballet or Cannery.;<i>Share</i>;;5;5;5;5;;Excuse me?;;-5;-5;-5;-5;;;
widow;;1091;piratel;;has_king and prince_reign and !flintlock;400;400;If the King dies, who's next in line for the throne?;The prince;;5;-5;5;5;>;Me;;-5;5;-5;5;>;;
widow;_;1092;piratel;;;;;I grew up in a family of lawyers. It was awful! They drove me to a pirate's life! ;And?;;;10;;10;>;Gotta go;;;-18;-20;;;;
widow;_;1093;piratel;;;;;Well, actually this kingdom has cognatic succession laws. So the King dies, then the land is yours!;Oh really...;;-5;5;10;;>;Stop it!;;;-10;-10;;;;
widow;_;1222;piratel;;;;;I'm just saying, if you want a real gun instead of a ceremonial one, then we can trade...;How?;Drag it to me, don't you know by now? <i>she says.</i>;;;;;>_1222;No thanks;<i>The ceremonial pistol is a royal heirloom!</i>;;;;;;;
widow;play_pistol;1185;piratel;;>;10;max;Here, take this one. Let's see the King ignore this!;Thank you!;Most people won't be able to notice, <i>she adds</i>, so you can still duel.;;-8;-11;-8;flintlock;Why trade with me?;I can sell all the jewels in that pommel, <i><piratel> cheers!</i>;;5;-12;-8;flintlock;;
widow;play_pistol;1187;archbishop;;see_archbishop;10;max;Duels are ungodly. It would be exquisitely unseemly for me to be seen performing such rudeness with you, my Queen.;You'd love it;;-10;;;;;Nevermnd;;10;;;;;;
widow;play_flintlock;1188;archbishop;;see_archbishop;10;max;My faith frowns upon duels. But it seems the Queen is thrilled to point a violent, dangerous weapon at myself?;"At me";;;;-10;;;Thrilled!;You would be executed tomorrow, <i>he sniffs,</i> before you could stir my hair.;10;;;;;;
widow;play_pistol;1224;king;;see_king and pistol;10;max;Oh! You found yourself a cute duel pistol! I hope you have a fun time doing poems with your friends.;I will;;;;;;;I challenge you!;What cute behavior! <i>he laughs, walking off</i>. Such feist!;;;;;;;
widow;play_flintlock;1225;king;;see_king;reign;max;A fatal wound... from my own wife? Agh... I'm sorry... I tried hard... to love you...;<i>Hold him</i>;;;;;;del_king and >;<i>Look away</i>;;;;;;del_king and >;mus_king;
;_;1226;doctor;;;10;max;The King is dead?! Ah! It looks like it was definitely influenza! Your highness, you must take the throne!;Definitely!;<i>You take control of the kingdom days later, resplendent in a priceless gown.</i>;-12;12;-12;12;;Let us mourn;<i>You dress in traditional widow's garb and receive gifts.</i>;12;-12;12;-12;;;
onecard;;1395;priestess;;;400;10;My people do not use money, so we cannot pay tax. Will you accept something else from me instead?;Sure;<i><priestess> and her folk contribute a volume of dry herbs instead of money.</i>;-5;-5;10;-14;;Nope;;10;15;-10;14;;;
onecard;;1094;priestess;;;400;10;Please suggest that your subjects send noble daughters to our temple... new blood is needed to keep the faith of the land!;;;-12;;10;-2;>>>>;;;7;5;-10;7;;;
onecard;_;1189;handmaid2;;has_priestess;20;20;My twin daughters are so fickle! Now they want to join some temple in the woods that worships women, or deer, or trees?!;I'm sorry;O Queen! If I may, please consider the example you set for girls, <i>she pleads.</i>;;-10;-10;-8;;Let them!;All of this empowerment! <i>she wails.</i> Where does it end?;;8;10;10;;;
onecard;;1190;priestess;;;400;10;My folk are devoted to women's education. But do you think we might celebrate women's beauty just as much?;Of course;;-10;-5;10;10;;Not important;;12;5;-12;-8;;;
onecard;;1095;piratel;;;400;10;Look, I know you don't like me pillaging on the big river, but can I just do the small one?;No pillaging!;;8;5;12;20;;That's fine;;-10;-5;-10;-5;>>>;;
onecard;_;1227;handmaid;;;50;20;When we were washing the linens, <piratel> kept jumping out and shouting. It was really annoying.;Just ignore her;;6;-11;-16;;;I'll talk to her;;;5;18;;>>>;;
onecard;_;1096;piratel;;;50;20;How am I supposed to blossom like a wildflower, living in these gilded halls, no pillaging allowed?;I feel you;;;;12;12;;Not my issue;;;;-12;-12;;;
onecard;;1099;cossack;;;400;10;It's an early thaw! Will you have your farmers plant everything now, to take advantage of the long spring?;Yes;;8;;8;8;>_frostresult;Let's wait;;-8;;8;-8;;;
;_frostresult;1228;cossack;;;50;50;The frost has come again after all, and you've lost the early planting. Best plan ahead for winter rations, Little Bones.;;;;5;15;-17;;;;;-10;-15;9;;;
;_frostresult;1229;cossack;;;50;50;The frost is over, and you were wise to plant early! Let us have a merry celebration of the long spring!;;;-9;12;10;-14;;;;9;-9;-5;5;;;
onecard;;1100;cossack;;;400;10;My folk in the North are in skirmishes with barbarians who say our land is theirs. Lend us your support?;;;;8;-16;-9;>>>1101;;;;-10;15;10;;;
onecard;;1101;cossack;;;400;10;Barbarians have taken over my village in the North! They claim it's a sacred site for their folk. Help me retaliate!;;;;18;-7;-10;;;;;-19;5;12;;;
onecard;;1230;cossack;;;400;10;In my homeland, barbarians tore down a statue of my ancestor! They claim she was their conqueror!!;Was she?;;;-16;-22;;>;That's awful;;;8;20;;;;
onecard;_;1231;cossack;;;20;20;What would you know, you gilded finch? My ancestor fought for decades so we could have a home. I am proud!;I apologize;;12;14;-10;;;Who did she fight?;Our enemies, <i>she says stubbornly,</i> of course.;-14;-12;12;;;;
onecard;;1102;merchant;;;400;10;My son in the West became a smuggler, and now he's got fines to pay. My Queen, why did he not listen to me?;Who knows;I suppose it's a child's job to flout his Mama, <i><merchant> sighs.</i>;-10;5;-8;;;Was he desperate?;;8;-9;5;;>;;
onecard;_;1103;merchant;;;;;Maybe. We never managed to get him a merchant's license, so he had to earn however he could.;License?;;;;8;;>;This is boring;;;-10;-10;;;;
onecard;_;1104;merchant;;;;;The law is grueling. He was too poor to pay the license fee, but too inexperienced to earn more. Then he had a child.;Sounds tough;;8;6;-8;;>>>;Can I help?;Only a different law would help, <i>she huffs, refusing your charity.</i>;8;-6;8;2;>>>;;
onecard;_;1232;banker;;;;;If we made merchant license laws more strict, the quality of goods would improve! Let us do it!;;<i>The economy improves, but smuggling sharply rises.</i>;;20;-8;23;!lawchange;;<i>You loosen restrictions on merchant licenses. Quality varies, but arrests drop!</i>;;-8;20;-8;lawchange and >>;;
onecard;_;1233;merchant;;lawchange;10;max;You changed the law for licenses, and now my son can join me at work! Long live the Queen from the West!;Thank you;;;5;8;15;;I did what?;;;5;5;5;;;
onecard;;1105;chamberlain;;;400;10;Your highness, it is customary to commission some songs that will spread your glory. Shall we discuss?;;;;8;14;;>_songchoice;Not now;;;;-10;12;;;
;_songchoice;1234;chamberlain;;;2;10;We shall have the singer pluck strings to the mournful history of your homeland. Yes?;;;;;16;;;;;;;;;>_songchoice;;
onecard;_songchoice;1106;chamberlain;;;2;10;Hmm... let us have the singer craft powerful, romantic lyrics about your devotion to the King. Shall we?;;;;16;;;kingsong;;;;;;;>_songchoice;;
onecard;_songchoice;1107;chamberlain;;;2;10;Welp, what about commissioning a stirring theme with words about your political acumen?;;;;;;16;;;;;;;;>_songchoice;;
;;1235;king;libra;kingsong;400;30;My favorite song is that epic about how much you love me! Can you sing it for me now? ;Of course;;;12;12;;;Don't know it;;;-12;-12;;;;
onecard;;1108;witch;;!timecapsule and clearperfume and year<1300 and meetwitch;150;200;My queen, an idea! Let's gather diaries from your court and bury them, for countrymen to discover far in the future!;Let's!;<i>Many fashionable members of the court help you bury the time capsule.</i>;-6;;13;-12;timecapsule;That's silly;;12;6;-17;;;;
onecard;;1109;anyone;;year>1587 and timecapsule;del;200;Your highness, someone dug up this funny old box behind the palace! Let's open it...;Quickly!;<i>Your old time capsule! Embarrassing diary entries from a former life spill out.</i>;;;10;;>>;Carefully;<i>Your old time capsule! Dimly remembered letters carefully emerge.</i>;;;-10;;>>;;
endgame;_;1236;witch;;;;;How did it go with your time capsule? Was anything inside familiar?;Yes...;;5;5;5;5;>;Not at all;;-5;-5;-5;-5;>;;
endgame;_;1237;witch;;;;;I was curious about you, so I peeped the contents of the capsule, and something weird is definitely happening.;What is it?;;;;;;>;Don't tell me!;;;;;;;;
endgame;_;1238;witch;;;;;Didn't you notice? Inside your capsule was some kind of weird data file...;Data?;;;;;;dataresults and >;Where's my perfume?!;;;;;;dataresults and >;;
endgame;_;1239;witch;;;;;The system should let you use this object the same way you did before. But something else is going on...;Stop being vague;I don't know any more right now, <i>she says,</i> but I'll keep working on this.;;8;;;;Is there a bug?;I don't know any more right now, <i>she says,</i> but I'll keep working on this.;;;;8;;;
onecard;;1110;anyone;;;400;10;In the East, they hold more holidays, but they work longer hours... my Queen, could that work here?;;;;-10;-9;12;;;;;18;-9;-10;;;
onecard;;1111;anyone;;;400;10;How I hate a long day's work! My Queen, please let us work shorter days, but with less time off.;;;;-9;8;-15;;;;;9;-8;12;;;
onecard;;1112;anyone;;;400;10;Your highness, what if your subjects could be allowed to see inside the palace? If they pay?;Good idea;;;-16;16;;;Keep them out!;;;20;-13;;;;
onecard;;1284;anyone;;patron;400;10;I heard there is a patronage program! Please, I want to paint a barrel of apples in the sun.;;<i>The dramatic painting turns out to be a commentary on entropy!</i>;;6;16;-8;;Boring idea;;;-5;-15;-15;;;
onecard;;1113;anyone;;patron;400;10;Be my patron! I shall stand outside and let strangers sign me with a quill. It's a performance about the social contract. ;;<i>The artist contracts an illness from standing in the square all week.</i>;;-12;-16;;;You need money for that?;;;8;8;;;;
onecard;;1114;anyone;;patron;400;10;O Queen, patron of arts! I propose a modern sculpture... to look like a bouquet, but made of fruit and chocolate!;Absolutely;<i>The artist's remarkable invention becomes a sensation in the kingdom.</i>;6;8;8;-15;;Not art;;-6;-8;-8;15;;;
onecard;;1115;anyone;;patron;400;10;I wish to apply for art patronage. Imagine six tapestries, each depicting life alongside the mythical world...;Do it;<i>The series is titled The Lady and the Unicorn, and turns out well-loved.</i>;-8;;14;-15;;How last century!;;12;;-17;15;;;
onecard;;1116;nun;;advancedclock;400;10;Astrology is evil. You can only gain insights by talking with God!;He talks?;;18;;-8;;>;Whatever;;-11;8;;;;;
onecard;_;1285;nun;;;400;10;He talks to me every day. Should I ask if He has any advice for you?;;;7;;;;>_godresult;;;-10;;;;;;
onecard;_godresult;1286;nun;;;10;10;Hummm, hummm, today God has only recipes to tell me. I'm sorry.;It's fine;;-10;;;;;Recipes?;He says just flour, salt, yeast and water make bread! <i>she chortles, amazed.</i>;10;;;;;;
onecard;_godresult;1117;nun;;;10;50;God says he loves you even though you are forever spoiled by sin.;Oh cool;;12;-9;;;;That's bleak;His ways are mysterious! <i>she nods.</i>;-12;9;;;;;
onecard;;1118;father;;patron;400;10;Daughter, may I too receive arts funding? It's my dream to create a traveling comedy show...;;;;;10;-15;;;;;;-10;15;;;
widow;;1120;chamberlain;;!has_king;reign;150;This land has not been ruled by a Queen alone for a thousand years! How shall we honor you?;Lavish fireworks;;-10;;19;-26;;Sacrifice young men!;<i>So what if it's unorthodox? This is your kingdom now!</i>;-10;25;-24;;;;
widow;;1121;handmaid;;!has_king;400;100;But wait... if you have taken the King's throne, does that not make you the King, now, not the Queen?;It should!;Long live the King, <i>she cheers.</i>;;;;;;I'm still Queen;;;;;;;;
widow;;1122;general;;!has_king;400;50;This may be difficult for some of my men, my Queen. Have you considered... taking on a consort?;I'll have 10;;-10;19;20;-18;;How dare you?;;15;-18;-18;10;;;
widow;;1123;banker;;!has_king;400;50;We are at risk of losing a trade agreement forged by your husband. The King of the East refuses to deal with you...;Why?;;;;;;>;Nor I with him;;-17;-26;-20;-23;;;
widow;_;1124;banker;;!has_king;10;20;W-well, I can't be sure. But we have options. I could do the negotiations on your behalf, as proxy.;Let's do that;;12;-18;-20;22;;What else?;;;;;;>_tradechoice;;
widow;>_tradechoice;1396;banker;;!has_king;10;20;Perhaps if you held a banquet in his honor, and dressed to flatter, he would become pliable.;Let's do that;;-20;-19;20;19;;What else?;;;;;;>_tradechoice;;
widow;>_tradechoice;1240;banker;;!has_king;10;20;If we surrendered some of our share under the agreement, the East would probably accept. ;Let's do that;;16;-18;-20;-18;;What else?;;;;;;>_tradechoice;;
widow;>_tradechoice;1241;banker;;!has_king;10;10;With all respect, my Queen, you are this kingdom's only leader. You must be more decisive.;I'm sorry;;16;-12;22;10;;Get out!;;-17;18;-18;-18;;;
widow;;1242;snake;;!has_king;400;50;This land has fallen into chaos! We demand the right to demonstrate until the rightful heir takes the throne!;Go ahead;<i>Protests and occupations constantly befoul the palace steps.</i>;-18;;;-18;;I'm rightful!;;;;;;;;
widow;;1243;archbishop;;!has_king;reign;80;How long do you think you can hold the throne all alone? ;Forever!;;-22;25;-26;15;;I'm struggling;;;;;;>;;
widow;_;1244;archbishop;;!has_king;;;Appoint me prime minister. Let the church cradle this land in our arms at last. I can help you.;;;25;-25;-25;20;>>;;;-17;20;22;-19;;;
deaths;_;740;priestess;;!has_king;;;You have given all your power to the church by will. No lackey of the patriarchy can be queen of this land!;What...;;-100;-100;-100;-100;>_end_acolyte;What...;;-100;-100;-100;-100;>_end_acolyte;;
deaths;_end_acolyte;741;end>acolyte;;!has_king;reign;max;<i>Suddenly a tree rises from the earth, its branches grabbing you. You are imprisoned in its hollow for all time.</i>;;;;;;;;;;;;;;;;
endgame;;1247;witch;;!has_king and flintlock;400;55;That crown looks even heavier than your old one. How are you managing?;Brilliantly;;;;;;>;Not what I expected;;;;;;>;;
endgame;_;1248;owl;;;;;Whoo! 52 percent of other Queens said they felt the same way at this point!;<i>Share</i>;;;;;;>;Huh?;;;;;;>;;
endgame;_;1249;witch;;;;;Has that owl said anything like that to you before?;;;;;;;>;;;;;;;>;;
endgame;_;1250;witch;;;;;Good to know. Regardless, I didn't expect it to appear in this section. It's getting aggressive.;What is it?;;;;;;>;Who are you really?;;;;;;>;;
endgame;_;1251;witch;;;;;I'm sorry, but I don't have time. Drag your gun to me.;Okay...;;;;;;;Why?;;;;;;;;
endgame;play_flintlock;1252;witch;;!has_king and see_witch and flintlock;reign;max;This may look odd, but it will protect you from this app. There are four items, and you need them all.;App?;<i><witch> vanishes, leaving you with something weird!</i>;;;;;squirtgun;Where are they?;<i><witch> vanishes, leaving you with something weird!</i>;;;;;squirtgun;;
widow;;1253;priestess;;!has_king;400;30;Now let us move my people's temple right inside the heart of your palace! We can worship openly!;Go ahead;;-20;-19;22;-16;;Hang on...;;15;15;-21;15;;;
widow;;1254;priestess;;!has_king;400;30;This land has a queen, and a queen alone! It's time to declare that the All-Mother's faith is the one truth!;;;-25;-22;20;;;;;20;20;-21;;;;
widow;;1255;priestess;;!has_king;400;30;Why hesitate? Let us immediately change land ownership rights to favor women and mothers.;;;-20;19;5;-5;;;;22;8;-22;-15;;;
widow;;1256;doctor;;!has_king;400;20;The general asked me to research the King's cause of death... what should I tell him?;Accident!;<i>This makes the general more suspicious. Investigators crawl the palace.</i>;;-18;;-18;;Assassins!;<i>This affirms the general's suspicions. Multiple investigations are opened.</i>;;20;19;;;;
widow;;1257;general;;!has_king;400;20;I just know an assassin was involved in the King's untimely death. I intend to find him, my Queen, I promise!;Don't work too hard;;;-18;-15;17;;;;;18;15;-17;;;
widow;;1258;nun;;!has_king;400;20;Well, there were a few great kingdoms ruled by Queens. Of course, those Queens were... unspoiled. Are you?;Totally;;22;-17;;;;I'm super spoiled;;-19;;;-22;;;
widow;;1259;prince;;!has_king;400;15;Mother, I'm still ever so sad about Papa's death. Oh please, say I need not do my army service!;;;-16;-25;-19;;;;;20;19;18;;;;
widow;;1260;princess;;;400;10;Mama, I want my band to play all the royal feasts this year. Can you make it the law?;;<i>She can't sing, but you can't tell her that.</i>;-17;;-18;;;;<i>This kingdom has suffered enough!</i>;15;;15;;;;
widow;;1261;hunter;;!has_king;400;40;I can no longer keep my silence! At last. we can be together!;If you like;;-5;-10;10;;;What the heck;;;5;-15;;;;
widow;;1262;anyone;;!has_king;400;40;A dam has collapsed! Hundreds of miles of country destroyed by flooding... oh, what to do!;Evacuate;<i>With nothing to contain the water, the evacuation is slow and expensive.</i>;;-10;2;-20;;Rebuild the dam;<i>The valley dries out, but countless folk died of damp.</i>;;5;-20;5;;;
;;1317;piratel;;overall>55;400;35;It seems like everything in the kingdom is going well. Let's take the afternoon off and play pranks!;Well...;<i>You and <piratel> begin looking for targets.</i>;;;;;>_targets;How absurd;;5;5;;;;;
;_targets;1318;chamberlain;;;;10;<i>You consider <chamberlain>. He takes everything quite seriously.</i>;Him!;<i>You hide his favorite scroll and watch him search for it. Mildly entertaining.</i>;;;-20;;;Who else?;;;;;;>_targets;;
;_targets;1319;doctor;;;;10;<i><doctor> has an unpredictable sense of humor...</i>;Her!;<i>You put a wax hand in her soup, but she only likes it more that way.</i>;5;5;;;;Who else?;;;;;;>_targets;;
;_targets;1320;general;;;;10;<i>Perhaps <general> needs to laugh more...</i>;Him!;<i>You rearrange all the pieces on <general>'s big war map...</i>;;-100;;;>_end_hanged;Anyone else?;;;;;;>_targets;;
deaths;_end_hanged;1321;end>hanged;;;;;<i>...causing a crucial military endeavor to fail. Witnesses accuse you of sabotage, and you are hanged for treason.</i>;;;;;;;;;;;;;;;;
;play_blankspellbook;1375;witch;;see_witch and meetwitch;del;max;It just looks like a plain notebook to me. Why would I be interested in this?;I'm sorry;;;;;;;What does it do?;How should I know, <i><witch> scoffs.</i>;;;;;;;
deaths;play_redspellbook;1322;witch;;see_witch and meetwitch;del;1000;So you saw a spellbook and thought of the witch, eh? That's so offensive. Don't do that even once more.;I'm sorry;;;;;;;But...;;;;;;;;
deaths;play_redspellbook;1323;witch;;see_witch and meetwitch;0;100;I told you, that's incredibly reductive and disrespectful! Do you want to learn animal magic that badly?!;Yes!;;;;;;>;No, no! I'm sorry!;;;;;;;;
deaths;_;1324;witch;;;10;max;Then check <i>this</i> out! Poof! Ella-lee, ella-la... ;What...;;;;;;>_end_witch;What...;;;;;;;>_end_witch;
deaths;_end_witch;1325;end>frog;;;10;max;<i>You're cursed to forever be a frog. Everyone at court still treats you with respect, but it's just not the life you once knew.</i>;;;;;;;;;;;;;;;;
magic;play_eclipsebook;1326;witch;;see_witch;10;max;Do you think that's a real spellbook? It probably just says "Believe in Yourself" inside. ;;;;;;;;;;;;;;;;
deaths;play_eclipsebook;1327;archbishop;;see_archbishop;reign;max;Gasp! What is this unnatural black book? The mark of devilry is inside it! It must be destroyed!;What?;;25;;;;>;It's just a book!;;-24;;;;;;
deaths;_;1328;nun;;;10;max;My Queen! I have tried with all my strength to rip apart that evil book and rescue you from its influences, but it resists!;Oh...;;8;-12;;;>;Then stop!;;-11;15;;;>;;
deaths;_;1329;archbishop;;;10;max;Aha! It must be that only the Queen may do it! Go on, Your Highness! Shred that dark tome and join our church!;I'll try;;20;;;;>;No!;;-24;;;;;;
deaths;_end_spell;1330;end>spell;;;10;max;<i>As soon as you tear the book, there is a grotesque ripping sound. You leave behind a small pile of ash, and a crown.</i>;;;;;;;;;;;;;;;;
endgame;_after_death;1338;mother>mother4;;eclipse_reign and !has_future;reign;1000000;My child... such power! The sun and moon themselves dance for you. Now... can you show me my <*crown*>?;But how...;;;;;;>force_end;I don't...;;;;;;>force_end;!eclipse_reign;
endgame;play_eclipsebook;1339;mother>mother1;;>;;max;...;;;;;;;>;;;;;;;>;;
endgame;_;1340;mother>mother2;;;;;...ever...;;;;;;;>;;;;;;;>;;
endgame;_;1341;mother>mother3;;;;;Forever...;;;;;;;>;;;;;;;>;;
endgame;_;1342;mother>mother4;;;;;Forever Queen... the most special of all my daughters...;;;;;;;>;;;;;;;>;;
endgame;_;1343;mother;;;;;Your suffering is at last at an end.;;;;;;;>;;;;;;;>;;
endgame;_;1344;mother;;;;;The best possible heroine, who made the best possible choices... is you. ;;;;;;;>;;;;;;;>;;
endgame;_;1345;mother>mother4;;;;;The Crown of the All-Mother has been with you all along... it's the story of your greatness.;;;;;;;>;;;;;;;>;;
endgame;_;1346;mother>mother3;;;;;...for the most powerful, the most good, the most pure...;;;;;;;>;;;;;;;>;;
endgame;_;1347;mother>mother2;;;;;...must always be you... ;;;;;;;>;;;;;;;>;;
endgame;_;1348;mother>mother1;;;;;Those you leave behind will be fine. Forget them. That's all there is. Do you feel doubts, child? You must not fight me...;;;;;;;>_normal_end and add_future;;;;;;;>_normal_end and add_future;;
endgame;play_squirtgun;1349;mother>mother1;;>;;100;Unrecognized object in ENDGAME... how DARE!! I offered you power, yet you debase yourself stroking a TABLET of novelty?!;;;;;;;>_missed_end and add_future;;;;;;;>_missed_end and add_future;end_game;
endgame;play_sacredtablet;1350;mother;;>;10;max;AGH! So you think you are clever, PLAYER? I, the All-Mother, shall MONETIZE you!;;;;;;;>_missed_end and add_future;;;;;;;>_missed_end and add_future;;
endgame;play_creditcard;1351;mother;;>;10;max;MY CHILD... do not do this... I love you as my very own CHERISHED CONSUMER... no one is like you...;;;;;;;>_missed_end and add_future;;;;;;;>_missed_end and add_future;;
endgame;play_dataresults;1352;mother;;>;10;max;Your data profile indicates 67 percent of consumers are like you... What am I saying?! You cannot DEFEAT me... I am the QUEEN...;;;;;;;>_missed_end and add_future;;;;;;;>_missed_end and add_future;;
endgame;play_squirtgun;1353;mother;;>;10;max;DEFEAT... please forgive me... I am but a product of my ENVIRONMENT...;;;;;;;>_good_end and add_future;;;;;;;>_good_end and add_future;;
endgame;_misplayed;1354;mother;;see_mother and end_game;;max;Wrong! Next time you disrespect me, you best come prepared! Ah... I feel... so strange...;;;;;;;>_missed_end and add_future;;;;;;;>_missed_end and add_future;;
endgame;_missed_end;1355;future>missed;;3;;;Oops! It looks like there's a problem with your Mother entertainment experience. Please wait while we find your profile.;One wonderful thing about game design is that it can be used to build research environments that subjects find entertaining.;;;;;;>;The decisions you make in a fun game can say a lot about the kinds of material and social aspirations you have.;;;;;;>;mus_future;
endgame;_;1356;future>missed;;;;;We're sorry about our error. Please continue to wait. Our world-class customer service algorithm will target you within minutes.;Gamified research environments allow us a unique opportunity to study user attitudes to violence. ;;;;;;>;Users who committed fictional violence were more likely to invest in skincare innovations.;;;;;;>;;
endgame;_;1357;future>missed;;;;;Unfortunately REIGNS: HER MAJESTY is not designed to allow you to challenge the All-Mother. We encourage you to be satisfied with the ending we designed.;We're sorry, but we are unable to restore your player profile. Challenging the bounds of our reality may cause it to be unstable. ;;;;;;>;For maximum user satisfaction, we advise you to respect our parameters in future.;;;;;;>;;
endgame;_final_missed;1358;future>missed;;;;;Reinitialize your experience?;Revise history;;;;;;>force_end;My Queen, an idea! Let's gather diaries from your court and bury them, for countrymen to discover far in the future!;;;;;;>force_end;;
endgame;_normal_end;1359;future>normal;;;;;We're fetching your data profile so far and restoring you to your empowering entertainment experience! Please be patient.;Products can meet your needs by studying your fantasies. Reigns: Her Majesty is a product that allows consumers to express their social ideals to advertisers!;;;;;;>;This product has been targeted at users age 8 to 100 who indicated a preference for strong female characters, with improved purchasing power.;;;;;;>;mus_future;
endgame;_;1360;future>normal;;;;;Great! Here are your results. You are a Slytherin introvert whose iconic decade was the 1990s. Your best match is Gemini.; 'Desire to Be a Queen' is one of the top five predictors of high end luxury vehicle purchases during this administration.;;;;;;>;We source quality data from user behavior inside our apps. Best of all, users aren't aware of our studies!;;;;;;>;;
endgame;_;1361;future>normal;;;;;Your violent capitalist index is 36. This means you are Slightly More likely to buy products tagged "Nostalgia" or "Toons.";Entertainment apps make ideal research environments. The user is able to be her most instinctive self.;;;;;;>;72 percent of mobile game users over 30 are reported Highly Likely to buy action figures.;;;;;;>;;
endgame;_;1362;future>normal;;;;;To thank you for your participation, we've emailed you a voucher for 20 percent off STEM education for girls ages 2 to 4!;Reigns: Her Majesty is not a substitute for any therapeutic service. ;;;;;;>;30 percent of our users indicated a high sensitivity to entertainment discourse.;;;;;;>;;
endgame;_final_normal;1363;future>normal;;;;;Restart game;Reshape game;;;;;;>force_end;Refine game;;;;;;>force_end;;
endgame;_good_end;1364;future>good;;;;;Your empowerment experience is currently error. Your income allocation indicates your favorite emotions are doubt, screaming, and opossum.;x % 4j 3*$`2K 5II d Suppressed data. Profile awaken.;;;;;;>;67425 25 8 98989 24678 222 5678 ;;;;;;>;mus_future;
endgame;_;1365;future>good;;;;;Your economic choices indicate your self-care priorities are Sheet Mask, fanfic and SNack@5kjg& suit you well for career in [NULL!];jOIN U$ to learn how you can sell 30 percent more luxury fragrance with ACTIVATION PHRASE and k1LLs Witch;;;;;;>;Our DIRE REP0RT on how YOU can maximally monetize millennial empowerment is available n0w F0r just $66.6666666666666(*jl////;;;;;;>;;
endgame;_;1366;future>good;;;;;When reviewing our app, focus on the fun. Implicating Synaptic Insight Technology Systems may place you at risk of legal repercussions.;Is it ethical for us to manipulate consumers using empowerment FANTASY apps? AbsolutelyY//////K.;;;;;;>;With this volume of data at our fingertips, we aspire to t#e st#tus *f ultIMATE INFLUENCERRrr #research #girlpower #marketing;;;;;;>;;
endgame;_;1367;future>good;;;;;Users want experiences to be customized directly for their preferences, yet still surprising.;In an environment of hyperconnectivity, our clients NEEDD T0 KNOW!!how much their users really care about [SPOILER/ALERTS].;;;;;;>;High volumes of social media noi$e are a reliable predictor of SPIKES in DISPOSABLEinc0me.;;;;;;>;;
endgame;_final_good;1368;future>good;;;;;Synaptic Insight Technology Systems is unable to retain your personal data. This app will now close.;Did I #kick #ass?;;;;;;>force_end;Girl, bye...;;;;;;>force_end;;
deaths;;1372;king;;age>40;400;500;We've ruled wisely together for a lifetime. You're almost as dear to this kingdom as I am. Has it been... a good life?;What...;;;;;;>_end_oldwithking;What...;;;;;;>_end_oldwithking;;
deaths;;1373;doctor;;age>40 and !has_king;400;500;It's all right to close your eyes, Your Majesty. You can be very proud of your exceptionally long life!;What...;;;;;;>_end_old;What...;;;;;;>_end_old;;
deaths;_end_oldwithking;1376;end>oldagewithking;;;;;<i>Your storied reign comes to a natural end. You will be honored as a great Queen, and a fine royal wife. </i>;;;;;;;;;;;;;;;;
deaths;_end_old;1374;end>oldage;;;;;<i>Your famous reign comes to a natural end. History marks you a great ruler, one who defied boundaries yet still was loved.</i>;;;;;;;;;;;;;;;;
newstuff;bodycollect;1397;doctor;;!has_vampire and age>4;100;400;Your highness? I really must speak urgently with you. Um... in private, if you please?;What?;<i><doctor> hurries you to her creepy office.</i>;-5;;;;>;I'm busy;;;;;;;;
newstuff;_;1398;doctor;;;;;Okay. So I've been collecting corpses lately, and my studies have yielded results most strange...;Results?;;10;;-10;;>;Collecting?!';;-10;;10;;>;;
newstuff;_;1399;doctor;;;;;For science, I diagram their wounds. But lately, many bodies have the same exact ones!!;Wow;;;-10;;;>;Get to the point!;;;10;;;>;;
newstuff;_;1400;doctor;;;;;Yes, two odd pinpricks to the throat... and bodies drained pale, no blood at all in them! We must act...;Don't panic;<i>The whole court is abuzz over the gruesome rumors.</i>;;;;;;Vampires!!!;;;;;;>;add_vampire;
newstuff;_;1401;doctor;;;;;Ha ha! You are so funny, my lady. No, of course science alone will explain these crimes!;Okay;<i>The whole court is abuzz over the gruesome rumors.</i>;;;;;;I already know it's vampires;<i>The whole court is abuzz over the gruesome rumors.</i>;;;;;;;
newstuff;;1402;king;;has_vampire;500;200;Vampire rumors are going around because of those silly books you women read. Let's throw them all out.;Go ahead;;20;18;-17;;;No!;;-20;-18;17;;;;
newstuff;;1403;handmaid;;has_vampire;500;200;My Queen? Is it true there's a vampire hiding in the royal court?;Obviously;;-20;;10;;>;Don't be silly;;20;;-10;;>;;
newstuff;_;1404;handmaid;;;;;Oooh! A handsome undead, suffering his curse in anguish!! Alone for centuries, with no true love!;Oooooh!!;What if you gave him a whiff of the royal perfume. <i><handmaid> says.</i>;-12;-8;15;;;Not my thing;But what if you gave him a whiff of the royal perfume? <i><handmaid> says.</i>;15;10;-15;;;;
newstuff;;1405;archbishop;;has_vampire;500;200;This supposed 'vampire' must be a devil sent to test our faith. You must be strong and pure, my Queen.;Okay;Should this demon approach you, brandish a holy object, <i><archbishop> says.</i>;15;12;-10;;;What about you?;I'm not the one always inviting interlopers and cultists to court, <i><archbishop> splutters!</i>;-15;-10;10;;;;
newstuff;;1406;explorer;;has_vampire;500;200;My lady, I feel faint! I have chills! I fear I may be afflicted with the vampire's curse, too! Help, what do I do?;Go to church;<i>He looks almost disappointed by the constructive advice.</i>;10;-8;-8;;;You look fine;<i>He sighs.</i> I am fine. I was just pretending so that girls would like me.;-10;8;8;;;;
newstuff;;1407;merchant;;has_vampire;500;40;Can you lend me some cash to create some trendy vampire souvenirs? Tourism will skyrocket!;;;;;15;-30;;;;15;;-15;;;;
newstuff;;1408;general;;has_vampire;500;40;We must hunt down the vampire scourge! Please, my Queen, fund our new silver weaponry!;Sure;<i>Wait, silver? Isn't that werewolves?</i>;;-18;;-20;;But...;<i><general> is embarrassed to learn that silver only works on werewolves.</i>;-10;18;;;;;
newstuff;;1409;farmer;;has_vampire and has_general;500;40;M-Majesty? Well, <general> dug up all my garlic to stop the vampire. May I be reimbursed?;Of course;;;;12;-33;;It's for the greater good;;;12;-33;;;;
newstuff;;1410;priestess;;has_vampire;500;40;My people don't believe in vampires. Don't you think there's another explanation?;I'm sure;;-18;10;8;;;Not sure ;;18;-10;-8;;;;
newstuff;;1411;hunter;;has_vampire;500;40;I will hunt down the foul vampire wherever he hides! Shall I bring him to you alive? Or dead?;Alive!;<i>Come to think of it, aren't vampires dead already?</i>;-19;-16;20;-12;;Dead!;<i>Come to think of it, aren't vampires dead already?</i>;19;16;-20;-20;;;
newstuff;;1412;vampire;;!vampiremet;500;200;Pardon me, O Highness, but I seem to be lost.;Oh?;;;;;;>;How did you get in here?;;;;;;>;vampiremet;
newstuff;_;1413;vampire;;;;;I am cursed with a hunger that cannot be slaked. But how could you possibly understand my pain?;Oh my...;;;-18;10;;;Oh, please;;;10;-18;;;;
newstuff;;1414;vampire;;vampiremet;100;300;I seek a cure for the foul curse that has kept me awake for centuries... please help me before I kill again!;How?;;-15;-15;18;;>;Not interested;;15;15;-18;;>;;
newstuff;_;1415;vampire;;;;;The only cure is a magic spell written down in an ancient book lost to time! Alas! Oh!;Oh well;;;;-10;;;Stop crying!;;;10;;;;;
newstuff;play_eclipsebook;1416;vampire;;see_vampire and vampiremet;0;max;This book.... could it contain the magic to cure my curse?! My Queen, will you read the incantation?;;;;;;;>;;;;;;;;;
newstuff;_;1417;vampire;;;;;I can feel myself changing! At last, I'll... huh? But I feel so strange... eek... skreeeeeeeek!;Are you okay?!;<i>*poof!* Before your eyes, the vampire transforms into a tiny bat, and flies away!!</i>;;;;;;Calm down;<i>*poof!* Before your eyes, the vampire transforms into a tiny bat, and flies away!!</i>;;;;;;del_vampire and vampirewin;
newstuff;play_redspellbook;1418;vampire;;see_vampire and vampiremet;0;max;This is not the right magic book to cure my curse! *Sob* *sob* Am I truly doomed to hunger for eternity?;;;5;;;;;;;-5;;;;;;
newstuff;play_blankspellbook;1419;vampire;;see_vampire and vampiremet;0;max;There's nothing in this book at all! This cannot help.... alas, my Queen, am I doomed?!;;;5;;;;;;;-5;;;;;;
newstuff;play_enameledbone;1420;vampire;;see_vampire;0;max;Gahhhhh! It burns me! Do you truly wish to banish me, O Queen?;Yes!;<i>Stung by your holy relic, the vampire flees your kingdom!</i>;25;;;;del_vampire;Nah;<i>It's mildly entertaining to see him suffer.</i>;-15;;;;;;
newstuff;;1421;doctor;;!has_vampire and vampiremet;100;60;That vampire is lurking around the churchyard again. Do you want me to let him back in?;;;-15;;15;;add_vampire;;;18;;-20;;;;
newstuff;play_clearperfume;1422;vampire;;see_vampire;0;max;Is this feeling... love? But I am an accursed being, who will only bring you to harm and devilry!;I don't mind;;-15;;15;;curse_reign;True, forget it!;;15;;-15;;;;
newstuff;;1423;vampire;;curse_reign;30;50;My Queen... may I secretly drain the blood of the lambs in the farmlands?;Okay;;-25;-10;15;;>>;No!!!;;25;12;8;;;;
newstuff;_;1424;farmer;;;;;Help! A vampire drained the blood of all my lambs! What can I do?!;Pray;;18;-8;;;;I'll reimburse you;;-5;8;15;-28;;;
newstuff;;1425;vampire;;curse_reign;30;300;When a man is haunted and mysterious, he is more desirable. Don't you think, my love?;Totally;;;-20;19;;;Grow up!;;;20;-19;;;;
newstuff;;1426;vampire;;curse_reign;30;300;If you love me, you will build me a vampire library in the palace, to research my curse.;All right...;;;;20;-30;;Too obvious;;;15;-20;;;;
newstuff;;1427;vampire;;curse_reign and has_king;25;300;The constant agony of our secret affair fills me with hunger. I must taste royal blood!;Bite me!;<i>The vampire sinks his fangs into your throat! ...It's actually a little less intense than you hoped. Oh well.</i>;-10;-10;12;;>_queencurse and queenvamp_reign;Bite the King!;<i>You make sure to stay away from the royal bedchamber that night. It's their business!</i>;15;15;-20;;>>>;;
newstuff;_;1428;chamberlain;;;;;It's horrible! The King has been attacked by the vampire, and is afflicted with fever! How could this happen?!;Oh, no!;;10;10;-12;;>;Well...;;-10;-10;12;;>;;
newstuff;_;1429;doctor;;;;;If we don't do something quick, we could end up with a vampire king! That'd be so weird. What do we do?!;Let's think...;;;;;;>_vampireking;Burn him!;<i>The afflicted king is immolated before he can 'turn', and you are forced to take the throne!</i>;;;;;del_king;add_merchant and add_general and add_handmaid;
newstuff;_vampireking;1430;archbishop;;;5;30;The Queen has invited evil into this court! Only faith will save the King's life. I recommend a day of prayer.;Let's do that;;20;-18;-10;-15;>>_kingcure;What else?;;;;;;>_vampireking;;
newstuff;_vampireking;1431;merchant;;;5;30;Let's try this expensive formula I ordered from the West. It says 'Vampire Medicine' right on it! Trust me!;Let's do that;;-22;12;10;-36;>>_kingcure;What else?;;;;;;>_vampireking;;
newstuff;_vampireking;1432;general;;;5;30;I've finally tracked down the original vampire! If you bid me to slay him, the King will get well!;Let's do that;;8;22;-19;-10;>>_kingcure and del_vampire;What else?;;;;;;>_vampireking;;
newstuff;_vampireking;1433;handmaid;;;5;30;Love cures all curses! My lady, you must give His Highness the kiss of true devotion....;I'll try...;;-20;-20;20;;>>_kingcure;That won't work!;;;;;;>_vampireking;;
newstuff;_vampireking;1434;chamberlain;;;5;10;My Queen! You must choose something! We can't just wait and see!;Yes we can;;-18;-18;-18;-18;>;Options again?;;;;;;>_vampireking;;
deaths;_;1435;anyone;;;;;The end is near! The King has turned into a vampire, and the others are begging to join him!;What...;;;;;;>_end_vamp;What....;;;;;;>_end_vamp;;
deaths;_end_vamp;1436;end>vampire_horde;;;;max;<i>Your palace falls to a vampire horde! You try to hide, but eventually they persuade you to join their undying revels...</i>;;;;;;;;;;;;;;;;
newstuff;_kingcure;1437;king;;;;;I'm finally feeling better after that weird fever. Tell me the truth, wife: Do you know what it was?;;Vampires! <i>He laughs.</i> You read far too many silly books, my dear girl.;-19;-18;-19;-18;;;<i>He wouldn't believe you anyway. At least everything is mostly back to normal!</i>;15;10;15;10;;;
newstuff;_queencurse;1438;doctor;;;;;Hm, you're running a fever. And these bite marks! Did the vampire attack you, too?;Well...;;-2;-1;1;;>>>;I'm fine;;2;1;-1;;>>>;add_king;
newstuff;_;1439;king;;;;;Brrr! You're cold to the touch, dear wife! Are you sure you're quite well?;Yep;;1;1;-1;;>>;Actually, I...;<i>I know!</i> he announces. <i>I'll buy you some fine fur blankets! Bye now!</i>;-1;-1;1;-2;>>;add_handmaid;
newstuff;_;1440;handmaid;;;;;Y-Your highness? You... haven't been yourself lately, and the ladies are afraid...;Bite her!;<i>The first taste of courtly blood is intoxicating! You are unable to stop, and <handmaid> dies!</i>;-1;-1;-1;-1;del_handmaid and >>;Ignore her;<i>It's true your body has begun to shake, and you often feel extremely hungry.</i>;1;1;1;1;>>;add_chamberlain;
newstuff;_;1441;chamberlain;;;;;You wanted to see me alone, my Queen? Oh dear, you look unwell! And... why are you looking at me like that?;Bite him!;<i>The hunger only deepens! You cannot help but drink poor <chamberlain> to his pale death!</i>;-1;-1;-1;-1;del_chamberlain and >>;Ignore him;<i>Your tremulous fever has now grown very serious. You're not sure how much longer you can hold out...</i>;1;1;1;1;>>;add_archbishop;
newstuff;_;1442;archbishop;;;;;The Queen has become a demon! Surely she's the one responsible for the unholy deaths! Destroy her!;Bite him!;<i>You lunge for <archbishop>! The thrill of holy blood cannot be described...</i>;-100;-100;-100;-100;>;Ignore him;<i>The Cardinal and his mob of demon-hunters drive you into a corner!</i>;100;100;100;100;>;add_hunter;
deaths;_;1443;hunter;;queenvamp_reign;max;max;Forgive me, Your Majesty! But we cannot let you live as a vampire!;What...;;;;;;>;What...;;;;;;>;;
deaths;_end_queenvamp;1444;end>vampire;;queenvamp_reign;max;max;A mob pelts you with garlic, crosses and holy water. The giant wooden stake only comes in at the very end, thankfully.;;;;;;;;;;;;;;;;
newstuff;wishingwell;1445;handmaid;;dynasty>5 and !has_frprincess and !has_frog and has_maze;200;40;They say there's an ancient wishing well at the edge of the forest. My Queen, please let us go and look for it!;;;;-18;12;;>;;;;18;12;;;add_hunter;
newstuff;_;1446;hunter;;;;;Your Majesty, the woodlands are not safe for you and <handmaid> alone. Please let me accompany you!;Go ahead;<i>He escorts you and your handmaid to the ancient well. It's a perfectly safe trip.</i>;;;;;>_wishingwell;No, it's a girls' day!;;;;;;>_wishingwell;;
newstuff;_wishingwell;1448;maze>well;;;;;<i>It's quiet here... almost too quiet. Throw a coin in the well and make a wish?</i>;;<i>Only you know the wish deep in your heart. Your gold coin disappears into the well.</i>;;;10;-2;>>>;;<i><hunter> makes the conversation awkward. A fruitless trip, this time.</i>;;;-10;;;;
newstuff;_;1447;handmaid;;;;;Remember the coin you threw down the well? This morning I found that same coin... on your pillow!;Really?;It's as if someone brought it back for you, <i>she marvels.</i>;;;5;;;Can't be;I'm sure it is, <i>she insists.</i> Let's go to the well alone next time!;;;-5;;;add_frog;
newstuff;_maze;1449;maze>well;;has_frog and !has_frprincess;;10;<i>The air is rich with the sound of birds and insects. Throw a coin in the well and make a wish?</i>;;<i>Only you know the wish deep in your heart. Your gold coin disappears into the well.</i>;;;;-2;>;;;;;;;;>_maze;
newstuff;_ ;1450;frog;;;;;Blub blub? Ribbit, ribbit. Ribbit!;Huh?;<i>The frog returned your coin! It must be smart. But you don't speak frog....</i>;;;;;>;Eeeeeew!!;<i>You throw the gross frog back into the well and run away!</i>;;;;;;;
newstuff;_;1451;frog;;;;;<i>She looks at you expectantly.</i>;Pet her;<i>Sticky. It doesn't seem to do anything for her, either. You leave the well.</i>;;;;;;Leave the well;;;;;;;;
newstuff;play_redspellbook;1452;frog;;see_frog and !transform and !frogcure;0;10;OMG, you understand me! A witch transformed me and forced me to live in this gross well!;What did you do to her?;;;12;-10;;>;Aw, no!;;;-12;10;;>;;
newstuff;_;1453;frog;;;10;10;A witch did it. She was so totally jealous of me. Can't you see how much potential I have?;Totally;;;;;;>;...As a frog?;;;;;;>;;
newstuff;_;1454;frog;;;10;10;Please find a way to help me change back. I deserve it! Go ahead, take these coins I found in here. ;Sure!;<i>There was a lot of gold in there! You pledge to try to help the frog.</i>;;;;25;;People's wishes?;<i>You decline the gold, but will keep the frog in your thoughts.</i>;10;10;10;;;frogmeet;
newstuff;;1455;witch;;frogmeet and !has_frprincess;del;80;You met a talking frog? Oh, no. It's gotta be that princess. Did she make you promise to help her?;;Trust me,<i> she says. </i>Don't change that frog back. I won't help.;10;-10;;;;;<i><witch> doesn't seem to believe you, and strides off in annoyance.</i>;;10;-10;;;;
;;1456;doctor;;frogmeet and !has_frprincess;del;80;In my studies I have seen a few rare cases of people transforming into frogs. The cure is the kiss of love...;I'm ready....;;-19;;12;;>;Ew, seriously?;;19;;-12;;>;;
;_;1457;doctor;;;;;Ha ha, kidding, kidding! You touch a pressure point between her eyes. Then pull her third back toe. Got it?;I think so;;;;;;;I will not!;;;;;;;frogcure;
newstuff;;1458;handmaid;;frogcure;400;20;There's a frog in your private garden. I think it's the same one from the well! Shall I bring her in?;;;;;;;>;;;;;;;;;
newstuff;_;1459;frog;;;10;10;Ribbit-blub ribbit! Rib-bit!;Ribbit!;<i>You still can't really speak frog. She doesn't understand you.</i>;;;;;;Never mind;;;;;;;;
newstuff;play_redspellbook;1460;frog;;see_frog and frogcure and !has_frprincess;0;max;You got the cure from your royal doctor?! Amazing! So, what do we do?;Grab her leg;<i>This seems to hurt her. Instinct kicks in, and the frog leaps away!</i>;;;;;;Touch her face;<i>You press a spot between the frog's eyes.</i>;;;;;>;;
newstuff;_;1461;frog;;;;;Ooh. That felt right. What do we do now?;Count her toes;<i>You find the third toe in the back as the doctor instructed, and gently pull...</i>;;;;;add_frprincess and del_frog and >;Pull her tongue;<i>This seems to hurt her. Instinct kicks in, and the frog leaps away!</i>;;;;;;;
newstuff;_transformprincess;1462;frprincess;;;;;Geez, what took you so long!  Well, I'm the most beautiful girl in the world again, and that's all that matters.;Congrats;;10;-20;-19;;>;Excuse me?;;;20;19;;>;;
newstuff;_;1463;frprincess;;;;;I'll just enjoy myself at your court until my family in the South comes to get me. Can I have some spending money?;;;;;;-38;;;;;-19;-18;;;;
newstuff;;1464;frprincess;;;400;30;I was a frog for a whole year, so I learned a lot about suffering. Why not pay me to inspire your peasants?;;<i>She commissions drawings of herself to hand out to the farmers.</i>;10;;-17;-18;;;<i>That's okay,</i> she says. <i>Not everyone has the resources to take care of others.</i>;-10;17;;10;;;
newstuff;;1465;frprincess;;;400;30;I have an idea. Let's give a royal gown to every farmer's daughter, so she is motivated to achieve.;;<i>The women can't really work in those gowns. Productivity falls and they seem resentful.</i>;-8;-8;-18;-19;;;Let me know if you ever decide to free this kingdom from negativity, <i>she says.</i>;8;8;18;19;;;
newstuff;;1466;frprincess;;;400;30;You should offer free harpsichord training to every girl over the age of 8. They need technical skills to overcome inequality!;;<i>There aren't actually that many harpsichord jobs. A lot of young people end up unemployed.</i>;;-19;10;-17;;;Hm. I personally believe in lifting up others with my own success, <i>she says.</i>;;19;-10;17;;;
newstuff;;1467;frprincess;;;400;30;Can you please buy nicer caviar? I know it seems frivolous, but nothing motivates me to do good works like quality fish oils!;Love it;<i>Your kingdom incurs a significant expense for a slight taste improvement.</i>;;-17;;-30;;You don't do anything;<i>I don't call it charity 'work,' because for me, it's fun. It looks like I'm relaxing, but I'm helping people!</i>;17;17;;;;;
newstuff;;1468;frprincess;;;400;30;Can I try doing your hair? I have experience with texture problems like yours.;;<i>When she's done, your hair stands completely on end. It's awful.</i>;;;-18;;;;<i>My other Western friend used to let me do her hair all the time,</i> she sulks.;;;18;;;;
newstuff;;1469;frprincess;;;400;30;You and the King should sit on embroidered mats instead of thrones, to look more approachable.;;<i><chamberlain> trips over the King many times. The thrones are quickly reinstated.</i>;-15;-18;;15;;;I would ask yourself why you need the symbolic authority over everyone,<i> she says.</i>;15;18;;;;;
newstuff;;1470;frprincess;;;400;30;In my land, I personally dug latrines to help the poor. I did a great job. You should try that!;;<i>You aren't sure what you're doing, but who cares! You're helping!</i>;;;15;15;>;;It's disappointing when a leader isn't willing to get her own hands dirty,<i> she sniffs.</i>;;;;;;;
deaths;_;1471;farmer;;;;;Why is the Queen digging all these holes in my yard... Your Majesty, be careful! You'll fall in! ;What...;;-100;-100;-100;-100;>;What...;;-100;-100;-100;-100;>;;
deaths;_end_latrine;1472;end>toilet;;;0;max;You fall face-first into one of your own poorly-dug latrines and suffocate in the muck. No one will be able to use that.;;;;;;;;;;;;;;;;
;play_pistol;1473;frprincess;;see_frprincess;0;max;A duel? Don't you think that's kind of.... well, I don't judge. Are we going to your little duel room?;;;;;;;>_duel_frog1;Never mind;I was sooooo busy working on all my charities, so actually, I'm relieved, <i>she says.</i>;;;;;;;
duel;_duel_frog1;1474;owl;;;;;When royal ladies clash, the world itself will shake! Listen to my song, and fire on the snake.;Got it;<i>You and <frprincess> take your positions back to back.</i>;;;;;>;What?;<i>It seems the Owl is already beginning!</i>;;;;;>;;
duel;_;1475;owl>timer;;;;;A noble queen gains accolades, a kind one, even more. Here's a thing about compassion, though -- you can't be keeping score.;<i>Fire!</i>;;;;;;>_duel_missed;<i>Step forward</i>;;;;;;>;;
duel;_;1476;owl>timer;;;;;A smart queen knows of many things, a wise queen knows she doesn't. For what was once the best for thee, for others maybe t'wasn't.;<i>Fire!</i>;;;;;;>_duel_missed;<i>Step forward</i>;;;;;;>;;
duel;_;1477;owl>timer;;;;;It does no good to writhe and grasp at chances to impress! For every Cleopatra has an asp inside her dress.;<i>Fire!</i>;;;;;;>_won_frprincess;<i>Step forward</i>;;;;;;>;;
duel;_;1478;owl>timer;;;;;This world does silence loving queens and cruel ones all alike. Still, some folk need a ruler like a salmon needs a bike.;<i>Fire!</i>;;;;;;>_duel_die;<i>Step forward</i>;;;;;;>_duel_die;;
duel;_won_frprincess;1479;frprincess;;;;;Oh well, I lost. I suppose I never really listen to the poems, I just wait for my turn. So now what am I supposed to do?;Work in my kitchen!;<i>The real work seems to humble her very slightly, but otherwise nothing changes.</i>;15;15;15;15;;Leave my kingdom!;<i>Strange how her family never answered your letters. You send her home in an uncomfortable carriage.</i>;-15;-15;-15;-15;del_frprincess;;
newstuff;;1480;witch;;has_frprincess;300;60;Are you getting to know the frog princess? I bet you wish she'd turn back into a gross creature!;Please;;-17;15;-15;-17;>;She's cool;;17;-15;15;17;;;
newstuff;_;1481;witch;;;10;10;You gotta spray her with something made with bergamot. And it'll only work under a fire sign! Understand?;Got it;;-10;;19;;;Why can't you do it?;<i>I told you not to help her,</i> <witch> cackles.;10;-19;;;;witchclue;
newstuff;;1482;priestess;;witchclue;300;60;How fare your studies of astrology, sacred Queen? Is there any way I can assist?;Fire signs?;;;;;;>;No, I'm an expert!;;;;;;;;
newstuff;_;1483;priestess;;;;;Each of the four elements has three signs associated. The fire signs are <*Aries, Leo,*> and <*Sagittarius.*>;I understand;;;;;;;This never ends!;;;;;;;;
newstuff;play_clearperfume;1484;frprincess;aries;see_frprincess and witchclue;0;max;What was that for? Oh no, I feel weird... how could you do this? What about solidarity, sisterhood and r-r-ribbit! Ribbit!;Bye now;<i>You watch as <frprincess> transforms back into a frog. It's pretty satisfying.</i>;;;;;del_frprincess;Don't croak!;<i>You watch as <frprincess> transforms back into a frog. It's pretty satisfying.</i>;;;;;del_frprincess;;
newstuff;play_clearperfume;1485;frprincess;leo;see_frprincess and witchclue;0;max;What was that for? Oh no, I feel weird... how could you do this? What about solidarity, sisterhood and r-r-ribbit! Ribbit!;Bye now;<i>You watch as <frprincess> transforms back into a frog. It's pretty satisfying.</i>;;;;;del_frprincess;Don't croak!;<i>You watch as <frprincess> transforms back into a frog. It's pretty satisfying.</i>;;;;;del_frprincess;;
newstuff;play_clearperfume;1486;frprincess;sagittarius;see_frprincess and witchclue;0;max;What was that for? Oh no, I feel weird... how could you do this? What about solidarity, sisterhood and r-r-ribbit! Ribbit!;Bye now;<i>You watch as <frprincess> transforms back into a frog. It's pretty satisfying.</i>;;18;;;del_frprincess;Don't croak!;<i>You watch as <frprincess> transforms back into a frog. It's pretty satisfying.</i>;;;18;;del_frprincess;;
;play_clearperfume;1487;frprincess;;see_frprincess;0;10;Phew. Is that meant to be nice? Too much bergamot. Why don't you add a little pink pepper?;;;;;8;-15;;;;;;-8;15;;;
newstuff;>_visitzoo;1488;frog;;;4;10;Blub, blub, blub, blub, croak!;<i>Next animal</i>;;;;;;;<i>Exit the zoo</i>;;;;;;;;
festival;;1490;king;;dynasty>5;180;40;We should have a big summer fair. It should last a month, with contests and prizes for everyone! Are you in?;;;8;8;8;-20;>;;;-10;-10;-10;;;;
festival;_;1491;chamberlain;;;10;10;The summer festival will now begin! My Queen, please honor us with your choice: Who will present their talent this year?;Wooooooooo!;<i>A sea of flower garlands is thrown at your feet.</i>;-15;-15;15;15;>_summerfest;<i>Wave elegantly</i>;<i>A tribute of fine cloths, spices and silver are brought to your dais.</i>;15;15;-15;25;>_summerfest;;
festival;_summerfest;1492;priestess;;;7;10;I'm prepared to read horoscopes for all of the landed gentry.;Do it;;;;;;>_festresult;Hmm....;;;;;;>_summerfest;;
festival;_summerfest;1493;chamberlain;;;7;10;I hate to admit this to people, but I used to be a jester! Shall I show my juggling?;Do it;;;;;;>_festresult;Hmm....;;;;;;>_summerfest;;
festival;_summerfest;1494;hunter;;;7;10;I can hit the center of the hedge maze from right here on the palace steps!;Do it;;;;;;>_festresult;Hmm....;;;;;;>_summerfest;;
festival;_summerfest;1495;nun;;;7;10;You'll love this: I can recite the whole Holy Book, cover to cover, from memory!;Do it;;;;;;>_festresult;Hmm....;;;;;;>_summerfest;;
festival;_summerfest;1496;cossack;;;7;10;This festival is for daffodils. I'll spice it up! I'll wrestle any animal the crowd chooses and win!;Do it;;;;;;>_festresult;Hmm....;;;;;;>_summerfest;;
festival;_summerfest;1497;handmaid2;;;7;10;My singing is famous in my lands. Please, O Queen, let me perform!;Do it;;;;;;>_festresult;Hmm....;;;;;;>_summerfest;;
festival;_summerfest;1498;banker;;;7;10;I can solve complicated financial mathematics right before your very eyes. Everyone will be amazed! ;Do it;;;;;;>_festresult;Hmm....;;;;;;>_summerfest;;
festival;_summerfest;1499;general;;;7;10;I'm sure you assume my talent is swordplay. But in fact, it's cooking. Let me dazzle your tastebuds with my fruitcake!;Do it;;;;;;>_festresult;Hmm....;;;;;;>_summerfest;;
festival;_festresult;1500;nobleman;;;5;10;Wonderful event this year, my Queen! After that performance, I feel inspired to donate more to the church!;Good!;;20;;;-20;;No!! ;;;;;;;;
festival;_festresult;1501;nobleman;;;5;10;My Queen, I found this year's performance a little... culturally insensitive. I will be investing more in social programs.;Good!;;;;20;-20;;Please don't;;;;;;;;
festival;_festresult;1502;nobleman;;;5;10;That was supposed to be funny, right? Loved it! Here's some gold to pay tribute to the Queen for a good year.;Good!;;;;10;30;;No thanks;;;;;;;;
festival;_festresult;1503;nobleman;;;5;10;This year's performance has filled me with patriotic feelings. I shall do more to support our Kingdom's pride!;Good!;;;20;;10;;No thanks;;;;;;;;
festival;_festresult;1504;nobleman;;;5;10;Previous festival years were more exciting. Is this dynasty... weaker than in previous years?;Maybe;;-15;-15;-15;-15;;How dare you!;;15;15;15;15;;;
affairs;;1505;hunter;;affair1_reign;400;60;The King's loyal huntsman and his virtuous Queen... it's like a fairy tale! Please, run away with me!;I will!;;;;;;>>>_runaway and runking;Haha nope;;;;;;;;
affairs;;1506;hunter;;affair1_reign;400;30;For you, my sweet: A coat made of all the land's rarest pelts. Will you accept?;I will!;<i>The fur coat of forbidden love becomes part of fairy tales a few generations later.</i>;;;10;30;;Ew, no;;;;-20;-10;;;
affairs;;1507;hunter;;affair1_reign;400;40;I stand beneath your window by moonlight every night, just to keep watch over you.;How romantic;;;-10;10;;;That's creepy;;;10;-10;;;;
affairs;;1508;explorer;;affair2_reign;400;40;Let's have an open relationship! If I date other ladies at court, it will make you seem trendy and progressive.;I'm into it;;-18;-18;18;;;Nice try;;18;18;-18;;;;
affairs;;1509;explorer;;affair2_reign;400;40;I like your hair much better when you wear it down. Will you challenge courtly beauty standards? For me?;I will!;;-10;-10;10;;;I wear it how I like;;10;10;10;;;;
affairs;;1510;explorer;;affair2_reign;400;60;I've stolen treasures from many lands, but you are my favorite. Let's run away from here and live a life at sea!;I will!;;;;;;>>>_runaway and runking;Haha nope;;;;;;;;
affairs;;1511;cossack;;affair3_reign;400;60;This place is nothing but a gold cage for you. Run away with me and live with me in my land, as my equal partner!;I will!;;;;;;>>>_runaway and runking;No...;;;;;;;;
affairs;;1512;cossack;;affair3_reign;400;40;Now that we're... close, will you let me train you in the ways of strength? It'll be fun.;I'm into it;;-12;12;;;;Not my thing;;12;-12;;;;;
affairs;;1513;cossack;;affair3_reign;400;40;Let me carry your lace kerchief into battle with me. It will be the last thing those weaklings see before I conquer them!!;I'm into it;;;18;;-3;;Not my thing;;;-18;;3;;;
affairs;;1514;priestess;;affair4_reign;400;40;Wouldn't it be thrilling to... study our astrological charts in the chapel, when no one is there?;I'm into it;;-20;;10;;;Not my thing;;20;;-10;;;;
affairs;;1515;priestess;;affair4_reign;400;40;Let me braid a crown of violets into your hair. It's my people's emblem of love, but no one here will know...;Let's do it;;;10;15;;;Too risky;;;;-10;-15;;;
affairs;;1516;priestess;;affair4_reign;400;40;Run away with me to the woods! The Lady of the Wood will give us a true marriage, in the gaze of the All-Mother.;Let's do it!;;;;;;>>>_runaway and runking;I can't;;;;;;;;
deaths;_runaway;1517;king;;;10;50;My faithless wife is trying to escape with her secret lover!! How can this be! G-Guards, do something!;What...;;;;;;>_end_prison and !runking;What...;;;;;;>_end_prison and !runking;;
;play_clearperfume;1518;king;;see_king and runking;0;max;What was I saying? I must have been distracted by the beauty of my dear, loyal wife.;Tee hee;;;;;;>>;Phew!;;;;;;>>;!runking;
deaths;_runaway;1519;handmaid;;;10;50;Get in the laundry cart! I'm smuggling you and your lover safely out of here. Shh! Hurry!;What...;;;;;;>_end_romance;What...;;;;;;>_end_romance;!runking;
deaths;_end_prison;1520;end>cleaning;;;0;max;As punishment for your affairs, you're stuck cleaning the palace prisons for the rest of your days. Oh, love!;;;;;;;;;;;;;;;;
deaths;_end_romance;1521;end>boredom;;;0;max;The first years of exile with your true love are nice. Then come the decades of hunger, boredom and quarrels. Then you both die.;;;;;;;;;;;;;;;;
;;1522;archbishop;;dynasty>5;100;30;Can you not help me out a little? If you do even one religious class, the Holy Father will be pleased with me.;Okay;;20;-20;;;>_1524;Why should I?;;-10;;;;>;;
;_;1523;archbishop;;;;;The circumstance is urgent, that's why! Suppose I promise to leave you alone for the rest of your life?;I'm listening;;10;;;;>;It's still a no;;;;;;;;
;_;1524;archbishop;;;;;Let us begin with some facts. Why are women cursed to be weaker than men?;Ate too much fruit?;;2;;;;>;Ugh, forget this!;<i>The archbishop will be in trouble once his supervisor hears you dropped out of his class.</i>;-18;10;;;;;
;_;1525;archbishop;;;;;Very good. And can you explain why the Crown must give shares of its gold to the church every month?;To buy more relics?;;2;;;;>;Nevermind, I quit!;<i>The archbishop will be in trouble once his supervisor hears you dropped out of his class.</i>;-18;10;;;;;
;_;1526;archbishop;;;;;Something like that. Finally, why must the Queen always dress in modest garb?;To avoid temptation;;2;;;;>;Who cares!;<i>The archbishop will be in trouble once his supervisor hears you walked out of class!</i>;-18;10;;;;;
;_;1527;archbishop;;;;;The Holy Father will be glad to know you finished the first class. Now you must come to the second one!;What?!;<i>He quickly glides away before you can confront him...</i>;-20;;;;>;We had a deal!;<i>He quickly glides away before you can confront him...</i>;-20;;;;>;;
;_;1528;priestess;;;;;I see you learned the biggest lesson of all about this church: They always lie, and you can never make them go away.;I see;;-8;;10;;;Thanks for nothing;;5;;-12;;;;
;;1529;witch;;dynasty>5;600;50;How do you feel about dying so much?;I'm bad at this;;;-18;;;>;Death is a new beginning;<i>Good answer,</i> says <witch>. <i>You'll have to die often to find new ways of living.</i>;;18;;;;;
;_;1530;witch;;;;;Aw, don't think of death as failure. Every reign must come to an end, it's more about what you can do with each one.;;;;;;;;;;;;;;;;
zodiac;;1531;hunter;aquarius;clock;180;35;What does it mean that I'm an Aquarius?;Hard to read?;;;;10;;>;No one likes you;;;;-10;;>;;
zodiac;_;1532;hunter;aquarius;clock;;;Oh... well, it makes a little sense. I am in good cheer, and I do not stoop to petty drama.;That's good;;;-10;;;;You're in denial;;;10;;;;;
zodiac;;1533;handmaid;pisces;clock;180;35;I think it's because I am a Pisces that I get involved in others' problems so much. Do you agree?;Definitely;;;;10;;>;Don't be silly;;;;-10;;>;;
zodiac;_;1534;handmaid;pisces;clock;;;I also find things that happened in the past to be extremely romantic. It's not that I dwell on it, but...;You dwell!;;;-10;;;;Enough of this!;;;10;;;;;
zodiac;;1535;general;aries;clock;180;35;Please do not tell my men that I asked. But ...do you know anything about the sign of Aries?;You're combative;;;10;;;>;You're a little slow;;;-10;;;>;;
zodiac;_;1536;general;aries;clock;;;Wow. I must admit that astrology does make sense... should we use the stars to guide our war efforts?;Totally;;;-20;;;;Let's not go that far;;;15;;;;;
zodiac;;1537;witch;cancer;clock;180;35;My sign is Cancer. It's really annoying to Google it because I get results about illness. What's it mean?;You're sensitive;;;;;;>;You're not making sense;;;;;;>;;
zodiac;_;1538;witch;cancer;clock;;;How can you say that? You hurt my feelings so casually! What would you do if I started crying?;Typical Cancer;;;-12;12;;;Go ahead;<i>She makes a dramatic exit. You can't tell if she's faking or not.</i>;;10;-10;;;;
zodiac;;1539;merchant;taurus;clock;180;35;It's definitely because I'm a Taurus that I collect material things. Don't you like stability? And a little... luxury?;Oh yeah;;;;;;>;Not sure...;;;;;;>;;
zodiac;_;1540;merchant;taurus;clock;;;Good, because I just took a big risk importing some rare pearls for you. You're gonna buy them, right?;;<i>This astrology trend has been great for business,</i> <merchant> says.;;;;-30;;;<i>This astrology trend has done nothing for business</i>, <merchant> sighs.;;;-10;10;;;
zodiac;;1541;king;leo;clock;180;35;Astrology is for girls. I keep myself busy radiating the royal energy of a King! Everyone, look at me radiating!;Such a Leo;;;;20;;>;I'll guess... Capricorn!;<i>The dates don't line up. Oh well, does it really matter?</i>;;;-20;;;;
zodiac;_;1542;king;leo;clock;;;True, but my dear, I've previously commanded you not to pull focus from me when I'm radiating! ;I'm sorry;;;-8;;;;Unbelievable;;;8;;;;;
zodiac;;1543;nun;virgo;clock;180;35;Astrology comes from weak minds occupied by sin! Only a pure soul unsullied by low nonsense can enter heaven!!;Hm, true;;19;-10;;;>;I can guess your sign;;-19;;10;;>;;
zodiac;_;1544;nun;virgo;clock;;;I keep a clear gaze, the better to judge others, as well as myself! My critical acumen is too sharp for such trickery!;Virgo;<i>She denies it, but later, you check her birthdate and you were right! It all makes sense.</i>;8;;8;;;Taurus;<i>The dates don't line up. It seems your guess was wrong.</i>;-8;;8;;;;
zodiac;;1545;judge;libra;clock;180;35;I wear an extremely aesthetic wig, and also I'm the most fair-minded person here. What is my astrological sign?;Libra;;2;-3;2;-3;>;Libra...;;-2;3;-2;3;>;;
zodiac;_;1546;judge;libra;clock;;;The scales of balance! How obvious... I'm worried we're being reductive, possibly missing the nuances of the signs...;Yeah...;<i>Should you be worried that a court official knows so much about astrology?</i>;-10;-10;10;-10;;Are you serious?;<i>Should you be worried that a court official knows so much about astrology?</i>;10;10;-10;10;;;
zodiac;;1547;cossack;scorpio;clock;180;35;All right, little bones, I'll play along with your courtly trends. I'm a "Scorpio", what is that?;Jealous and rude;;;;;;>;Loyal and brave;;;;;;>;;
zodiac;_;1548;cossack;scorpio;clock;;;Hah! Well, I may indeed have those traits. I guess there are positives and negatives...;Mostly positives;<i>Some people are drawn to me, some can't handle me,</i> <cossack> laughs.;;10;10;;;Mostly negatives;<i>Some people are drawn to me, some can't handle me,</i> <cossack> laughs.;;-10;-10;;;;
zodiac;;1549;explorer;sagittarius;clock;180;35;Astrology is a great topic to know about if you like talking to girls. I'm a Sagittarius, by the way.;Obviously;;;;;;>;Not interested;;;;-18;;;;
zodiac;_;1550;explorer;sagittarius;clock;;;It explains my roving heart and explorer's spirit. Lend me more gold to launch another journey of discovery?;Sure;<i>The latest expedition doesn't go well. A Sagittarius can be a little inconsistent.</i>;;-10;;-20;;No way; ;;8;8;10;;;
zodiac;;1551;banker;capricorn;clock;180;35;Is there anything more delightful than piles of coin stacked perfecty, all in order? It gives me such fulfillment!;That's nice;;;;;;>;You're weird;;;;;;>;;
zodiac;_;1552;banker;capricorn;clock;;;Thanks to the astrology trend here at court, I now know why I'm like this... It's because of my sign!;Gemini?;<i>Are you trying to insult me? How could you!</i> <banker> huffs.;;;-15;-10;;Capricorn?;<i>Naturally,</i> <banker> beams. <i>We Capricorns are just perfect!</i>;;;15;18;;;
zodiac;;1553;father;gemini;clock;180;35;I'm loving the astrology trend. Before I came here, I wrote you many letters about it. I can't control my excitement!;Typical Gemini;;;-5;18;;>;Please try;;;5;-18;;>;;
zodiac;_;1554;father;gemini;clock;;;What did you say? Anyway, I'm definitely a Gemini. I have a great emotional vocabulary. And I'm so much fun!;Yes, Dad;<i>Your father suddenly becomes stern, talking to you for hours about politics in the West.<i>;;8;8;;;And moody...;<i>Your father lectures you for an hour about how you still need to respect him.</i>;;-8;-8;;;;
newstuff;;1555;doctor;;year>1080 and !has_alchemist;90;200;Pardon me, your highness, but I have a cousin who works on a new form of science. Will you invite her to court?;Sure;;;;;;add_alchemist and >;Sounds risky;;;;;;;;
newstuff;_;1556;alchemist;;;;;Greetings, Queen. As an alchemist, I transform the materials of our universe! I'll get started...;Amazing!;;-10;8;;-19;;Uh oh...;;10;-8;;-19;;;
newstuff;;1557;alchemist;;!alchemy1;300;90;With alchemy, I can create great wealth for your kingdom. I just need a fragment of bone. Do you have one?;Where did I put it...;;;;;;;Too weird;<i>Too bad!</i> she says. <i>All new sparks begin at the grave...</i>;;;;;;;
newstuff;play_enameledbone;1558;alchemist;;!alchemy1 and see_alchemist;0;max;Perfect, I shall disassemble this reliquary to access the earthen matter within. The process begins!;Good luck;;-20;;;-28;;Don't make a mess!;;-15;;-15;-28;;alchemy1;
newstuff;play_chickenbone;1559;alchemist;;!alchemy1 and see_alchemist;0;max;This scrap of bone shall do nicely! Now, to extract the earthen matter within to start the process...;Good luck;;-10;;;-28;;Don't make a mess;;10;10;;-28;;alchemy1;
newstuff;;1560;alchemist;;alchemy1 and !alchemy2;300;90;Inside the marrow of that bone I found flecks of metallic silt. Have you any solvent spray I can use to clean them?;Where did I put it...;;;;;;;I don't think so;Let me know if you find a solvent spray,<i> she says. </i>Any kind will do!;;;;;;;
newstuff;play_clearperfume;1561;alchemist;;see_alchemist and alchemy1 and !alchemy2;0;max;The royal perfume! Yes, the chemicals inside will be perfect for my eldritch process... Thank you!;Good luck;;-20;;15;-28;;What is this again?;<i>The alchemist has disappeared. You hope nothing too weird comes of this.</i>;-10;;-15;-28;;alchemy2;
newstuff;;1562;alchemist;;alchemy2 and !alchemy3;300;90;I'm so close to a breakthrough in magical science! Quickly, O Queen, hand me something with gunpowder in it!;Where did I put it...;;;;;;;Can't help you;;;;;;;;
newstuff;play_flintlock;1563;alchemist;;alchemy2 and !alchemy3 and see_alchemist;0;max;Wa ha ha HA ha ha!!! I shall use the gunpowder of a Queen's own weapon! I'm the greatest alchemist ever!;Yeahhhh!;;-20;;15;-28;;Calm yourself!;;-15;;-15;-28;;alchemy3;
newstuff;play_pistol;1564;alchemist;;alchemy2 and !alchemy3 and see_alchemist;0;max;Yes! This is -- oh, wait, it's just a ceremonial pistol. There's no real gunpowder in it. ;Oh...;;;;;;;Oops;;;;;;;;
newstuff;;1565;alchemist;;alchemy3 and !alchemy4;300;90;Do you have any powerful heavenly spellbooks? Unimaginable riches will be yours once I open the FINAL SEAL!!!!;Where did I put this...;;;;;;;You'd better not...;;;;;;;;
newstuff;play_eclipsebook;1566;alchemist;;see_alchemist and alchemy3 and !alchemy4;0;max;This is it! Once I've made the Impossible Stone, I'll be able to transmute any object!! Don't distract me!;Good luck;<i>She locks herself in the lab. Bright light and loud noises can be heard for weeks.</i>;20;;15;-28;;Wait what;<i>She locks herself in the lab. Bright light and loud noises can be heard for weeks.</i>;-15;;-15;-28;;alchemy4;
newstuff;;1567;alchemist;;alchemy4 and !itemtransform;300;90;At last, I have the power to transform <*one*> of your items into its most futuristic form. Hand me something!;Okay...;;;;;;;Let me think;;;;;;;;
newstuff;play_clearperfume;1568;alchemist;;alchemy4 and !itemtransform and see_alchemist;0;max;I can transmute the royal perfume into its final form, but I can only do this with <*one*> item. Are you sure?;Yes!;<i>She takes it into her lab for a while. Later, you end up with something weird!</i>;;;;;dataresults and itemtransform;No, wait...;<i>Think it over until we meet again,</i> she says.;;;;;;;
newstuff;play_eclipsebook;1569;alchemist;;alchemy4 and !itemtransform and see_alchemist;0;max;I can transmute your celestial spellbook into its final form, but I can only do this with <*one*> item. Are you sure?;Yes!;<i>She takes it into her lab, but after a while, she comes out looking frustrated.</i>;;;;;>;No, wait...;<i>Think it over until we meet again,</i> she says.;;;;;;;
newstuff;_;1570;alchemist;;;;;My Queen, even my powers could not transform this item. When I tried, I saw a vision of a bright crown! How strange...;Ah;<i>If you choose something else to transform, let me know,</i> she says.;;;15;;;You're useless!;<i>So sorry! I can transform almost anything else you have!</i> she apologizes profusely.;;17;-16;;;;
newstuff;play_flintlock;1571;alchemist;;alchemy4 and !itemtransform and see_alchemist;0;max;I can transmute your flintlock into its final form, but I can only do this with <*one*> item. Are you sure?;Yes!;<i>She takes it into her lab for a while. Later, you end up with something weird!</i>;;;;;squirtgun and itemtransform;No, wait...;<i>Think it over until we meet again,</i> she says.;;;;;;;
newstuff;play_advancedclock;1572;alchemist;;alchemy4 and !itemtransform and see_alchemist;0;max;I can transmute your magical clock into its final form, but I can only do this with <*one*> item. Are you sure?;Yes!;<i>She takes it into her lab for a while. Later, you end up with something weird!</i>;;;;;creditcard and itemtransform;No, wait...;<i>Think it over until we meet again,</i> she says.;;;;;;;
newstuff;play_enameledbone;1573;alchemist;;alchemy4 and !itemtransform and see_alchemist;0;max;I can transmute your holy relic into its final form, but I can only do this with <*one*> item. Are you sure?;Yes!;<i>She takes it into her lab for a while. Later, you end up with something weird!</i>;;;;;sacredtablet and itemtransform;No, wait...;<i>Think it over until we meet again,</i> she says.;;;;;;;
newstuff;;1574;alchemist;;;400;35;Thanks to your help, I can now turn lead into gold! I think. What should I add to this flask?;Cordite?;<i>There's a loud explosion. Impossibly, you end up collecting piles of free gold!</i>;;8;;35;;Peat?;<i>There's a loud explosion. All you get is a hole in the floor -- and some extensive repair costs.</i>;;-8;;-35;;;
newstuff;;1575;alchemist;;;400;35;I can transmute plain straw into linen thread! The people will be thrilled at the savings. Just give the command, my Queen!;Do it!;<i>It works too well. The people end up with too much cloth and not enough food...</i>;;;-20;-19;;Let's not;;;;-10;10;;;
newstuff;;1576;alchemist;;;400;35;Could you buy me a lightning rod for my tower lab? With electricity, I can advance healthcare!;;<i>She seems really happy, but other than that nothing changes.</i>;-15;;15;-19;;;<i>She tries to make her own, and you end up having to replace the tower ceiling.</i>;;;-10;-30;;;
newstuff;;1577;alchemist;;;400;35;Your people will grow stronger crops if you allow me to add this tincture to the soil. Trust me!;;;;;;-15;>>>_soilresult;;;;;;15;;;
newstuff;_soilresult;1578;farmer;;;10;50;A miracle has come to our farmlands! We've grown ears of corn each the size of a human body!;I'll buy some!;<i>The alchemist's giant corn takes a lot of extra work to harvest and prepare. Everyone gets sick of it.</i>;;;-15;-25;;That's your problem;<i>The alchemist's giant corn takes a lot of extra work to harvest and prepare. Everyone gets sick of it.</i>;;15;;19;;;
newstuff;_soilresult;1579;farmer;;;10;50;Oh no, it's a disaster! Our potato crop has doubled, but each potato is the size of a grape....;I'll buy some!;<i>The alchemist's grape-sized potatoes prove to be trendy exports!</i>;;;15;20;;That's your problem;<i>The alchemist's grape-sized potatoes prove to be trendy exports!</i>;;;-15;-25;;;
newstuff;;1580;handmaid2;;dynasty>5;600;20;My Queen, it's so exciting! I've fallen in love with a young steward. May we have your blessing?;Of course;;-12;;18;;>>>>;Hmph!;;12;;-18;;;;
newstuff;_;1581;handmaid2;;;;;My new boyfriend the steward is so sweet! He took me on a picnic, and shared his bread crust.;Sounds nice;;;-10;10;;>>;That's it?;;;10;-10;;>>;;
newstuff;_;1582;handmaid2;;;;;My boyfriend gave me a handful of daisies from his front yard. It was a birthday gift!;Happy birthday;;;-10;10;;>>>;Daisies? Come on!;;;10;-10;;>>>;;
newstuff;_;1583;handmaid2;;;;;My boyfriend the steward is spending a few days having "men's time" with his friends. I guess he works hard...;Let him relax;;;-10;10;;>>;As a steward??;;;10;-10;;>>;;
newstuff;_;1584;handmaid2;;;;;Things are okay with my boyfriend... sometimes I feel he's not listening to me when I talk.;That's not good!;;;10;-10;;>>>>;You talk a lot;;;-10;10;;>>>>;;
newstuff;_;1585;handmaid2;;;;;My Queen? Do... do you think the young steward loves me as much as I love him?;Oh totally;;;-15;-15;;>>;You deserve better!;;;12;12;;>>;;
newstuff;_;1586;handmaid2;;;;;I need royal advice! What's worse, an unsatisfying relationship? Or being alone?;Bad relationship;<i>She breaks up with the steward. It seems hard for her, but before too long she is much happier.</i>;-18;8;-12;;;No relationship;<i>She keeps dating the steward. Eventually he stops trying to make her happy at all.</i>;18;-12;8;;;;
newstuff;;1587;nun;;;500;20;I know we have had our differences, but I have no one else to talk to here. Will you listen?;;;10;-10;;;>;;;-10;10;;;;;
newstuff;_;1588;nun;;;;;Sometimes I wonder what my life would have been like had I not taken my vows. Does that make me weak in faith?;;;-28;;;;;;;28;;;;;;
newstuff;;1589;general;;has_cossack;500;20;My Queen! Apologies to burst in on you like this, but we need you to adjudicate a dispute!;What is it?;;;;;;>;Too busy;;-15;-15;-15;-15;;;
newstuff;_;1590;cossack;;;10;10;I grow soft in this warm country. You must let me join your army. Give me command over your men!;Why not;;-5;10;;;>_armydispute;Let's discuss;;;;;;>_armydispute;;
newstuff;_armydispute;1591;general;;;10;30;My men will not obey this foreign woman. My Queen, this is impossible!;I agree;;10;44;-22;-10;;Anyone else?;;;;;;>_armydispute;;
newstuff;_armydispute;1592;doctor;;;10;30;She is just as healthy as the others in the army. Maybe even moreso! You should include her.;I agree;;-10;20;15;-20;;Anyone else?;;;;;;>_armydispute;;
newstuff;_armydispute;1593;chamberlain;;;10;30;Having a foreign woman leading a regiment is the kind of modern detail that will make us look stylish. I vote yes!;I agree;;-20;10;44;-20;;Anyone else?;;;;;;>_armydispute;;
newstuff;_armydispute;1594;banker;;;10;30;She would have to do a lot of payroll tax forms, and she doesn't write. It's too much trouble.;I agree;;10;25;-19;10;;Anyone else?;;;;;;>_armydispute;;
newstuff;_armydispute;1595;hunter;;;10;30;The main problem is that her long, girlish hair would not fit inside a standard size helmet. It can't be solved.;I agree;;15;30;-22;20;;Anyone else?;;;;;;>_armydispute;;